ISO-10303-21;
HEADER;

/* File generated by Shapr3D Version 26.161.0.11733 */

FILE_DESCRIPTION(('HOOPS Exchange Step'),'2;1');

FILE_NAME('/Users/jscotto/Library/Containers/com.shapr3d.shapr/Data/tmp/export/temp_export',
'2026-09-17T12:38:34-04:00',
('jscotto'),
('Shapr3D Limited'),
'HOOPS Exchange 2026.3',
'Shapr3D',
'Authorized');

FILE_SCHEMA( ('AP242_MANAGED_MODEL_BASED_3D_ENGINEERING_MIM_LF {1 0 10303 442 1 1 4}') );

ENDSEC;

DATA;
#3=(NAMED_UNIT(*)PLANE_ANGLE_UNIT()SI_UNIT($,.RADIAN.));
#4=PLANE_ANGLE_MEASURE_WITH_UNIT(PLANE_ANGLE_MEASURE(0.0174532925),#3);
#5=(CONVERSION_BASED_UNIT('DEGREE',#4)NAMED_UNIT(#6)PLANE_ANGLE_UNIT());
#6=DIMENSIONAL_EXPONENTS(0.,0.,0.,0.,0.,0.,0.);
#7=(NAMED_UNIT(*)SI_UNIT($,.STERADIAN.)SOLID_ANGLE_UNIT());
#8=(LENGTH_UNIT()NAMED_UNIT(*)SI_UNIT(.MILLI.,.METRE.));
#9=UNCERTAINTY_MEASURE_WITH_UNIT(LENGTH_MEASURE(1.000000E-05),#8,'DISTANCE_ACCURACY_VALUE','Maximum Tolerance applied to model');
#10=(GEOMETRIC_REPRESENTATION_CONTEXT(3)GLOBAL_UNCERTAINTY_ASSIGNED_CONTEXT((#9))GLOBAL_UNIT_ASSIGNED_CONTEXT((#8,#5,#7))REPRESENTATION_CONTEXT('','Case'));
#12=CARTESIAN_POINT('',(0.,0.,0.));
#13=DIRECTION('',(0.,0.,1.));
#14=DIRECTION('',(1.,0.,0.));
#15=AXIS2_PLACEMENT_3D('',#12,#13,#14);
#27=CARTESIAN_POINT('',(-148.264150223,110.61313257,-0.));
#28=DIRECTION('',(0.,0.,1.));
#29=DIRECTION('',(1.,0.,0.));
#30=AXIS2_PLACEMENT_3D('',#27,#28,#29);
#31=PLANE('',#30);
#32=CARTESIAN_POINT('',(47.681845671,-22.360327823,-0.));
#33=VERTEX_POINT('',#32);
#34=CARTESIAN_POINT('',(43.281845671,-22.360327823,-0.));
#35=VERTEX_POINT('',#34);
#36=CARTESIAN_POINT('',(45.481845671,-22.360327823,-0.));
#37=DIRECTION('',(0.,0.,1.));
#38=DIRECTION('',(1.,0.,-0.));
#39=AXIS2_PLACEMENT_3D('',#36,#37,#38);
#40=CIRCLE('',#39,2.2);
#41=EDGE_CURVE('',#33,#35,#40,.T.);
#42=ORIENTED_EDGE('',*,*,#41,.T.);
#43=CARTESIAN_POINT('',(45.481845671,-22.360327823,-0.));
#44=DIRECTION('',(0.,0.,1.));
#45=DIRECTION('',(1.,0.,-0.));
#46=AXIS2_PLACEMENT_3D('',#43,#44,#45);
#47=CIRCLE('',#46,2.2);
#48=EDGE_CURVE('',#35,#33,#47,.T.);
#49=ORIENTED_EDGE('',*,*,#48,.T.);
#50=EDGE_LOOP('',(#42,#49));
#51=FACE_BOUND('',#50,.T.);
#52=CARTESIAN_POINT('',(14.590849777,-13.84686743,-0.));
#53=VERTEX_POINT('',#52);
#54=CARTESIAN_POINT('',(10.190849777,-13.84686743,-0.));
#55=VERTEX_POINT('',#54);
#56=CARTESIAN_POINT('',(12.390849777,-13.84686743,-0.));
#57=DIRECTION('',(0.,0.,1.));
#58=DIRECTION('',(1.,0.,-0.));
#59=AXIS2_PLACEMENT_3D('',#56,#57,#58);
#60=CIRCLE('',#59,2.2);
#61=EDGE_CURVE('',#53,#55,#60,.T.);
#62=ORIENTED_EDGE('',*,*,#61,.T.);
#63=CARTESIAN_POINT('',(12.390849777,-13.84686743,-0.));
#64=DIRECTION('',(0.,0.,1.));
#65=DIRECTION('',(1.,0.,-0.));
#66=AXIS2_PLACEMENT_3D('',#63,#64,#65);
#67=CIRCLE('',#66,2.2);
#68=EDGE_CURVE('',#55,#53,#67,.T.);
#69=ORIENTED_EDGE('',*,*,#68,.T.);
#70=EDGE_LOOP('',(#62,#69));
#71=FACE_BOUND('',#70,.T.);
#72=CARTESIAN_POINT('',(-23.509150223,-13.84686743,-0.));
#73=VERTEX_POINT('',#72);
#74=CARTESIAN_POINT('',(-27.909150223,-13.84686743,-0.));
#75=VERTEX_POINT('',#74);
#76=CARTESIAN_POINT('',(-25.709150223,-13.84686743,-0.));
#77=DIRECTION('',(0.,0.,1.));
#78=DIRECTION('',(1.,0.,-0.));
#79=AXIS2_PLACEMENT_3D('',#76,#77,#78);
#80=CIRCLE('',#79,2.2);
#81=EDGE_CURVE('',#73,#75,#80,.T.);
#82=ORIENTED_EDGE('',*,*,#81,.T.);
#83=CARTESIAN_POINT('',(-25.709150223,-13.84686743,-0.));
#84=DIRECTION('',(0.,0.,1.));
#85=DIRECTION('',(1.,0.,-0.));
#86=AXIS2_PLACEMENT_3D('',#83,#84,#85);
#87=CIRCLE('',#86,2.2);
#88=EDGE_CURVE('',#75,#73,#87,.T.);
#89=ORIENTED_EDGE('',*,*,#88,.T.);
#90=EDGE_LOOP('',(#82,#89));
#91=FACE_BOUND('',#90,.T.);
#92=CARTESIAN_POINT('',(32.629310171,-37.412863323,-0.));
#93=VERTEX_POINT('',#92);
#94=CARTESIAN_POINT('',(28.229310171,-37.412863323,-0.));
#95=VERTEX_POINT('',#94);
#96=CARTESIAN_POINT('',(30.429310171,-37.412863323,-0.));
#97=DIRECTION('',(0.,0.,1.));
#98=DIRECTION('',(1.,0.,-0.));
#99=AXIS2_PLACEMENT_3D('',#96,#97,#98);
#100=CIRCLE('',#99,2.2);
#101=EDGE_CURVE('',#93,#95,#100,.T.);
#102=ORIENTED_EDGE('',*,*,#101,.T.);
#103=CARTESIAN_POINT('',(30.429310171,-37.412863323,-0.));
#104=DIRECTION('',(0.,0.,1.));
#105=DIRECTION('',(1.,0.,-0.));
#106=AXIS2_PLACEMENT_3D('',#103,#104,#105);
#107=CIRCLE('',#106,2.2);
#108=EDGE_CURVE('',#95,#93,#107,.T.);
#109=ORIENTED_EDGE('',*,*,#108,.T.);
#110=EDGE_LOOP('',(#102,#109));
#111=FACE_BOUND('',#110,.T.);
#112=CARTESIAN_POINT('',(14.590849777,24.25313257,-0.));
#113=VERTEX_POINT('',#112);
#114=CARTESIAN_POINT('',(10.190849777,24.25313257,-0.));
#115=VERTEX_POINT('',#114);
#116=CARTESIAN_POINT('',(12.390849777,24.25313257,-0.));
#117=DIRECTION('',(0.,0.,1.));
#118=DIRECTION('',(1.,0.,-0.));
#119=AXIS2_PLACEMENT_3D('',#116,#117,#118);
#120=CIRCLE('',#119,2.2);
#121=EDGE_CURVE('',#113,#115,#120,.T.);
#122=ORIENTED_EDGE('',*,*,#121,.T.);
#123=CARTESIAN_POINT('',(12.390849777,24.25313257,-0.));
#124=DIRECTION('',(0.,0.,1.));
#125=DIRECTION('',(1.,0.,-0.));
#126=AXIS2_PLACEMENT_3D('',#123,#124,#125);
#127=CIRCLE('',#126,2.2);
#128=EDGE_CURVE('',#115,#113,#127,.T.);
#129=ORIENTED_EDGE('',*,*,#128,.T.);
#130=EDGE_LOOP('',(#122,#129));
#131=FACE_BOUND('',#130,.T.);
#132=CARTESIAN_POINT('',(-23.509150223,24.25313257,-0.));
#133=VERTEX_POINT('',#132);
#134=CARTESIAN_POINT('',(-27.909150223,24.25313257,-0.));
#135=VERTEX_POINT('',#134);
#136=CARTESIAN_POINT('',(-25.709150223,24.25313257,-0.));
#137=DIRECTION('',(0.,0.,1.));
#138=DIRECTION('',(1.,0.,-0.));
#139=AXIS2_PLACEMENT_3D('',#136,#137,#138);
#140=CIRCLE('',#139,2.2);
#141=EDGE_CURVE('',#133,#135,#140,.T.);
#142=ORIENTED_EDGE('',*,*,#141,.T.);
#143=CARTESIAN_POINT('',(-25.709150223,24.25313257,-0.));
#144=DIRECTION('',(0.,0.,1.));
#145=DIRECTION('',(1.,0.,-0.));
#146=AXIS2_PLACEMENT_3D('',#143,#144,#145);
#147=CIRCLE('',#146,2.2);
#148=EDGE_CURVE('',#135,#133,#147,.T.);
#149=ORIENTED_EDGE('',*,*,#148,.T.);
#150=EDGE_LOOP('',(#142,#149));
#151=FACE_BOUND('',#150,.T.);
#152=CARTESIAN_POINT('',(56.605012035,-30.098220641,-0.));
#153=VERTEX_POINT('',#152);
#154=CARTESIAN_POINT('',(38.167202988,-48.536029688,-0.));
#155=VERTEX_POINT('',#154);
#156=CARTESIAN_POINT('',(56.605012035,-30.098220641,-0.));
#157=DIRECTION('',(-0.707106781,-0.707106781,-0.));
#158=VECTOR('',#157,26.074999615);
#159=LINE('',#156,#158);
#160=EDGE_CURVE('',#153,#155,#159,.T.);
#161=ORIENTED_EDGE('',*,*,#160,.T.);
#162=CARTESIAN_POINT('',(31.449688567,-48.536029688,-0.));
#163=VERTEX_POINT('',#162);
#164=CARTESIAN_POINT('',(34.808445777,-45.177272477,-0.));
#165=DIRECTION('',(-0.,-0.,-1.));
#166=DIRECTION('',(1.,0.,-0.));
#167=AXIS2_PLACEMENT_3D('',#164,#165,#166);
#168=CIRCLE('',#167,4.75);
#169=EDGE_CURVE('',#155,#163,#168,.T.);
#170=ORIENTED_EDGE('',*,*,#169,.T.);
#171=CARTESIAN_POINT('',(18.865216092,-35.951557213,-0.));
#172=VERTEX_POINT('',#171);
#173=CARTESIAN_POINT('',(31.449688567,-48.536029688,-0.));
#174=DIRECTION('',(-0.707106781,0.707106781,0.));
#175=VECTOR('',#174,17.797131649);
#176=LINE('',#173,#175);
#177=EDGE_CURVE('',#163,#172,#176,.T.);
#178=ORIENTED_EDGE('',*,*,#177,.T.);
#179=CARTESIAN_POINT('',(-3.055094125,-26.87186743,-0.));
#180=VERTEX_POINT('',#179);
#181=CARTESIAN_POINT('',(-3.055094125,-57.87186743,-0.));
#182=DIRECTION('',(0.,0.,1.));
#183=DIRECTION('',(1.,0.,-0.));
#184=AXIS2_PLACEMENT_3D('',#181,#182,#183);
#185=CIRCLE('',#184,31.);
#186=EDGE_CURVE('',#172,#180,#185,.T.);
#187=ORIENTED_EDGE('',*,*,#186,.T.);
#188=CARTESIAN_POINT('',(-43.509150223,-26.87186743,-0.));
#189=VERTEX_POINT('',#188);
#190=CARTESIAN_POINT('',(-3.055094125,-26.87186743,-0.));
#191=DIRECTION('',(-1.,0.,0.));
#192=VECTOR('',#191,40.454056098);
#193=LINE('',#190,#192);
#194=EDGE_CURVE('',#180,#189,#193,.T.);
#195=ORIENTED_EDGE('',*,*,#194,.T.);
#196=CARTESIAN_POINT('',(-48.259150223,-22.12186743,-0.));
#197=VERTEX_POINT('',#196);
#198=CARTESIAN_POINT('',(-43.509150223,-22.12186743,-0.));
#199=DIRECTION('',(-0.,-0.,-1.));
#200=DIRECTION('',(1.,0.,-0.));
#201=AXIS2_PLACEMENT_3D('',#198,#199,#200);
#202=CIRCLE('',#201,4.75);
#203=EDGE_CURVE('',#189,#197,#202,.T.);
#204=ORIENTED_EDGE('',*,*,#203,.T.);
#205=CARTESIAN_POINT('',(-48.259150223,32.52813257,-0.));
#206=VERTEX_POINT('',#205);
#207=CARTESIAN_POINT('',(-48.259150223,-22.12186743,-0.));
#208=DIRECTION('',(0.,1.,0.));
#209=VECTOR('',#208,54.65);
#210=LINE('',#207,#209);
#211=EDGE_CURVE('',#197,#206,#210,.T.);
#212=ORIENTED_EDGE('',*,*,#211,.T.);
#213=CARTESIAN_POINT('',(-43.509150223,37.27813257,-0.));
#214=VERTEX_POINT('',#213);
#215=CARTESIAN_POINT('',(-43.509150223,32.52813257,-0.));
#216=DIRECTION('',(-0.,-0.,-1.));
#217=DIRECTION('',(1.,0.,-0.));
#218=AXIS2_PLACEMENT_3D('',#215,#216,#217);
#219=CIRCLE('',#218,4.75);
#220=EDGE_CURVE('',#206,#214,#219,.T.);
#221=ORIENTED_EDGE('',*,*,#220,.T.);
#222=CARTESIAN_POINT('',(30.190849777,37.27813257,-0.));
#223=VERTEX_POINT('',#222);
#224=CARTESIAN_POINT('',(-43.509150223,37.27813257,-0.));
#225=DIRECTION('',(1.,0.,-0.));
#226=VECTOR('',#225,73.7);
#227=LINE('',#224,#226);
#228=EDGE_CURVE('',#214,#223,#227,.T.);
#229=ORIENTED_EDGE('',*,*,#228,.T.);
#230=CARTESIAN_POINT('',(34.940849777,32.52813257,-0.));
#231=VERTEX_POINT('',#230);
#232=CARTESIAN_POINT('',(30.190849777,32.52813257,-0.));
#233=DIRECTION('',(-0.,-0.,-1.));
#234=DIRECTION('',(1.,0.,-0.));
#235=AXIS2_PLACEMENT_3D('',#232,#233,#234);
#236=CIRCLE('',#235,4.75);
#237=EDGE_CURVE('',#223,#231,#236,.T.);
#238=ORIENTED_EDGE('',*,*,#237,.T.);
#239=CARTESIAN_POINT('',(34.940849777,11.124076472,-0.));
#240=VERTEX_POINT('',#239);
#241=CARTESIAN_POINT('',(34.940849777,32.52813257,-0.));
#242=DIRECTION('',(-0.,-1.,-0.));
#243=VECTOR('',#242,21.404056098);
#244=LINE('',#241,#243);
#245=EDGE_CURVE('',#231,#240,#244,.T.);
#246=ORIENTED_EDGE('',*,*,#245,.T.);
#247=CARTESIAN_POINT('',(44.020539561,-10.796233745,-0.));
#248=VERTEX_POINT('',#247);
#249=CARTESIAN_POINT('',(65.940849777,11.124076472,-0.));
#250=DIRECTION('',(0.,0.,1.));
#251=DIRECTION('',(1.,0.,-0.));
#252=AXIS2_PLACEMENT_3D('',#249,#250,#251);
#253=CIRCLE('',#252,31.);
#254=EDGE_CURVE('',#240,#248,#253,.T.);
#255=ORIENTED_EDGE('',*,*,#254,.T.);
#256=CARTESIAN_POINT('',(56.605012035,-23.380706219,-0.));
#257=VERTEX_POINT('',#256);
#258=CARTESIAN_POINT('',(44.020539561,-10.796233745,-0.));
#259=DIRECTION('',(0.707106781,-0.707106781,-0.));
#260=VECTOR('',#259,17.797131649);
#261=LINE('',#258,#260);
#262=EDGE_CURVE('',#248,#257,#261,.T.);
#263=ORIENTED_EDGE('',*,*,#262,.T.);
#264=CARTESIAN_POINT('',(57.996254824,-26.73946343,-0.));
#265=VERTEX_POINT('',#264);
#266=CARTESIAN_POINT('',(53.246254824,-26.73946343,-0.));
#267=DIRECTION('',(-0.,-0.,-1.));
#268=DIRECTION('',(1.,0.,-0.));
#269=AXIS2_PLACEMENT_3D('',#266,#267,#268);
#270=CIRCLE('',#269,4.75);
#271=EDGE_CURVE('',#257,#265,#270,.T.);
#272=ORIENTED_EDGE('',*,*,#271,.T.);
#273=CARTESIAN_POINT('',(53.246254824,-26.73946343,-0.));
#274=DIRECTION('',(-0.,-0.,-1.));
#275=DIRECTION('',(1.,0.,-0.));
#276=AXIS2_PLACEMENT_3D('',#273,#274,#275);
#277=CIRCLE('',#276,4.75);
#278=EDGE_CURVE('',#265,#153,#277,.T.);
#279=ORIENTED_EDGE('',*,*,#278,.T.);
#280=EDGE_LOOP('',(#161,#170,#178,#187,#195,#204,#212,#221,#229,#238,#246,#255,#263,#272,#279));
#281=FACE_BOUND('',#280,.T.);
#282=ADVANCED_FACE('',(#51,#71,#91,#111,#131,#151,#281),#31,.F.);
#283=CARTESIAN_POINT('',(-6.659150223,34.77813257,21.6));
#284=DIRECTION('',(0.,-1.,0.));
#285=DIRECTION('',(0.,0.,-1.));
#286=AXIS2_PLACEMENT_3D('',#283,#284,#285);
#287=PLANE('',#286);
#288=CARTESIAN_POINT('',(-15.909150223,34.77813257,9.));
#289=VERTEX_POINT('',#288);
#290=CARTESIAN_POINT('',(-15.909150223,34.77813257,3.));
#291=VERTEX_POINT('',#290);
#292=CARTESIAN_POINT('',(-15.909150223,34.77813257,9.));
#293=DIRECTION('',(0.,0.,-1.));
#294=VECTOR('',#293,6.);
#295=LINE('',#292,#294);
#296=EDGE_CURVE('',#289,#291,#295,.T.);
#297=ORIENTED_EDGE('',*,*,#296,.F.);
#298=CARTESIAN_POINT('',(-43.509150223,34.77813257,9.));
#299=VERTEX_POINT('',#298);
#300=CARTESIAN_POINT('',(-15.909150223,34.77813257,9.));
#301=DIRECTION('',(-1.,0.,0.));
#302=VECTOR('',#301,27.6);
#303=LINE('',#300,#302);
#304=EDGE_CURVE('',#289,#299,#303,.T.);
#305=ORIENTED_EDGE('',*,*,#304,.T.);
#306=CARTESIAN_POINT('',(-43.509150223,34.77813257,3.));
#307=VERTEX_POINT('',#306);
#308=CARTESIAN_POINT('',(-43.509150223,34.77813257,9.));
#309=DIRECTION('',(0.,0.,-1.));
#310=VECTOR('',#309,6.);
#311=LINE('',#308,#310);
#312=EDGE_CURVE('',#299,#307,#311,.T.);
#313=ORIENTED_EDGE('',*,*,#312,.T.);
#314=CARTESIAN_POINT('',(-15.909150223,34.77813257,3.));
#315=DIRECTION('',(-1.,0.,0.));
#316=VECTOR('',#315,27.6);
#317=LINE('',#314,#316);
#318=EDGE_CURVE('',#291,#307,#317,.T.);
#319=ORIENTED_EDGE('',*,*,#318,.F.);
#320=EDGE_LOOP('',(#297,#305,#313,#319));
#321=FACE_BOUND('',#320,.T.);
#322=ADVANCED_FACE('',(#321),#287,.T.);
#323=CARTESIAN_POINT('',(65.940849777,11.124076472,21.6));
#324=DIRECTION('',(0.,0.,-1.));
#325=DIRECTION('',(-1.,0.,0.));
#326=AXIS2_PLACEMENT_3D('',#323,#324,#325);
#327=CYLINDRICAL_SURFACE('',#326,33.5);
#328=CARTESIAN_POINT('',(33.967188179,1.1273288,4.75));
#329=VERTEX_POINT('',#328);
#330=CARTESIAN_POINT('',(33.967188179,1.1273288,1.25));
#331=VERTEX_POINT('',#330);
#332=CARTESIAN_POINT('',(33.967188179,1.1273288,4.75));
#333=CARTESIAN_POINT('',(33.932582072,1.238013193,4.75));
#334=CARTESIAN_POINT('',(33.899127148,1.347032035,4.738677686));
#335=CARTESIAN_POINT('',(33.866743525,1.454448347,4.716523355));
#336=CARTESIAN_POINT('',(33.834359901,1.561864658,4.694369024));
#337=CARTESIAN_POINT('',(33.80273196,1.6687757,4.66085909));
#338=CARTESIAN_POINT('',(33.773014163,1.770983301,4.617091203));
#339=CARTESIAN_POINT('',(33.743296366,1.873190902,4.573323315));
#340=CARTESIAN_POINT('',(33.715577979,1.970333699,4.519764451));
#341=CARTESIAN_POINT('',(33.689704453,2.062419599,4.456504934));
#342=CARTESIAN_POINT('',(33.663830928,2.154505498,4.393245416));
#343=CARTESIAN_POINT('',(33.639692506,2.241967069,4.319550478));
#344=CARTESIAN_POINT('',(33.618296973,2.320521496,4.238990587));
#345=CARTESIAN_POINT('',(33.59690144,2.399075923,4.158430695));
#346=CARTESIAN_POINT('',(33.577965502,2.469719181,4.070499634));
#347=CARTESIAN_POINT('',(33.561386223,2.532200081,3.975005448));
#348=CARTESIAN_POINT('',(33.544806944,2.594680981,3.879511263));
#349=CARTESIAN_POINT('',(33.530830735,2.648073617,3.777453682));
#350=CARTESIAN_POINT('',(33.519689325,2.690906549,3.672060194));
#351=CARTESIAN_POINT('',(33.508547915,2.733739481,3.566666706));
#352=CARTESIAN_POINT('',(33.500053474,2.766728851,3.456456764));
#353=CARTESIAN_POINT('',(33.494357485,2.788901733,3.343095646));
#354=CARTESIAN_POINT('',(33.488661497,2.811074614,3.229734527));
#355=CARTESIAN_POINT('',(33.485861337,2.822045073,3.115822538));
#356=CARTESIAN_POINT('',(33.485838812,2.822133129,3.001375833));
#357=CARTESIAN_POINT('',(33.485816288,2.822221186,2.886929128));
#358=CARTESIAN_POINT('',(33.488661408,2.81107562,2.770683272));
#359=CARTESIAN_POINT('',(33.494297103,2.789136788,2.658108294));
#360=CARTESIAN_POINT('',(33.499932797,2.767197956,2.545533316));
#361=CARTESIAN_POINT('',(33.508288597,2.734741297,2.436205344));
#362=CARTESIAN_POINT('',(33.51945888,2.691792542,2.330124002));
#363=CARTESIAN_POINT('',(33.530629163,2.648843786,2.224042659));
#364=CARTESIAN_POINT('',(33.544677494,2.595177295,2.121482943));
#365=CARTESIAN_POINT('',(33.56109718,2.533289447,2.026661564));
#366=CARTESIAN_POINT('',(33.577516865,2.471401598,1.931840184));
#367=CARTESIAN_POINT('',(33.596417322,2.400862139,1.843522441));
#368=CARTESIAN_POINT('',(33.618052356,2.321419667,1.761931196));
#369=CARTESIAN_POINT('',(33.63968739,2.241977194,1.680339951));
#370=CARTESIAN_POINT('',(33.663389763,2.156096734,1.608033266));
#371=CARTESIAN_POINT('',(33.689167604,2.064330505,1.544809698));
#372=CARTESIAN_POINT('',(33.714945445,1.972564277,1.481586129));
#373=CARTESIAN_POINT('',(33.743146747,1.873711805,1.426941786));
#374=CARTESIAN_POINT('',(33.772859399,1.771515592,1.383136847));
#375=CARTESIAN_POINT('',(33.802572051,1.669319379,1.339331908));
#376=CARTESIAN_POINT('',(33.833619281,1.564348398,1.306299818));
#377=CARTESIAN_POINT('',(33.866077779,1.456656895,1.283933741));
#378=CARTESIAN_POINT('',(33.898536278,1.348965391,1.261567665));
#379=CARTESIAN_POINT('',(33.932582338,1.238012344,1.25));
#380=CARTESIAN_POINT('',(33.967188179,1.1273288,1.25));
#381=B_SPLINE_CURVE_WITH_KNOTS('',3,(#332,#333,#334,#335,#336,#337,#338,#339,#340,#341,#342,#343,#344,#345,#346,#347,#348,#349,#350,#351,#352,#353,#354,#355,#356,#357,
#358,#359,#360,#361,#362,#363,#364,#365,#366,#367,#368,#369,#370,#371,#372,#373,#374,#375,#376,#377,#378,#379,#380),.UNSPECIFIED.,.F.,.F.,(4,3,3,3,3,3,3,3,3,3,3,3,3,3,3,3,4),(0.,0.000342955,0.000685911,0.001028866,0.001371821,0.001714776,0.002057732,0.002400687,0.002743642,0.003086597,0.003429553,0.003772508,0.004115463,0.004458418,0.004801374,0.005144329,0.005487284),.UNSPECIFIED.);
#382=EDGE_CURVE('',#329,#331,#381,.T.);
#383=ORIENTED_EDGE('',*,*,#382,.F.);
#384=CARTESIAN_POINT('',(36.263288774,-4.415948395,4.75));
#385=VERTEX_POINT('',#384);
#386=CARTESIAN_POINT('',(65.940849777,11.124076472,4.75));
#387=DIRECTION('',(0.,0.,-1.));
#388=DIRECTION('',(-1.,0.,0.));
#389=AXIS2_PLACEMENT_3D('',#386,#387,#388);
#390=CIRCLE('',#389,33.5);
#391=EDGE_CURVE('',#385,#329,#390,.T.);
#392=ORIENTED_EDGE('',*,*,#391,.F.);
#393=CARTESIAN_POINT('',(37.121331278,-5.95472189,3.));
#394=VERTEX_POINT('',#393);
#395=CARTESIAN_POINT('',(36.263288774,-4.415948395,1.25));
#396=CARTESIAN_POINT('',(36.317084246,-4.518684293,1.25));
#397=CARTESIAN_POINT('',(36.370516004,-4.619428459,1.261322314));
#398=CARTESIAN_POINT('',(36.423572127,-4.718281941,1.283476645));
#399=CARTESIAN_POINT('',(36.476628249,-4.817135423,1.305630976));
#400=CARTESIAN_POINT('',(36.52986144,-4.915097277,1.33914091));
#401=CARTESIAN_POINT('',(36.581119472,-5.008382621,1.382908797));
#402=CARTESIAN_POINT('',(36.632377504,-5.101667965,1.426676685));
#403=CARTESIAN_POINT('',(36.681467975,-5.189958155,1.480235549));
#404=CARTESIAN_POINT('',(36.728287194,-5.273368064,1.543495066));
#405=CARTESIAN_POINT('',(36.775106413,-5.356777973,1.606754584));
#406=CARTESIAN_POINT('',(36.81988264,-5.435691085,1.680449522));
#407=CARTESIAN_POINT('',(36.860300082,-5.506366379,1.761009413));
#408=CARTESIAN_POINT('',(36.900717524,-5.577041673,1.841569305));
#409=CARTESIAN_POINT('',(36.93728012,-5.640383731,1.929500366));
#410=CARTESIAN_POINT('',(36.969737467,-5.696287719,2.024994552));
#411=CARTESIAN_POINT('',(37.002194815,-5.752191708,2.120488737));
#412=CARTESIAN_POINT('',(37.030066438,-5.799828675,2.222546318));
#413=CARTESIAN_POINT('',(37.052475728,-5.837994298,2.327939806));
#414=CARTESIAN_POINT('',(37.074885019,-5.876159922,2.433333294));
#415=CARTESIAN_POINT('',(37.092205549,-5.905493406,2.543543236));
#416=CARTESIAN_POINT('',(37.103856471,-5.925199673,2.656904354));
#417=CARTESIAN_POINT('',(37.115507394,-5.94490594,2.770265473));
#418=CARTESIAN_POINT('',(37.121284668,-5.954643237,2.884177462));
#419=CARTESIAN_POINT('',(37.121331006,-5.95472143,2.998624167));
#420=CARTESIAN_POINT('',(37.121377344,-5.954799623,3.113070872));
#421=CARTESIAN_POINT('',(37.115508043,-5.944906714,3.229316728));
#422=CARTESIAN_POINT('',(37.103979984,-5.925408579,3.341891706));
#423=CARTESIAN_POINT('',(37.092451925,-5.905910445,3.454466684));
#424=CARTESIAN_POINT('',(37.075410044,-5.877051678,3.563794656));
#425=CARTESIAN_POINT('',(37.05293927,-5.838783739,3.669875998));
#426=CARTESIAN_POINT('',(37.030468497,-5.8005158,3.775957341));
#427=CARTESIAN_POINT('',(37.002454227,-5.75263419,3.878517057));
#428=CARTESIAN_POINT('',(36.970303381,-5.697262402,3.973338436));
#429=CARTESIAN_POINT('',(36.938152535,-5.641890613,4.068159816));
#430=CARTESIAN_POINT('',(36.901638246,-5.578647043,4.156477559));
#431=CARTESIAN_POINT('',(36.860762214,-5.507174453,4.238068804));
#432=CARTESIAN_POINT('',(36.819886182,-5.435701862,4.319660049));
#433=CARTESIAN_POINT('',(36.775919635,-5.358215097,4.391966734));
#434=CARTESIAN_POINT('',(36.729258799,-5.275098889,4.455190302));
#435=CARTESIAN_POINT('',(36.682597962,-5.19198268,4.518413871));
#436=CARTESIAN_POINT('',(36.632640041,-5.102142095,4.573058214));
#437=CARTESIAN_POINT('',(36.581386424,-5.008868442,4.616863153));
#438=CARTESIAN_POINT('',(36.530132806,-4.915594789,4.660668092));
#439=CARTESIAN_POINT('',(36.477860821,-4.81941539,4.693700182));
#440=CARTESIAN_POINT('',(36.424663053,-4.720314373,4.716066259));
#441=CARTESIAN_POINT('',(36.371465285,-4.621213356,4.738432335));
#442=CARTESIAN_POINT('',(36.317083833,-4.518683504,4.75));
#443=CARTESIAN_POINT('',(36.263288774,-4.415948395,4.75));
#444=B_SPLINE_CURVE_WITH_KNOTS('',3,(#395,#396,#397,#398,#399,#400,#401,#402,#403,#404,#405,#406,#407,#408,#409,#410,#411,#412,#413,#414,#415,#416,#417,#418,#419,#420,
#421,#422,#423,#424,#425,#426,#427,#428,#429,#430,#431,#432,#433,#434,#435,#436,#437,#438,#439,#440,#441,#442,#443),.UNSPECIFIED.,.F.,.F.,(4,3,3,3,3,3,3,3,3,3,3,3,3,3,3,3,4),(0.,0.000342955,0.000685911,0.001028866,0.001371821,0.001714776,0.002057732,0.002400687,0.002743642,0.003086597,0.003429553,0.003772508,0.004115463,0.004458418,0.004801374,0.005144329,0.005487284),.UNSPECIFIED.);
#445=EDGE_CURVE('',#394,#385,#444,.T.);
#446=ORIENTED_EDGE('',*,*,#445,.F.);
#447=CARTESIAN_POINT('',(36.263288774,-4.415948395,1.25));
#448=VERTEX_POINT('',#447);
#449=CARTESIAN_POINT('',(36.263288774,-4.415948395,1.25));
#450=CARTESIAN_POINT('',(36.317084246,-4.518684293,1.25));
#451=CARTESIAN_POINT('',(36.370516004,-4.619428459,1.261322314));
#452=CARTESIAN_POINT('',(36.423572127,-4.718281941,1.283476645));
#453=CARTESIAN_POINT('',(36.476628249,-4.817135423,1.305630976));
#454=CARTESIAN_POINT('',(36.52986144,-4.915097277,1.33914091));
#455=CARTESIAN_POINT('',(36.581119472,-5.008382621,1.382908797));
#456=CARTESIAN_POINT('',(36.632377504,-5.101667965,1.426676685));
#457=CARTESIAN_POINT('',(36.681467975,-5.189958155,1.480235549));
#458=CARTESIAN_POINT('',(36.728287194,-5.273368064,1.543495066));
#459=CARTESIAN_POINT('',(36.775106413,-5.356777973,1.606754584));
#460=CARTESIAN_POINT('',(36.81988264,-5.435691085,1.680449522));
#461=CARTESIAN_POINT('',(36.860300082,-5.506366379,1.761009413));
#462=CARTESIAN_POINT('',(36.900717524,-5.577041673,1.841569305));
#463=CARTESIAN_POINT('',(36.93728012,-5.640383731,1.929500366));
#464=CARTESIAN_POINT('',(36.969737467,-5.696287719,2.024994552));
#465=CARTESIAN_POINT('',(37.002194815,-5.752191708,2.120488737));
#466=CARTESIAN_POINT('',(37.030066438,-5.799828675,2.222546318));
#467=CARTESIAN_POINT('',(37.052475728,-5.837994298,2.327939806));
#468=CARTESIAN_POINT('',(37.074885019,-5.876159922,2.433333294));
#469=CARTESIAN_POINT('',(37.092205549,-5.905493406,2.543543236));
#470=CARTESIAN_POINT('',(37.103856471,-5.925199673,2.656904354));
#471=CARTESIAN_POINT('',(37.115507394,-5.94490594,2.770265473));
#472=CARTESIAN_POINT('',(37.121284668,-5.954643237,2.884177462));
#473=CARTESIAN_POINT('',(37.121331006,-5.95472143,2.998624167));
#474=CARTESIAN_POINT('',(37.121377344,-5.954799623,3.113070872));
#475=CARTESIAN_POINT('',(37.115508043,-5.944906714,3.229316728));
#476=CARTESIAN_POINT('',(37.103979984,-5.925408579,3.341891706));
#477=CARTESIAN_POINT('',(37.092451925,-5.905910445,3.454466684));
#478=CARTESIAN_POINT('',(37.075410044,-5.877051678,3.563794656));
#479=CARTESIAN_POINT('',(37.05293927,-5.838783739,3.669875998));
#480=CARTESIAN_POINT('',(37.030468497,-5.8005158,3.775957341));
#481=CARTESIAN_POINT('',(37.002454227,-5.75263419,3.878517057));
#482=CARTESIAN_POINT('',(36.970303381,-5.697262402,3.973338436));
#483=CARTESIAN_POINT('',(36.938152535,-5.641890613,4.068159816));
#484=CARTESIAN_POINT('',(36.901638246,-5.578647043,4.156477559));
#485=CARTESIAN_POINT('',(36.860762214,-5.507174453,4.238068804));
#486=CARTESIAN_POINT('',(36.819886182,-5.435701862,4.319660049));
#487=CARTESIAN_POINT('',(36.775919635,-5.358215097,4.391966734));
#488=CARTESIAN_POINT('',(36.729258799,-5.275098889,4.455190302));
#489=CARTESIAN_POINT('',(36.682597962,-5.19198268,4.518413871));
#490=CARTESIAN_POINT('',(36.632640041,-5.102142095,4.573058214));
#491=CARTESIAN_POINT('',(36.581386424,-5.008868442,4.616863153));
#492=CARTESIAN_POINT('',(36.530132806,-4.915594789,4.660668092));
#493=CARTESIAN_POINT('',(36.477860821,-4.81941539,4.693700182));
#494=CARTESIAN_POINT('',(36.424663053,-4.720314373,4.716066259));
#495=CARTESIAN_POINT('',(36.371465285,-4.621213356,4.738432335));
#496=CARTESIAN_POINT('',(36.317083833,-4.518683504,4.75));
#497=CARTESIAN_POINT('',(36.263288774,-4.415948395,4.75));
#498=B_SPLINE_CURVE_WITH_KNOTS('',3,(#449,#450,#451,#452,#453,#454,#455,#456,#457,#458,#459,#460,#461,#462,#463,#464,#465,#466,#467,#468,#469,#470,#471,#472,#473,#474,
#475,#476,#477,#478,#479,#480,#481,#482,#483,#484,#485,#486,#487,#488,#489,#490,#491,#492,#493,#494,#495,#496,#497),.UNSPECIFIED.,.F.,.F.,(4,3,3,3,3,3,3,3,3,3,3,3,3,3,3,3,4),(0.,0.000342955,0.000685911,0.001028866,0.001371821,0.001714776,0.002057732,0.002400687,0.002743642,0.003086597,0.003429553,0.003772508,0.004115463,0.004458418,0.004801374,0.005144329,0.005487284),.UNSPECIFIED.);
#499=EDGE_CURVE('',#448,#394,#498,.T.);
#500=ORIENTED_EDGE('',*,*,#499,.F.);
#501=CARTESIAN_POINT('',(65.940849777,11.124076472,1.25));
#502=DIRECTION('',(0.,0.,1.));
#503=DIRECTION('',(1.,0.,-0.));
#504=AXIS2_PLACEMENT_3D('',#501,#502,#503);
#505=CIRCLE('',#504,33.5);
#506=EDGE_CURVE('',#331,#448,#505,.T.);
#507=ORIENTED_EDGE('',*,*,#506,.F.);
#508=EDGE_LOOP('',(#383,#392,#446,#500,#507));
#509=FACE_BOUND('',#508,.T.);
#510=CARTESIAN_POINT('',(32.440849777,11.124076472,9.));
#511=VERTEX_POINT('',#510);
#512=CARTESIAN_POINT('',(42.252772608,-12.564000698,9.));
#513=VERTEX_POINT('',#512);
#514=CARTESIAN_POINT('',(65.940849777,11.124076472,9.));
#515=DIRECTION('',(0.,0.,1.));
#516=DIRECTION('',(1.,0.,-0.));
#517=AXIS2_PLACEMENT_3D('',#514,#515,#516);
#518=CIRCLE('',#517,33.5);
#519=EDGE_CURVE('',#511,#513,#518,.T.);
#520=ORIENTED_EDGE('',*,*,#519,.F.);
#521=CARTESIAN_POINT('',(32.440849777,11.124076472,3.));
#522=VERTEX_POINT('',#521);
#523=CARTESIAN_POINT('',(32.440849777,11.124076472,9.));
#524=DIRECTION('',(0.,0.,-1.));
#525=VECTOR('',#524,6.);
#526=LINE('',#523,#525);
#527=EDGE_CURVE('',#511,#522,#526,.T.);
#528=ORIENTED_EDGE('',*,*,#527,.T.);
#529=CARTESIAN_POINT('',(32.932279078,5.407061486,3.));
#530=VERTEX_POINT('',#529);
#531=CARTESIAN_POINT('',(65.940849777,11.124076472,3.));
#532=DIRECTION('',(0.,0.,1.));
#533=DIRECTION('',(1.,0.,-0.));
#534=AXIS2_PLACEMENT_3D('',#531,#532,#533);
#535=CIRCLE('',#534,33.5);
#536=EDGE_CURVE('',#522,#530,#535,.T.);
#537=ORIENTED_EDGE('',*,*,#536,.T.);
#538=CARTESIAN_POINT('',(33.485838677,2.822133659,0.4));
#539=VERTEX_POINT('',#538);
#540=CARTESIAN_POINT('',(65.940849777,11.124076472,-4.35));
#541=DIRECTION('',(0.27059805,-0.653281482,0.707106781));
#542=DIRECTION('',(0.27059805,-0.653281482,-0.707106781));
#543=AXIS2_PLACEMENT_3D('',#540,#541,#542);
#544=ELLIPSE('',#543,47.376154339,33.5);
#545=EDGE_CURVE('',#530,#539,#544,.T.);
#546=ORIENTED_EDGE('',*,*,#545,.T.);
#547=CARTESIAN_POINT('',(37.121331284,-5.9547219,0.4));
#548=VERTEX_POINT('',#547);
#549=CARTESIAN_POINT('',(65.940849777,11.124076472,0.4));
#550=DIRECTION('',(0.,0.,1.));
#551=DIRECTION('',(1.,0.,-0.));
#552=AXIS2_PLACEMENT_3D('',#549,#550,#551);
#553=CIRCLE('',#552,33.5);
#554=EDGE_CURVE('',#539,#548,#553,.T.);
#555=ORIENTED_EDGE('',*,*,#554,.T.);
#556=CARTESIAN_POINT('',(38.557725533,-8.173967642,3.));
#557=VERTEX_POINT('',#556);
#558=CARTESIAN_POINT('',(65.940849777,11.124076472,-4.35));
#559=DIRECTION('',(-0.27059805,0.653281482,0.707106781));
#560=DIRECTION('',(-0.27059805,0.653281482,-0.707106781));
#561=AXIS2_PLACEMENT_3D('',#558,#559,#560);
#562=ELLIPSE('',#561,47.376154339,33.5);
#563=EDGE_CURVE('',#548,#557,#562,.T.);
#564=ORIENTED_EDGE('',*,*,#563,.T.);
#565=CARTESIAN_POINT('',(42.252772608,-12.564000698,3.));
#566=VERTEX_POINT('',#565);
#567=CARTESIAN_POINT('',(65.940849777,11.124076472,3.));
#568=DIRECTION('',(0.,0.,1.));
#569=DIRECTION('',(1.,0.,-0.));
#570=AXIS2_PLACEMENT_3D('',#567,#568,#569);
#571=CIRCLE('',#570,33.5);
#572=EDGE_CURVE('',#557,#566,#571,.T.);
#573=ORIENTED_EDGE('',*,*,#572,.T.);
#574=CARTESIAN_POINT('',(42.252772608,-12.564000698,9.));
#575=DIRECTION('',(0.,0.,-1.));
#576=VECTOR('',#575,6.);
#577=LINE('',#574,#576);
#578=EDGE_CURVE('',#513,#566,#577,.T.);
#579=ORIENTED_EDGE('',*,*,#578,.F.);
#580=EDGE_LOOP('',(#520,#528,#537,#546,#555,#564,#573,#579));
#581=FACE_BOUND('',#580,.T.);
#582=ADVANCED_FACE('',(#509,#581),#327,.T.);
#583=CARTESIAN_POINT('',(53.246254824,-26.73946343,21.6));
#584=DIRECTION('',(0.,0.,-1.));
#585=DIRECTION('',(-1.,0.,0.));
#586=AXIS2_PLACEMENT_3D('',#583,#584,#585);
#587=CYLINDRICAL_SURFACE('',#586,2.25);
#588=CARTESIAN_POINT('',(54.837245082,-28.330453688,9.));
#589=VERTEX_POINT('',#588);
#590=CARTESIAN_POINT('',(54.837245082,-28.330453688,3.));
#591=VERTEX_POINT('',#590);
#592=CARTESIAN_POINT('',(54.837245082,-28.330453688,9.));
#593=DIRECTION('',(0.,0.,-1.));
#594=VECTOR('',#593,6.);
#595=LINE('',#592,#594);
#596=EDGE_CURVE('',#589,#591,#595,.T.);
#597=ORIENTED_EDGE('',*,*,#596,.F.);
#598=CARTESIAN_POINT('',(54.837245082,-25.148473172,9.));
#599=VERTEX_POINT('',#598);
#600=CARTESIAN_POINT('',(53.246254824,-26.73946343,9.));
#601=DIRECTION('',(-0.,-0.,1.));
#602=DIRECTION('',(-1.,0.,0.));
#603=AXIS2_PLACEMENT_3D('',#600,#601,#602);
#604=CIRCLE('',#603,2.25);
#605=EDGE_CURVE('',#589,#599,#604,.T.);
#606=ORIENTED_EDGE('',*,*,#605,.T.);
#607=CARTESIAN_POINT('',(54.837245082,-25.148473172,3.));
#608=VERTEX_POINT('',#607);
#609=CARTESIAN_POINT('',(54.837245082,-25.148473172,9.));
#610=DIRECTION('',(0.,0.,-1.));
#611=VECTOR('',#610,6.);
#612=LINE('',#609,#611);
#613=EDGE_CURVE('',#599,#608,#612,.T.);
#614=ORIENTED_EDGE('',*,*,#613,.T.);
#615=CARTESIAN_POINT('',(53.246254824,-26.73946343,3.));
#616=DIRECTION('',(0.,0.,1.));
#617=DIRECTION('',(1.,0.,-0.));
#618=AXIS2_PLACEMENT_3D('',#615,#616,#617);
#619=CIRCLE('',#618,2.25);
#620=EDGE_CURVE('',#591,#608,#619,.T.);
#621=ORIENTED_EDGE('',*,*,#620,.F.);
#622=EDGE_LOOP('',(#597,#606,#614,#621));
#623=FACE_BOUND('',#622,.T.);
#624=ADVANCED_FACE('',(#623),#587,.F.);
#625=CARTESIAN_POINT('',(45.618340559,-37.549358211,21.6));
#626=DIRECTION('',(-0.707106781,0.707106781,0.));
#627=DIRECTION('',(-0.707106781,-0.707106781,0.));
#628=AXIS2_PLACEMENT_3D('',#625,#626,#627);
#629=PLANE('',#628);
#630=CARTESIAN_POINT('',(36.399436035,-46.768262735,9.));
#631=VERTEX_POINT('',#630);
#632=CARTESIAN_POINT('',(36.399436035,-46.768262735,3.));
#633=VERTEX_POINT('',#632);
#634=CARTESIAN_POINT('',(36.399436035,-46.768262735,9.));
#635=DIRECTION('',(0.,0.,-1.));
#636=VECTOR('',#635,6.);
#637=LINE('',#634,#636);
#638=EDGE_CURVE('',#631,#633,#637,.T.);
#639=ORIENTED_EDGE('',*,*,#638,.F.);
#640=CARTESIAN_POINT('',(36.399436035,-46.768262735,9.));
#641=DIRECTION('',(0.707106781,0.707106781,0.));
#642=VECTOR('',#641,26.074999615);
#643=LINE('',#640,#642);
#644=EDGE_CURVE('',#631,#589,#643,.T.);
#645=ORIENTED_EDGE('',*,*,#644,.T.);
#646=ORIENTED_EDGE('',*,*,#596,.T.);
#647=CARTESIAN_POINT('',(36.399436035,-46.768262735,3.));
#648=DIRECTION('',(0.707106781,0.707106781,0.));
#649=VECTOR('',#648,26.074999615);
#650=LINE('',#647,#649);
#651=EDGE_CURVE('',#633,#591,#650,.T.);
#652=ORIENTED_EDGE('',*,*,#651,.F.);
#653=EDGE_LOOP('',(#639,#645,#646,#652));
#654=FACE_BOUND('',#653,.T.);
#655=ADVANCED_FACE('',(#654),#629,.T.);
#656=CARTESIAN_POINT('',(34.808445777,-45.177272477,21.6));
#657=DIRECTION('',(0.,0.,-1.));
#658=DIRECTION('',(-1.,0.,0.));
#659=AXIS2_PLACEMENT_3D('',#656,#657,#658);
#660=CYLINDRICAL_SURFACE('',#659,2.25);
#661=CARTESIAN_POINT('',(33.21745552,-46.768262735,9.));
#662=VERTEX_POINT('',#661);
#663=CARTESIAN_POINT('',(33.21745552,-46.768262735,3.));
#664=VERTEX_POINT('',#663);
#665=CARTESIAN_POINT('',(33.21745552,-46.768262735,9.));
#666=DIRECTION('',(0.,0.,-1.));
#667=VECTOR('',#666,6.);
#668=LINE('',#665,#667);
#669=EDGE_CURVE('',#662,#664,#668,.T.);
#670=ORIENTED_EDGE('',*,*,#669,.F.);
#671=CARTESIAN_POINT('',(34.808445777,-45.177272477,9.));
#672=DIRECTION('',(-0.,-0.,1.));
#673=DIRECTION('',(-1.,0.,0.));
#674=AXIS2_PLACEMENT_3D('',#671,#672,#673);
#675=CIRCLE('',#674,2.25);
#676=EDGE_CURVE('',#662,#631,#675,.T.);
#677=ORIENTED_EDGE('',*,*,#676,.T.);
#678=ORIENTED_EDGE('',*,*,#638,.T.);
#679=CARTESIAN_POINT('',(34.808445777,-45.177272477,3.));
#680=DIRECTION('',(0.,0.,1.));
#681=DIRECTION('',(1.,0.,-0.));
#682=AXIS2_PLACEMENT_3D('',#679,#680,#681);
#683=CIRCLE('',#682,2.25);
#684=EDGE_CURVE('',#664,#633,#683,.T.);
#685=ORIENTED_EDGE('',*,*,#684,.F.);
#686=EDGE_LOOP('',(#670,#677,#678,#685));
#687=FACE_BOUND('',#686,.T.);
#688=ADVANCED_FACE('',(#687),#660,.F.);
#689=CARTESIAN_POINT('',(26.925219282,-40.476026497,21.6));
#690=DIRECTION('',(0.707106781,0.707106781,0.));
#691=DIRECTION('',(-0.707106781,0.707106781,0.));
#692=AXIS2_PLACEMENT_3D('',#689,#690,#691);
#693=PLANE('',#692);
#694=CARTESIAN_POINT('',(20.632983045,-34.18379026,9.));
#695=VERTEX_POINT('',#694);
#696=CARTESIAN_POINT('',(20.632983045,-34.18379026,3.));
#697=VERTEX_POINT('',#696);
#698=CARTESIAN_POINT('',(20.632983045,-34.18379026,9.));
#699=DIRECTION('',(0.,0.,-1.));
#700=VECTOR('',#699,6.);
#701=LINE('',#698,#700);
#702=EDGE_CURVE('',#695,#697,#701,.T.);
#703=ORIENTED_EDGE('',*,*,#702,.F.);
#704=CARTESIAN_POINT('',(20.632983045,-34.18379026,9.));
#705=DIRECTION('',(0.707106781,-0.707106781,0.));
#706=VECTOR('',#705,17.797131649);
#707=LINE('',#704,#706);
#708=EDGE_CURVE('',#695,#662,#707,.T.);
#709=ORIENTED_EDGE('',*,*,#708,.T.);
#710=ORIENTED_EDGE('',*,*,#669,.T.);
#711=CARTESIAN_POINT('',(20.632983045,-34.18379026,3.));
#712=DIRECTION('',(0.707106781,-0.707106781,0.));
#713=VECTOR('',#712,17.797131649);
#714=LINE('',#711,#713);
#715=EDGE_CURVE('',#697,#664,#714,.T.);
#716=ORIENTED_EDGE('',*,*,#715,.F.);
#717=EDGE_LOOP('',(#703,#709,#710,#716));
#718=FACE_BOUND('',#717,.T.);
#719=ADVANCED_FACE('',(#718),#693,.T.);
#720=CARTESIAN_POINT('',(-3.055094125,-57.87186743,21.6));
#721=DIRECTION('',(0.,0.,-1.));
#722=DIRECTION('',(-1.,0.,0.));
#723=AXIS2_PLACEMENT_3D('',#720,#721,#722);
#724=CYLINDRICAL_SURFACE('',#723,33.5);
#725=CARTESIAN_POINT('',(-3.055094125,-24.37186743,9.));
#726=VERTEX_POINT('',#725);
#727=CARTESIAN_POINT('',(-3.055094125,-57.87186743,9.));
#728=DIRECTION('',(0.,0.,1.));
#729=DIRECTION('',(1.,0.,-0.));
#730=AXIS2_PLACEMENT_3D('',#727,#728,#729);
#731=CIRCLE('',#730,33.5);
#732=EDGE_CURVE('',#695,#726,#731,.T.);
#733=ORIENTED_EDGE('',*,*,#732,.F.);
#734=ORIENTED_EDGE('',*,*,#702,.T.);
#735=CARTESIAN_POINT('',(-3.055094125,-24.37186743,3.));
#736=VERTEX_POINT('',#735);
#737=CARTESIAN_POINT('',(-3.055094125,-57.87186743,3.));
#738=DIRECTION('',(0.,0.,1.));
#739=DIRECTION('',(1.,0.,-0.));
#740=AXIS2_PLACEMENT_3D('',#737,#738,#739);
#741=CIRCLE('',#740,33.5);
#742=EDGE_CURVE('',#697,#736,#741,.T.);
#743=ORIENTED_EDGE('',*,*,#742,.T.);
#744=CARTESIAN_POINT('',(-3.055094125,-24.37186743,9.));
#745=DIRECTION('',(0.,0.,-1.));
#746=VECTOR('',#745,6.);
#747=LINE('',#744,#746);
#748=EDGE_CURVE('',#726,#736,#747,.T.);
#749=ORIENTED_EDGE('',*,*,#748,.F.);
#750=EDGE_LOOP('',(#733,#734,#743,#749));
#751=FACE_BOUND('',#750,.T.);
#752=ADVANCED_FACE('',(#751),#724,.T.);
#753=CARTESIAN_POINT('',(-23.282122174,-24.37186743,21.6));
#754=DIRECTION('',(0.,1.,0.));
#755=DIRECTION('',(0.,0.,1.));
#756=AXIS2_PLACEMENT_3D('',#753,#754,#755);
#757=PLANE('',#756);
#758=CARTESIAN_POINT('',(-43.509150223,-24.37186743,9.));
#759=VERTEX_POINT('',#758);
#760=CARTESIAN_POINT('',(-43.509150223,-24.37186743,3.));
#761=VERTEX_POINT('',#760);
#762=CARTESIAN_POINT('',(-43.509150223,-24.37186743,9.));
#763=DIRECTION('',(0.,0.,-1.));
#764=VECTOR('',#763,6.);
#765=LINE('',#762,#764);
#766=EDGE_CURVE('',#759,#761,#765,.T.);
#767=ORIENTED_EDGE('',*,*,#766,.F.);
#768=CARTESIAN_POINT('',(-43.509150223,-24.37186743,9.));
#769=DIRECTION('',(1.,0.,-0.));
#770=VECTOR('',#769,40.454056098);
#771=LINE('',#768,#770);
#772=EDGE_CURVE('',#759,#726,#771,.T.);
#773=ORIENTED_EDGE('',*,*,#772,.T.);
#774=ORIENTED_EDGE('',*,*,#748,.T.);
#775=CARTESIAN_POINT('',(-43.509150223,-24.37186743,3.));
#776=DIRECTION('',(1.,0.,-0.));
#777=VECTOR('',#776,40.454056098);
#778=LINE('',#775,#777);
#779=EDGE_CURVE('',#761,#736,#778,.T.);
#780=ORIENTED_EDGE('',*,*,#779,.F.);
#781=EDGE_LOOP('',(#767,#773,#774,#780));
#782=FACE_BOUND('',#781,.T.);
#783=ADVANCED_FACE('',(#782),#757,.T.);
#784=CARTESIAN_POINT('',(-43.509150223,-22.12186743,21.6));
#785=DIRECTION('',(0.,0.,-1.));
#786=DIRECTION('',(-1.,0.,0.));
#787=AXIS2_PLACEMENT_3D('',#784,#785,#786);
#788=CYLINDRICAL_SURFACE('',#787,2.25);
#789=CARTESIAN_POINT('',(-45.759150223,-22.12186743,9.));
#790=VERTEX_POINT('',#789);
#791=CARTESIAN_POINT('',(-45.759150223,-22.12186743,3.));
#792=VERTEX_POINT('',#791);
#793=CARTESIAN_POINT('',(-45.759150223,-22.12186743,9.));
#794=DIRECTION('',(0.,0.,-1.));
#795=VECTOR('',#794,6.);
#796=LINE('',#793,#795);
#797=EDGE_CURVE('',#790,#792,#796,.T.);
#798=ORIENTED_EDGE('',*,*,#797,.F.);
#799=CARTESIAN_POINT('',(-43.509150223,-22.12186743,9.));
#800=DIRECTION('',(-0.,-0.,1.));
#801=DIRECTION('',(-1.,0.,0.));
#802=AXIS2_PLACEMENT_3D('',#799,#800,#801);
#803=CIRCLE('',#802,2.25);
#804=EDGE_CURVE('',#790,#759,#803,.T.);
#805=ORIENTED_EDGE('',*,*,#804,.T.);
#806=ORIENTED_EDGE('',*,*,#766,.T.);
#807=CARTESIAN_POINT('',(-43.509150223,-22.12186743,3.));
#808=DIRECTION('',(0.,0.,1.));
#809=DIRECTION('',(1.,0.,-0.));
#810=AXIS2_PLACEMENT_3D('',#807,#808,#809);
#811=CIRCLE('',#810,2.25);
#812=EDGE_CURVE('',#792,#761,#811,.T.);
#813=ORIENTED_EDGE('',*,*,#812,.F.);
#814=EDGE_LOOP('',(#798,#805,#806,#813));
#815=FACE_BOUND('',#814,.T.);
#816=ADVANCED_FACE('',(#815),#788,.F.);
#817=CARTESIAN_POINT('',(-45.759150223,5.20313257,21.6));
#818=DIRECTION('',(1.,0.,0.));
#819=DIRECTION('',(0.,0.,-1.));
#820=AXIS2_PLACEMENT_3D('',#817,#818,#819);
#821=PLANE('',#820);
#822=CARTESIAN_POINT('',(-45.759150223,32.52813257,9.));
#823=VERTEX_POINT('',#822);
#824=CARTESIAN_POINT('',(-45.759150223,32.52813257,3.));
#825=VERTEX_POINT('',#824);
#826=CARTESIAN_POINT('',(-45.759150223,32.52813257,9.));
#827=DIRECTION('',(0.,0.,-1.));
#828=VECTOR('',#827,6.);
#829=LINE('',#826,#828);
#830=EDGE_CURVE('',#823,#825,#829,.T.);
#831=ORIENTED_EDGE('',*,*,#830,.F.);
#832=CARTESIAN_POINT('',(-45.759150223,32.52813257,9.));
#833=DIRECTION('',(0.,-1.,0.));
#834=VECTOR('',#833,54.65);
#835=LINE('',#832,#834);
#836=EDGE_CURVE('',#823,#790,#835,.T.);
#837=ORIENTED_EDGE('',*,*,#836,.T.);
#838=ORIENTED_EDGE('',*,*,#797,.T.);
#839=CARTESIAN_POINT('',(-45.759150223,32.52813257,3.));
#840=DIRECTION('',(0.,-1.,0.));
#841=VECTOR('',#840,54.65);
#842=LINE('',#839,#841);
#843=EDGE_CURVE('',#825,#792,#842,.T.);
#844=ORIENTED_EDGE('',*,*,#843,.F.);
#845=EDGE_LOOP('',(#831,#837,#838,#844));
#846=FACE_BOUND('',#845,.T.);
#847=ADVANCED_FACE('',(#846),#821,.T.);
#848=CARTESIAN_POINT('',(-43.509150223,32.52813257,21.6));
#849=DIRECTION('',(0.,0.,-1.));
#850=DIRECTION('',(-1.,0.,0.));
#851=AXIS2_PLACEMENT_3D('',#848,#849,#850);
#852=CYLINDRICAL_SURFACE('',#851,2.25);
#853=ORIENTED_EDGE('',*,*,#312,.F.);
#854=CARTESIAN_POINT('',(-43.509150223,32.52813257,9.));
#855=DIRECTION('',(-0.,-0.,1.));
#856=DIRECTION('',(-1.,0.,0.));
#857=AXIS2_PLACEMENT_3D('',#854,#855,#856);
#858=CIRCLE('',#857,2.25);
#859=EDGE_CURVE('',#299,#823,#858,.T.);
#860=ORIENTED_EDGE('',*,*,#859,.T.);
#861=ORIENTED_EDGE('',*,*,#830,.T.);
#862=CARTESIAN_POINT('',(-43.509150223,32.52813257,3.));
#863=DIRECTION('',(0.,0.,1.));
#864=DIRECTION('',(1.,0.,-0.));
#865=AXIS2_PLACEMENT_3D('',#862,#863,#864);
#866=CIRCLE('',#865,2.25);
#867=EDGE_CURVE('',#307,#825,#866,.T.);
#868=ORIENTED_EDGE('',*,*,#867,.F.);
#869=EDGE_LOOP('',(#853,#860,#861,#868));
#870=FACE_BOUND('',#869,.T.);
#871=ADVANCED_FACE('',(#870),#852,.F.);
#872=CARTESIAN_POINT('',(-6.659150223,34.77813257,21.6));
#873=DIRECTION('',(0.,-1.,0.));
#874=DIRECTION('',(0.,0.,-1.));
#875=AXIS2_PLACEMENT_3D('',#872,#873,#874);
#876=PLANE('',#875);
#877=CARTESIAN_POINT('',(30.190849777,34.77813257,9.));
#878=VERTEX_POINT('',#877);
#879=CARTESIAN_POINT('',(30.190849777,34.77813257,3.));
#880=VERTEX_POINT('',#879);
#881=CARTESIAN_POINT('',(30.190849777,34.77813257,9.));
#882=DIRECTION('',(0.,0.,-1.));
#883=VECTOR('',#882,6.);
#884=LINE('',#881,#883);
#885=EDGE_CURVE('',#878,#880,#884,.T.);
#886=ORIENTED_EDGE('',*,*,#885,.F.);
#887=CARTESIAN_POINT('',(2.590849777,34.77813257,9.));
#888=VERTEX_POINT('',#887);
#889=CARTESIAN_POINT('',(30.190849777,34.77813257,9.));
#890=DIRECTION('',(-1.,0.,0.));
#891=VECTOR('',#890,27.6);
#892=LINE('',#889,#891);
#893=EDGE_CURVE('',#878,#888,#892,.T.);
#894=ORIENTED_EDGE('',*,*,#893,.T.);
#895=CARTESIAN_POINT('',(2.590849777,34.77813257,3.));
#896=VERTEX_POINT('',#895);
#897=CARTESIAN_POINT('',(2.590849777,34.77813257,3.));
#898=DIRECTION('',(0.,0.,1.));
#899=VECTOR('',#898,6.);
#900=LINE('',#897,#899);
#901=EDGE_CURVE('',#896,#888,#900,.T.);
#902=ORIENTED_EDGE('',*,*,#901,.F.);
#903=CARTESIAN_POINT('',(30.190849777,34.77813257,3.));
#904=DIRECTION('',(-1.,0.,0.));
#905=VECTOR('',#904,27.6);
#906=LINE('',#903,#905);
#907=EDGE_CURVE('',#880,#896,#906,.T.);
#908=ORIENTED_EDGE('',*,*,#907,.F.);
#909=EDGE_LOOP('',(#886,#894,#902,#908));
#910=FACE_BOUND('',#909,.T.);
#911=ADVANCED_FACE('',(#910),#876,.T.);
#912=CARTESIAN_POINT('',(30.190849777,32.52813257,21.6));
#913=DIRECTION('',(0.,0.,-1.));
#914=DIRECTION('',(-1.,0.,0.));
#915=AXIS2_PLACEMENT_3D('',#912,#913,#914);
#916=CYLINDRICAL_SURFACE('',#915,2.25);
#917=CARTESIAN_POINT('',(32.440849777,32.52813257,9.));
#918=VERTEX_POINT('',#917);
#919=CARTESIAN_POINT('',(32.440849777,32.52813257,3.));
#920=VERTEX_POINT('',#919);
#921=CARTESIAN_POINT('',(32.440849777,32.52813257,9.));
#922=DIRECTION('',(0.,0.,-1.));
#923=VECTOR('',#922,6.);
#924=LINE('',#921,#923);
#925=EDGE_CURVE('',#918,#920,#924,.T.);
#926=ORIENTED_EDGE('',*,*,#925,.F.);
#927=CARTESIAN_POINT('',(30.190849777,32.52813257,9.));
#928=DIRECTION('',(-0.,-0.,1.));
#929=DIRECTION('',(-1.,0.,0.));
#930=AXIS2_PLACEMENT_3D('',#927,#928,#929);
#931=CIRCLE('',#930,2.25);
#932=EDGE_CURVE('',#918,#878,#931,.T.);
#933=ORIENTED_EDGE('',*,*,#932,.T.);
#934=ORIENTED_EDGE('',*,*,#885,.T.);
#935=CARTESIAN_POINT('',(30.190849777,32.52813257,3.));
#936=DIRECTION('',(0.,0.,1.));
#937=DIRECTION('',(1.,0.,-0.));
#938=AXIS2_PLACEMENT_3D('',#935,#936,#937);
#939=CIRCLE('',#938,2.25);
#940=EDGE_CURVE('',#920,#880,#939,.T.);
#941=ORIENTED_EDGE('',*,*,#940,.F.);
#942=EDGE_LOOP('',(#926,#933,#934,#941));
#943=FACE_BOUND('',#942,.T.);
#944=ADVANCED_FACE('',(#943),#916,.F.);
#945=CARTESIAN_POINT('',(32.440849777,21.826104521,21.6));
#946=DIRECTION('',(-1.,0.,0.));
#947=DIRECTION('',(0.,0.,1.));
#948=AXIS2_PLACEMENT_3D('',#945,#946,#947);
#949=PLANE('',#948);
#950=CARTESIAN_POINT('',(32.440849777,32.52813257,9.));
#951=DIRECTION('',(0.,-1.,0.));
#952=VECTOR('',#951,21.404056098);
#953=LINE('',#950,#952);
#954=EDGE_CURVE('',#918,#511,#953,.T.);
#955=ORIENTED_EDGE('',*,*,#954,.F.);
#956=ORIENTED_EDGE('',*,*,#925,.T.);
#957=CARTESIAN_POINT('',(32.440849777,11.124076472,3.));
#958=DIRECTION('',(0.,1.,0.));
#959=VECTOR('',#958,21.404056098);
#960=LINE('',#957,#959);
#961=EDGE_CURVE('',#522,#920,#960,.T.);
#962=ORIENTED_EDGE('',*,*,#961,.F.);
#963=ORIENTED_EDGE('',*,*,#527,.F.);
#964=EDGE_LOOP('',(#955,#956,#962,#963));
#965=FACE_BOUND('',#964,.T.);
#966=ADVANCED_FACE('',(#965),#949,.T.);
#967=CARTESIAN_POINT('',(48.545008845,-18.856236935,21.6));
#968=DIRECTION('',(-0.707106781,-0.707106781,0.));
#969=DIRECTION('',(0.707106781,-0.707106781,0.));
#970=AXIS2_PLACEMENT_3D('',#967,#968,#969);
#971=PLANE('',#970);
#972=ORIENTED_EDGE('',*,*,#613,.F.);
#973=CARTESIAN_POINT('',(54.837245082,-25.148473172,9.));
#974=DIRECTION('',(-0.707106781,0.707106781,0.));
#975=VECTOR('',#974,17.797131649);
#976=LINE('',#973,#975);
#977=EDGE_CURVE('',#599,#513,#976,.T.);
#978=ORIENTED_EDGE('',*,*,#977,.T.);
#979=ORIENTED_EDGE('',*,*,#578,.T.);
#980=CARTESIAN_POINT('',(54.837245082,-25.148473172,3.));
#981=DIRECTION('',(-0.707106781,0.707106781,0.));
#982=VECTOR('',#981,17.797131649);
#983=LINE('',#980,#982);
#984=EDGE_CURVE('',#608,#566,#983,.T.);
#985=ORIENTED_EDGE('',*,*,#984,.F.);
#986=EDGE_LOOP('',(#972,#978,#979,#985));
#987=FACE_BOUND('',#986,.T.);
#988=ADVANCED_FACE('',(#987),#971,.T.);
#989=CARTESIAN_POINT('',(-6.659150223,26.77813257,5.15));
#990=DIRECTION('',(0.,0.,-1.));
#991=DIRECTION('',(-1.,0.,0.));
#992=AXIS2_PLACEMENT_3D('',#989,#990,#991);
#993=PLANE('',#992);
#994=CARTESIAN_POINT('',(-3.784150223,37.77813257,5.15));
#995=VERTEX_POINT('',#994);
#996=CARTESIAN_POINT('',(-3.784150223,39.77813257,5.15));
#997=VERTEX_POINT('',#996);
#998=CARTESIAN_POINT('',(-3.784150223,37.77813257,5.15));
#999=DIRECTION('',(0.,1.,0.));
#1000=VECTOR('',#999,2.);
#1001=LINE('',#998,#1000);
#1002=EDGE_CURVE('',#995,#997,#1001,.T.);
#1003=ORIENTED_EDGE('',*,*,#1002,.F.);
#1004=CARTESIAN_POINT('',(-9.534150223,37.77813257,5.15));
#1005=VERTEX_POINT('',#1004);
#1006=CARTESIAN_POINT('',(-9.534150223,37.77813257,5.15));
#1007=DIRECTION('',(1.,0.,-0.));
#1008=VECTOR('',#1007,5.75);
#1009=LINE('',#1006,#1008);
#1010=EDGE_CURVE('',#1005,#995,#1009,.T.);
#1011=ORIENTED_EDGE('',*,*,#1010,.F.);
#1012=CARTESIAN_POINT('',(-9.534150223,39.77813257,5.15));
#1013=VERTEX_POINT('',#1012);
#1014=CARTESIAN_POINT('',(-9.534150223,37.77813257,5.15));
#1015=DIRECTION('',(0.,1.,0.));
#1016=VECTOR('',#1015,2.);
#1017=LINE('',#1014,#1016);
#1018=EDGE_CURVE('',#1005,#1013,#1017,.T.);
#1019=ORIENTED_EDGE('',*,*,#1018,.T.);
#1020=CARTESIAN_POINT('',(-3.784150223,39.77813257,5.15));
#1021=DIRECTION('',(-1.,0.,0.));
#1022=VECTOR('',#1021,5.75);
#1023=LINE('',#1020,#1022);
#1024=EDGE_CURVE('',#997,#1013,#1023,.T.);
#1025=ORIENTED_EDGE('',*,*,#1024,.F.);
#1026=EDGE_LOOP('',(#1003,#1011,#1019,#1025));
#1027=FACE_BOUND('',#1026,.T.);
#1028=ADVANCED_FACE('',(#1027),#993,.T.);
#1029=CARTESIAN_POINT('',(-3.784150223,26.77813257,3.275));
#1030=DIRECTION('',(0.,1.,0.));
#1031=DIRECTION('',(0.,-0.,1.));
#1032=AXIS2_PLACEMENT_3D('',#1029,#1030,#1031);
#1033=CYLINDRICAL_SURFACE('',#1032,1.875);
#1034=CARTESIAN_POINT('',(-2.076813115,39.77813257,2.5));
#1035=VERTEX_POINT('',#1034);
#1036=CARTESIAN_POINT('',(-3.784150223,39.77813257,3.275));
#1037=DIRECTION('',(0.,1.,0.));
#1038=DIRECTION('',(0.,-0.,1.));
#1039=AXIS2_PLACEMENT_3D('',#1036,#1037,#1038);
#1040=CIRCLE('',#1039,1.875);
#1041=EDGE_CURVE('',#997,#1035,#1040,.T.);
#1042=ORIENTED_EDGE('',*,*,#1041,.T.);
#1043=CARTESIAN_POINT('',(-3.784150223,39.523127002,1.4));
#1044=VERTEX_POINT('',#1043);
#1045=CARTESIAN_POINT('',(-2.076813115,39.77813257,2.5));
#1046=CARTESIAN_POINT('',(-2.152120189,39.77813257,2.33409734));
#1047=CARTESIAN_POINT('',(-2.248751385,39.761906492,2.18399558));
#1048=CARTESIAN_POINT('',(-2.36598125,39.737015193,2.048451278));
#1049=CARTESIAN_POINT('',(-2.424596183,39.724569543,1.980679128));
#1050=CARTESIAN_POINT('',(-2.488193613,39.709963645,1.917070563));
#1051=CARTESIAN_POINT('',(-2.555102242,39.694558535,1.858996447));
#1052=CARTESIAN_POINT('',(-2.622010872,39.679153425,1.80092233));
#1053=CARTESIAN_POINT('',(-2.692661086,39.662848147,1.747862263));
#1054=CARTESIAN_POINT('',(-2.767203782,39.6465885,1.699739724));
#1055=CARTESIAN_POINT('',(-2.841746478,39.630328852,1.651617185));
#1056=CARTESIAN_POINT('',(-2.920609106,39.614050023,1.608327043));
#1057=CARTESIAN_POINT('',(-3.001245522,39.599224212,1.571273135));
#1058=CARTESIAN_POINT('',(-3.081881938,39.584398402,1.534219227));
#1059=CARTESIAN_POINT('',(-3.164770079,39.570904278,1.503021494));
#1060=CARTESIAN_POINT('',(-3.25003117,39.559551358,1.477684825));
#1061=CARTESIAN_POINT('',(-3.420553352,39.536845517,1.427011487));
#1062=CARTESIAN_POINT('',(-3.602074601,39.523127002,1.4));
#1063=CARTESIAN_POINT('',(-3.784150223,39.523127002,1.4));
#1064=B_SPLINE_CURVE_WITH_KNOTS('',3,(#1045,#1046,#1047,#1048,#1049,#1050,#1051,#1052,#1053,#1054,#1055,#1056,#1057,#1058,#1059,#1060,#1061,#1062,#1063),.UNSPECIFIED.,.F.,.F.,(4,3,3,3,3,3,4),(0.,0.000537689,0.000806533,0.001075377,0.001344222,0.001613066,0.002150755),.UNSPECIFIED.);
#1065=EDGE_CURVE('',#1035,#1044,#1064,.T.);
#1066=ORIENTED_EDGE('',*,*,#1065,.T.);
#1067=CARTESIAN_POINT('',(-3.784150223,37.77813257,1.4));
#1068=VERTEX_POINT('',#1067);
#1069=CARTESIAN_POINT('',(-3.784150223,37.77813257,1.4));
#1070=DIRECTION('',(0.,1.,0.));
#1071=VECTOR('',#1070,1.744994432);
#1072=LINE('',#1069,#1071);
#1073=EDGE_CURVE('',#1068,#1044,#1072,.T.);
#1074=ORIENTED_EDGE('',*,*,#1073,.F.);
#1075=CARTESIAN_POINT('',(-3.784150223,37.77813257,3.275));
#1076=DIRECTION('',(0.,-1.,0.));
#1077=DIRECTION('',(0.,0.,-1.));
#1078=AXIS2_PLACEMENT_3D('',#1075,#1076,#1077);
#1079=CIRCLE('',#1078,1.875);
#1080=EDGE_CURVE('',#1068,#995,#1079,.T.);
#1081=ORIENTED_EDGE('',*,*,#1080,.T.);
#1082=ORIENTED_EDGE('',*,*,#1002,.T.);
#1083=EDGE_LOOP('',(#1042,#1066,#1074,#1081,#1082));
#1084=FACE_BOUND('',#1083,.T.);
#1085=ADVANCED_FACE('',(#1084),#1033,.F.);
#1086=CARTESIAN_POINT('',(-9.534150223,26.77813257,3.275));
#1087=DIRECTION('',(0.,1.,0.));
#1088=DIRECTION('',(0.,-0.,1.));
#1089=AXIS2_PLACEMENT_3D('',#1086,#1087,#1088);
#1090=CYLINDRICAL_SURFACE('',#1089,1.875);
#1091=CARTESIAN_POINT('',(-9.534150223,37.77813257,1.4));
#1092=VERTEX_POINT('',#1091);
#1093=CARTESIAN_POINT('',(-9.534150223,39.523127002,1.4));
#1094=VERTEX_POINT('',#1093);
#1095=CARTESIAN_POINT('',(-9.534150223,37.77813257,1.4));
#1096=DIRECTION('',(0.,1.,0.));
#1097=VECTOR('',#1096,1.744994432);
#1098=LINE('',#1095,#1097);
#1099=EDGE_CURVE('',#1092,#1094,#1098,.T.);
#1100=ORIENTED_EDGE('',*,*,#1099,.T.);
#1101=CARTESIAN_POINT('',(-11.241487331,39.77813257,2.5));
#1102=VERTEX_POINT('',#1101);
#1103=CARTESIAN_POINT('',(-9.534150223,39.523127002,1.4));
#1104=CARTESIAN_POINT('',(-9.716227569,39.523127002,1.4));
#1105=CARTESIAN_POINT('',(-9.89310346,39.536344489,1.425949835));
#1106=CARTESIAN_POINT('',(-10.065224115,39.559146889,1.476782682));
#1107=CARTESIAN_POINT('',(-10.151284442,39.570548089,1.502199106));
#1108=CARTESIAN_POINT('',(-10.235629218,39.584265267,1.533904148));
#1109=CARTESIAN_POINT('',(-10.316229744,39.59907255,1.570894187));
#1110=CARTESIAN_POINT('',(-10.396830271,39.613879832,1.607884226));
#1111=CARTESIAN_POINT('',(-10.474356279,39.62986719,1.650344779));
#1112=CARTESIAN_POINT('',(-10.548944486,39.6461193,1.698352416));
#1113=CARTESIAN_POINT('',(-10.623532693,39.66237141,1.746360054));
#1114=CARTESIAN_POINT('',(-10.695472118,39.678964845,1.800273442));
#1115=CARTESIAN_POINT('',(-10.762467612,39.694390319,1.858362647));
#1116=CARTESIAN_POINT('',(-10.829463107,39.709815792,1.916451851));
#1117=CARTESIAN_POINT('',(-10.892037664,39.72419023,1.978983899));
#1118=CARTESIAN_POINT('',(-10.950265329,39.736578652,2.046080554));
#1119=CARTESIAN_POINT('',(-11.06672066,39.761355495,2.180273865));
#1120=CARTESIAN_POINT('',(-11.166220287,39.77813257,2.334185526));
#1121=CARTESIAN_POINT('',(-11.241487331,39.77813257,2.5));
#1122=B_SPLINE_CURVE_WITH_KNOTS('',3,(#1103,#1104,#1105,#1106,#1107,#1108,#1109,#1110,#1111,#1112,#1113,#1114,#1115,#1116,#1117,#1118,#1119,#1120,#1121),.UNSPECIFIED.,.F.,.F.,(4,3,3,3,3,3,4),(0.,0.000537711,0.000806567,0.001075422,0.001344278,0.001613134,0.002150845),.UNSPECIFIED.);
#1123=EDGE_CURVE('',#1094,#1102,#1122,.T.);
#1124=ORIENTED_EDGE('',*,*,#1123,.T.);
#1125=CARTESIAN_POINT('',(-9.534150223,39.77813257,3.275));
#1126=DIRECTION('',(0.,1.,0.));
#1127=DIRECTION('',(0.,-0.,1.));
#1128=AXIS2_PLACEMENT_3D('',#1125,#1126,#1127);
#1129=CIRCLE('',#1128,1.875);
#1130=EDGE_CURVE('',#1102,#1013,#1129,.T.);
#1131=ORIENTED_EDGE('',*,*,#1130,.T.);
#1132=ORIENTED_EDGE('',*,*,#1018,.F.);
#1133=CARTESIAN_POINT('',(-9.534150223,37.77813257,3.275));
#1134=DIRECTION('',(0.,-1.,0.));
#1135=DIRECTION('',(0.,0.,-1.));
#1136=AXIS2_PLACEMENT_3D('',#1133,#1134,#1135);
#1137=CIRCLE('',#1136,1.875);
#1138=EDGE_CURVE('',#1005,#1092,#1137,.T.);
#1139=ORIENTED_EDGE('',*,*,#1138,.T.);
#1140=EDGE_LOOP('',(#1100,#1124,#1131,#1132,#1139));
#1141=FACE_BOUND('',#1140,.T.);
#1142=ADVANCED_FACE('',(#1141),#1090,.F.);
#1143=CARTESIAN_POINT('',(-148.264150223,110.61313257,3.));
#1144=DIRECTION('',(0.,0.,1.));
#1145=DIRECTION('',(1.,0.,0.));
#1146=AXIS2_PLACEMENT_3D('',#1143,#1144,#1145);
#1147=PLANE('',#1146);
#1148=CARTESIAN_POINT('',(44.381845671,-22.360327823,3.));
#1149=VERTEX_POINT('',#1148);
#1150=CARTESIAN_POINT('',(46.581845671,-22.360327823,3.));
#1151=VERTEX_POINT('',#1150);
#1152=CARTESIAN_POINT('',(45.481845671,-22.360327823,3.));
#1153=DIRECTION('',(0.,0.,1.));
#1154=DIRECTION('',(1.,0.,-0.));
#1155=AXIS2_PLACEMENT_3D('',#1152,#1153,#1154);
#1156=CIRCLE('',#1155,1.1);
#1157=EDGE_CURVE('',#1149,#1151,#1156,.T.);
#1158=ORIENTED_EDGE('',*,*,#1157,.F.);
#1159=CARTESIAN_POINT('',(45.481845671,-22.360327823,3.));
#1160=DIRECTION('',(0.,0.,1.));
#1161=DIRECTION('',(1.,0.,-0.));
#1162=AXIS2_PLACEMENT_3D('',#1159,#1160,#1161);
#1163=CIRCLE('',#1162,1.1);
#1164=EDGE_CURVE('',#1151,#1149,#1163,.T.);
#1165=ORIENTED_EDGE('',*,*,#1164,.F.);
#1166=EDGE_LOOP('',(#1158,#1165));
#1167=FACE_BOUND('',#1166,.T.);
#1168=CARTESIAN_POINT('',(-26.809150223,24.25313257,3.));
#1169=VERTEX_POINT('',#1168);
#1170=CARTESIAN_POINT('',(-24.609150223,24.25313257,3.));
#1171=VERTEX_POINT('',#1170);
#1172=CARTESIAN_POINT('',(-25.709150223,24.25313257,3.));
#1173=DIRECTION('',(0.,0.,1.));
#1174=DIRECTION('',(1.,0.,-0.));
#1175=AXIS2_PLACEMENT_3D('',#1172,#1173,#1174);
#1176=CIRCLE('',#1175,1.1);
#1177=EDGE_CURVE('',#1169,#1171,#1176,.T.);
#1178=ORIENTED_EDGE('',*,*,#1177,.F.);
#1179=CARTESIAN_POINT('',(-25.709150223,24.25313257,3.));
#1180=DIRECTION('',(0.,0.,1.));
#1181=DIRECTION('',(1.,0.,-0.));
#1182=AXIS2_PLACEMENT_3D('',#1179,#1180,#1181);
#1183=CIRCLE('',#1182,1.1);
#1184=EDGE_CURVE('',#1171,#1169,#1183,.T.);
#1185=ORIENTED_EDGE('',*,*,#1184,.F.);
#1186=EDGE_LOOP('',(#1178,#1185));
#1187=FACE_BOUND('',#1186,.T.);
#1188=CARTESIAN_POINT('',(29.329310171,-37.412863323,3.));
#1189=VERTEX_POINT('',#1188);
#1190=CARTESIAN_POINT('',(31.529310171,-37.412863323,3.));
#1191=VERTEX_POINT('',#1190);
#1192=CARTESIAN_POINT('',(30.429310171,-37.412863323,3.));
#1193=DIRECTION('',(0.,0.,1.));
#1194=DIRECTION('',(1.,0.,-0.));
#1195=AXIS2_PLACEMENT_3D('',#1192,#1193,#1194);
#1196=CIRCLE('',#1195,1.1);
#1197=EDGE_CURVE('',#1189,#1191,#1196,.T.);
#1198=ORIENTED_EDGE('',*,*,#1197,.F.);
#1199=CARTESIAN_POINT('',(30.429310171,-37.412863323,3.));
#1200=DIRECTION('',(0.,0.,1.));
#1201=DIRECTION('',(1.,0.,-0.));
#1202=AXIS2_PLACEMENT_3D('',#1199,#1200,#1201);
#1203=CIRCLE('',#1202,1.1);
#1204=EDGE_CURVE('',#1191,#1189,#1203,.T.);
#1205=ORIENTED_EDGE('',*,*,#1204,.F.);
#1206=EDGE_LOOP('',(#1198,#1205));
#1207=FACE_BOUND('',#1206,.T.);
#1208=CARTESIAN_POINT('',(11.290849777,24.25313257,3.));
#1209=VERTEX_POINT('',#1208);
#1210=CARTESIAN_POINT('',(13.490849777,24.25313257,3.));
#1211=VERTEX_POINT('',#1210);
#1212=CARTESIAN_POINT('',(12.390849777,24.25313257,3.));
#1213=DIRECTION('',(0.,0.,1.));
#1214=DIRECTION('',(1.,0.,-0.));
#1215=AXIS2_PLACEMENT_3D('',#1212,#1213,#1214);
#1216=CIRCLE('',#1215,1.1);
#1217=EDGE_CURVE('',#1209,#1211,#1216,.T.);
#1218=ORIENTED_EDGE('',*,*,#1217,.F.);
#1219=CARTESIAN_POINT('',(12.390849777,24.25313257,3.));
#1220=DIRECTION('',(0.,0.,1.));
#1221=DIRECTION('',(1.,0.,-0.));
#1222=AXIS2_PLACEMENT_3D('',#1219,#1220,#1221);
#1223=CIRCLE('',#1222,1.1);
#1224=EDGE_CURVE('',#1211,#1209,#1223,.T.);
#1225=ORIENTED_EDGE('',*,*,#1224,.F.);
#1226=EDGE_LOOP('',(#1218,#1225));
#1227=FACE_BOUND('',#1226,.T.);
#1228=CARTESIAN_POINT('',(-26.809150223,-13.84686743,3.));
#1229=VERTEX_POINT('',#1228);
#1230=CARTESIAN_POINT('',(-24.609150223,-13.84686743,3.));
#1231=VERTEX_POINT('',#1230);
#1232=CARTESIAN_POINT('',(-25.709150223,-13.84686743,3.));
#1233=DIRECTION('',(0.,0.,1.));
#1234=DIRECTION('',(1.,0.,-0.));
#1235=AXIS2_PLACEMENT_3D('',#1232,#1233,#1234);
#1236=CIRCLE('',#1235,1.1);
#1237=EDGE_CURVE('',#1229,#1231,#1236,.T.);
#1238=ORIENTED_EDGE('',*,*,#1237,.F.);
#1239=CARTESIAN_POINT('',(-25.709150223,-13.84686743,3.));
#1240=DIRECTION('',(0.,0.,1.));
#1241=DIRECTION('',(1.,0.,-0.));
#1242=AXIS2_PLACEMENT_3D('',#1239,#1240,#1241);
#1243=CIRCLE('',#1242,1.1);
#1244=EDGE_CURVE('',#1231,#1229,#1243,.T.);
#1245=ORIENTED_EDGE('',*,*,#1244,.F.);
#1246=EDGE_LOOP('',(#1238,#1245));
#1247=FACE_BOUND('',#1246,.T.);
#1248=CARTESIAN_POINT('',(11.290849777,-13.84686743,3.));
#1249=VERTEX_POINT('',#1248);
#1250=CARTESIAN_POINT('',(13.490849777,-13.84686743,3.));
#1251=VERTEX_POINT('',#1250);
#1252=CARTESIAN_POINT('',(12.390849777,-13.84686743,3.));
#1253=DIRECTION('',(0.,0.,1.));
#1254=DIRECTION('',(1.,0.,-0.));
#1255=AXIS2_PLACEMENT_3D('',#1252,#1253,#1254);
#1256=CIRCLE('',#1255,1.1);
#1257=EDGE_CURVE('',#1249,#1251,#1256,.T.);
#1258=ORIENTED_EDGE('',*,*,#1257,.F.);
#1259=CARTESIAN_POINT('',(12.390849777,-13.84686743,3.));
#1260=DIRECTION('',(0.,0.,1.));
#1261=DIRECTION('',(1.,0.,-0.));
#1262=AXIS2_PLACEMENT_3D('',#1259,#1260,#1261);
#1263=CIRCLE('',#1262,1.1);
#1264=EDGE_CURVE('',#1251,#1249,#1263,.T.);
#1265=ORIENTED_EDGE('',*,*,#1264,.F.);
#1266=EDGE_LOOP('',(#1258,#1265));
#1267=FACE_BOUND('',#1266,.T.);
#1268=ORIENTED_EDGE('',*,*,#907,.T.);
#1269=CARTESIAN_POINT('',(2.590849777,4.02813257,3.));
#1270=VERTEX_POINT('',#1269);
#1271=CARTESIAN_POINT('',(2.590849777,34.77813257,3.));
#1272=DIRECTION('',(0.,-1.,0.));
#1273=VECTOR('',#1272,30.75);
#1274=LINE('',#1271,#1273);
#1275=EDGE_CURVE('',#896,#1270,#1274,.T.);
#1276=ORIENTED_EDGE('',*,*,#1275,.T.);
#1277=CARTESIAN_POINT('',(1.340849777,2.77813257,3.));
#1278=VERTEX_POINT('',#1277);
#1279=CARTESIAN_POINT('',(1.340849777,4.02813257,3.));
#1280=DIRECTION('',(0.,0.,1.));
#1281=DIRECTION('',(1.,0.,-0.));
#1282=AXIS2_PLACEMENT_3D('',#1279,#1280,#1281);
#1283=CIRCLE('',#1282,1.25);
#1284=EDGE_CURVE('',#1278,#1270,#1283,.T.);
#1285=ORIENTED_EDGE('',*,*,#1284,.F.);
#1286=CARTESIAN_POINT('',(-14.659150223,2.77813257,3.));
#1287=VERTEX_POINT('',#1286);
#1288=CARTESIAN_POINT('',(1.340849777,2.77813257,3.));
#1289=DIRECTION('',(-1.,0.,0.));
#1290=VECTOR('',#1289,16.);
#1291=LINE('',#1288,#1290);
#1292=EDGE_CURVE('',#1278,#1287,#1291,.T.);
#1293=ORIENTED_EDGE('',*,*,#1292,.T.);
#1294=CARTESIAN_POINT('',(-15.909150223,4.02813257,3.));
#1295=VERTEX_POINT('',#1294);
#1296=CARTESIAN_POINT('',(-14.659150223,4.02813257,3.));
#1297=DIRECTION('',(0.,0.,1.));
#1298=DIRECTION('',(1.,0.,-0.));
#1299=AXIS2_PLACEMENT_3D('',#1296,#1297,#1298);
#1300=CIRCLE('',#1299,1.25);
#1301=EDGE_CURVE('',#1295,#1287,#1300,.T.);
#1302=ORIENTED_EDGE('',*,*,#1301,.F.);
#1303=CARTESIAN_POINT('',(-15.909150223,34.77813257,3.));
#1304=DIRECTION('',(0.,-1.,0.));
#1305=VECTOR('',#1304,30.75);
#1306=LINE('',#1303,#1305);
#1307=EDGE_CURVE('',#291,#1295,#1306,.T.);
#1308=ORIENTED_EDGE('',*,*,#1307,.F.);
#1309=ORIENTED_EDGE('',*,*,#318,.T.);
#1310=ORIENTED_EDGE('',*,*,#867,.T.);
#1311=ORIENTED_EDGE('',*,*,#843,.T.);
#1312=ORIENTED_EDGE('',*,*,#812,.T.);
#1313=ORIENTED_EDGE('',*,*,#779,.T.);
#1314=ORIENTED_EDGE('',*,*,#742,.F.);
#1315=ORIENTED_EDGE('',*,*,#715,.T.);
#1316=ORIENTED_EDGE('',*,*,#684,.T.);
#1317=ORIENTED_EDGE('',*,*,#651,.T.);
#1318=ORIENTED_EDGE('',*,*,#620,.T.);
#1319=ORIENTED_EDGE('',*,*,#984,.T.);
#1320=ORIENTED_EDGE('',*,*,#572,.F.);
#1321=CARTESIAN_POINT('',(23.383762442,-14.45922895,3.));
#1322=VERTEX_POINT('',#1321);
#1323=CARTESIAN_POINT('',(38.557725533,-8.173967642,3.));
#1324=DIRECTION('',(-0.923879533,-0.382683432,-0.));
#1325=VECTOR('',#1324,16.424179298);
#1326=LINE('',#1323,#1325);
#1327=EDGE_CURVE('',#557,#1322,#1326,.T.);
#1328=ORIENTED_EDGE('',*,*,#1327,.T.);
#1329=CARTESIAN_POINT('',(17.758315986,-0.878199822,3.));
#1330=VERTEX_POINT('',#1329);
#1331=CARTESIAN_POINT('',(23.383762442,-14.45922895,3.));
#1332=DIRECTION('',(-0.382683432,0.923879533,0.));
#1333=VECTOR('',#1332,14.7);
#1334=LINE('',#1331,#1333);
#1335=EDGE_CURVE('',#1322,#1330,#1334,.T.);
#1336=ORIENTED_EDGE('',*,*,#1335,.T.);
#1337=CARTESIAN_POINT('',(17.758315986,-0.878199822,3.));
#1338=DIRECTION('',(0.923879533,0.382683432,-0.));
#1339=VECTOR('',#1338,16.424179298);
#1340=LINE('',#1337,#1339);
#1341=EDGE_CURVE('',#1330,#530,#1340,.T.);
#1342=ORIENTED_EDGE('',*,*,#1341,.T.);
#1343=ORIENTED_EDGE('',*,*,#536,.F.);
#1344=ORIENTED_EDGE('',*,*,#961,.T.);
#1345=ORIENTED_EDGE('',*,*,#940,.T.);
#1346=EDGE_LOOP('',(#1268,#1276,#1285,#1293,#1302,#1308,#1309,#1310,#1311,#1312,#1313,#1314,#1315,#1316,#1317,#1318,#1319,#1320,#1328,#1336,#1342,#1343,#1344,#1345));
#1347=FACE_BOUND('',#1346,.T.);
#1348=ADVANCED_FACE('',(#1167,#1187,#1207,#1227,#1247,#1267,#1347),#1147,.T.);
#1349=CARTESIAN_POINT('',(-6.659150223,39.77813257,-0.));
#1350=DIRECTION('',(0.,1.,0.));
#1351=DIRECTION('',(0.,0.,1.));
#1352=AXIS2_PLACEMENT_3D('',#1349,#1350,#1351);
#1353=PLANE('',#1352);
#1354=CARTESIAN_POINT('',(30.190849777,39.77813257,2.5));
#1355=VERTEX_POINT('',#1354);
#1356=CARTESIAN_POINT('',(30.190849777,39.77813257,18.1));
#1357=VERTEX_POINT('',#1356);
#1358=CARTESIAN_POINT('',(30.190849777,39.77813257,2.5));
#1359=DIRECTION('',(0.,0.,1.));
#1360=VECTOR('',#1359,15.6);
#1361=LINE('',#1358,#1360);
#1362=EDGE_CURVE('',#1355,#1357,#1361,.T.);
#1363=ORIENTED_EDGE('',*,*,#1362,.F.);
#1364=CARTESIAN_POINT('',(30.190849777,39.77813257,2.5));
#1365=DIRECTION('',(-1.,-0.,0.));
#1366=VECTOR('',#1365,32.267662892);
#1367=LINE('',#1364,#1366);
#1368=EDGE_CURVE('',#1355,#1035,#1367,.T.);
#1369=ORIENTED_EDGE('',*,*,#1368,.T.);
#1370=ORIENTED_EDGE('',*,*,#1041,.F.);
#1371=ORIENTED_EDGE('',*,*,#1024,.T.);
#1372=ORIENTED_EDGE('',*,*,#1130,.F.);
#1373=CARTESIAN_POINT('',(-43.509150223,39.77813257,2.5));
#1374=VERTEX_POINT('',#1373);
#1375=CARTESIAN_POINT('',(-11.241487331,39.77813257,2.5));
#1376=DIRECTION('',(-1.,-0.,0.));
#1377=VECTOR('',#1376,32.267662892);
#1378=LINE('',#1375,#1377);
#1379=EDGE_CURVE('',#1102,#1374,#1378,.T.);
#1380=ORIENTED_EDGE('',*,*,#1379,.T.);
#1381=CARTESIAN_POINT('',(-43.509150223,39.77813257,18.1));
#1382=VERTEX_POINT('',#1381);
#1383=CARTESIAN_POINT('',(-43.509150223,39.77813257,2.5));
#1384=DIRECTION('',(0.,0.,1.));
#1385=VECTOR('',#1384,15.6);
#1386=LINE('',#1383,#1385);
#1387=EDGE_CURVE('',#1374,#1382,#1386,.T.);
#1388=ORIENTED_EDGE('',*,*,#1387,.T.);
#1389=CARTESIAN_POINT('',(-43.509150223,39.77813257,18.1));
#1390=DIRECTION('',(1.,-0.,-0.));
#1391=VECTOR('',#1390,73.7);
#1392=LINE('',#1389,#1391);
#1393=EDGE_CURVE('',#1382,#1357,#1392,.T.);
#1394=ORIENTED_EDGE('',*,*,#1393,.T.);
#1395=EDGE_LOOP('',(#1363,#1369,#1370,#1371,#1372,#1380,#1388,#1394));
#1396=FACE_BOUND('',#1395,.T.);
#1397=ADVANCED_FACE('',(#1396),#1353,.T.);
#1398=CARTESIAN_POINT('',(65.940849777,11.124076472,-0.));
#1399=DIRECTION('',(0.,0.,1.));
#1400=DIRECTION('',(1.,0.,-0.));
#1401=AXIS2_PLACEMENT_3D('',#1398,#1399,#1400);
#1402=CYLINDRICAL_SURFACE('',#1401,28.5);
#1403=CARTESIAN_POINT('',(45.788306514,-9.028466792,2.5));
#1404=VERTEX_POINT('',#1403);
#1405=CARTESIAN_POINT('',(45.788306514,-9.028466792,18.1));
#1406=VERTEX_POINT('',#1405);
#1407=CARTESIAN_POINT('',(45.788306514,-9.028466792,2.5));
#1408=DIRECTION('',(0.,0.,1.));
#1409=VECTOR('',#1408,15.6);
#1410=LINE('',#1407,#1409);
#1411=EDGE_CURVE('',#1404,#1406,#1410,.T.);
#1412=ORIENTED_EDGE('',*,*,#1411,.F.);
#1413=CARTESIAN_POINT('',(41.757088752,-3.955568838,2.5));
#1414=VERTEX_POINT('',#1413);
#1415=CARTESIAN_POINT('',(65.940849777,11.124076472,2.5));
#1416=DIRECTION('',(-0.,-0.,-1.));
#1417=DIRECTION('',(1.,0.,-0.));
#1418=AXIS2_PLACEMENT_3D('',#1415,#1416,#1417);
#1419=CIRCLE('',#1418,28.5);
#1420=EDGE_CURVE('',#1404,#1414,#1419,.T.);
#1421=ORIENTED_EDGE('',*,*,#1420,.T.);
#1422=CARTESIAN_POINT('',(41.796317557,-4.018302519,2.999999994));
#1423=VERTEX_POINT('',#1422);
#1424=CARTESIAN_POINT('',(40.904615456,-2.493447936,4.75));
#1425=CARTESIAN_POINT('',(40.97030984,-2.614229067,4.75));
#1426=CARTESIAN_POINT('',(41.035586693,-2.732162212,4.734194727));
#1427=CARTESIAN_POINT('',(41.100400085,-2.847396574,4.703218344));
#1428=CARTESIAN_POINT('',(41.165213477,-2.962630937,4.672241961));
#1429=CARTESIAN_POINT('',(41.23005345,-3.075969928,4.625253751));
#1430=CARTESIAN_POINT('',(41.291060695,-3.181093859,4.564965261));
#1431=CARTESIAN_POINT('',(41.35206794,-3.28621779,4.504676771));
#1432=CARTESIAN_POINT('',(41.410298004,-3.384996563,4.430513944));
#1433=CARTESIAN_POINT('',(41.464441015,-3.475766475,4.343171517));
#1434=CARTESIAN_POINT('',(41.518584025,-3.566536388,4.255829089));
#1435=CARTESIAN_POINT('',(41.567142445,-3.646811827,4.157917402));
#1436=CARTESIAN_POINT('',(41.609926298,-3.716953232,4.049623528));
#1437=CARTESIAN_POINT('',(41.652710151,-3.787094637,3.941329654));
#1438=CARTESIAN_POINT('',(41.689664074,-3.846994934,3.821818866));
#1439=CARTESIAN_POINT('',(41.718463518,-3.893446756,3.697761893));
#1440=CARTESIAN_POINT('',(41.747262962,-3.939898578,3.57370492));
#1441=CARTESIAN_POINT('',(41.768675411,-3.974154586,3.442441516));
#1442=CARTESIAN_POINT('',(41.7816121,-3.994826758,3.307874359));
#1443=CARTESIAN_POINT('',(41.79454879,-4.015498929,3.173307203));
#1444=CARTESIAN_POINT('',(41.798938544,-4.022480297,3.038003543));
#1445=CARTESIAN_POINT('',(41.794826688,-4.015922503,2.901970344));
#1446=CARTESIAN_POINT('',(41.79277076,-4.012643607,2.833953744));
#1447=CARTESIAN_POINT('',(41.788514849,-4.00585611,2.765335048));
#1448=CARTESIAN_POINT('',(41.782183581,-3.995739916,2.698130358));
#1449=CARTESIAN_POINT('',(41.775852313,-3.985623722,2.630925669));
#1450=CARTESIAN_POINT('',(41.767466043,-3.972211269,2.564891263));
#1451=CARTESIAN_POINT('',(41.757088752,-3.955568838,2.5));
#1452=B_SPLINE_CURVE_WITH_KNOTS('',3,(#1424,#1425,#1426,#1427,#1428,#1429,#1430,#1431,#1432,#1433,#1434,#1435,#1436,#1437,#1438,#1439,#1440,#1441,#1442,#1443,#1444,#1445,#1446,#1447,#1448,#1449,
#1450,#1451),.UNSPECIFIED.,.F.,.F.,(4,3,3,3,3,3,3,3,3,4),(0.,0.000406601,0.000813201,0.001219802,0.001626403,0.002033003,0.002439604,0.002846204,0.003049505,0.003252805),.UNSPECIFIED.);
#1453=EDGE_CURVE('',#1423,#1414,#1452,.T.);
#1454=ORIENTED_EDGE('',*,*,#1453,.F.);
#1455=CARTESIAN_POINT('',(40.904615456,-2.493447936,4.75));
#1456=VERTEX_POINT('',#1455);
#1457=CARTESIAN_POINT('',(40.904615456,-2.493447936,4.75));
#1458=CARTESIAN_POINT('',(40.97030984,-2.614229067,4.75));
#1459=CARTESIAN_POINT('',(41.035586693,-2.732162212,4.734194727));
#1460=CARTESIAN_POINT('',(41.100400085,-2.847396574,4.703218344));
#1461=CARTESIAN_POINT('',(41.165213477,-2.962630937,4.672241961));
#1462=CARTESIAN_POINT('',(41.23005345,-3.075969928,4.625253751));
#1463=CARTESIAN_POINT('',(41.291060695,-3.181093859,4.564965261));
#1464=CARTESIAN_POINT('',(41.35206794,-3.28621779,4.504676771));
#1465=CARTESIAN_POINT('',(41.410298004,-3.384996563,4.430513944));
#1466=CARTESIAN_POINT('',(41.464441015,-3.475766475,4.343171517));
#1467=CARTESIAN_POINT('',(41.518584025,-3.566536388,4.255829089));
#1468=CARTESIAN_POINT('',(41.567142445,-3.646811827,4.157917402));
#1469=CARTESIAN_POINT('',(41.609926298,-3.716953232,4.049623528));
#1470=CARTESIAN_POINT('',(41.652710151,-3.787094637,3.941329654));
#1471=CARTESIAN_POINT('',(41.689664074,-3.846994934,3.821818866));
#1472=CARTESIAN_POINT('',(41.718463518,-3.893446756,3.697761893));
#1473=CARTESIAN_POINT('',(41.747262962,-3.939898578,3.57370492));
#1474=CARTESIAN_POINT('',(41.768675411,-3.974154586,3.442441516));
#1475=CARTESIAN_POINT('',(41.7816121,-3.994826758,3.307874359));
#1476=CARTESIAN_POINT('',(41.79454879,-4.015498929,3.173307203));
#1477=CARTESIAN_POINT('',(41.798938544,-4.022480297,3.038003543));
#1478=CARTESIAN_POINT('',(41.794826688,-4.015922503,2.901970344));
#1479=CARTESIAN_POINT('',(41.79277076,-4.012643607,2.833953744));
#1480=CARTESIAN_POINT('',(41.788514849,-4.00585611,2.765335048));
#1481=CARTESIAN_POINT('',(41.782183581,-3.995739916,2.698130358));
#1482=CARTESIAN_POINT('',(41.775852313,-3.985623722,2.630925669));
#1483=CARTESIAN_POINT('',(41.767466043,-3.972211269,2.564891263));
#1484=CARTESIAN_POINT('',(41.757088752,-3.955568838,2.5));
#1485=B_SPLINE_CURVE_WITH_KNOTS('',3,(#1457,#1458,#1459,#1460,#1461,#1462,#1463,#1464,#1465,#1466,#1467,#1468,#1469,#1470,#1471,#1472,#1473,#1474,#1475,#1476,#1477,#1478,#1479,#1480,#1481,#1482,
#1483,#1484),.UNSPECIFIED.,.F.,.F.,(4,3,3,3,3,3,3,3,3,4),(0.,0.000406601,0.000813201,0.001219802,0.001626403,0.002033003,0.002439604,0.002846204,0.003049505,0.003252805),.UNSPECIFIED.);
#1486=EDGE_CURVE('',#1456,#1423,#1485,.T.);
#1487=ORIENTED_EDGE('',*,*,#1486,.F.);
#1488=CARTESIAN_POINT('',(38.608514862,3.049829259,4.75));
#1489=VERTEX_POINT('',#1488);
#1490=CARTESIAN_POINT('',(65.940849777,11.124076472,4.75));
#1491=DIRECTION('',(-0.,-0.,1.));
#1492=DIRECTION('',(-1.,0.,0.));
#1493=AXIS2_PLACEMENT_3D('',#1490,#1491,#1492);
#1494=CIRCLE('',#1493,28.5);
#1495=EDGE_CURVE('',#1489,#1456,#1494,.T.);
#1496=ORIENTED_EDGE('',*,*,#1495,.F.);
#1497=CARTESIAN_POINT('',(38.177428905,4.686494513,2.5));
#1498=VERTEX_POINT('',#1497);
#1499=CARTESIAN_POINT('',(38.177428905,4.686494513,2.5));
#1500=CARTESIAN_POINT('',(38.159655207,4.763147309,2.760344217));
#1501=CARTESIAN_POINT('',(38.156107862,4.778960841,3.040341089));
#1502=CARTESIAN_POINT('',(38.167040503,4.731462108,3.30862409));
#1503=CARTESIAN_POINT('',(38.172506824,4.707712742,3.442765591));
#1504=CARTESIAN_POINT('',(38.18143128,4.669023581,3.572287028));
#1505=CARTESIAN_POINT('',(38.193987746,4.615493875,3.697205649));
#1506=CARTESIAN_POINT('',(38.206544212,4.561964168,3.822124271));
#1507=CARTESIAN_POINT('',(38.222655232,4.493964281,3.940621683));
#1508=CARTESIAN_POINT('',(38.241920506,4.414432874,4.048640043));
#1509=CARTESIAN_POINT('',(38.261185779,4.334901468,4.156658403));
#1510=CARTESIAN_POINT('',(38.284101467,4.241834971,4.256619542));
#1511=CARTESIAN_POINT('',(38.309773104,4.14026649,4.343191393));
#1512=CARTESIAN_POINT('',(38.335444741,4.038698009,4.429763244));
#1513=CARTESIAN_POINT('',(38.363845993,3.928667095,4.50364309));
#1514=CARTESIAN_POINT('',(38.395333119,3.810082212,4.564577132));
#1515=CARTESIAN_POINT('',(38.426820245,3.691497329,4.625511174));
#1516=CARTESIAN_POINT('',(38.460551894,3.567579981,4.671659034));
#1517=CARTESIAN_POINT('',(38.496125635,3.440515011,4.702738823));
#1518=CARTESIAN_POINT('',(38.531699376,3.31345004,4.733818611));
#1519=CARTESIAN_POINT('',(38.569595032,3.181577743,4.75));
#1520=CARTESIAN_POINT('',(38.608514862,3.049829259,4.75));
#1521=B_SPLINE_CURVE_WITH_KNOTS('',3,(#1499,#1500,#1501,#1502,#1503,#1504,#1505,#1506,#1507,#1508,#1509,#1510,#1511,#1512,#1513,#1514,#1515,#1516,#1517,#1518,#1519,#1520),.UNSPECIFIED.,.F.,.F.,(4,3,3,3,3,3,3,4),(0.002243788,0.00305632,0.003462586,0.003868851,0.004275117,0.004681383,0.005087649,0.005493915),.UNSPECIFIED.);
#1522=EDGE_CURVE('',#1498,#1489,#1521,.T.);
#1523=ORIENTED_EDGE('',*,*,#1522,.F.);
#1524=CARTESIAN_POINT('',(37.440849777,11.124076472,2.5));
#1525=VERTEX_POINT('',#1524);
#1526=CARTESIAN_POINT('',(65.940849777,11.124076472,2.5));
#1527=DIRECTION('',(-0.,-0.,-1.));
#1528=DIRECTION('',(1.,0.,-0.));
#1529=AXIS2_PLACEMENT_3D('',#1526,#1527,#1528);
#1530=CIRCLE('',#1529,28.5);
#1531=EDGE_CURVE('',#1498,#1525,#1530,.T.);
#1532=ORIENTED_EDGE('',*,*,#1531,.T.);
#1533=CARTESIAN_POINT('',(37.440849777,11.124076472,18.1));
#1534=VERTEX_POINT('',#1533);
#1535=CARTESIAN_POINT('',(37.440849777,11.124076472,2.5));
#1536=DIRECTION('',(0.,0.,1.));
#1537=VECTOR('',#1536,15.6);
#1538=LINE('',#1535,#1537);
#1539=EDGE_CURVE('',#1525,#1534,#1538,.T.);
#1540=ORIENTED_EDGE('',*,*,#1539,.T.);
#1541=CARTESIAN_POINT('',(65.940849777,11.124076472,18.1));
#1542=DIRECTION('',(0.,0.,1.));
#1543=DIRECTION('',(1.,0.,-0.));
#1544=AXIS2_PLACEMENT_3D('',#1541,#1542,#1543);
#1545=CIRCLE('',#1544,28.5);
#1546=EDGE_CURVE('',#1534,#1406,#1545,.T.);
#1547=ORIENTED_EDGE('',*,*,#1546,.T.);
#1548=EDGE_LOOP('',(#1412,#1421,#1454,#1487,#1496,#1523,#1532,#1540,#1547));
#1549=FACE_BOUND('',#1548,.T.);
#1550=ADVANCED_FACE('',(#1549),#1402,.F.);
#1551=CARTESIAN_POINT('',(65.940849777,11.124076472,21.6));
#1552=DIRECTION('',(0.,0.,-1.));
#1553=DIRECTION('',(-1.,0.,0.));
#1554=AXIS2_PLACEMENT_3D('',#1551,#1552,#1553);
#1555=CYLINDRICAL_SURFACE('',#1554,33.5);
#1556=CARTESIAN_POINT('',(32.440849777,11.124076472,20.6));
#1557=VERTEX_POINT('',#1556);
#1558=CARTESIAN_POINT('',(32.440849777,11.124076472,11.));
#1559=VERTEX_POINT('',#1558);
#1560=CARTESIAN_POINT('',(32.440849777,11.124076472,20.6));
#1561=DIRECTION('',(0.,0.,-1.));
#1562=VECTOR('',#1561,9.6);
#1563=LINE('',#1560,#1562);
#1564=EDGE_CURVE('',#1557,#1559,#1563,.T.);
#1565=ORIENTED_EDGE('',*,*,#1564,.T.);
#1566=CARTESIAN_POINT('',(42.252772608,-12.564000698,11.));
#1567=VERTEX_POINT('',#1566);
#1568=CARTESIAN_POINT('',(65.940849777,11.124076472,11.));
#1569=DIRECTION('',(0.,0.,1.));
#1570=DIRECTION('',(1.,0.,-0.));
#1571=AXIS2_PLACEMENT_3D('',#1568,#1569,#1570);
#1572=CIRCLE('',#1571,33.5);
#1573=EDGE_CURVE('',#1559,#1567,#1572,.T.);
#1574=ORIENTED_EDGE('',*,*,#1573,.T.);
#1575=CARTESIAN_POINT('',(42.252772608,-12.564000698,20.6));
#1576=VERTEX_POINT('',#1575);
#1577=CARTESIAN_POINT('',(42.252772608,-12.564000698,20.6));
#1578=DIRECTION('',(0.,0.,-1.));
#1579=VECTOR('',#1578,9.6);
#1580=LINE('',#1577,#1579);
#1581=EDGE_CURVE('',#1576,#1567,#1580,.T.);
#1582=ORIENTED_EDGE('',*,*,#1581,.F.);
#1583=CARTESIAN_POINT('',(65.940849777,11.124076472,20.6));
#1584=DIRECTION('',(0.,0.,1.));
#1585=DIRECTION('',(1.,0.,-0.));
#1586=AXIS2_PLACEMENT_3D('',#1583,#1584,#1585);
#1587=CIRCLE('',#1586,33.5);
#1588=EDGE_CURVE('',#1557,#1576,#1587,.T.);
#1589=ORIENTED_EDGE('',*,*,#1588,.F.);
#1590=EDGE_LOOP('',(#1565,#1574,#1582,#1589));
#1591=FACE_BOUND('',#1590,.T.);
#1592=ADVANCED_FACE('',(#1591),#1555,.T.);
#1593=CARTESIAN_POINT('',(-148.264150223,110.61313257,0.4));
#1594=DIRECTION('',(0.,0.,1.));
#1595=DIRECTION('',(1.,0.,0.));
#1596=AXIS2_PLACEMENT_3D('',#1593,#1594,#1595);
#1597=PLANE('',#1596);
#1598=ORIENTED_EDGE('',*,*,#554,.F.);
#1599=CARTESIAN_POINT('',(21.155379694,-2.285309682,0.4));
#1600=VERTEX_POINT('',#1599);
#1601=CARTESIAN_POINT('',(33.485838677,2.822133659,0.4));
#1602=DIRECTION('',(-0.923879533,-0.382683432,-0.));
#1603=VECTOR('',#1602,13.346392629);
#1604=LINE('',#1601,#1603);
#1605=EDGE_CURVE('',#539,#1600,#1604,.T.);
#1606=ORIENTED_EDGE('',*,*,#1605,.T.);
#1607=CARTESIAN_POINT('',(24.790872302,-11.062165241,0.4));
#1608=VERTEX_POINT('',#1607);
#1609=CARTESIAN_POINT('',(21.155379694,-2.285309682,0.4));
#1610=DIRECTION('',(0.382683432,-0.923879533,0.));
#1611=VECTOR('',#1610,9.5);
#1612=LINE('',#1609,#1611);
#1613=EDGE_CURVE('',#1600,#1608,#1612,.T.);
#1614=ORIENTED_EDGE('',*,*,#1613,.T.);
#1615=CARTESIAN_POINT('',(24.790872302,-11.062165241,0.4));
#1616=DIRECTION('',(0.923879533,0.382683432,0.));
#1617=VECTOR('',#1616,13.346392629);
#1618=LINE('',#1615,#1617);
#1619=EDGE_CURVE('',#1608,#548,#1618,.T.);
#1620=ORIENTED_EDGE('',*,*,#1619,.T.);
#1621=EDGE_LOOP('',(#1598,#1606,#1614,#1620));
#1622=FACE_BOUND('',#1621,.T.);
#1623=ADVANCED_FACE('',(#1622),#1597,.T.);
#1624=CARTESIAN_POINT('',(49.153874464,-41.084892117,-0.));
#1625=DIRECTION('',(0.707106781,-0.707106781,0.));
#1626=DIRECTION('',(0.707106781,0.707106781,0.));
#1627=AXIS2_PLACEMENT_3D('',#1624,#1625,#1626);
#1628=PLANE('',#1627);
#1629=CARTESIAN_POINT('',(39.934969941,-50.303796641,2.5));
#1630=VERTEX_POINT('',#1629);
#1631=CARTESIAN_POINT('',(39.934969941,-50.303796641,18.1));
#1632=VERTEX_POINT('',#1631);
#1633=CARTESIAN_POINT('',(39.934969941,-50.303796641,2.5));
#1634=DIRECTION('',(0.,0.,1.));
#1635=VECTOR('',#1634,15.6);
#1636=LINE('',#1633,#1635);
#1637=EDGE_CURVE('',#1630,#1632,#1636,.T.);
#1638=ORIENTED_EDGE('',*,*,#1637,.F.);
#1639=CARTESIAN_POINT('',(58.372778988,-31.865987594,2.5));
#1640=VERTEX_POINT('',#1639);
#1641=CARTESIAN_POINT('',(39.934969941,-50.303796641,2.5));
#1642=DIRECTION('',(0.707106781,0.707106781,0.));
#1643=VECTOR('',#1642,26.074999615);
#1644=LINE('',#1641,#1643);
#1645=EDGE_CURVE('',#1630,#1640,#1644,.T.);
#1646=ORIENTED_EDGE('',*,*,#1645,.T.);
#1647=CARTESIAN_POINT('',(58.372778988,-31.865987594,18.1));
#1648=VERTEX_POINT('',#1647);
#1649=CARTESIAN_POINT('',(58.372778988,-31.865987594,2.5));
#1650=DIRECTION('',(0.,0.,1.));
#1651=VECTOR('',#1650,15.6);
#1652=LINE('',#1649,#1651);
#1653=EDGE_CURVE('',#1640,#1648,#1652,.T.);
#1654=ORIENTED_EDGE('',*,*,#1653,.T.);
#1655=CARTESIAN_POINT('',(58.372778988,-31.865987594,18.1));
#1656=DIRECTION('',(-0.707106781,-0.707106781,0.));
#1657=VECTOR('',#1656,26.074999615);
#1658=LINE('',#1655,#1657);
#1659=EDGE_CURVE('',#1648,#1632,#1658,.T.);
#1660=ORIENTED_EDGE('',*,*,#1659,.T.);
#1661=EDGE_LOOP('',(#1638,#1646,#1654,#1660));
#1662=FACE_BOUND('',#1661,.T.);
#1663=ADVANCED_FACE('',(#1662),#1628,.T.);
#1664=CARTESIAN_POINT('',(53.246254824,-26.73946343,-0.));
#1665=DIRECTION('',(0.,0.,1.));
#1666=DIRECTION('',(1.,0.,-0.));
#1667=AXIS2_PLACEMENT_3D('',#1664,#1665,#1666);
#1668=CYLINDRICAL_SURFACE('',#1667,7.25);
#1669=CARTESIAN_POINT('',(60.496254824,-26.73946343,18.1));
#1670=VERTEX_POINT('',#1669);
#1671=CARTESIAN_POINT('',(60.496254824,-26.73946343,2.5));
#1672=VERTEX_POINT('',#1671);
#1673=CARTESIAN_POINT('',(60.496254824,-26.73946343,18.1));
#1674=DIRECTION('',(-0.,-0.,-1.));
#1675=VECTOR('',#1674,15.6);
#1676=LINE('',#1673,#1675);
#1677=EDGE_CURVE('',#1670,#1672,#1676,.T.);
#1678=ORIENTED_EDGE('',*,*,#1677,.T.);
#1679=CARTESIAN_POINT('',(58.372778988,-21.612939266,2.5));
#1680=VERTEX_POINT('',#1679);
#1681=CARTESIAN_POINT('',(53.246254824,-26.73946343,2.5));
#1682=DIRECTION('',(0.,0.,1.));
#1683=DIRECTION('',(1.,0.,-0.));
#1684=AXIS2_PLACEMENT_3D('',#1681,#1682,#1683);
#1685=CIRCLE('',#1684,7.25);
#1686=EDGE_CURVE('',#1672,#1680,#1685,.T.);
#1687=ORIENTED_EDGE('',*,*,#1686,.T.);
#1688=CARTESIAN_POINT('',(58.372778988,-21.612939266,18.1));
#1689=VERTEX_POINT('',#1688);
#1690=CARTESIAN_POINT('',(58.372778988,-21.612939266,2.5));
#1691=DIRECTION('',(0.,0.,1.));
#1692=VECTOR('',#1691,15.6);
#1693=LINE('',#1690,#1692);
#1694=EDGE_CURVE('',#1680,#1689,#1693,.T.);
#1695=ORIENTED_EDGE('',*,*,#1694,.T.);
#1696=CARTESIAN_POINT('',(53.246254824,-26.73946343,18.1));
#1697=DIRECTION('',(-0.,-0.,-1.));
#1698=DIRECTION('',(1.,0.,-0.));
#1699=AXIS2_PLACEMENT_3D('',#1696,#1697,#1698);
#1700=CIRCLE('',#1699,7.25);
#1701=EDGE_CURVE('',#1689,#1670,#1700,.T.);
#1702=ORIENTED_EDGE('',*,*,#1701,.T.);
#1703=EDGE_LOOP('',(#1678,#1687,#1695,#1702));
#1704=FACE_BOUND('',#1703,.T.);
#1705=ADVANCED_FACE('',(#1704),#1668,.T.);
#1706=CARTESIAN_POINT('',(52.080542751,-15.320703029,-0.));
#1707=DIRECTION('',(0.707106781,0.707106781,0.));
#1708=DIRECTION('',(-0.707106781,0.707106781,0.));
#1709=AXIS2_PLACEMENT_3D('',#1706,#1707,#1708);
#1710=PLANE('',#1709);
#1711=ORIENTED_EDGE('',*,*,#1694,.F.);
#1712=CARTESIAN_POINT('',(58.372778988,-21.612939266,2.5));
#1713=DIRECTION('',(-0.707106781,0.707106781,0.));
#1714=VECTOR('',#1713,17.797131649);
#1715=LINE('',#1712,#1714);
#1716=EDGE_CURVE('',#1680,#1404,#1715,.T.);
#1717=ORIENTED_EDGE('',*,*,#1716,.T.);
#1718=ORIENTED_EDGE('',*,*,#1411,.T.);
#1719=CARTESIAN_POINT('',(45.788306514,-9.028466792,18.1));
#1720=DIRECTION('',(0.707106781,-0.707106781,0.));
#1721=VECTOR('',#1720,17.797131649);
#1722=LINE('',#1719,#1721);
#1723=EDGE_CURVE('',#1406,#1689,#1722,.T.);
#1724=ORIENTED_EDGE('',*,*,#1723,.T.);
#1725=EDGE_LOOP('',(#1711,#1717,#1718,#1724));
#1726=FACE_BOUND('',#1725,.T.);
#1727=ADVANCED_FACE('',(#1726),#1710,.T.);
#1728=CARTESIAN_POINT('',(37.440849777,21.826104521,-0.));
#1729=DIRECTION('',(1.,0.,0.));
#1730=DIRECTION('',(0.,0.,-1.));
#1731=AXIS2_PLACEMENT_3D('',#1728,#1729,#1730);
#1732=PLANE('',#1731);
#1733=ORIENTED_EDGE('',*,*,#1539,.F.);
#1734=CARTESIAN_POINT('',(37.440849777,32.52813257,2.5));
#1735=VERTEX_POINT('',#1734);
#1736=CARTESIAN_POINT('',(37.440849777,11.124076472,2.5));
#1737=DIRECTION('',(0.,1.,0.));
#1738=VECTOR('',#1737,21.404056098);
#1739=LINE('',#1736,#1738);
#1740=EDGE_CURVE('',#1525,#1735,#1739,.T.);
#1741=ORIENTED_EDGE('',*,*,#1740,.T.);
#1742=CARTESIAN_POINT('',(37.440849777,32.52813257,18.1));
#1743=VERTEX_POINT('',#1742);
#1744=CARTESIAN_POINT('',(37.440849777,32.52813257,2.5));
#1745=DIRECTION('',(0.,0.,1.));
#1746=VECTOR('',#1745,15.6);
#1747=LINE('',#1744,#1746);
#1748=EDGE_CURVE('',#1735,#1743,#1747,.T.);
#1749=ORIENTED_EDGE('',*,*,#1748,.T.);
#1750=CARTESIAN_POINT('',(37.440849777,32.52813257,18.1));
#1751=DIRECTION('',(0.,-1.,0.));
#1752=VECTOR('',#1751,21.404056098);
#1753=LINE('',#1750,#1752);
#1754=EDGE_CURVE('',#1743,#1534,#1753,.T.);
#1755=ORIENTED_EDGE('',*,*,#1754,.T.);
#1756=EDGE_LOOP('',(#1733,#1741,#1749,#1755));
#1757=FACE_BOUND('',#1756,.T.);
#1758=ADVANCED_FACE('',(#1757),#1732,.T.);
#1759=CARTESIAN_POINT('',(30.190849777,32.52813257,-0.));
#1760=DIRECTION('',(0.,0.,1.));
#1761=DIRECTION('',(1.,0.,-0.));
#1762=AXIS2_PLACEMENT_3D('',#1759,#1760,#1761);
#1763=CYLINDRICAL_SURFACE('',#1762,7.25);
#1764=ORIENTED_EDGE('',*,*,#1748,.F.);
#1765=CARTESIAN_POINT('',(30.190849777,32.52813257,2.5));
#1766=DIRECTION('',(0.,0.,1.));
#1767=DIRECTION('',(1.,0.,-0.));
#1768=AXIS2_PLACEMENT_3D('',#1765,#1766,#1767);
#1769=CIRCLE('',#1768,7.25);
#1770=EDGE_CURVE('',#1735,#1355,#1769,.T.);
#1771=ORIENTED_EDGE('',*,*,#1770,.T.);
#1772=ORIENTED_EDGE('',*,*,#1362,.T.);
#1773=CARTESIAN_POINT('',(30.190849777,32.52813257,18.1));
#1774=DIRECTION('',(-0.,-0.,-1.));
#1775=DIRECTION('',(1.,0.,-0.));
#1776=AXIS2_PLACEMENT_3D('',#1773,#1774,#1775);
#1777=CIRCLE('',#1776,7.25);
#1778=EDGE_CURVE('',#1357,#1743,#1777,.T.);
#1779=ORIENTED_EDGE('',*,*,#1778,.T.);
#1780=EDGE_LOOP('',(#1764,#1771,#1772,#1779));
#1781=FACE_BOUND('',#1780,.T.);
#1782=ADVANCED_FACE('',(#1781),#1763,.T.);
#1783=CARTESIAN_POINT('',(-43.509150223,32.52813257,-0.));
#1784=DIRECTION('',(0.,0.,1.));
#1785=DIRECTION('',(1.,0.,-0.));
#1786=AXIS2_PLACEMENT_3D('',#1783,#1784,#1785);
#1787=CYLINDRICAL_SURFACE('',#1786,7.25);
#1788=ORIENTED_EDGE('',*,*,#1387,.F.);
#1789=CARTESIAN_POINT('',(-50.759150223,32.52813257,2.5));
#1790=VERTEX_POINT('',#1789);
#1791=CARTESIAN_POINT('',(-43.509150223,32.52813257,2.5));
#1792=DIRECTION('',(0.,0.,1.));
#1793=DIRECTION('',(1.,0.,-0.));
#1794=AXIS2_PLACEMENT_3D('',#1791,#1792,#1793);
#1795=CIRCLE('',#1794,7.25);
#1796=EDGE_CURVE('',#1374,#1790,#1795,.T.);
#1797=ORIENTED_EDGE('',*,*,#1796,.T.);
#1798=CARTESIAN_POINT('',(-50.759150223,32.52813257,18.1));
#1799=VERTEX_POINT('',#1798);
#1800=CARTESIAN_POINT('',(-50.759150223,32.52813257,2.5));
#1801=DIRECTION('',(0.,0.,1.));
#1802=VECTOR('',#1801,15.6);
#1803=LINE('',#1800,#1802);
#1804=EDGE_CURVE('',#1790,#1799,#1803,.T.);
#1805=ORIENTED_EDGE('',*,*,#1804,.T.);
#1806=CARTESIAN_POINT('',(-43.509150223,32.52813257,18.1));
#1807=DIRECTION('',(-0.,-0.,-1.));
#1808=DIRECTION('',(1.,0.,-0.));
#1809=AXIS2_PLACEMENT_3D('',#1806,#1807,#1808);
#1810=CIRCLE('',#1809,7.25);
#1811=EDGE_CURVE('',#1799,#1382,#1810,.T.);
#1812=ORIENTED_EDGE('',*,*,#1811,.T.);
#1813=EDGE_LOOP('',(#1788,#1797,#1805,#1812));
#1814=FACE_BOUND('',#1813,.T.);
#1815=ADVANCED_FACE('',(#1814),#1787,.T.);
#1816=CARTESIAN_POINT('',(-50.759150223,5.20313257,-0.));
#1817=DIRECTION('',(-1.,0.,0.));
#1818=DIRECTION('',(0.,0.,1.));
#1819=AXIS2_PLACEMENT_3D('',#1816,#1817,#1818);
#1820=PLANE('',#1819);
#1821=ORIENTED_EDGE('',*,*,#1804,.F.);
#1822=CARTESIAN_POINT('',(-50.759150223,-22.12186743,2.5));
#1823=VERTEX_POINT('',#1822);
#1824=CARTESIAN_POINT('',(-50.759150223,32.52813257,2.5));
#1825=DIRECTION('',(-0.,-1.,-0.));
#1826=VECTOR('',#1825,54.65);
#1827=LINE('',#1824,#1826);
#1828=EDGE_CURVE('',#1790,#1823,#1827,.T.);
#1829=ORIENTED_EDGE('',*,*,#1828,.T.);
#1830=CARTESIAN_POINT('',(-50.759150223,-22.12186743,18.1));
#1831=VERTEX_POINT('',#1830);
#1832=CARTESIAN_POINT('',(-50.759150223,-22.12186743,2.5));
#1833=DIRECTION('',(0.,0.,1.));
#1834=VECTOR('',#1833,15.6);
#1835=LINE('',#1832,#1834);
#1836=EDGE_CURVE('',#1823,#1831,#1835,.T.);
#1837=ORIENTED_EDGE('',*,*,#1836,.T.);
#1838=CARTESIAN_POINT('',(-50.759150223,-22.12186743,18.1));
#1839=DIRECTION('',(-0.,1.,-0.));
#1840=VECTOR('',#1839,54.65);
#1841=LINE('',#1838,#1840);
#1842=EDGE_CURVE('',#1831,#1799,#1841,.T.);
#1843=ORIENTED_EDGE('',*,*,#1842,.T.);
#1844=EDGE_LOOP('',(#1821,#1829,#1837,#1843));
#1845=FACE_BOUND('',#1844,.T.);
#1846=ADVANCED_FACE('',(#1845),#1820,.T.);
#1847=CARTESIAN_POINT('',(-43.509150223,-22.12186743,-0.));
#1848=DIRECTION('',(0.,0.,1.));
#1849=DIRECTION('',(1.,0.,-0.));
#1850=AXIS2_PLACEMENT_3D('',#1847,#1848,#1849);
#1851=CYLINDRICAL_SURFACE('',#1850,7.25);
#1852=ORIENTED_EDGE('',*,*,#1836,.F.);
#1853=CARTESIAN_POINT('',(-43.509150223,-29.37186743,2.5));
#1854=VERTEX_POINT('',#1853);
#1855=CARTESIAN_POINT('',(-43.509150223,-22.12186743,2.5));
#1856=DIRECTION('',(0.,0.,1.));
#1857=DIRECTION('',(1.,0.,-0.));
#1858=AXIS2_PLACEMENT_3D('',#1855,#1856,#1857);
#1859=CIRCLE('',#1858,7.25);
#1860=EDGE_CURVE('',#1823,#1854,#1859,.T.);
#1861=ORIENTED_EDGE('',*,*,#1860,.T.);
#1862=CARTESIAN_POINT('',(-43.509150223,-29.37186743,18.1));
#1863=VERTEX_POINT('',#1862);
#1864=CARTESIAN_POINT('',(-43.509150223,-29.37186743,2.5));
#1865=DIRECTION('',(0.,0.,1.));
#1866=VECTOR('',#1865,15.6);
#1867=LINE('',#1864,#1866);
#1868=EDGE_CURVE('',#1854,#1863,#1867,.T.);
#1869=ORIENTED_EDGE('',*,*,#1868,.T.);
#1870=CARTESIAN_POINT('',(-43.509150223,-22.12186743,18.1));
#1871=DIRECTION('',(-0.,-0.,-1.));
#1872=DIRECTION('',(1.,0.,-0.));
#1873=AXIS2_PLACEMENT_3D('',#1870,#1871,#1872);
#1874=CIRCLE('',#1873,7.25);
#1875=EDGE_CURVE('',#1863,#1831,#1874,.T.);
#1876=ORIENTED_EDGE('',*,*,#1875,.T.);
#1877=EDGE_LOOP('',(#1852,#1861,#1869,#1876));
#1878=FACE_BOUND('',#1877,.T.);
#1879=ADVANCED_FACE('',(#1878),#1851,.T.);
#1880=CARTESIAN_POINT('',(-23.282122174,-29.37186743,-0.));
#1881=DIRECTION('',(0.,-1.,0.));
#1882=DIRECTION('',(0.,0.,-1.));
#1883=AXIS2_PLACEMENT_3D('',#1880,#1881,#1882);
#1884=PLANE('',#1883);
#1885=ORIENTED_EDGE('',*,*,#1868,.F.);
#1886=CARTESIAN_POINT('',(-3.055094125,-29.37186743,2.5));
#1887=VERTEX_POINT('',#1886);
#1888=CARTESIAN_POINT('',(-43.509150223,-29.37186743,2.5));
#1889=DIRECTION('',(1.,-0.,-0.));
#1890=VECTOR('',#1889,40.454056098);
#1891=LINE('',#1888,#1890);
#1892=EDGE_CURVE('',#1854,#1887,#1891,.T.);
#1893=ORIENTED_EDGE('',*,*,#1892,.T.);
#1894=CARTESIAN_POINT('',(-3.055094125,-29.37186743,18.1));
#1895=VERTEX_POINT('',#1894);
#1896=CARTESIAN_POINT('',(-3.055094125,-29.37186743,2.5));
#1897=DIRECTION('',(0.,0.,1.));
#1898=VECTOR('',#1897,15.6);
#1899=LINE('',#1896,#1898);
#1900=EDGE_CURVE('',#1887,#1895,#1899,.T.);
#1901=ORIENTED_EDGE('',*,*,#1900,.T.);
#1902=CARTESIAN_POINT('',(-3.055094125,-29.37186743,18.1));
#1903=DIRECTION('',(-1.,-0.,0.));
#1904=VECTOR('',#1903,40.454056098);
#1905=LINE('',#1902,#1904);
#1906=EDGE_CURVE('',#1895,#1863,#1905,.T.);
#1907=ORIENTED_EDGE('',*,*,#1906,.T.);
#1908=EDGE_LOOP('',(#1885,#1893,#1901,#1907));
#1909=FACE_BOUND('',#1908,.T.);
#1910=ADVANCED_FACE('',(#1909),#1884,.T.);
#1911=CARTESIAN_POINT('',(-3.055094125,-57.87186743,-0.));
#1912=DIRECTION('',(0.,0.,1.));
#1913=DIRECTION('',(1.,0.,-0.));
#1914=AXIS2_PLACEMENT_3D('',#1911,#1912,#1913);
#1915=CYLINDRICAL_SURFACE('',#1914,28.5);
#1916=ORIENTED_EDGE('',*,*,#1900,.F.);
#1917=CARTESIAN_POINT('',(17.097449139,-37.719324166,2.5));
#1918=VERTEX_POINT('',#1917);
#1919=CARTESIAN_POINT('',(-3.055094125,-57.87186743,2.5));
#1920=DIRECTION('',(-0.,-0.,-1.));
#1921=DIRECTION('',(1.,0.,-0.));
#1922=AXIS2_PLACEMENT_3D('',#1919,#1920,#1921);
#1923=CIRCLE('',#1922,28.5);
#1924=EDGE_CURVE('',#1887,#1918,#1923,.T.);
#1925=ORIENTED_EDGE('',*,*,#1924,.T.);
#1926=CARTESIAN_POINT('',(17.097449139,-37.719324166,18.1));
#1927=VERTEX_POINT('',#1926);
#1928=CARTESIAN_POINT('',(17.097449139,-37.719324166,2.5));
#1929=DIRECTION('',(0.,0.,1.));
#1930=VECTOR('',#1929,15.6);
#1931=LINE('',#1928,#1930);
#1932=EDGE_CURVE('',#1918,#1927,#1931,.T.);
#1933=ORIENTED_EDGE('',*,*,#1932,.T.);
#1934=CARTESIAN_POINT('',(-3.055094125,-57.87186743,18.1));
#1935=DIRECTION('',(0.,0.,1.));
#1936=DIRECTION('',(1.,0.,-0.));
#1937=AXIS2_PLACEMENT_3D('',#1934,#1935,#1936);
#1938=CIRCLE('',#1937,28.5);
#1939=EDGE_CURVE('',#1927,#1895,#1938,.T.);
#1940=ORIENTED_EDGE('',*,*,#1939,.T.);
#1941=EDGE_LOOP('',(#1916,#1925,#1933,#1940));
#1942=FACE_BOUND('',#1941,.T.);
#1943=ADVANCED_FACE('',(#1942),#1915,.F.);
#1944=CARTESIAN_POINT('',(23.389685377,-44.011560403,-0.));
#1945=DIRECTION('',(-0.707106781,-0.707106781,0.));
#1946=DIRECTION('',(0.707106781,-0.707106781,0.));
#1947=AXIS2_PLACEMENT_3D('',#1944,#1945,#1946);
#1948=PLANE('',#1947);
#1949=ORIENTED_EDGE('',*,*,#1932,.F.);
#1950=CARTESIAN_POINT('',(29.681921614,-50.303796641,2.5));
#1951=VERTEX_POINT('',#1950);
#1952=CARTESIAN_POINT('',(17.097449139,-37.719324166,2.5));
#1953=DIRECTION('',(0.707106781,-0.707106781,-0.));
#1954=VECTOR('',#1953,17.797131649);
#1955=LINE('',#1952,#1954);
#1956=EDGE_CURVE('',#1918,#1951,#1955,.T.);
#1957=ORIENTED_EDGE('',*,*,#1956,.T.);
#1958=CARTESIAN_POINT('',(29.681921614,-50.303796641,18.1));
#1959=VERTEX_POINT('',#1958);
#1960=CARTESIAN_POINT('',(29.681921614,-50.303796641,2.5));
#1961=DIRECTION('',(0.,0.,1.));
#1962=VECTOR('',#1961,15.6);
#1963=LINE('',#1960,#1962);
#1964=EDGE_CURVE('',#1951,#1959,#1963,.T.);
#1965=ORIENTED_EDGE('',*,*,#1964,.T.);
#1966=CARTESIAN_POINT('',(29.681921614,-50.303796641,18.1));
#1967=DIRECTION('',(-0.707106781,0.707106781,0.));
#1968=VECTOR('',#1967,17.797131649);
#1969=LINE('',#1966,#1968);
#1970=EDGE_CURVE('',#1959,#1927,#1969,.T.);
#1971=ORIENTED_EDGE('',*,*,#1970,.T.);
#1972=EDGE_LOOP('',(#1949,#1957,#1965,#1971));
#1973=FACE_BOUND('',#1972,.T.);
#1974=ADVANCED_FACE('',(#1973),#1948,.T.);
#1975=CARTESIAN_POINT('',(34.808445777,-45.177272477,-0.));
#1976=DIRECTION('',(0.,0.,1.));
#1977=DIRECTION('',(1.,0.,-0.));
#1978=AXIS2_PLACEMENT_3D('',#1975,#1976,#1977);
#1979=CYLINDRICAL_SURFACE('',#1978,7.25);
#1980=ORIENTED_EDGE('',*,*,#1964,.F.);
#1981=CARTESIAN_POINT('',(34.808445777,-45.177272477,2.5));
#1982=DIRECTION('',(0.,0.,1.));
#1983=DIRECTION('',(1.,0.,-0.));
#1984=AXIS2_PLACEMENT_3D('',#1981,#1982,#1983);
#1985=CIRCLE('',#1984,7.25);
#1986=EDGE_CURVE('',#1951,#1630,#1985,.T.);
#1987=ORIENTED_EDGE('',*,*,#1986,.T.);
#1988=ORIENTED_EDGE('',*,*,#1637,.T.);
#1989=CARTESIAN_POINT('',(34.808445777,-45.177272477,18.1));
#1990=DIRECTION('',(-0.,-0.,-1.));
#1991=DIRECTION('',(1.,0.,-0.));
#1992=AXIS2_PLACEMENT_3D('',#1989,#1990,#1991);
#1993=CIRCLE('',#1992,7.25);
#1994=EDGE_CURVE('',#1632,#1959,#1993,.T.);
#1995=ORIENTED_EDGE('',*,*,#1994,.T.);
#1996=EDGE_LOOP('',(#1980,#1987,#1988,#1995));
#1997=FACE_BOUND('',#1996,.T.);
#1998=ADVANCED_FACE('',(#1997),#1979,.T.);
#1999=CARTESIAN_POINT('',(53.246254824,-26.73946343,21.6));
#2000=DIRECTION('',(0.,0.,-1.));
#2001=DIRECTION('',(-1.,0.,0.));
#2002=AXIS2_PLACEMENT_3D('',#1999,#2000,#2001);
#2003=CYLINDRICAL_SURFACE('',#2002,2.25);
#2004=CARTESIAN_POINT('',(54.837245082,-28.330453688,11.));
#2005=VERTEX_POINT('',#2004);
#2006=CARTESIAN_POINT('',(54.837245082,-25.148473172,11.));
#2007=VERTEX_POINT('',#2006);
#2008=CARTESIAN_POINT('',(53.246254824,-26.73946343,11.));
#2009=DIRECTION('',(0.,0.,1.));
#2010=DIRECTION('',(1.,0.,-0.));
#2011=AXIS2_PLACEMENT_3D('',#2008,#2009,#2010);
#2012=CIRCLE('',#2011,2.25);
#2013=EDGE_CURVE('',#2005,#2007,#2012,.T.);
#2014=ORIENTED_EDGE('',*,*,#2013,.F.);
#2015=CARTESIAN_POINT('',(54.837245082,-28.330453688,20.6));
#2016=VERTEX_POINT('',#2015);
#2017=CARTESIAN_POINT('',(54.837245082,-28.330453688,20.6));
#2018=DIRECTION('',(0.,0.,-1.));
#2019=VECTOR('',#2018,9.6);
#2020=LINE('',#2017,#2019);
#2021=EDGE_CURVE('',#2016,#2005,#2020,.T.);
#2022=ORIENTED_EDGE('',*,*,#2021,.F.);
#2023=CARTESIAN_POINT('',(54.837245082,-25.148473172,20.6));
#2024=VERTEX_POINT('',#2023);
#2025=CARTESIAN_POINT('',(53.246254824,-26.73946343,20.6));
#2026=DIRECTION('',(0.,0.,1.));
#2027=DIRECTION('',(1.,0.,-0.));
#2028=AXIS2_PLACEMENT_3D('',#2025,#2026,#2027);
#2029=CIRCLE('',#2028,2.25);
#2030=EDGE_CURVE('',#2016,#2024,#2029,.T.);
#2031=ORIENTED_EDGE('',*,*,#2030,.T.);
#2032=CARTESIAN_POINT('',(54.837245082,-25.148473172,20.6));
#2033=DIRECTION('',(0.,0.,-1.));
#2034=VECTOR('',#2033,9.6);
#2035=LINE('',#2032,#2034);
#2036=EDGE_CURVE('',#2024,#2007,#2035,.T.);
#2037=ORIENTED_EDGE('',*,*,#2036,.T.);
#2038=EDGE_LOOP('',(#2014,#2022,#2031,#2037));
#2039=FACE_BOUND('',#2038,.T.);
#2040=ADVANCED_FACE('',(#2039),#2003,.F.);
#2041=CARTESIAN_POINT('',(45.618340559,-37.549358211,21.6));
#2042=DIRECTION('',(-0.707106781,0.707106781,0.));
#2043=DIRECTION('',(-0.707106781,-0.707106781,0.));
#2044=AXIS2_PLACEMENT_3D('',#2041,#2042,#2043);
#2045=PLANE('',#2044);
#2046=CARTESIAN_POINT('',(36.399436035,-46.768262735,11.));
#2047=VERTEX_POINT('',#2046);
#2048=CARTESIAN_POINT('',(36.399436035,-46.768262735,11.));
#2049=DIRECTION('',(0.707106781,0.707106781,0.));
#2050=VECTOR('',#2049,26.074999615);
#2051=LINE('',#2048,#2050);
#2052=EDGE_CURVE('',#2047,#2005,#2051,.T.);
#2053=ORIENTED_EDGE('',*,*,#2052,.F.);
#2054=CARTESIAN_POINT('',(36.399436035,-46.768262735,20.6));
#2055=VERTEX_POINT('',#2054);
#2056=CARTESIAN_POINT('',(36.399436035,-46.768262735,20.6));
#2057=DIRECTION('',(0.,0.,-1.));
#2058=VECTOR('',#2057,9.6);
#2059=LINE('',#2056,#2058);
#2060=EDGE_CURVE('',#2055,#2047,#2059,.T.);
#2061=ORIENTED_EDGE('',*,*,#2060,.F.);
#2062=CARTESIAN_POINT('',(36.399436035,-46.768262735,20.6));
#2063=DIRECTION('',(0.707106781,0.707106781,0.));
#2064=VECTOR('',#2063,26.074999615);
#2065=LINE('',#2062,#2064);
#2066=EDGE_CURVE('',#2055,#2016,#2065,.T.);
#2067=ORIENTED_EDGE('',*,*,#2066,.T.);
#2068=ORIENTED_EDGE('',*,*,#2021,.T.);
#2069=EDGE_LOOP('',(#2053,#2061,#2067,#2068));
#2070=FACE_BOUND('',#2069,.T.);
#2071=ADVANCED_FACE('',(#2070),#2045,.T.);
#2072=CARTESIAN_POINT('',(34.808445777,-45.177272477,21.6));
#2073=DIRECTION('',(0.,0.,-1.));
#2074=DIRECTION('',(-1.,0.,0.));
#2075=AXIS2_PLACEMENT_3D('',#2072,#2073,#2074);
#2076=CYLINDRICAL_SURFACE('',#2075,2.25);
#2077=CARTESIAN_POINT('',(33.21745552,-46.768262735,11.));
#2078=VERTEX_POINT('',#2077);
#2079=CARTESIAN_POINT('',(34.808445777,-45.177272477,11.));
#2080=DIRECTION('',(0.,0.,1.));
#2081=DIRECTION('',(1.,0.,-0.));
#2082=AXIS2_PLACEMENT_3D('',#2079,#2080,#2081);
#2083=CIRCLE('',#2082,2.25);
#2084=EDGE_CURVE('',#2078,#2047,#2083,.T.);
#2085=ORIENTED_EDGE('',*,*,#2084,.F.);
#2086=CARTESIAN_POINT('',(33.21745552,-46.768262735,20.6));
#2087=VERTEX_POINT('',#2086);
#2088=CARTESIAN_POINT('',(33.21745552,-46.768262735,20.6));
#2089=DIRECTION('',(0.,0.,-1.));
#2090=VECTOR('',#2089,9.6);
#2091=LINE('',#2088,#2090);
#2092=EDGE_CURVE('',#2087,#2078,#2091,.T.);
#2093=ORIENTED_EDGE('',*,*,#2092,.F.);
#2094=CARTESIAN_POINT('',(34.808445777,-45.177272477,20.6));
#2095=DIRECTION('',(0.,0.,1.));
#2096=DIRECTION('',(1.,0.,-0.));
#2097=AXIS2_PLACEMENT_3D('',#2094,#2095,#2096);
#2098=CIRCLE('',#2097,2.25);
#2099=EDGE_CURVE('',#2087,#2055,#2098,.T.);
#2100=ORIENTED_EDGE('',*,*,#2099,.T.);
#2101=ORIENTED_EDGE('',*,*,#2060,.T.);
#2102=EDGE_LOOP('',(#2085,#2093,#2100,#2101));
#2103=FACE_BOUND('',#2102,.T.);
#2104=ADVANCED_FACE('',(#2103),#2076,.F.);
#2105=CARTESIAN_POINT('',(26.925219282,-40.476026497,21.6));
#2106=DIRECTION('',(0.707106781,0.707106781,0.));
#2107=DIRECTION('',(-0.707106781,0.707106781,0.));
#2108=AXIS2_PLACEMENT_3D('',#2105,#2106,#2107);
#2109=PLANE('',#2108);
#2110=CARTESIAN_POINT('',(20.632983045,-34.18379026,11.));
#2111=VERTEX_POINT('',#2110);
#2112=CARTESIAN_POINT('',(20.632983045,-34.18379026,11.));
#2113=DIRECTION('',(0.707106781,-0.707106781,0.));
#2114=VECTOR('',#2113,17.797131649);
#2115=LINE('',#2112,#2114);
#2116=EDGE_CURVE('',#2111,#2078,#2115,.T.);
#2117=ORIENTED_EDGE('',*,*,#2116,.F.);
#2118=CARTESIAN_POINT('',(20.632983045,-34.18379026,20.6));
#2119=VERTEX_POINT('',#2118);
#2120=CARTESIAN_POINT('',(20.632983045,-34.18379026,20.6));
#2121=DIRECTION('',(0.,0.,-1.));
#2122=VECTOR('',#2121,9.6);
#2123=LINE('',#2120,#2122);
#2124=EDGE_CURVE('',#2119,#2111,#2123,.T.);
#2125=ORIENTED_EDGE('',*,*,#2124,.F.);
#2126=CARTESIAN_POINT('',(20.632983045,-34.18379026,20.6));
#2127=DIRECTION('',(0.707106781,-0.707106781,0.));
#2128=VECTOR('',#2127,17.797131649);
#2129=LINE('',#2126,#2128);
#2130=EDGE_CURVE('',#2119,#2087,#2129,.T.);
#2131=ORIENTED_EDGE('',*,*,#2130,.T.);
#2132=ORIENTED_EDGE('',*,*,#2092,.T.);
#2133=EDGE_LOOP('',(#2117,#2125,#2131,#2132));
#2134=FACE_BOUND('',#2133,.T.);
#2135=ADVANCED_FACE('',(#2134),#2109,.T.);
#2136=CARTESIAN_POINT('',(-3.055094125,-57.87186743,21.6));
#2137=DIRECTION('',(0.,0.,-1.));
#2138=DIRECTION('',(-1.,0.,0.));
#2139=AXIS2_PLACEMENT_3D('',#2136,#2137,#2138);
#2140=CYLINDRICAL_SURFACE('',#2139,33.5);
#2141=ORIENTED_EDGE('',*,*,#2124,.T.);
#2142=CARTESIAN_POINT('',(-3.055094125,-24.37186743,11.));
#2143=VERTEX_POINT('',#2142);
#2144=CARTESIAN_POINT('',(-3.055094125,-57.87186743,11.));
#2145=DIRECTION('',(0.,0.,1.));
#2146=DIRECTION('',(1.,0.,-0.));
#2147=AXIS2_PLACEMENT_3D('',#2144,#2145,#2146);
#2148=CIRCLE('',#2147,33.5);
#2149=EDGE_CURVE('',#2111,#2143,#2148,.T.);
#2150=ORIENTED_EDGE('',*,*,#2149,.T.);
#2151=CARTESIAN_POINT('',(-3.055094125,-24.37186743,20.6));
#2152=VERTEX_POINT('',#2151);
#2153=CARTESIAN_POINT('',(-3.055094125,-24.37186743,20.6));
#2154=DIRECTION('',(0.,0.,-1.));
#2155=VECTOR('',#2154,9.6);
#2156=LINE('',#2153,#2155);
#2157=EDGE_CURVE('',#2152,#2143,#2156,.T.);
#2158=ORIENTED_EDGE('',*,*,#2157,.F.);
#2159=CARTESIAN_POINT('',(-3.055094125,-57.87186743,20.6));
#2160=DIRECTION('',(0.,0.,1.));
#2161=DIRECTION('',(1.,0.,-0.));
#2162=AXIS2_PLACEMENT_3D('',#2159,#2160,#2161);
#2163=CIRCLE('',#2162,33.5);
#2164=EDGE_CURVE('',#2119,#2152,#2163,.T.);
#2165=ORIENTED_EDGE('',*,*,#2164,.F.);
#2166=EDGE_LOOP('',(#2141,#2150,#2158,#2165));
#2167=FACE_BOUND('',#2166,.T.);
#2168=ADVANCED_FACE('',(#2167),#2140,.T.);
#2169=CARTESIAN_POINT('',(-23.282122174,-24.37186743,21.6));
#2170=DIRECTION('',(0.,1.,0.));
#2171=DIRECTION('',(0.,0.,1.));
#2172=AXIS2_PLACEMENT_3D('',#2169,#2170,#2171);
#2173=PLANE('',#2172);
#2174=CARTESIAN_POINT('',(-43.509150223,-24.37186743,11.));
#2175=VERTEX_POINT('',#2174);
#2176=CARTESIAN_POINT('',(-43.509150223,-24.37186743,11.));
#2177=DIRECTION('',(1.,0.,-0.));
#2178=VECTOR('',#2177,40.454056098);
#2179=LINE('',#2176,#2178);
#2180=EDGE_CURVE('',#2175,#2143,#2179,.T.);
#2181=ORIENTED_EDGE('',*,*,#2180,.F.);
#2182=CARTESIAN_POINT('',(-43.509150223,-24.37186743,20.6));
#2183=VERTEX_POINT('',#2182);
#2184=CARTESIAN_POINT('',(-43.509150223,-24.37186743,20.6));
#2185=DIRECTION('',(0.,0.,-1.));
#2186=VECTOR('',#2185,9.6);
#2187=LINE('',#2184,#2186);
#2188=EDGE_CURVE('',#2183,#2175,#2187,.T.);
#2189=ORIENTED_EDGE('',*,*,#2188,.F.);
#2190=CARTESIAN_POINT('',(-43.509150223,-24.37186743,20.6));
#2191=DIRECTION('',(1.,0.,-0.));
#2192=VECTOR('',#2191,40.454056098);
#2193=LINE('',#2190,#2192);
#2194=EDGE_CURVE('',#2183,#2152,#2193,.T.);
#2195=ORIENTED_EDGE('',*,*,#2194,.T.);
#2196=ORIENTED_EDGE('',*,*,#2157,.T.);
#2197=EDGE_LOOP('',(#2181,#2189,#2195,#2196));
#2198=FACE_BOUND('',#2197,.T.);
#2199=ADVANCED_FACE('',(#2198),#2173,.T.);
#2200=CARTESIAN_POINT('',(-43.509150223,-22.12186743,21.6));
#2201=DIRECTION('',(0.,0.,-1.));
#2202=DIRECTION('',(-1.,0.,0.));
#2203=AXIS2_PLACEMENT_3D('',#2200,#2201,#2202);
#2204=CYLINDRICAL_SURFACE('',#2203,2.25);
#2205=CARTESIAN_POINT('',(-45.759150223,-22.12186743,11.));
#2206=VERTEX_POINT('',#2205);
#2207=CARTESIAN_POINT('',(-43.509150223,-22.12186743,11.));
#2208=DIRECTION('',(0.,0.,1.));
#2209=DIRECTION('',(1.,0.,-0.));
#2210=AXIS2_PLACEMENT_3D('',#2207,#2208,#2209);
#2211=CIRCLE('',#2210,2.25);
#2212=EDGE_CURVE('',#2206,#2175,#2211,.T.);
#2213=ORIENTED_EDGE('',*,*,#2212,.F.);
#2214=CARTESIAN_POINT('',(-45.759150223,-22.12186743,20.6));
#2215=VERTEX_POINT('',#2214);
#2216=CARTESIAN_POINT('',(-45.759150223,-22.12186743,20.6));
#2217=DIRECTION('',(0.,0.,-1.));
#2218=VECTOR('',#2217,9.6);
#2219=LINE('',#2216,#2218);
#2220=EDGE_CURVE('',#2215,#2206,#2219,.T.);
#2221=ORIENTED_EDGE('',*,*,#2220,.F.);
#2222=CARTESIAN_POINT('',(-43.509150223,-22.12186743,20.6));
#2223=DIRECTION('',(0.,0.,1.));
#2224=DIRECTION('',(1.,0.,-0.));
#2225=AXIS2_PLACEMENT_3D('',#2222,#2223,#2224);
#2226=CIRCLE('',#2225,2.25);
#2227=EDGE_CURVE('',#2215,#2183,#2226,.T.);
#2228=ORIENTED_EDGE('',*,*,#2227,.T.);
#2229=ORIENTED_EDGE('',*,*,#2188,.T.);
#2230=EDGE_LOOP('',(#2213,#2221,#2228,#2229));
#2231=FACE_BOUND('',#2230,.T.);
#2232=ADVANCED_FACE('',(#2231),#2204,.F.);
#2233=CARTESIAN_POINT('',(-45.759150223,5.20313257,21.6));
#2234=DIRECTION('',(1.,0.,0.));
#2235=DIRECTION('',(0.,0.,-1.));
#2236=AXIS2_PLACEMENT_3D('',#2233,#2234,#2235);
#2237=PLANE('',#2236);
#2238=CARTESIAN_POINT('',(-45.759150223,32.52813257,11.));
#2239=VERTEX_POINT('',#2238);
#2240=CARTESIAN_POINT('',(-45.759150223,32.52813257,11.));
#2241=DIRECTION('',(0.,-1.,0.));
#2242=VECTOR('',#2241,54.65);
#2243=LINE('',#2240,#2242);
#2244=EDGE_CURVE('',#2239,#2206,#2243,.T.);
#2245=ORIENTED_EDGE('',*,*,#2244,.F.);
#2246=CARTESIAN_POINT('',(-45.759150223,32.52813257,20.6));
#2247=VERTEX_POINT('',#2246);
#2248=CARTESIAN_POINT('',(-45.759150223,32.52813257,20.6));
#2249=DIRECTION('',(0.,0.,-1.));
#2250=VECTOR('',#2249,9.6);
#2251=LINE('',#2248,#2250);
#2252=EDGE_CURVE('',#2247,#2239,#2251,.T.);
#2253=ORIENTED_EDGE('',*,*,#2252,.F.);
#2254=CARTESIAN_POINT('',(-45.759150223,32.52813257,20.6));
#2255=DIRECTION('',(0.,-1.,0.));
#2256=VECTOR('',#2255,54.65);
#2257=LINE('',#2254,#2256);
#2258=EDGE_CURVE('',#2247,#2215,#2257,.T.);
#2259=ORIENTED_EDGE('',*,*,#2258,.T.);
#2260=ORIENTED_EDGE('',*,*,#2220,.T.);
#2261=EDGE_LOOP('',(#2245,#2253,#2259,#2260));
#2262=FACE_BOUND('',#2261,.T.);
#2263=ADVANCED_FACE('',(#2262),#2237,.T.);
#2264=CARTESIAN_POINT('',(-43.509150223,32.52813257,21.6));
#2265=DIRECTION('',(0.,0.,-1.));
#2266=DIRECTION('',(-1.,0.,0.));
#2267=AXIS2_PLACEMENT_3D('',#2264,#2265,#2266);
#2268=CYLINDRICAL_SURFACE('',#2267,2.25);
#2269=CARTESIAN_POINT('',(-43.509150223,34.77813257,11.));
#2270=VERTEX_POINT('',#2269);
#2271=CARTESIAN_POINT('',(-43.509150223,32.52813257,11.));
#2272=DIRECTION('',(0.,0.,1.));
#2273=DIRECTION('',(1.,0.,-0.));
#2274=AXIS2_PLACEMENT_3D('',#2271,#2272,#2273);
#2275=CIRCLE('',#2274,2.25);
#2276=EDGE_CURVE('',#2270,#2239,#2275,.T.);
#2277=ORIENTED_EDGE('',*,*,#2276,.F.);
#2278=CARTESIAN_POINT('',(-43.509150223,34.77813257,20.6));
#2279=VERTEX_POINT('',#2278);
#2280=CARTESIAN_POINT('',(-43.509150223,34.77813257,20.6));
#2281=DIRECTION('',(0.,0.,-1.));
#2282=VECTOR('',#2281,9.6);
#2283=LINE('',#2280,#2282);
#2284=EDGE_CURVE('',#2279,#2270,#2283,.T.);
#2285=ORIENTED_EDGE('',*,*,#2284,.F.);
#2286=CARTESIAN_POINT('',(-43.509150223,32.52813257,20.6));
#2287=DIRECTION('',(0.,0.,1.));
#2288=DIRECTION('',(1.,0.,-0.));
#2289=AXIS2_PLACEMENT_3D('',#2286,#2287,#2288);
#2290=CIRCLE('',#2289,2.25);
#2291=EDGE_CURVE('',#2279,#2247,#2290,.T.);
#2292=ORIENTED_EDGE('',*,*,#2291,.T.);
#2293=ORIENTED_EDGE('',*,*,#2252,.T.);
#2294=EDGE_LOOP('',(#2277,#2285,#2292,#2293));
#2295=FACE_BOUND('',#2294,.T.);
#2296=ADVANCED_FACE('',(#2295),#2268,.F.);
#2297=CARTESIAN_POINT('',(-6.659150223,34.77813257,21.6));
#2298=DIRECTION('',(0.,-1.,0.));
#2299=DIRECTION('',(0.,0.,-1.));
#2300=AXIS2_PLACEMENT_3D('',#2297,#2298,#2299);
#2301=PLANE('',#2300);
#2302=CARTESIAN_POINT('',(30.190849777,34.77813257,11.));
#2303=VERTEX_POINT('',#2302);
#2304=CARTESIAN_POINT('',(30.190849777,34.77813257,11.));
#2305=DIRECTION('',(-1.,0.,0.));
#2306=VECTOR('',#2305,73.7);
#2307=LINE('',#2304,#2306);
#2308=EDGE_CURVE('',#2303,#2270,#2307,.T.);
#2309=ORIENTED_EDGE('',*,*,#2308,.F.);
#2310=CARTESIAN_POINT('',(30.190849777,34.77813257,20.6));
#2311=VERTEX_POINT('',#2310);
#2312=CARTESIAN_POINT('',(30.190849777,34.77813257,20.6));
#2313=DIRECTION('',(0.,0.,-1.));
#2314=VECTOR('',#2313,9.6);
#2315=LINE('',#2312,#2314);
#2316=EDGE_CURVE('',#2311,#2303,#2315,.T.);
#2317=ORIENTED_EDGE('',*,*,#2316,.F.);
#2318=CARTESIAN_POINT('',(30.190849777,34.77813257,20.6));
#2319=DIRECTION('',(-1.,0.,0.));
#2320=VECTOR('',#2319,73.7);
#2321=LINE('',#2318,#2320);
#2322=EDGE_CURVE('',#2311,#2279,#2321,.T.);
#2323=ORIENTED_EDGE('',*,*,#2322,.T.);
#2324=ORIENTED_EDGE('',*,*,#2284,.T.);
#2325=EDGE_LOOP('',(#2309,#2317,#2323,#2324));
#2326=FACE_BOUND('',#2325,.T.);
#2327=ADVANCED_FACE('',(#2326),#2301,.T.);
#2328=CARTESIAN_POINT('',(30.190849777,32.52813257,21.6));
#2329=DIRECTION('',(0.,0.,-1.));
#2330=DIRECTION('',(-1.,0.,0.));
#2331=AXIS2_PLACEMENT_3D('',#2328,#2329,#2330);
#2332=CYLINDRICAL_SURFACE('',#2331,2.25);
#2333=CARTESIAN_POINT('',(32.440849777,32.52813257,11.));
#2334=VERTEX_POINT('',#2333);
#2335=CARTESIAN_POINT('',(30.190849777,32.52813257,11.));
#2336=DIRECTION('',(0.,0.,1.));
#2337=DIRECTION('',(1.,0.,-0.));
#2338=AXIS2_PLACEMENT_3D('',#2335,#2336,#2337);
#2339=CIRCLE('',#2338,2.25);
#2340=EDGE_CURVE('',#2334,#2303,#2339,.T.);
#2341=ORIENTED_EDGE('',*,*,#2340,.F.);
#2342=CARTESIAN_POINT('',(32.440849777,32.52813257,20.6));
#2343=VERTEX_POINT('',#2342);
#2344=CARTESIAN_POINT('',(32.440849777,32.52813257,20.6));
#2345=DIRECTION('',(0.,0.,-1.));
#2346=VECTOR('',#2345,9.6);
#2347=LINE('',#2344,#2346);
#2348=EDGE_CURVE('',#2343,#2334,#2347,.T.);
#2349=ORIENTED_EDGE('',*,*,#2348,.F.);
#2350=CARTESIAN_POINT('',(30.190849777,32.52813257,20.6));
#2351=DIRECTION('',(0.,0.,1.));
#2352=DIRECTION('',(1.,0.,-0.));
#2353=AXIS2_PLACEMENT_3D('',#2350,#2351,#2352);
#2354=CIRCLE('',#2353,2.25);
#2355=EDGE_CURVE('',#2343,#2311,#2354,.T.);
#2356=ORIENTED_EDGE('',*,*,#2355,.T.);
#2357=ORIENTED_EDGE('',*,*,#2316,.T.);
#2358=EDGE_LOOP('',(#2341,#2349,#2356,#2357));
#2359=FACE_BOUND('',#2358,.T.);
#2360=ADVANCED_FACE('',(#2359),#2332,.F.);
#2361=CARTESIAN_POINT('',(32.440849777,21.826104521,21.6));
#2362=DIRECTION('',(-1.,0.,0.));
#2363=DIRECTION('',(0.,0.,1.));
#2364=AXIS2_PLACEMENT_3D('',#2361,#2362,#2363);
#2365=PLANE('',#2364);
#2366=CARTESIAN_POINT('',(32.440849777,32.52813257,11.));
#2367=DIRECTION('',(0.,-1.,0.));
#2368=VECTOR('',#2367,21.404056098);
#2369=LINE('',#2366,#2368);
#2370=EDGE_CURVE('',#2334,#1559,#2369,.T.);
#2371=ORIENTED_EDGE('',*,*,#2370,.T.);
#2372=ORIENTED_EDGE('',*,*,#1564,.F.);
#2373=CARTESIAN_POINT('',(32.440849777,11.124076472,20.6));
#2374=DIRECTION('',(0.,1.,0.));
#2375=VECTOR('',#2374,21.404056098);
#2376=LINE('',#2373,#2375);
#2377=EDGE_CURVE('',#1557,#2343,#2376,.T.);
#2378=ORIENTED_EDGE('',*,*,#2377,.T.);
#2379=ORIENTED_EDGE('',*,*,#2348,.T.);
#2380=EDGE_LOOP('',(#2371,#2372,#2378,#2379));
#2381=FACE_BOUND('',#2380,.T.);
#2382=ADVANCED_FACE('',(#2381),#2365,.T.);
#2383=CARTESIAN_POINT('',(48.545008845,-18.856236935,21.6));
#2384=DIRECTION('',(-0.707106781,-0.707106781,0.));
#2385=DIRECTION('',(0.707106781,-0.707106781,0.));
#2386=AXIS2_PLACEMENT_3D('',#2383,#2384,#2385);
#2387=PLANE('',#2386);
#2388=CARTESIAN_POINT('',(54.837245082,-25.148473172,11.));
#2389=DIRECTION('',(-0.707106781,0.707106781,0.));
#2390=VECTOR('',#2389,17.797131649);
#2391=LINE('',#2388,#2390);
#2392=EDGE_CURVE('',#2007,#1567,#2391,.T.);
#2393=ORIENTED_EDGE('',*,*,#2392,.F.);
#2394=ORIENTED_EDGE('',*,*,#2036,.F.);
#2395=CARTESIAN_POINT('',(54.837245082,-25.148473172,20.6));
#2396=DIRECTION('',(-0.707106781,0.707106781,0.));
#2397=VECTOR('',#2396,17.797131649);
#2398=LINE('',#2395,#2397);
#2399=EDGE_CURVE('',#2024,#1576,#2398,.T.);
#2400=ORIENTED_EDGE('',*,*,#2399,.T.);
#2401=ORIENTED_EDGE('',*,*,#1581,.T.);
#2402=EDGE_LOOP('',(#2393,#2394,#2400,#2401));
#2403=FACE_BOUND('',#2402,.T.);
#2404=ADVANCED_FACE('',(#2403),#2387,.T.);
#2405=CARTESIAN_POINT('',(-148.264150223,110.61313257,20.6));
#2406=DIRECTION('',(0.,0.,1.));
#2407=DIRECTION('',(1.,0.,0.));
#2408=AXIS2_PLACEMENT_3D('',#2405,#2406,#2407);
#2409=PLANE('',#2408);
#2410=CARTESIAN_POINT('',(44.020539561,-10.796233745,20.6));
#2411=VERTEX_POINT('',#2410);
#2412=CARTESIAN_POINT('',(34.940849777,11.124076472,20.6));
#2413=VERTEX_POINT('',#2412);
#2414=CARTESIAN_POINT('',(65.940849777,11.124076472,20.6));
#2415=DIRECTION('',(-0.,-0.,-1.));
#2416=DIRECTION('',(1.,0.,-0.));
#2417=AXIS2_PLACEMENT_3D('',#2414,#2415,#2416);
#2418=CIRCLE('',#2417,31.);
#2419=EDGE_CURVE('',#2411,#2413,#2418,.T.);
#2420=ORIENTED_EDGE('',*,*,#2419,.T.);
#2421=CARTESIAN_POINT('',(34.940849777,32.52813257,20.6));
#2422=VERTEX_POINT('',#2421);
#2423=CARTESIAN_POINT('',(34.940849777,11.124076472,20.6));
#2424=DIRECTION('',(-0.,1.,-0.));
#2425=VECTOR('',#2424,21.404056098);
#2426=LINE('',#2423,#2425);
#2427=EDGE_CURVE('',#2413,#2422,#2426,.T.);
#2428=ORIENTED_EDGE('',*,*,#2427,.T.);
#2429=CARTESIAN_POINT('',(30.190849777,37.27813257,20.6));
#2430=VERTEX_POINT('',#2429);
#2431=CARTESIAN_POINT('',(30.190849777,32.52813257,20.6));
#2432=DIRECTION('',(0.,0.,1.));
#2433=DIRECTION('',(1.,0.,-0.));
#2434=AXIS2_PLACEMENT_3D('',#2431,#2432,#2433);
#2435=CIRCLE('',#2434,4.75);
#2436=EDGE_CURVE('',#2422,#2430,#2435,.T.);
#2437=ORIENTED_EDGE('',*,*,#2436,.T.);
#2438=CARTESIAN_POINT('',(-43.509150223,37.27813257,20.6));
#2439=VERTEX_POINT('',#2438);
#2440=CARTESIAN_POINT('',(30.190849777,37.27813257,20.6));
#2441=DIRECTION('',(-1.,0.,0.));
#2442=VECTOR('',#2441,73.7);
#2443=LINE('',#2440,#2442);
#2444=EDGE_CURVE('',#2430,#2439,#2443,.T.);
#2445=ORIENTED_EDGE('',*,*,#2444,.T.);
#2446=CARTESIAN_POINT('',(-48.259150223,32.52813257,20.6));
#2447=VERTEX_POINT('',#2446);
#2448=CARTESIAN_POINT('',(-43.509150223,32.52813257,20.6));
#2449=DIRECTION('',(0.,0.,1.));
#2450=DIRECTION('',(1.,0.,-0.));
#2451=AXIS2_PLACEMENT_3D('',#2448,#2449,#2450);
#2452=CIRCLE('',#2451,4.75);
#2453=EDGE_CURVE('',#2439,#2447,#2452,.T.);
#2454=ORIENTED_EDGE('',*,*,#2453,.T.);
#2455=CARTESIAN_POINT('',(-48.259150223,-22.12186743,20.6));
#2456=VERTEX_POINT('',#2455);
#2457=CARTESIAN_POINT('',(-48.259150223,32.52813257,20.6));
#2458=DIRECTION('',(0.,-1.,0.));
#2459=VECTOR('',#2458,54.65);
#2460=LINE('',#2457,#2459);
#2461=EDGE_CURVE('',#2447,#2456,#2460,.T.);
#2462=ORIENTED_EDGE('',*,*,#2461,.T.);
#2463=CARTESIAN_POINT('',(-43.509150223,-26.87186743,20.6));
#2464=VERTEX_POINT('',#2463);
#2465=CARTESIAN_POINT('',(-43.509150223,-22.12186743,20.6));
#2466=DIRECTION('',(0.,0.,1.));
#2467=DIRECTION('',(1.,0.,-0.));
#2468=AXIS2_PLACEMENT_3D('',#2465,#2466,#2467);
#2469=CIRCLE('',#2468,4.75);
#2470=EDGE_CURVE('',#2456,#2464,#2469,.T.);
#2471=ORIENTED_EDGE('',*,*,#2470,.T.);
#2472=CARTESIAN_POINT('',(-3.055094125,-26.87186743,20.6));
#2473=VERTEX_POINT('',#2472);
#2474=CARTESIAN_POINT('',(-43.509150223,-26.87186743,20.6));
#2475=DIRECTION('',(1.,0.,-0.));
#2476=VECTOR('',#2475,40.454056098);
#2477=LINE('',#2474,#2476);
#2478=EDGE_CURVE('',#2464,#2473,#2477,.T.);
#2479=ORIENTED_EDGE('',*,*,#2478,.T.);
#2480=CARTESIAN_POINT('',(18.865216092,-35.951557213,20.6));
#2481=VERTEX_POINT('',#2480);
#2482=CARTESIAN_POINT('',(-3.055094125,-57.87186743,20.6));
#2483=DIRECTION('',(-0.,-0.,-1.));
#2484=DIRECTION('',(1.,0.,-0.));
#2485=AXIS2_PLACEMENT_3D('',#2482,#2483,#2484);
#2486=CIRCLE('',#2485,31.);
#2487=EDGE_CURVE('',#2473,#2481,#2486,.T.);
#2488=ORIENTED_EDGE('',*,*,#2487,.T.);
#2489=CARTESIAN_POINT('',(31.449688567,-48.536029688,20.6));
#2490=VERTEX_POINT('',#2489);
#2491=CARTESIAN_POINT('',(18.865216092,-35.951557213,20.6));
#2492=DIRECTION('',(0.707106781,-0.707106781,-0.));
#2493=VECTOR('',#2492,17.797131649);
#2494=LINE('',#2491,#2493);
#2495=EDGE_CURVE('',#2481,#2490,#2494,.T.);
#2496=ORIENTED_EDGE('',*,*,#2495,.T.);
#2497=CARTESIAN_POINT('',(38.167202988,-48.536029688,20.6));
#2498=VERTEX_POINT('',#2497);
#2499=CARTESIAN_POINT('',(34.808445777,-45.177272477,20.6));
#2500=DIRECTION('',(0.,0.,1.));
#2501=DIRECTION('',(1.,0.,-0.));
#2502=AXIS2_PLACEMENT_3D('',#2499,#2500,#2501);
#2503=CIRCLE('',#2502,4.75);
#2504=EDGE_CURVE('',#2490,#2498,#2503,.T.);
#2505=ORIENTED_EDGE('',*,*,#2504,.T.);
#2506=CARTESIAN_POINT('',(56.605012035,-30.098220641,20.6));
#2507=VERTEX_POINT('',#2506);
#2508=CARTESIAN_POINT('',(38.167202988,-48.536029688,20.6));
#2509=DIRECTION('',(0.707106781,0.707106781,-0.));
#2510=VECTOR('',#2509,26.074999615);
#2511=LINE('',#2508,#2510);
#2512=EDGE_CURVE('',#2498,#2507,#2511,.T.);
#2513=ORIENTED_EDGE('',*,*,#2512,.T.);
#2514=CARTESIAN_POINT('',(57.996254824,-26.73946343,20.6));
#2515=VERTEX_POINT('',#2514);
#2516=CARTESIAN_POINT('',(53.246254824,-26.73946343,20.6));
#2517=DIRECTION('',(0.,0.,1.));
#2518=DIRECTION('',(1.,0.,-0.));
#2519=AXIS2_PLACEMENT_3D('',#2516,#2517,#2518);
#2520=CIRCLE('',#2519,4.75);
#2521=EDGE_CURVE('',#2507,#2515,#2520,.T.);
#2522=ORIENTED_EDGE('',*,*,#2521,.T.);
#2523=CARTESIAN_POINT('',(56.605012035,-23.380706219,20.6));
#2524=VERTEX_POINT('',#2523);
#2525=CARTESIAN_POINT('',(53.246254824,-26.73946343,20.6));
#2526=DIRECTION('',(0.,0.,1.));
#2527=DIRECTION('',(1.,0.,-0.));
#2528=AXIS2_PLACEMENT_3D('',#2525,#2526,#2527);
#2529=CIRCLE('',#2528,4.75);
#2530=EDGE_CURVE('',#2515,#2524,#2529,.T.);
#2531=ORIENTED_EDGE('',*,*,#2530,.T.);
#2532=CARTESIAN_POINT('',(56.605012035,-23.380706219,20.6));
#2533=DIRECTION('',(-0.707106781,0.707106781,-0.));
#2534=VECTOR('',#2533,17.797131649);
#2535=LINE('',#2532,#2534);
#2536=EDGE_CURVE('',#2524,#2411,#2535,.T.);
#2537=ORIENTED_EDGE('',*,*,#2536,.T.);
#2538=EDGE_LOOP('',(#2420,#2428,#2437,#2445,#2454,#2462,#2471,#2479,#2488,#2496,#2505,#2513,#2522,#2531,#2537));
#2539=FACE_BOUND('',#2538,.T.);
#2540=ORIENTED_EDGE('',*,*,#2030,.F.);
#2541=ORIENTED_EDGE('',*,*,#2066,.F.);
#2542=ORIENTED_EDGE('',*,*,#2099,.F.);
#2543=ORIENTED_EDGE('',*,*,#2130,.F.);
#2544=ORIENTED_EDGE('',*,*,#2164,.T.);
#2545=ORIENTED_EDGE('',*,*,#2194,.F.);
#2546=ORIENTED_EDGE('',*,*,#2227,.F.);
#2547=ORIENTED_EDGE('',*,*,#2258,.F.);
#2548=ORIENTED_EDGE('',*,*,#2291,.F.);
#2549=ORIENTED_EDGE('',*,*,#2322,.F.);
#2550=ORIENTED_EDGE('',*,*,#2355,.F.);
#2551=ORIENTED_EDGE('',*,*,#2377,.F.);
#2552=ORIENTED_EDGE('',*,*,#1588,.T.);
#2553=ORIENTED_EDGE('',*,*,#2399,.F.);
#2554=EDGE_LOOP('',(#2540,#2541,#2542,#2543,#2544,#2545,#2546,#2547,#2548,#2549,#2550,#2551,#2552,#2553));
#2555=FACE_BOUND('',#2554,.T.);
#2556=ADVANCED_FACE('',(#2539,#2555),#2409,.T.);
#2557=CARTESIAN_POINT('',(12.390849777,-13.84686743,5.7));
#2558=DIRECTION('',(0.,0.,-1.));
#2559=DIRECTION('',(-1.,0.,0.));
#2560=AXIS2_PLACEMENT_3D('',#2557,#2558,#2559);
#2561=CYLINDRICAL_SURFACE('',#2560,1.1);
#2562=CARTESIAN_POINT('',(11.290849777,-13.84686743,1.1));
#2563=VERTEX_POINT('',#2562);
#2564=CARTESIAN_POINT('',(11.290849777,-13.84686743,1.1));
#2565=DIRECTION('',(-0.,-0.,1.));
#2566=VECTOR('',#2565,1.9);
#2567=LINE('',#2564,#2566);
#2568=EDGE_CURVE('',#2563,#1249,#2567,.T.);
#2569=ORIENTED_EDGE('',*,*,#2568,.F.);
#2570=CARTESIAN_POINT('',(13.490849777,-13.84686743,1.1));
#2571=VERTEX_POINT('',#2570);
#2572=CARTESIAN_POINT('',(12.390849777,-13.84686743,1.1));
#2573=DIRECTION('',(-0.,-0.,-1.));
#2574=DIRECTION('',(1.,0.,-0.));
#2575=AXIS2_PLACEMENT_3D('',#2572,#2573,#2574);
#2576=CIRCLE('',#2575,1.1);
#2577=EDGE_CURVE('',#2563,#2571,#2576,.T.);
#2578=ORIENTED_EDGE('',*,*,#2577,.T.);
#2579=CARTESIAN_POINT('',(12.390849777,-13.84686743,1.1));
#2580=DIRECTION('',(-0.,-0.,-1.));
#2581=DIRECTION('',(1.,0.,-0.));
#2582=AXIS2_PLACEMENT_3D('',#2579,#2580,#2581);
#2583=CIRCLE('',#2582,1.1);
#2584=EDGE_CURVE('',#2571,#2563,#2583,.T.);
#2585=ORIENTED_EDGE('',*,*,#2584,.T.);
#2586=ORIENTED_EDGE('',*,*,#2568,.T.);
#2587=ORIENTED_EDGE('',*,*,#1257,.T.);
#2588=ORIENTED_EDGE('',*,*,#1264,.T.);
#2589=EDGE_LOOP('',(#2569,#2578,#2585,#2586,#2587,#2588));
#2590=FACE_BOUND('',#2589,.T.);
#2591=ADVANCED_FACE('',(#2590),#2561,.F.);
#2592=CARTESIAN_POINT('',(-25.709150223,-13.84686743,5.7));
#2593=DIRECTION('',(0.,0.,-1.));
#2594=DIRECTION('',(-1.,0.,0.));
#2595=AXIS2_PLACEMENT_3D('',#2592,#2593,#2594);
#2596=CYLINDRICAL_SURFACE('',#2595,1.1);
#2597=CARTESIAN_POINT('',(-26.809150223,-13.84686743,1.1));
#2598=VERTEX_POINT('',#2597);
#2599=CARTESIAN_POINT('',(-26.809150223,-13.84686743,1.1));
#2600=DIRECTION('',(-0.,-0.,1.));
#2601=VECTOR('',#2600,1.9);
#2602=LINE('',#2599,#2601);
#2603=EDGE_CURVE('',#2598,#1229,#2602,.T.);
#2604=ORIENTED_EDGE('',*,*,#2603,.F.);
#2605=CARTESIAN_POINT('',(-24.609150223,-13.84686743,1.1));
#2606=VERTEX_POINT('',#2605);
#2607=CARTESIAN_POINT('',(-25.709150223,-13.84686743,1.1));
#2608=DIRECTION('',(-0.,-0.,-1.));
#2609=DIRECTION('',(1.,0.,-0.));
#2610=AXIS2_PLACEMENT_3D('',#2607,#2608,#2609);
#2611=CIRCLE('',#2610,1.1);
#2612=EDGE_CURVE('',#2598,#2606,#2611,.T.);
#2613=ORIENTED_EDGE('',*,*,#2612,.T.);
#2614=CARTESIAN_POINT('',(-25.709150223,-13.84686743,1.1));
#2615=DIRECTION('',(-0.,-0.,-1.));
#2616=DIRECTION('',(1.,0.,-0.));
#2617=AXIS2_PLACEMENT_3D('',#2614,#2615,#2616);
#2618=CIRCLE('',#2617,1.1);
#2619=EDGE_CURVE('',#2606,#2598,#2618,.T.);
#2620=ORIENTED_EDGE('',*,*,#2619,.T.);
#2621=ORIENTED_EDGE('',*,*,#2603,.T.);
#2622=ORIENTED_EDGE('',*,*,#1237,.T.);
#2623=ORIENTED_EDGE('',*,*,#1244,.T.);
#2624=EDGE_LOOP('',(#2604,#2613,#2620,#2621,#2622,#2623));
#2625=FACE_BOUND('',#2624,.T.);
#2626=ADVANCED_FACE('',(#2625),#2596,.F.);
#2627=CARTESIAN_POINT('',(12.390849777,24.25313257,5.7));
#2628=DIRECTION('',(0.,0.,-1.));
#2629=DIRECTION('',(-1.,0.,0.));
#2630=AXIS2_PLACEMENT_3D('',#2627,#2628,#2629);
#2631=CYLINDRICAL_SURFACE('',#2630,1.1);
#2632=CARTESIAN_POINT('',(11.290849777,24.25313257,1.1));
#2633=VERTEX_POINT('',#2632);
#2634=CARTESIAN_POINT('',(11.290849777,24.25313257,1.1));
#2635=DIRECTION('',(-0.,-0.,1.));
#2636=VECTOR('',#2635,1.9);
#2637=LINE('',#2634,#2636);
#2638=EDGE_CURVE('',#2633,#1209,#2637,.T.);
#2639=ORIENTED_EDGE('',*,*,#2638,.F.);
#2640=CARTESIAN_POINT('',(13.490849777,24.25313257,1.1));
#2641=VERTEX_POINT('',#2640);
#2642=CARTESIAN_POINT('',(12.390849777,24.25313257,1.1));
#2643=DIRECTION('',(-0.,-0.,-1.));
#2644=DIRECTION('',(1.,0.,-0.));
#2645=AXIS2_PLACEMENT_3D('',#2642,#2643,#2644);
#2646=CIRCLE('',#2645,1.1);
#2647=EDGE_CURVE('',#2633,#2641,#2646,.T.);
#2648=ORIENTED_EDGE('',*,*,#2647,.T.);
#2649=CARTESIAN_POINT('',(12.390849777,24.25313257,1.1));
#2650=DIRECTION('',(-0.,-0.,-1.));
#2651=DIRECTION('',(1.,0.,-0.));
#2652=AXIS2_PLACEMENT_3D('',#2649,#2650,#2651);
#2653=CIRCLE('',#2652,1.1);
#2654=EDGE_CURVE('',#2641,#2633,#2653,.T.);
#2655=ORIENTED_EDGE('',*,*,#2654,.T.);
#2656=ORIENTED_EDGE('',*,*,#2638,.T.);
#2657=ORIENTED_EDGE('',*,*,#1217,.T.);
#2658=ORIENTED_EDGE('',*,*,#1224,.T.);
#2659=EDGE_LOOP('',(#2639,#2648,#2655,#2656,#2657,#2658));
#2660=FACE_BOUND('',#2659,.T.);
#2661=ADVANCED_FACE('',(#2660),#2631,.F.);
#2662=CARTESIAN_POINT('',(30.429310171,-37.412863323,5.7));
#2663=DIRECTION('',(0.,0.,-1.));
#2664=DIRECTION('',(-1.,0.,0.));
#2665=AXIS2_PLACEMENT_3D('',#2662,#2663,#2664);
#2666=CYLINDRICAL_SURFACE('',#2665,1.1);
#2667=CARTESIAN_POINT('',(29.329310171,-37.412863323,1.1));
#2668=VERTEX_POINT('',#2667);
#2669=CARTESIAN_POINT('',(29.329310171,-37.412863323,1.1));
#2670=DIRECTION('',(-0.,-0.,1.));
#2671=VECTOR('',#2670,1.9);
#2672=LINE('',#2669,#2671);
#2673=EDGE_CURVE('',#2668,#1189,#2672,.T.);
#2674=ORIENTED_EDGE('',*,*,#2673,.F.);
#2675=CARTESIAN_POINT('',(31.529310171,-37.412863323,1.1));
#2676=VERTEX_POINT('',#2675);
#2677=CARTESIAN_POINT('',(30.429310171,-37.412863323,1.1));
#2678=DIRECTION('',(-0.,-0.,-1.));
#2679=DIRECTION('',(1.,0.,-0.));
#2680=AXIS2_PLACEMENT_3D('',#2677,#2678,#2679);
#2681=CIRCLE('',#2680,1.1);
#2682=EDGE_CURVE('',#2668,#2676,#2681,.T.);
#2683=ORIENTED_EDGE('',*,*,#2682,.T.);
#2684=CARTESIAN_POINT('',(30.429310171,-37.412863323,1.1));
#2685=DIRECTION('',(-0.,-0.,-1.));
#2686=DIRECTION('',(1.,0.,-0.));
#2687=AXIS2_PLACEMENT_3D('',#2684,#2685,#2686);
#2688=CIRCLE('',#2687,1.1);
#2689=EDGE_CURVE('',#2676,#2668,#2688,.T.);
#2690=ORIENTED_EDGE('',*,*,#2689,.T.);
#2691=ORIENTED_EDGE('',*,*,#2673,.T.);
#2692=ORIENTED_EDGE('',*,*,#1197,.T.);
#2693=ORIENTED_EDGE('',*,*,#1204,.T.);
#2694=EDGE_LOOP('',(#2674,#2683,#2690,#2691,#2692,#2693));
#2695=FACE_BOUND('',#2694,.T.);
#2696=ADVANCED_FACE('',(#2695),#2666,.F.);
#2697=CARTESIAN_POINT('',(-25.709150223,24.25313257,5.7));
#2698=DIRECTION('',(0.,0.,-1.));
#2699=DIRECTION('',(-1.,0.,0.));
#2700=AXIS2_PLACEMENT_3D('',#2697,#2698,#2699);
#2701=CYLINDRICAL_SURFACE('',#2700,1.1);
#2702=CARTESIAN_POINT('',(-26.809150223,24.25313257,1.1));
#2703=VERTEX_POINT('',#2702);
#2704=CARTESIAN_POINT('',(-26.809150223,24.25313257,1.1));
#2705=DIRECTION('',(-0.,-0.,1.));
#2706=VECTOR('',#2705,1.9);
#2707=LINE('',#2704,#2706);
#2708=EDGE_CURVE('',#2703,#1169,#2707,.T.);
#2709=ORIENTED_EDGE('',*,*,#2708,.F.);
#2710=CARTESIAN_POINT('',(-24.609150223,24.25313257,1.1));
#2711=VERTEX_POINT('',#2710);
#2712=CARTESIAN_POINT('',(-25.709150223,24.25313257,1.1));
#2713=DIRECTION('',(-0.,-0.,-1.));
#2714=DIRECTION('',(1.,0.,-0.));
#2715=AXIS2_PLACEMENT_3D('',#2712,#2713,#2714);
#2716=CIRCLE('',#2715,1.1);
#2717=EDGE_CURVE('',#2703,#2711,#2716,.T.);
#2718=ORIENTED_EDGE('',*,*,#2717,.T.);
#2719=CARTESIAN_POINT('',(-25.709150223,24.25313257,1.1));
#2720=DIRECTION('',(-0.,-0.,-1.));
#2721=DIRECTION('',(1.,0.,-0.));
#2722=AXIS2_PLACEMENT_3D('',#2719,#2720,#2721);
#2723=CIRCLE('',#2722,1.1);
#2724=EDGE_CURVE('',#2711,#2703,#2723,.T.);
#2725=ORIENTED_EDGE('',*,*,#2724,.T.);
#2726=ORIENTED_EDGE('',*,*,#2708,.T.);
#2727=ORIENTED_EDGE('',*,*,#1177,.T.);
#2728=ORIENTED_EDGE('',*,*,#1184,.T.);
#2729=EDGE_LOOP('',(#2709,#2718,#2725,#2726,#2727,#2728));
#2730=FACE_BOUND('',#2729,.T.);
#2731=ADVANCED_FACE('',(#2730),#2701,.F.);
#2732=CARTESIAN_POINT('',(45.481845671,-22.360327823,5.7));
#2733=DIRECTION('',(0.,0.,-1.));
#2734=DIRECTION('',(-1.,0.,0.));
#2735=AXIS2_PLACEMENT_3D('',#2732,#2733,#2734);
#2736=CYLINDRICAL_SURFACE('',#2735,1.1);
#2737=CARTESIAN_POINT('',(44.381845671,-22.360327823,1.1));
#2738=VERTEX_POINT('',#2737);
#2739=CARTESIAN_POINT('',(44.381845671,-22.360327823,1.1));
#2740=DIRECTION('',(-0.,-0.,1.));
#2741=VECTOR('',#2740,1.9);
#2742=LINE('',#2739,#2741);
#2743=EDGE_CURVE('',#2738,#1149,#2742,.T.);
#2744=ORIENTED_EDGE('',*,*,#2743,.F.);
#2745=CARTESIAN_POINT('',(46.581845671,-22.360327823,1.1));
#2746=VERTEX_POINT('',#2745);
#2747=CARTESIAN_POINT('',(45.481845671,-22.360327823,1.1));
#2748=DIRECTION('',(-0.,-0.,-1.));
#2749=DIRECTION('',(1.,0.,-0.));
#2750=AXIS2_PLACEMENT_3D('',#2747,#2748,#2749);
#2751=CIRCLE('',#2750,1.1);
#2752=EDGE_CURVE('',#2738,#2746,#2751,.T.);
#2753=ORIENTED_EDGE('',*,*,#2752,.T.);
#2754=CARTESIAN_POINT('',(45.481845671,-22.360327823,1.1));
#2755=DIRECTION('',(-0.,-0.,-1.));
#2756=DIRECTION('',(1.,0.,-0.));
#2757=AXIS2_PLACEMENT_3D('',#2754,#2755,#2756);
#2758=CIRCLE('',#2757,1.1);
#2759=EDGE_CURVE('',#2746,#2738,#2758,.T.);
#2760=ORIENTED_EDGE('',*,*,#2759,.T.);
#2761=ORIENTED_EDGE('',*,*,#2743,.T.);
#2762=ORIENTED_EDGE('',*,*,#1157,.T.);
#2763=ORIENTED_EDGE('',*,*,#1164,.T.);
#2764=EDGE_LOOP('',(#2744,#2753,#2760,#2761,#2762,#2763));
#2765=FACE_BOUND('',#2764,.T.);
#2766=ADVANCED_FACE('',(#2765),#2736,.F.);
#2767=CARTESIAN_POINT('',(28.084476188,0.58481606,0.4));
#2768=DIRECTION('',(0.27059805,-0.653281482,0.707106781));
#2769=DIRECTION('',(0.923879533,0.382683432,-0.));
#2770=AXIS2_PLACEMENT_3D('',#2767,#2768,#2769);
#2771=PLANE('',#2770);
#2772=ORIENTED_EDGE('',*,*,#545,.F.);
#2773=ORIENTED_EDGE('',*,*,#1341,.F.);
#2774=CARTESIAN_POINT('',(21.155379694,-2.285309682,0.4));
#2775=DIRECTION('',(-0.754344479,0.312459714,0.577350269));
#2776=VECTOR('',#2775,4.5033321);
#2777=LINE('',#2774,#2776);
#2778=EDGE_CURVE('',#1600,#1330,#2777,.T.);
#2779=ORIENTED_EDGE('',*,*,#2778,.F.);
#2780=ORIENTED_EDGE('',*,*,#1605,.F.);
#2781=EDGE_LOOP('',(#2772,#2773,#2779,#2780));
#2782=FACE_BOUND('',#2781,.T.);
#2783=ADVANCED_FACE('',(#2782),#2771,.T.);
#2784=CARTESIAN_POINT('',(45.672356163,-5.226991144,3.));
#2785=DIRECTION('',(-0.27059805,0.653281482,0.707106781));
#2786=DIRECTION('',(0.923879533,0.382683432,0.));
#2787=AXIS2_PLACEMENT_3D('',#2784,#2785,#2786);
#2788=PLANE('',#2787);
#2789=ORIENTED_EDGE('',*,*,#563,.F.);
#2790=ORIENTED_EDGE('',*,*,#1619,.F.);
#2791=CARTESIAN_POINT('',(24.790872302,-11.062165241,0.4));
#2792=DIRECTION('',(-0.312459714,-0.754344479,0.577350269));
#2793=VECTOR('',#2792,4.5033321);
#2794=LINE('',#2791,#2793);
#2795=EDGE_CURVE('',#1608,#1322,#2794,.T.);
#2796=ORIENTED_EDGE('',*,*,#2795,.T.);
#2797=ORIENTED_EDGE('',*,*,#1327,.F.);
#2798=EDGE_LOOP('',(#2789,#2790,#2796,#2797));
#2799=FACE_BOUND('',#2798,.T.);
#2800=ADVANCED_FACE('',(#2799),#2788,.T.);
#2801=CARTESIAN_POINT('',(23.88199915,-8.867951351,0.4));
#2802=DIRECTION('',(0.653281482,0.27059805,0.707106781));
#2803=DIRECTION('',(-0.382683432,0.923879533,-0.));
#2804=AXIS2_PLACEMENT_3D('',#2801,#2802,#2803);
#2805=PLANE('',#2804);
#2806=ORIENTED_EDGE('',*,*,#2778,.T.);
#2807=ORIENTED_EDGE('',*,*,#1335,.F.);
#2808=ORIENTED_EDGE('',*,*,#2795,.F.);
#2809=ORIENTED_EDGE('',*,*,#1613,.F.);
#2810=EDGE_LOOP('',(#2806,#2807,#2808,#2809));
#2811=FACE_BOUND('',#2810,.T.);
#2812=ADVANCED_FACE('',(#2811),#2805,.T.);
#2813=CARTESIAN_POINT('',(40.764606118,3.942911499,3.));
#2814=DIRECTION('',(-0.923879533,-0.382683432,0.));
#2815=DIRECTION('',(0.382683432,-0.923879533,0.));
#2816=AXIS2_PLACEMENT_3D('',#2813,#2814,#2815);
#2817=CYLINDRICAL_SURFACE('',#2816,1.75);
#2818=CARTESIAN_POINT('',(38.297365406,2.920946935,1.25));
#2819=VERTEX_POINT('',#2818);
#2820=CARTESIAN_POINT('',(38.297365406,2.920946935,1.25));
#2821=DIRECTION('',(-0.923879533,-0.382683432,0.));
#2822=VECTOR('',#2821,4.686950056);
#2823=LINE('',#2820,#2822);
#2824=EDGE_CURVE('',#2819,#331,#2823,.T.);
#2825=ORIENTED_EDGE('',*,*,#2824,.F.);
#2826=CARTESIAN_POINT('',(38.297365406,2.920946935,1.25));
#2827=CARTESIAN_POINT('',(38.241771407,3.108291513,1.25));
#2828=CARTESIAN_POINT('',(38.208103864,3.295218204,1.281495574));
#2829=CARTESIAN_POINT('',(38.189646164,3.479824833,1.341196567));
#2830=CARTESIAN_POINT('',(38.171188465,3.664431462,1.400897559));
#2831=CARTESIAN_POINT('',(38.168400816,3.838249114,1.486087436));
#2832=CARTESIAN_POINT('',(38.171083078,3.998892074,1.595681806));
#2833=CARTESIAN_POINT('',(38.173765339,4.159535035,1.705276176));
#2834=CARTESIAN_POINT('',(38.181862113,4.301148552,1.834993165));
#2835=CARTESIAN_POINT('',(38.186029686,4.42058481,1.98853775));
#2836=CARTESIAN_POINT('',(38.190197259,4.540021069,2.142082336));
#2837=CARTESIAN_POINT('',(38.190216338,4.631346029,2.312693213));
#2838=CARTESIAN_POINT('',(38.177428905,4.686494513,2.5));
#2839=B_SPLINE_CURVE_WITH_KNOTS('',3,(#2826,#2827,#2828,#2829,#2830,#2831,#2832,#2833,#2834,#2835,#2836,#2837,#2838),.UNSPECIFIED.,.F.,.F.,(4,3,3,3,4),(0.,0.000576431,0.001152862,0.001729293,0.002305724),.UNSPECIFIED.);
#2840=EDGE_CURVE('',#2819,#1498,#2839,.T.);
#2841=ORIENTED_EDGE('',*,*,#2840,.T.);
#2842=ORIENTED_EDGE('',*,*,#1522,.T.);
#2843=CARTESIAN_POINT('',(38.608514862,3.049829259,4.75));
#2844=DIRECTION('',(-0.923879533,-0.382683432,0.));
#2845=VECTOR('',#2844,5.0237358);
#2846=LINE('',#2843,#2845);
#2847=EDGE_CURVE('',#1489,#329,#2846,.T.);
#2848=ORIENTED_EDGE('',*,*,#2847,.T.);
#2849=ORIENTED_EDGE('',*,*,#382,.T.);
#2850=EDGE_LOOP('',(#2825,#2841,#2842,#2848,#2849));
#2851=FACE_BOUND('',#2850,.T.);
#2852=ADVANCED_FACE('',(#2851),#2817,.F.);
#2853=CARTESIAN_POINT('',(41.912656415,1.171272902,4.75));
#2854=DIRECTION('',(0.,0.,-1.));
#2855=DIRECTION('',(-1.,0.,0.));
#2856=AXIS2_PLACEMENT_3D('',#2853,#2854,#2855);
#2857=PLANE('',#2856);
#2858=ORIENTED_EDGE('',*,*,#1495,.T.);
#2859=CARTESIAN_POINT('',(40.904615456,-2.493447936,4.75));
#2860=DIRECTION('',(-0.923879533,-0.382683432,0.));
#2861=VECTOR('',#2860,5.0237358);
#2862=LINE('',#2859,#2861);
#2863=EDGE_CURVE('',#1456,#385,#2862,.T.);
#2864=ORIENTED_EDGE('',*,*,#2863,.T.);
#2865=ORIENTED_EDGE('',*,*,#391,.T.);
#2866=ORIENTED_EDGE('',*,*,#2847,.F.);
#2867=EDGE_LOOP('',(#2858,#2864,#2865,#2866));
#2868=FACE_BOUND('',#2867,.T.);
#2869=ADVANCED_FACE('',(#2868),#2857,.T.);
#2870=CARTESIAN_POINT('',(43.060706712,-1.600365696,3.));
#2871=DIRECTION('',(-0.923879533,-0.382683432,0.));
#2872=DIRECTION('',(0.382683432,-0.923879533,0.));
#2873=AXIS2_PLACEMENT_3D('',#2870,#2871,#2872);
#2874=CYLINDRICAL_SURFACE('',#2873,1.75);
#2875=CARTESIAN_POINT('',(37.121331283,-5.954721901,3.));
#2876=DIRECTION('',(0.923879533,0.382683432,-0.));
#2877=VECTOR('',#2876,5.06015975);
#2878=LINE('',#2875,#2877);
#2879=EDGE_CURVE('',#394,#1423,#2878,.T.);
#2880=ORIENTED_EDGE('',*,*,#2879,.F.);
#2881=ORIENTED_EDGE('',*,*,#445,.T.);
#2882=ORIENTED_EDGE('',*,*,#2863,.F.);
#2883=ORIENTED_EDGE('',*,*,#1486,.T.);
#2884=EDGE_LOOP('',(#2880,#2881,#2882,#2883));
#2885=FACE_BOUND('',#2884,.T.);
#2886=ADVANCED_FACE('',(#2885),#2874,.F.);
#2887=CARTESIAN_POINT('',(41.912656415,1.171272902,1.25));
#2888=DIRECTION('',(0.,0.,1.));
#2889=DIRECTION('',(1.,0.,0.));
#2890=AXIS2_PLACEMENT_3D('',#2887,#2888,#2889);
#2891=PLANE('',#2890);
#2892=CARTESIAN_POINT('',(40.593466,-2.62233026,1.25));
#2893=VERTEX_POINT('',#2892);
#2894=CARTESIAN_POINT('',(40.593466,-2.62233026,1.25));
#2895=DIRECTION('',(-0.923879533,-0.382683432,0.));
#2896=VECTOR('',#2895,4.686950056);
#2897=LINE('',#2894,#2896);
#2898=EDGE_CURVE('',#2893,#448,#2897,.T.);
#2899=ORIENTED_EDGE('',*,*,#2898,.F.);
#2900=CARTESIAN_POINT('',(65.940849777,11.124076472,1.25));
#2901=DIRECTION('',(-0.,-0.,-1.));
#2902=DIRECTION('',(1.,0.,-0.));
#2903=AXIS2_PLACEMENT_3D('',#2900,#2901,#2902);
#2904=CIRCLE('',#2903,28.834936491);
#2905=EDGE_CURVE('',#2893,#2819,#2904,.T.);
#2906=ORIENTED_EDGE('',*,*,#2905,.T.);
#2907=ORIENTED_EDGE('',*,*,#2824,.T.);
#2908=ORIENTED_EDGE('',*,*,#506,.T.);
#2909=EDGE_LOOP('',(#2899,#2906,#2907,#2908));
#2910=FACE_BOUND('',#2909,.T.);
#2911=ADVANCED_FACE('',(#2910),#2891,.T.);
#2912=CARTESIAN_POINT('',(-3.055094125,-57.87186743,18.1));
#2913=DIRECTION('',(0.,0.,1.));
#2914=DIRECTION('',(1.,0.,-0.));
#2915=AXIS2_PLACEMENT_3D('',#2912,#2913,#2914);
#2916=TOROIDAL_SURFACE('',#2915,31.,2.5);
#2917=CARTESIAN_POINT('',(18.865216092,-35.951557213,18.1));
#2918=DIRECTION('',(0.707106781,-0.707106781,-0.));
#2919=DIRECTION('',(-0.707106781,-0.707106781,0.));
#2920=AXIS2_PLACEMENT_3D('',#2917,#2918,#2919);
#2921=CIRCLE('',#2920,2.5);
#2922=EDGE_CURVE('',#2481,#1927,#2921,.T.);
#2923=ORIENTED_EDGE('',*,*,#2922,.F.);
#2924=ORIENTED_EDGE('',*,*,#2487,.F.);
#2925=CARTESIAN_POINT('',(-3.055094125,-26.87186743,18.1));
#2926=DIRECTION('',(-1.,-0.,-0.));
#2927=DIRECTION('',(0.,0.,-1.));
#2928=AXIS2_PLACEMENT_3D('',#2925,#2926,#2927);
#2929=CIRCLE('',#2928,2.5);
#2930=EDGE_CURVE('',#1895,#2473,#2929,.T.);
#2931=ORIENTED_EDGE('',*,*,#2930,.F.);
#2932=ORIENTED_EDGE('',*,*,#1939,.F.);
#2933=EDGE_LOOP('',(#2923,#2924,#2931,#2932));
#2934=FACE_BOUND('',#2933,.T.);
#2935=ADVANCED_FACE('',(#2934),#2916,.T.);
#2936=CARTESIAN_POINT('',(-148.264150223,-26.87186743,18.1));
#2937=DIRECTION('',(1.,0.,0.));
#2938=DIRECTION('',(0.,0.,-1.));
#2939=AXIS2_PLACEMENT_3D('',#2936,#2937,#2938);
#2940=CYLINDRICAL_SURFACE('',#2939,2.5);
#2941=ORIENTED_EDGE('',*,*,#2930,.T.);
#2942=ORIENTED_EDGE('',*,*,#2478,.F.);
#2943=CARTESIAN_POINT('',(-43.509150223,-26.87186743,18.1));
#2944=DIRECTION('',(-1.,-0.,-0.));
#2945=DIRECTION('',(0.,0.,-1.));
#2946=AXIS2_PLACEMENT_3D('',#2943,#2944,#2945);
#2947=CIRCLE('',#2946,2.5);
#2948=EDGE_CURVE('',#1863,#2464,#2947,.T.);
#2949=ORIENTED_EDGE('',*,*,#2948,.F.);
#2950=ORIENTED_EDGE('',*,*,#1906,.F.);
#2951=EDGE_LOOP('',(#2941,#2942,#2949,#2950));
#2952=FACE_BOUND('',#2951,.T.);
#2953=ADVANCED_FACE('',(#2952),#2940,.T.);
#2954=CARTESIAN_POINT('',(25.15745233,-42.24379345,18.1));
#2955=DIRECTION('',(-0.707106781,0.707106781,0.));
#2956=DIRECTION('',(-0.707106781,-0.707106781,0.));
#2957=AXIS2_PLACEMENT_3D('',#2954,#2955,#2956);
#2958=CYLINDRICAL_SURFACE('',#2957,2.5);
#2959=ORIENTED_EDGE('',*,*,#2922,.T.);
#2960=ORIENTED_EDGE('',*,*,#1970,.F.);
#2961=CARTESIAN_POINT('',(31.449688567,-48.536029688,18.1));
#2962=DIRECTION('',(0.707106781,-0.707106781,-0.));
#2963=DIRECTION('',(-0.707106781,-0.707106781,0.));
#2964=AXIS2_PLACEMENT_3D('',#2961,#2962,#2963);
#2965=CIRCLE('',#2964,2.5);
#2966=EDGE_CURVE('',#2490,#1959,#2965,.T.);
#2967=ORIENTED_EDGE('',*,*,#2966,.F.);
#2968=ORIENTED_EDGE('',*,*,#2495,.F.);
#2969=EDGE_LOOP('',(#2959,#2960,#2967,#2968));
#2970=FACE_BOUND('',#2969,.T.);
#2971=ADVANCED_FACE('',(#2970),#2958,.T.);
#2972=CARTESIAN_POINT('',(-43.509150223,-22.12186743,18.1));
#2973=DIRECTION('',(0.,0.,1.));
#2974=DIRECTION('',(1.,0.,-0.));
#2975=AXIS2_PLACEMENT_3D('',#2972,#2973,#2974);
#2976=TOROIDAL_SURFACE('',#2975,4.75,2.5);
#2977=ORIENTED_EDGE('',*,*,#2948,.T.);
#2978=ORIENTED_EDGE('',*,*,#2470,.F.);
#2979=CARTESIAN_POINT('',(-48.259150223,-22.12186743,18.1));
#2980=DIRECTION('',(-0.,1.,-0.));
#2981=DIRECTION('',(0.,0.,-1.));
#2982=AXIS2_PLACEMENT_3D('',#2979,#2980,#2981);
#2983=CIRCLE('',#2982,2.5);
#2984=EDGE_CURVE('',#1831,#2456,#2983,.T.);
#2985=ORIENTED_EDGE('',*,*,#2984,.F.);
#2986=ORIENTED_EDGE('',*,*,#1875,.F.);
#2987=EDGE_LOOP('',(#2977,#2978,#2985,#2986));
#2988=FACE_BOUND('',#2987,.T.);
#2989=ADVANCED_FACE('',(#2988),#2976,.T.);
#2990=CARTESIAN_POINT('',(34.808445777,-45.177272477,18.1));
#2991=DIRECTION('',(0.,0.,1.));
#2992=DIRECTION('',(1.,0.,-0.));
#2993=AXIS2_PLACEMENT_3D('',#2990,#2991,#2992);
#2994=TOROIDAL_SURFACE('',#2993,4.75,2.5);
#2995=ORIENTED_EDGE('',*,*,#2966,.T.);
#2996=ORIENTED_EDGE('',*,*,#1994,.F.);
#2997=CARTESIAN_POINT('',(38.167202988,-48.536029688,18.1));
#2998=DIRECTION('',(0.707106781,0.707106781,0.));
#2999=DIRECTION('',(-0.707106781,0.707106781,0.));
#3000=AXIS2_PLACEMENT_3D('',#2997,#2998,#2999);
#3001=CIRCLE('',#3000,2.5);
#3002=EDGE_CURVE('',#2498,#1632,#3001,.T.);
#3003=ORIENTED_EDGE('',*,*,#3002,.F.);
#3004=ORIENTED_EDGE('',*,*,#2504,.F.);
#3005=EDGE_LOOP('',(#2995,#2996,#3003,#3004));
#3006=FACE_BOUND('',#3005,.T.);
#3007=ADVANCED_FACE('',(#3006),#2994,.T.);
#3008=CARTESIAN_POINT('',(-48.259150223,110.61313257,18.1));
#3009=DIRECTION('',(0.,-1.,0.));
#3010=DIRECTION('',(0.,0.,-1.));
#3011=AXIS2_PLACEMENT_3D('',#3008,#3009,#3010);
#3012=CYLINDRICAL_SURFACE('',#3011,2.5);
#3013=ORIENTED_EDGE('',*,*,#2984,.T.);
#3014=ORIENTED_EDGE('',*,*,#2461,.F.);
#3015=CARTESIAN_POINT('',(-48.259150223,32.52813257,18.1));
#3016=DIRECTION('',(-0.,1.,-0.));
#3017=DIRECTION('',(0.,0.,-1.));
#3018=AXIS2_PLACEMENT_3D('',#3015,#3016,#3017);
#3019=CIRCLE('',#3018,2.5);
#3020=EDGE_CURVE('',#1799,#2447,#3019,.T.);
#3021=ORIENTED_EDGE('',*,*,#3020,.F.);
#3022=ORIENTED_EDGE('',*,*,#1842,.F.);
#3023=EDGE_LOOP('',(#3013,#3014,#3021,#3022));
#3024=FACE_BOUND('',#3023,.T.);
#3025=ADVANCED_FACE('',(#3024),#3012,.T.);
#3026=CARTESIAN_POINT('',(47.386107512,-39.317125164,18.1));
#3027=DIRECTION('',(-0.707106781,-0.707106781,0.));
#3028=DIRECTION('',(0.707106781,-0.707106781,0.));
#3029=AXIS2_PLACEMENT_3D('',#3026,#3027,#3028);
#3030=CYLINDRICAL_SURFACE('',#3029,2.5);
#3031=ORIENTED_EDGE('',*,*,#3002,.T.);
#3032=ORIENTED_EDGE('',*,*,#1659,.F.);
#3033=CARTESIAN_POINT('',(56.605012035,-30.098220641,18.1));
#3034=DIRECTION('',(0.707106781,0.707106781,-0.));
#3035=DIRECTION('',(0.707106781,-0.707106781,0.));
#3036=AXIS2_PLACEMENT_3D('',#3033,#3034,#3035);
#3037=CIRCLE('',#3036,2.5);
#3038=EDGE_CURVE('',#2507,#1648,#3037,.T.);
#3039=ORIENTED_EDGE('',*,*,#3038,.F.);
#3040=ORIENTED_EDGE('',*,*,#2512,.F.);
#3041=EDGE_LOOP('',(#3031,#3032,#3039,#3040));
#3042=FACE_BOUND('',#3041,.T.);
#3043=ADVANCED_FACE('',(#3042),#3030,.T.);
#3044=CARTESIAN_POINT('',(-43.509150223,32.52813257,18.1));
#3045=DIRECTION('',(0.,0.,1.));
#3046=DIRECTION('',(1.,0.,-0.));
#3047=AXIS2_PLACEMENT_3D('',#3044,#3045,#3046);
#3048=TOROIDAL_SURFACE('',#3047,4.75,2.5);
#3049=ORIENTED_EDGE('',*,*,#3020,.T.);
#3050=ORIENTED_EDGE('',*,*,#2453,.F.);
#3051=CARTESIAN_POINT('',(-43.509150223,37.27813257,18.1));
#3052=DIRECTION('',(1.,-0.,-0.));
#3053=DIRECTION('',(0.,0.,1.));
#3054=AXIS2_PLACEMENT_3D('',#3051,#3052,#3053);
#3055=CIRCLE('',#3054,2.5);
#3056=EDGE_CURVE('',#1382,#2439,#3055,.T.);
#3057=ORIENTED_EDGE('',*,*,#3056,.F.);
#3058=ORIENTED_EDGE('',*,*,#1811,.F.);
#3059=EDGE_LOOP('',(#3049,#3050,#3057,#3058));
#3060=FACE_BOUND('',#3059,.T.);
#3061=ADVANCED_FACE('',(#3060),#3048,.T.);
#3062=CARTESIAN_POINT('',(53.246254824,-26.73946343,18.1));
#3063=DIRECTION('',(0.,0.,1.));
#3064=DIRECTION('',(1.,0.,-0.));
#3065=AXIS2_PLACEMENT_3D('',#3062,#3063,#3064);
#3066=TOROIDAL_SURFACE('',#3065,4.75,2.5);
#3067=CARTESIAN_POINT('',(57.996254824,-26.73946343,18.1));
#3068=DIRECTION('',(-0.,1.,-0.));
#3069=DIRECTION('',(1.,0.,0.));
#3070=AXIS2_PLACEMENT_3D('',#3067,#3068,#3069);
#3071=CIRCLE('',#3070,2.5);
#3072=EDGE_CURVE('',#2515,#1670,#3071,.T.);
#3073=ORIENTED_EDGE('',*,*,#3072,.T.);
#3074=ORIENTED_EDGE('',*,*,#1701,.F.);
#3075=CARTESIAN_POINT('',(56.605012035,-23.380706219,18.1));
#3076=DIRECTION('',(-0.707106781,0.707106781,0.));
#3077=DIRECTION('',(-0.707106781,-0.707106781,0.));
#3078=AXIS2_PLACEMENT_3D('',#3075,#3076,#3077);
#3079=CIRCLE('',#3078,2.5);
#3080=EDGE_CURVE('',#2524,#1689,#3079,.T.);
#3081=ORIENTED_EDGE('',*,*,#3080,.F.);
#3082=ORIENTED_EDGE('',*,*,#2530,.F.);
#3083=EDGE_LOOP('',(#3073,#3074,#3081,#3082));
#3084=FACE_BOUND('',#3083,.T.);
#3085=ADVANCED_FACE('',(#3084),#3066,.T.);
#3086=CARTESIAN_POINT('',(-148.264150223,37.27813257,18.1));
#3087=DIRECTION('',(-1.,0.,0.));
#3088=DIRECTION('',(0.,0.,1.));
#3089=AXIS2_PLACEMENT_3D('',#3086,#3087,#3088);
#3090=CYLINDRICAL_SURFACE('',#3089,2.5);
#3091=ORIENTED_EDGE('',*,*,#3056,.T.);
#3092=ORIENTED_EDGE('',*,*,#2444,.F.);
#3093=CARTESIAN_POINT('',(30.190849777,37.27813257,18.1));
#3094=DIRECTION('',(1.,-0.,-0.));
#3095=DIRECTION('',(0.,0.,1.));
#3096=AXIS2_PLACEMENT_3D('',#3093,#3094,#3095);
#3097=CIRCLE('',#3096,2.5);
#3098=EDGE_CURVE('',#1357,#2430,#3097,.T.);
#3099=ORIENTED_EDGE('',*,*,#3098,.F.);
#3100=ORIENTED_EDGE('',*,*,#1393,.F.);
#3101=EDGE_LOOP('',(#3091,#3092,#3099,#3100));
#3102=FACE_BOUND('',#3101,.T.);
#3103=ADVANCED_FACE('',(#3102),#3090,.T.);
#3104=CARTESIAN_POINT('',(50.312775798,-17.088469982,18.1));
#3105=DIRECTION('',(0.707106781,-0.707106781,0.));
#3106=DIRECTION('',(0.707106781,0.707106781,0.));
#3107=AXIS2_PLACEMENT_3D('',#3104,#3105,#3106);
#3108=CYLINDRICAL_SURFACE('',#3107,2.5);
#3109=ORIENTED_EDGE('',*,*,#3080,.T.);
#3110=ORIENTED_EDGE('',*,*,#1723,.F.);
#3111=CARTESIAN_POINT('',(44.020539561,-10.796233745,18.1));
#3112=DIRECTION('',(-0.707106781,0.707106781,-0.));
#3113=DIRECTION('',(0.707106781,0.707106781,0.));
#3114=AXIS2_PLACEMENT_3D('',#3111,#3112,#3113);
#3115=CIRCLE('',#3114,2.5);
#3116=EDGE_CURVE('',#2411,#1406,#3115,.T.);
#3117=ORIENTED_EDGE('',*,*,#3116,.F.);
#3118=ORIENTED_EDGE('',*,*,#2536,.F.);
#3119=EDGE_LOOP('',(#3109,#3110,#3117,#3118));
#3120=FACE_BOUND('',#3119,.T.);
#3121=ADVANCED_FACE('',(#3120),#3108,.T.);
#3122=CARTESIAN_POINT('',(30.190849777,32.52813257,18.1));
#3123=DIRECTION('',(0.,0.,1.));
#3124=DIRECTION('',(1.,0.,-0.));
#3125=AXIS2_PLACEMENT_3D('',#3122,#3123,#3124);
#3126=TOROIDAL_SURFACE('',#3125,4.75,2.5);
#3127=ORIENTED_EDGE('',*,*,#3098,.T.);
#3128=ORIENTED_EDGE('',*,*,#2436,.F.);
#3129=CARTESIAN_POINT('',(34.940849777,32.52813257,18.1));
#3130=DIRECTION('',(0.,-1.,0.));
#3131=DIRECTION('',(0.,0.,-1.));
#3132=AXIS2_PLACEMENT_3D('',#3129,#3130,#3131);
#3133=CIRCLE('',#3132,2.5);
#3134=EDGE_CURVE('',#1743,#2422,#3133,.T.);
#3135=ORIENTED_EDGE('',*,*,#3134,.F.);
#3136=ORIENTED_EDGE('',*,*,#1778,.F.);
#3137=EDGE_LOOP('',(#3127,#3128,#3135,#3136));
#3138=FACE_BOUND('',#3137,.T.);
#3139=ADVANCED_FACE('',(#3138),#3126,.T.);
#3140=CARTESIAN_POINT('',(65.940849777,11.124076472,18.1));
#3141=DIRECTION('',(0.,0.,1.));
#3142=DIRECTION('',(1.,0.,-0.));
#3143=AXIS2_PLACEMENT_3D('',#3140,#3141,#3142);
#3144=TOROIDAL_SURFACE('',#3143,31.,2.5);
#3145=ORIENTED_EDGE('',*,*,#3116,.T.);
#3146=ORIENTED_EDGE('',*,*,#1546,.F.);
#3147=CARTESIAN_POINT('',(34.940849777,11.124076472,18.1));
#3148=DIRECTION('',(0.,1.,-0.));
#3149=DIRECTION('',(1.,-0.,0.));
#3150=AXIS2_PLACEMENT_3D('',#3147,#3148,#3149);
#3151=CIRCLE('',#3150,2.5);
#3152=EDGE_CURVE('',#2413,#1534,#3151,.T.);
#3153=ORIENTED_EDGE('',*,*,#3152,.F.);
#3154=ORIENTED_EDGE('',*,*,#2419,.F.);
#3155=EDGE_LOOP('',(#3145,#3146,#3153,#3154));
#3156=FACE_BOUND('',#3155,.T.);
#3157=ADVANCED_FACE('',(#3156),#3144,.T.);
#3158=CARTESIAN_POINT('',(34.940849777,21.826104521,18.1));
#3159=DIRECTION('',(0.,-1.,0.));
#3160=DIRECTION('',(0.,0.,-1.));
#3161=AXIS2_PLACEMENT_3D('',#3158,#3159,#3160);
#3162=CYLINDRICAL_SURFACE('',#3161,2.5);
#3163=ORIENTED_EDGE('',*,*,#3134,.T.);
#3164=ORIENTED_EDGE('',*,*,#2427,.F.);
#3165=ORIENTED_EDGE('',*,*,#3152,.T.);
#3166=ORIENTED_EDGE('',*,*,#1754,.F.);
#3167=EDGE_LOOP('',(#3163,#3164,#3165,#3166));
#3168=FACE_BOUND('',#3167,.T.);
#3169=ADVANCED_FACE('',(#3168),#3162,.T.);
#3170=CARTESIAN_POINT('',(-6.659150223,26.77813257,1.4));
#3171=DIRECTION('',(0.,0.,-1.));
#3172=DIRECTION('',(-1.,0.,0.));
#3173=AXIS2_PLACEMENT_3D('',#3170,#3171,#3172);
#3174=PLANE('',#3173);
#3175=ORIENTED_EDGE('',*,*,#1073,.T.);
#3176=CARTESIAN_POINT('',(-3.784150223,39.523127002,1.4));
#3177=DIRECTION('',(-1.,0.,0.));
#3178=VECTOR('',#3177,5.75);
#3179=LINE('',#3176,#3178);
#3180=EDGE_CURVE('',#1044,#1094,#3179,.T.);
#3181=ORIENTED_EDGE('',*,*,#3180,.T.);
#3182=ORIENTED_EDGE('',*,*,#1099,.F.);
#3183=CARTESIAN_POINT('',(-15.909150223,37.77813257,1.4));
#3184=VERTEX_POINT('',#3183);
#3185=CARTESIAN_POINT('',(-9.534150223,37.77813257,1.4));
#3186=DIRECTION('',(-1.,0.,0.));
#3187=VECTOR('',#3186,6.375);
#3188=LINE('',#3185,#3187);
#3189=EDGE_CURVE('',#1092,#3184,#3188,.T.);
#3190=ORIENTED_EDGE('',*,*,#3189,.T.);
#3191=CARTESIAN_POINT('',(-15.909150223,4.02813257,1.4));
#3192=VERTEX_POINT('',#3191);
#3193=CARTESIAN_POINT('',(-15.909150223,37.77813257,1.4));
#3194=DIRECTION('',(0.,-1.,0.));
#3195=VECTOR('',#3194,33.75);
#3196=LINE('',#3193,#3195);
#3197=EDGE_CURVE('',#3184,#3192,#3196,.T.);
#3198=ORIENTED_EDGE('',*,*,#3197,.T.);
#3199=CARTESIAN_POINT('',(-14.659150223,2.77813257,1.4));
#3200=VERTEX_POINT('',#3199);
#3201=CARTESIAN_POINT('',(-14.659150223,4.02813257,1.4));
#3202=DIRECTION('',(0.,0.,1.));
#3203=DIRECTION('',(1.,0.,-0.));
#3204=AXIS2_PLACEMENT_3D('',#3201,#3202,#3203);
#3205=CIRCLE('',#3204,1.25);
#3206=EDGE_CURVE('',#3192,#3200,#3205,.T.);
#3207=ORIENTED_EDGE('',*,*,#3206,.T.);
#3208=CARTESIAN_POINT('',(1.340849777,2.77813257,1.4));
#3209=VERTEX_POINT('',#3208);
#3210=CARTESIAN_POINT('',(1.340849777,2.77813257,1.4));
#3211=DIRECTION('',(-1.,0.,0.));
#3212=VECTOR('',#3211,16.);
#3213=LINE('',#3210,#3212);
#3214=EDGE_CURVE('',#3209,#3200,#3213,.T.);
#3215=ORIENTED_EDGE('',*,*,#3214,.F.);
#3216=CARTESIAN_POINT('',(2.590849777,4.02813257,1.4));
#3217=VERTEX_POINT('',#3216);
#3218=CARTESIAN_POINT('',(1.340849777,4.02813257,1.4));
#3219=DIRECTION('',(0.,0.,1.));
#3220=DIRECTION('',(1.,0.,-0.));
#3221=AXIS2_PLACEMENT_3D('',#3218,#3219,#3220);
#3222=CIRCLE('',#3221,1.25);
#3223=EDGE_CURVE('',#3209,#3217,#3222,.T.);
#3224=ORIENTED_EDGE('',*,*,#3223,.T.);
#3225=CARTESIAN_POINT('',(2.590849777,37.77813257,1.4));
#3226=VERTEX_POINT('',#3225);
#3227=CARTESIAN_POINT('',(2.590849777,37.77813257,1.4));
#3228=DIRECTION('',(0.,-1.,0.));
#3229=VECTOR('',#3228,33.75);
#3230=LINE('',#3227,#3229);
#3231=EDGE_CURVE('',#3226,#3217,#3230,.T.);
#3232=ORIENTED_EDGE('',*,*,#3231,.F.);
#3233=CARTESIAN_POINT('',(2.590849777,37.77813257,1.4));
#3234=DIRECTION('',(-1.,0.,0.));
#3235=VECTOR('',#3234,6.375);
#3236=LINE('',#3233,#3235);
#3237=EDGE_CURVE('',#3226,#1068,#3236,.T.);
#3238=ORIENTED_EDGE('',*,*,#3237,.T.);
#3239=EDGE_LOOP('',(#3175,#3181,#3182,#3190,#3198,#3207,#3215,#3224,#3232,#3238));
#3240=FACE_BOUND('',#3239,.T.);
#3241=ADVANCED_FACE('',(#3240),#3174,.F.);
#3242=CARTESIAN_POINT('',(2.590849777,20.27813257,1.4));
#3243=DIRECTION('',(-1.,0.,0.));
#3244=DIRECTION('',(0.,0.,1.));
#3245=AXIS2_PLACEMENT_3D('',#3242,#3243,#3244);
#3246=PLANE('',#3245);
#3247=ORIENTED_EDGE('',*,*,#901,.T.);
#3248=CARTESIAN_POINT('',(2.590849777,37.77813257,6.));
#3249=VERTEX_POINT('',#3248);
#3250=CARTESIAN_POINT('',(2.590849777,34.77813257,9.));
#3251=DIRECTION('',(-0.,0.707106781,-0.707106781));
#3252=VECTOR('',#3251,4.242640687);
#3253=LINE('',#3250,#3252);
#3254=EDGE_CURVE('',#888,#3249,#3253,.T.);
#3255=ORIENTED_EDGE('',*,*,#3254,.T.);
#3256=CARTESIAN_POINT('',(2.590849777,37.77813257,1.4));
#3257=DIRECTION('',(0.,0.,1.));
#3258=VECTOR('',#3257,4.6);
#3259=LINE('',#3256,#3258);
#3260=EDGE_CURVE('',#3226,#3249,#3259,.T.);
#3261=ORIENTED_EDGE('',*,*,#3260,.F.);
#3262=ORIENTED_EDGE('',*,*,#3231,.T.);
#3263=CARTESIAN_POINT('',(2.590849777,4.02813257,1.4));
#3264=DIRECTION('',(0.,0.,1.));
#3265=VECTOR('',#3264,1.6);
#3266=LINE('',#3263,#3265);
#3267=EDGE_CURVE('',#3217,#1270,#3266,.T.);
#3268=ORIENTED_EDGE('',*,*,#3267,.T.);
#3269=ORIENTED_EDGE('',*,*,#1275,.F.);
#3270=EDGE_LOOP('',(#3247,#3255,#3261,#3262,#3268,#3269));
#3271=FACE_BOUND('',#3270,.T.);
#3272=ADVANCED_FACE('',(#3271),#3246,.T.);
#3273=CARTESIAN_POINT('',(-15.909150223,20.27813257,1.4));
#3274=DIRECTION('',(-1.,0.,0.));
#3275=DIRECTION('',(0.,0.,1.));
#3276=AXIS2_PLACEMENT_3D('',#3273,#3274,#3275);
#3277=PLANE('',#3276);
#3278=CARTESIAN_POINT('',(-15.909150223,37.77813257,6.));
#3279=VERTEX_POINT('',#3278);
#3280=CARTESIAN_POINT('',(-15.909150223,37.77813257,6.));
#3281=DIRECTION('',(0.,0.,-1.));
#3282=VECTOR('',#3281,4.6);
#3283=LINE('',#3280,#3282);
#3284=EDGE_CURVE('',#3279,#3184,#3283,.T.);
#3285=ORIENTED_EDGE('',*,*,#3284,.F.);
#3286=CARTESIAN_POINT('',(-15.909150223,37.77813257,6.));
#3287=DIRECTION('',(0.,-0.707106781,0.707106781));
#3288=VECTOR('',#3287,4.242640687);
#3289=LINE('',#3286,#3288);
#3290=EDGE_CURVE('',#3279,#289,#3289,.T.);
#3291=ORIENTED_EDGE('',*,*,#3290,.T.);
#3292=ORIENTED_EDGE('',*,*,#296,.T.);
#3293=ORIENTED_EDGE('',*,*,#1307,.T.);
#3294=CARTESIAN_POINT('',(-15.909150223,4.02813257,1.4));
#3295=DIRECTION('',(0.,0.,1.));
#3296=VECTOR('',#3295,1.6);
#3297=LINE('',#3294,#3296);
#3298=EDGE_CURVE('',#3192,#1295,#3297,.T.);
#3299=ORIENTED_EDGE('',*,*,#3298,.F.);
#3300=ORIENTED_EDGE('',*,*,#3197,.F.);
#3301=EDGE_LOOP('',(#3285,#3291,#3292,#3293,#3299,#3300));
#3302=FACE_BOUND('',#3301,.T.);
#3303=ADVANCED_FACE('',(#3302),#3277,.F.);
#3304=CARTESIAN_POINT('',(-14.659150223,4.02813257,1.4));
#3305=DIRECTION('',(0.,0.,1.));
#3306=DIRECTION('',(1.,0.,-0.));
#3307=AXIS2_PLACEMENT_3D('',#3304,#3305,#3306);
#3308=CYLINDRICAL_SURFACE('',#3307,1.25);
#3309=ORIENTED_EDGE('',*,*,#1301,.T.);
#3310=CARTESIAN_POINT('',(-14.659150223,2.77813257,1.4));
#3311=DIRECTION('',(0.,0.,1.));
#3312=VECTOR('',#3311,1.6);
#3313=LINE('',#3310,#3312);
#3314=EDGE_CURVE('',#3200,#1287,#3313,.T.);
#3315=ORIENTED_EDGE('',*,*,#3314,.F.);
#3316=ORIENTED_EDGE('',*,*,#3206,.F.);
#3317=ORIENTED_EDGE('',*,*,#3298,.T.);
#3318=EDGE_LOOP('',(#3309,#3315,#3316,#3317));
#3319=FACE_BOUND('',#3318,.T.);
#3320=ADVANCED_FACE('',(#3319),#3308,.F.);
#3321=CARTESIAN_POINT('',(-6.659150223,2.77813257,1.4));
#3322=DIRECTION('',(0.,1.,0.));
#3323=DIRECTION('',(0.,0.,1.));
#3324=AXIS2_PLACEMENT_3D('',#3321,#3322,#3323);
#3325=PLANE('',#3324);
#3326=ORIENTED_EDGE('',*,*,#1292,.F.);
#3327=CARTESIAN_POINT('',(1.340849777,2.77813257,1.4));
#3328=DIRECTION('',(0.,0.,1.));
#3329=VECTOR('',#3328,1.6);
#3330=LINE('',#3327,#3329);
#3331=EDGE_CURVE('',#3209,#1278,#3330,.T.);
#3332=ORIENTED_EDGE('',*,*,#3331,.F.);
#3333=ORIENTED_EDGE('',*,*,#3214,.T.);
#3334=ORIENTED_EDGE('',*,*,#3314,.T.);
#3335=EDGE_LOOP('',(#3326,#3332,#3333,#3334));
#3336=FACE_BOUND('',#3335,.T.);
#3337=ADVANCED_FACE('',(#3336),#3325,.T.);
#3338=CARTESIAN_POINT('',(1.340849777,4.02813257,1.4));
#3339=DIRECTION('',(0.,0.,1.));
#3340=DIRECTION('',(1.,0.,-0.));
#3341=AXIS2_PLACEMENT_3D('',#3338,#3339,#3340);
#3342=CYLINDRICAL_SURFACE('',#3341,1.25);
#3343=ORIENTED_EDGE('',*,*,#1284,.T.);
#3344=ORIENTED_EDGE('',*,*,#3267,.F.);
#3345=ORIENTED_EDGE('',*,*,#3223,.F.);
#3346=ORIENTED_EDGE('',*,*,#3331,.T.);
#3347=EDGE_LOOP('',(#3343,#3344,#3345,#3346));
#3348=FACE_BOUND('',#3347,.T.);
#3349=ADVANCED_FACE('',(#3348),#3342,.F.);
#3350=CARTESIAN_POINT('',(-6.659150223,37.77813257,21.6));
#3351=DIRECTION('',(0.,-1.,0.));
#3352=DIRECTION('',(0.,0.,-1.));
#3353=AXIS2_PLACEMENT_3D('',#3350,#3351,#3352);
#3354=PLANE('',#3353);
#3355=ORIENTED_EDGE('',*,*,#1138,.F.);
#3356=ORIENTED_EDGE('',*,*,#1010,.T.);
#3357=ORIENTED_EDGE('',*,*,#1080,.F.);
#3358=ORIENTED_EDGE('',*,*,#3237,.F.);
#3359=ORIENTED_EDGE('',*,*,#3260,.T.);
#3360=CARTESIAN_POINT('',(2.590849777,37.77813257,6.));
#3361=DIRECTION('',(-1.,0.,0.));
#3362=VECTOR('',#3361,18.5);
#3363=LINE('',#3360,#3362);
#3364=EDGE_CURVE('',#3249,#3279,#3363,.T.);
#3365=ORIENTED_EDGE('',*,*,#3364,.T.);
#3366=ORIENTED_EDGE('',*,*,#3284,.T.);
#3367=ORIENTED_EDGE('',*,*,#3189,.F.);
#3368=EDGE_LOOP('',(#3355,#3356,#3357,#3358,#3359,#3365,#3366,#3367));
#3369=FACE_BOUND('',#3368,.T.);
#3370=ADVANCED_FACE('',(#3369),#3354,.T.);
#3371=CARTESIAN_POINT('',(-148.264150223,110.61313257,11.));
#3372=DIRECTION('',(0.,0.,1.));
#3373=DIRECTION('',(1.,0.,0.));
#3374=AXIS2_PLACEMENT_3D('',#3371,#3372,#3373);
#3375=PLANE('',#3374);
#3376=CARTESIAN_POINT('',(53.42303152,-26.916240125,11.));
#3377=VERTEX_POINT('',#3376);
#3378=CARTESIAN_POINT('',(53.42303152,-26.562686735,11.));
#3379=VERTEX_POINT('',#3378);
#3380=CARTESIAN_POINT('',(53.246254824,-26.73946343,11.));
#3381=DIRECTION('',(0.,0.,1.));
#3382=DIRECTION('',(1.,0.,-0.));
#3383=AXIS2_PLACEMENT_3D('',#3380,#3381,#3382);
#3384=CIRCLE('',#3383,0.25);
#3385=EDGE_CURVE('',#3377,#3379,#3384,.T.);
#3386=ORIENTED_EDGE('',*,*,#3385,.F.);
#3387=CARTESIAN_POINT('',(34.985222473,-45.354049172,11.));
#3388=VERTEX_POINT('',#3387);
#3389=CARTESIAN_POINT('',(34.985222473,-45.354049172,11.));
#3390=DIRECTION('',(0.707106781,0.707106781,0.));
#3391=VECTOR('',#3390,26.074999615);
#3392=LINE('',#3389,#3391);
#3393=EDGE_CURVE('',#3388,#3377,#3392,.T.);
#3394=ORIENTED_EDGE('',*,*,#3393,.F.);
#3395=CARTESIAN_POINT('',(34.631669082,-45.354049172,11.));
#3396=VERTEX_POINT('',#3395);
#3397=CARTESIAN_POINT('',(34.808445777,-45.177272477,11.));
#3398=DIRECTION('',(0.,0.,1.));
#3399=DIRECTION('',(1.,0.,-0.));
#3400=AXIS2_PLACEMENT_3D('',#3397,#3398,#3399);
#3401=CIRCLE('',#3400,0.25);
#3402=EDGE_CURVE('',#3396,#3388,#3401,.T.);
#3403=ORIENTED_EDGE('',*,*,#3402,.F.);
#3404=CARTESIAN_POINT('',(22.047196608,-32.769576698,11.));
#3405=VERTEX_POINT('',#3404);
#3406=CARTESIAN_POINT('',(22.047196608,-32.769576698,11.));
#3407=DIRECTION('',(0.707106781,-0.707106781,0.));
#3408=VECTOR('',#3407,17.797131649);
#3409=LINE('',#3406,#3408);
#3410=EDGE_CURVE('',#3405,#3396,#3409,.T.);
#3411=ORIENTED_EDGE('',*,*,#3410,.F.);
#3412=CARTESIAN_POINT('',(-3.055094125,-22.37186743,11.));
#3413=VERTEX_POINT('',#3412);
#3414=CARTESIAN_POINT('',(-3.055094125,-57.87186743,11.));
#3415=DIRECTION('',(0.,0.,1.));
#3416=DIRECTION('',(1.,0.,-0.));
#3417=AXIS2_PLACEMENT_3D('',#3414,#3415,#3416);
#3418=CIRCLE('',#3417,35.5);
#3419=EDGE_CURVE('',#3405,#3413,#3418,.T.);
#3420=ORIENTED_EDGE('',*,*,#3419,.T.);
#3421=CARTESIAN_POINT('',(-43.509150223,-22.37186743,11.));
#3422=VERTEX_POINT('',#3421);
#3423=CARTESIAN_POINT('',(-43.509150223,-22.37186743,11.));
#3424=DIRECTION('',(1.,0.,-0.));
#3425=VECTOR('',#3424,40.454056098);
#3426=LINE('',#3423,#3425);
#3427=EDGE_CURVE('',#3422,#3413,#3426,.T.);
#3428=ORIENTED_EDGE('',*,*,#3427,.F.);
#3429=CARTESIAN_POINT('',(-43.759150223,-22.12186743,11.));
#3430=VERTEX_POINT('',#3429);
#3431=CARTESIAN_POINT('',(-43.509150223,-22.12186743,11.));
#3432=DIRECTION('',(0.,0.,1.));
#3433=DIRECTION('',(1.,0.,-0.));
#3434=AXIS2_PLACEMENT_3D('',#3431,#3432,#3433);
#3435=CIRCLE('',#3434,0.25);
#3436=EDGE_CURVE('',#3430,#3422,#3435,.T.);
#3437=ORIENTED_EDGE('',*,*,#3436,.F.);
#3438=CARTESIAN_POINT('',(-43.759150223,32.52813257,11.));
#3439=VERTEX_POINT('',#3438);
#3440=CARTESIAN_POINT('',(-43.759150223,32.52813257,11.));
#3441=DIRECTION('',(0.,-1.,0.));
#3442=VECTOR('',#3441,54.65);
#3443=LINE('',#3440,#3442);
#3444=EDGE_CURVE('',#3439,#3430,#3443,.T.);
#3445=ORIENTED_EDGE('',*,*,#3444,.F.);
#3446=CARTESIAN_POINT('',(-43.509150223,32.77813257,11.));
#3447=VERTEX_POINT('',#3446);
#3448=CARTESIAN_POINT('',(-43.509150223,32.52813257,11.));
#3449=DIRECTION('',(0.,0.,1.));
#3450=DIRECTION('',(1.,0.,-0.));
#3451=AXIS2_PLACEMENT_3D('',#3448,#3449,#3450);
#3452=CIRCLE('',#3451,0.25);
#3453=EDGE_CURVE('',#3447,#3439,#3452,.T.);
#3454=ORIENTED_EDGE('',*,*,#3453,.F.);
#3455=CARTESIAN_POINT('',(30.190849777,32.77813257,11.));
#3456=VERTEX_POINT('',#3455);
#3457=CARTESIAN_POINT('',(30.190849777,32.77813257,11.));
#3458=DIRECTION('',(-1.,0.,0.));
#3459=VECTOR('',#3458,73.7);
#3460=LINE('',#3457,#3459);
#3461=EDGE_CURVE('',#3456,#3447,#3460,.T.);
#3462=ORIENTED_EDGE('',*,*,#3461,.F.);
#3463=CARTESIAN_POINT('',(30.440849777,32.52813257,11.));
#3464=VERTEX_POINT('',#3463);
#3465=CARTESIAN_POINT('',(30.190849777,32.52813257,11.));
#3466=DIRECTION('',(0.,0.,1.));
#3467=DIRECTION('',(1.,0.,-0.));
#3468=AXIS2_PLACEMENT_3D('',#3465,#3466,#3467);
#3469=CIRCLE('',#3468,0.25);
#3470=EDGE_CURVE('',#3464,#3456,#3469,.T.);
#3471=ORIENTED_EDGE('',*,*,#3470,.F.);
#3472=CARTESIAN_POINT('',(30.440849777,11.124076472,11.));
#3473=VERTEX_POINT('',#3472);
#3474=CARTESIAN_POINT('',(30.440849777,32.52813257,11.));
#3475=DIRECTION('',(0.,-1.,0.));
#3476=VECTOR('',#3475,21.404056098);
#3477=LINE('',#3474,#3476);
#3478=EDGE_CURVE('',#3464,#3473,#3477,.T.);
#3479=ORIENTED_EDGE('',*,*,#3478,.T.);
#3480=CARTESIAN_POINT('',(40.838559045,-13.97821426,11.));
#3481=VERTEX_POINT('',#3480);
#3482=CARTESIAN_POINT('',(65.940849777,11.124076472,11.));
#3483=DIRECTION('',(0.,0.,1.));
#3484=DIRECTION('',(1.,0.,-0.));
#3485=AXIS2_PLACEMENT_3D('',#3482,#3483,#3484);
#3486=CIRCLE('',#3485,35.5);
#3487=EDGE_CURVE('',#3473,#3481,#3486,.T.);
#3488=ORIENTED_EDGE('',*,*,#3487,.T.);
#3489=CARTESIAN_POINT('',(53.42303152,-26.562686735,11.));
#3490=DIRECTION('',(-0.707106781,0.707106781,0.));
#3491=VECTOR('',#3490,17.797131649);
#3492=LINE('',#3489,#3491);
#3493=EDGE_CURVE('',#3379,#3481,#3492,.T.);
#3494=ORIENTED_EDGE('',*,*,#3493,.F.);
#3495=EDGE_LOOP('',(#3386,#3394,#3403,#3411,#3420,#3428,#3437,#3445,#3454,#3462,#3471,#3479,#3488,#3494));
#3496=FACE_BOUND('',#3495,.T.);
#3497=ORIENTED_EDGE('',*,*,#2052,.T.);
#3498=ORIENTED_EDGE('',*,*,#2013,.T.);
#3499=ORIENTED_EDGE('',*,*,#2392,.T.);
#3500=ORIENTED_EDGE('',*,*,#1573,.F.);
#3501=ORIENTED_EDGE('',*,*,#2370,.F.);
#3502=ORIENTED_EDGE('',*,*,#2340,.T.);
#3503=ORIENTED_EDGE('',*,*,#2308,.T.);
#3504=ORIENTED_EDGE('',*,*,#2276,.T.);
#3505=ORIENTED_EDGE('',*,*,#2244,.T.);
#3506=ORIENTED_EDGE('',*,*,#2212,.T.);
#3507=ORIENTED_EDGE('',*,*,#2180,.T.);
#3508=ORIENTED_EDGE('',*,*,#2149,.F.);
#3509=ORIENTED_EDGE('',*,*,#2116,.T.);
#3510=ORIENTED_EDGE('',*,*,#2084,.T.);
#3511=EDGE_LOOP('',(#3497,#3498,#3499,#3500,#3501,#3502,#3503,#3504,#3505,#3506,#3507,#3508,#3509,#3510));
#3512=FACE_BOUND('',#3511,.T.);
#3513=ADVANCED_FACE('',(#3496,#3512),#3375,.T.);
#3514=CARTESIAN_POINT('',(-136.214045004,122.663237789,9.));
#3515=DIRECTION('',(-0.5,-0.5,0.707106781));
#3516=DIRECTION('',(0.707106781,-0.707106781,0.));
#3517=AXIS2_PLACEMENT_3D('',#3514,#3515,#3516);
#3518=PLANE('',#3517);
#3519=CARTESIAN_POINT('',(22.047196608,-32.769576698,11.));
#3520=DIRECTION('',(-0.5,-0.5,-0.707106781));
#3521=VECTOR('',#3520,2.828427125);
#3522=LINE('',#3519,#3521);
#3523=EDGE_CURVE('',#3405,#695,#3522,.T.);
#3524=ORIENTED_EDGE('',*,*,#3523,.F.);
#3525=ORIENTED_EDGE('',*,*,#3410,.T.);
#3526=CARTESIAN_POINT('',(33.21745552,-46.768262735,9.));
#3527=DIRECTION('',(0.5,0.5,0.707106781));
#3528=VECTOR('',#3527,2.828427125);
#3529=LINE('',#3526,#3528);
#3530=EDGE_CURVE('',#662,#3396,#3529,.T.);
#3531=ORIENTED_EDGE('',*,*,#3530,.F.);
#3532=ORIENTED_EDGE('',*,*,#708,.F.);
#3533=EDGE_LOOP('',(#3524,#3525,#3531,#3532));
#3534=FACE_BOUND('',#3533,.T.);
#3535=ADVANCED_FACE('',(#3534),#3518,.F.);
#3536=CARTESIAN_POINT('',(34.808445777,-45.177272477,9.));
#3537=DIRECTION('',(0.,0.,-1.));
#3538=DIRECTION('',(-1.,0.,0.));
#3539=AXIS2_PLACEMENT_3D('',#3536,#3537,#3538);
#3540=CONICAL_SURFACE('',#3539,2.25,45.);
#3541=ORIENTED_EDGE('',*,*,#3530,.T.);
#3542=ORIENTED_EDGE('',*,*,#3402,.T.);
#3543=CARTESIAN_POINT('',(36.399436035,-46.768262735,9.));
#3544=DIRECTION('',(-0.5,0.5,0.707106781));
#3545=VECTOR('',#3544,2.828427125);
#3546=LINE('',#3543,#3545);
#3547=EDGE_CURVE('',#631,#3388,#3546,.T.);
#3548=ORIENTED_EDGE('',*,*,#3547,.F.);
#3549=ORIENTED_EDGE('',*,*,#676,.F.);
#3550=EDGE_LOOP('',(#3541,#3542,#3548,#3549));
#3551=FACE_BOUND('',#3550,.T.);
#3552=ADVANCED_FACE('',(#3551),#3540,.F.);
#3553=CARTESIAN_POINT('',(-3.055094125,-57.87186743,11.));
#3554=DIRECTION('',(0.,0.,1.));
#3555=DIRECTION('',(1.,0.,-0.));
#3556=AXIS2_PLACEMENT_3D('',#3553,#3554,#3555);
#3557=CONICAL_SURFACE('',#3556,35.5,45.);
#3558=ORIENTED_EDGE('',*,*,#3523,.T.);
#3559=ORIENTED_EDGE('',*,*,#732,.T.);
#3560=CARTESIAN_POINT('',(-3.055094125,-22.37186743,11.));
#3561=DIRECTION('',(0.,-0.707106781,-0.707106781));
#3562=VECTOR('',#3561,2.828427125);
#3563=LINE('',#3560,#3562);
#3564=EDGE_CURVE('',#3413,#726,#3563,.T.);
#3565=ORIENTED_EDGE('',*,*,#3564,.F.);
#3566=ORIENTED_EDGE('',*,*,#3419,.F.);
#3567=EDGE_LOOP('',(#3558,#3559,#3565,#3566));
#3568=FACE_BOUND('',#3567,.T.);
#3569=ADVANCED_FACE('',(#3568),#3557,.T.);
#3570=CARTESIAN_POINT('',(22.758340559,-60.409358211,9.));
#3571=DIRECTION('',(0.5,-0.5,0.707106781));
#3572=DIRECTION('',(0.707106781,0.707106781,0.));
#3573=AXIS2_PLACEMENT_3D('',#3570,#3571,#3572);
#3574=PLANE('',#3573);
#3575=ORIENTED_EDGE('',*,*,#3547,.T.);
#3576=ORIENTED_EDGE('',*,*,#3393,.T.);
#3577=CARTESIAN_POINT('',(54.837245082,-28.330453688,9.));
#3578=DIRECTION('',(-0.5,0.5,0.707106781));
#3579=VECTOR('',#3578,2.828427125);
#3580=LINE('',#3577,#3579);
#3581=EDGE_CURVE('',#589,#3377,#3580,.T.);
#3582=ORIENTED_EDGE('',*,*,#3581,.F.);
#3583=ORIENTED_EDGE('',*,*,#644,.F.);
#3584=EDGE_LOOP('',(#3575,#3576,#3582,#3583));
#3585=FACE_BOUND('',#3584,.T.);
#3586=ADVANCED_FACE('',(#3585),#3574,.F.);
#3587=CARTESIAN_POINT('',(-148.264150223,-24.37186743,9.));
#3588=DIRECTION('',(0.,-0.707106781,0.707106781));
#3589=DIRECTION('',(1.,0.,0.));
#3590=AXIS2_PLACEMENT_3D('',#3587,#3588,#3589);
#3591=PLANE('',#3590);
#3592=ORIENTED_EDGE('',*,*,#3564,.T.);
#3593=ORIENTED_EDGE('',*,*,#772,.F.);
#3594=CARTESIAN_POINT('',(-43.509150223,-22.37186743,11.));
#3595=DIRECTION('',(0.,-0.707106781,-0.707106781));
#3596=VECTOR('',#3595,2.828427125);
#3597=LINE('',#3594,#3596);
#3598=EDGE_CURVE('',#3422,#759,#3597,.T.);
#3599=ORIENTED_EDGE('',*,*,#3598,.F.);
#3600=ORIENTED_EDGE('',*,*,#3427,.T.);
#3601=EDGE_LOOP('',(#3592,#3593,#3599,#3600));
#3602=FACE_BOUND('',#3601,.T.);
#3603=ADVANCED_FACE('',(#3602),#3591,.F.);
#3604=CARTESIAN_POINT('',(53.246254824,-26.73946343,9.));
#3605=DIRECTION('',(0.,0.,-1.));
#3606=DIRECTION('',(-1.,0.,0.));
#3607=AXIS2_PLACEMENT_3D('',#3604,#3605,#3606);
#3608=CONICAL_SURFACE('',#3607,2.25,45.);
#3609=ORIENTED_EDGE('',*,*,#3581,.T.);
#3610=ORIENTED_EDGE('',*,*,#3385,.T.);
#3611=CARTESIAN_POINT('',(54.837245082,-25.148473172,9.));
#3612=DIRECTION('',(-0.5,-0.5,0.707106781));
#3613=VECTOR('',#3612,2.828427125);
#3614=LINE('',#3611,#3613);
#3615=EDGE_CURVE('',#599,#3379,#3614,.T.);
#3616=ORIENTED_EDGE('',*,*,#3615,.F.);
#3617=ORIENTED_EDGE('',*,*,#605,.F.);
#3618=EDGE_LOOP('',(#3609,#3610,#3616,#3617));
#3619=FACE_BOUND('',#3618,.T.);
#3620=ADVANCED_FACE('',(#3619),#3608,.F.);
#3621=CARTESIAN_POINT('',(-43.509150223,-22.12186743,9.));
#3622=DIRECTION('',(0.,0.,-1.));
#3623=DIRECTION('',(-1.,0.,0.));
#3624=AXIS2_PLACEMENT_3D('',#3621,#3622,#3623);
#3625=CONICAL_SURFACE('',#3624,2.25,45.);
#3626=ORIENTED_EDGE('',*,*,#3598,.T.);
#3627=ORIENTED_EDGE('',*,*,#804,.F.);
#3628=CARTESIAN_POINT('',(-43.759150223,-22.12186743,11.));
#3629=DIRECTION('',(-0.707106781,0.,-0.707106781));
#3630=VECTOR('',#3629,2.828427125);
#3631=LINE('',#3628,#3630);
#3632=EDGE_CURVE('',#3430,#790,#3631,.T.);
#3633=ORIENTED_EDGE('',*,*,#3632,.F.);
#3634=ORIENTED_EDGE('',*,*,#3436,.T.);
#3635=EDGE_LOOP('',(#3626,#3627,#3633,#3634));
#3636=FACE_BOUND('',#3635,.T.);
#3637=ADVANCED_FACE('',(#3636),#3625,.F.);
#3638=CARTESIAN_POINT('',(-114.594255441,144.283027351,9.));
#3639=DIRECTION('',(0.5,0.5,0.707106781));
#3640=DIRECTION('',(-0.707106781,0.707106781,0.));
#3641=AXIS2_PLACEMENT_3D('',#3638,#3639,#3640);
#3642=PLANE('',#3641);
#3643=ORIENTED_EDGE('',*,*,#3615,.T.);
#3644=ORIENTED_EDGE('',*,*,#3493,.T.);
#3645=CARTESIAN_POINT('',(42.252772608,-12.564000698,9.));
#3646=DIRECTION('',(-0.5,-0.5,0.707106781));
#3647=VECTOR('',#3646,2.828427125);
#3648=LINE('',#3645,#3647);
#3649=EDGE_CURVE('',#513,#3481,#3648,.T.);
#3650=ORIENTED_EDGE('',*,*,#3649,.F.);
#3651=ORIENTED_EDGE('',*,*,#977,.F.);
#3652=EDGE_LOOP('',(#3643,#3644,#3650,#3651));
#3653=FACE_BOUND('',#3652,.T.);
#3654=ADVANCED_FACE('',(#3653),#3642,.F.);
#3655=CARTESIAN_POINT('',(-45.759150223,110.61313257,9.));
#3656=DIRECTION('',(-0.707106781,0.,0.707106781));
#3657=DIRECTION('',(0.,-1.,0.));
#3658=AXIS2_PLACEMENT_3D('',#3655,#3656,#3657);
#3659=PLANE('',#3658);
#3660=ORIENTED_EDGE('',*,*,#3632,.T.);
#3661=ORIENTED_EDGE('',*,*,#836,.F.);
#3662=CARTESIAN_POINT('',(-43.759150223,32.52813257,11.));
#3663=DIRECTION('',(-0.707106781,0.,-0.707106781));
#3664=VECTOR('',#3663,2.828427125);
#3665=LINE('',#3662,#3664);
#3666=EDGE_CURVE('',#3439,#823,#3665,.T.);
#3667=ORIENTED_EDGE('',*,*,#3666,.F.);
#3668=ORIENTED_EDGE('',*,*,#3444,.T.);
#3669=EDGE_LOOP('',(#3660,#3661,#3667,#3668));
#3670=FACE_BOUND('',#3669,.T.);
#3671=ADVANCED_FACE('',(#3670),#3659,.F.);
#3672=CARTESIAN_POINT('',(65.940849777,11.124076472,11.));
#3673=DIRECTION('',(0.,0.,1.));
#3674=DIRECTION('',(1.,0.,-0.));
#3675=AXIS2_PLACEMENT_3D('',#3672,#3673,#3674);
#3676=CONICAL_SURFACE('',#3675,35.5,45.);
#3677=ORIENTED_EDGE('',*,*,#3649,.T.);
#3678=ORIENTED_EDGE('',*,*,#3487,.F.);
#3679=CARTESIAN_POINT('',(32.440849777,11.124076472,9.));
#3680=DIRECTION('',(-0.707106781,0.,0.707106781));
#3681=VECTOR('',#3680,2.828427125);
#3682=LINE('',#3679,#3681);
#3683=EDGE_CURVE('',#511,#3473,#3682,.T.);
#3684=ORIENTED_EDGE('',*,*,#3683,.F.);
#3685=ORIENTED_EDGE('',*,*,#519,.T.);
#3686=EDGE_LOOP('',(#3677,#3678,#3684,#3685));
#3687=FACE_BOUND('',#3686,.T.);
#3688=ADVANCED_FACE('',(#3687),#3676,.T.);
#3689=CARTESIAN_POINT('',(-43.509150223,32.52813257,9.));
#3690=DIRECTION('',(0.,0.,-1.));
#3691=DIRECTION('',(-1.,0.,0.));
#3692=AXIS2_PLACEMENT_3D('',#3689,#3690,#3691);
#3693=CONICAL_SURFACE('',#3692,2.25,45.);
#3694=ORIENTED_EDGE('',*,*,#3666,.T.);
#3695=ORIENTED_EDGE('',*,*,#859,.F.);
#3696=CARTESIAN_POINT('',(-43.509150223,32.77813257,11.));
#3697=DIRECTION('',(0.,0.707106781,-0.707106781));
#3698=VECTOR('',#3697,2.828427125);
#3699=LINE('',#3696,#3698);
#3700=EDGE_CURVE('',#3447,#299,#3699,.T.);
#3701=ORIENTED_EDGE('',*,*,#3700,.F.);
#3702=ORIENTED_EDGE('',*,*,#3453,.T.);
#3703=EDGE_LOOP('',(#3694,#3695,#3701,#3702));
#3704=FACE_BOUND('',#3703,.T.);
#3705=ADVANCED_FACE('',(#3704),#3693,.F.);
#3706=CARTESIAN_POINT('',(30.440849777,21.826104521,11.));
#3707=DIRECTION('',(-0.707106781,0.,-0.707106781));
#3708=DIRECTION('',(0.,1.,0.));
#3709=AXIS2_PLACEMENT_3D('',#3706,#3707,#3708);
#3710=PLANE('',#3709);
#3711=ORIENTED_EDGE('',*,*,#3683,.T.);
#3712=ORIENTED_EDGE('',*,*,#3478,.F.);
#3713=CARTESIAN_POINT('',(32.440849777,32.52813257,9.));
#3714=DIRECTION('',(-0.707106781,0.,0.707106781));
#3715=VECTOR('',#3714,2.828427125);
#3716=LINE('',#3713,#3715);
#3717=EDGE_CURVE('',#918,#3464,#3716,.T.);
#3718=ORIENTED_EDGE('',*,*,#3717,.F.);
#3719=ORIENTED_EDGE('',*,*,#954,.T.);
#3720=EDGE_LOOP('',(#3711,#3712,#3718,#3719));
#3721=FACE_BOUND('',#3720,.T.);
#3722=ADVANCED_FACE('',(#3721),#3710,.T.);
#3723=CARTESIAN_POINT('',(-148.264150223,34.77813257,9.));
#3724=DIRECTION('',(0.,0.707106781,0.707106781));
#3725=DIRECTION('',(-1.,0.,0.));
#3726=AXIS2_PLACEMENT_3D('',#3723,#3724,#3725);
#3727=PLANE('',#3726);
#3728=ORIENTED_EDGE('',*,*,#3700,.T.);
#3729=ORIENTED_EDGE('',*,*,#304,.F.);
#3730=ORIENTED_EDGE('',*,*,#3290,.F.);
#3731=ORIENTED_EDGE('',*,*,#3364,.F.);
#3732=ORIENTED_EDGE('',*,*,#3254,.F.);
#3733=ORIENTED_EDGE('',*,*,#893,.F.);
#3734=CARTESIAN_POINT('',(30.190849777,32.77813257,11.));
#3735=DIRECTION('',(0.,0.707106781,-0.707106781));
#3736=VECTOR('',#3735,2.828427125);
#3737=LINE('',#3734,#3736);
#3738=EDGE_CURVE('',#3456,#878,#3737,.T.);
#3739=ORIENTED_EDGE('',*,*,#3738,.F.);
#3740=ORIENTED_EDGE('',*,*,#3461,.T.);
#3741=EDGE_LOOP('',(#3728,#3729,#3730,#3731,#3732,#3733,#3739,#3740));
#3742=FACE_BOUND('',#3741,.T.);
#3743=ADVANCED_FACE('',(#3742),#3727,.F.);
#3744=CARTESIAN_POINT('',(30.190849777,32.52813257,9.));
#3745=DIRECTION('',(0.,0.,-1.));
#3746=DIRECTION('',(-1.,0.,0.));
#3747=AXIS2_PLACEMENT_3D('',#3744,#3745,#3746);
#3748=CONICAL_SURFACE('',#3747,2.25,45.);
#3749=ORIENTED_EDGE('',*,*,#3717,.T.);
#3750=ORIENTED_EDGE('',*,*,#3470,.T.);
#3751=ORIENTED_EDGE('',*,*,#3738,.T.);
#3752=ORIENTED_EDGE('',*,*,#932,.F.);
#3753=EDGE_LOOP('',(#3749,#3750,#3751,#3752));
#3754=FACE_BOUND('',#3753,.T.);
#3755=ADVANCED_FACE('',(#3754),#3748,.F.);
#3756=CARTESIAN_POINT('',(-148.264150223,37.27813257,2.5));
#3757=DIRECTION('',(-1.,0.,0.));
#3758=DIRECTION('',(0.,0.,1.));
#3759=AXIS2_PLACEMENT_3D('',#3756,#3757,#3758);
#3760=CYLINDRICAL_SURFACE('',#3759,2.5);
#3761=ORIENTED_EDGE('',*,*,#1065,.F.);
#3762=ORIENTED_EDGE('',*,*,#1368,.F.);
#3763=CARTESIAN_POINT('',(30.190849777,37.27813257,2.5));
#3764=DIRECTION('',(1.,0.,0.));
#3765=DIRECTION('',(0.,0.,-1.));
#3766=AXIS2_PLACEMENT_3D('',#3763,#3764,#3765);
#3767=CIRCLE('',#3766,2.5);
#3768=EDGE_CURVE('',#223,#1355,#3767,.T.);
#3769=ORIENTED_EDGE('',*,*,#3768,.F.);
#3770=ORIENTED_EDGE('',*,*,#228,.F.);
#3771=CARTESIAN_POINT('',(-43.509150223,37.27813257,2.5));
#3772=DIRECTION('',(-1.,0.,0.));
#3773=DIRECTION('',(0.,0.,1.));
#3774=AXIS2_PLACEMENT_3D('',#3771,#3772,#3773);
#3775=CIRCLE('',#3774,2.5);
#3776=EDGE_CURVE('',#1374,#214,#3775,.T.);
#3777=ORIENTED_EDGE('',*,*,#3776,.F.);
#3778=ORIENTED_EDGE('',*,*,#1379,.F.);
#3779=ORIENTED_EDGE('',*,*,#1123,.F.);
#3780=ORIENTED_EDGE('',*,*,#3180,.F.);
#3781=EDGE_LOOP('',(#3761,#3762,#3769,#3770,#3777,#3778,#3779,#3780));
#3782=FACE_BOUND('',#3781,.T.);
#3783=ADVANCED_FACE('',(#3782),#3760,.T.);
#3784=CARTESIAN_POINT('',(30.190849777,32.52813257,2.5));
#3785=DIRECTION('',(0.,0.,1.));
#3786=DIRECTION('',(1.,0.,-0.));
#3787=AXIS2_PLACEMENT_3D('',#3784,#3785,#3786);
#3788=TOROIDAL_SURFACE('',#3787,4.75,2.5);
#3789=ORIENTED_EDGE('',*,*,#3768,.T.);
#3790=ORIENTED_EDGE('',*,*,#1770,.F.);
#3791=CARTESIAN_POINT('',(34.940849777,32.52813257,2.5));
#3792=DIRECTION('',(0.,-1.,0.));
#3793=DIRECTION('',(0.,0.,-1.));
#3794=AXIS2_PLACEMENT_3D('',#3791,#3792,#3793);
#3795=CIRCLE('',#3794,2.5);
#3796=EDGE_CURVE('',#231,#1735,#3795,.T.);
#3797=ORIENTED_EDGE('',*,*,#3796,.F.);
#3798=ORIENTED_EDGE('',*,*,#237,.F.);
#3799=EDGE_LOOP('',(#3789,#3790,#3797,#3798));
#3800=FACE_BOUND('',#3799,.T.);
#3801=ADVANCED_FACE('',(#3800),#3788,.T.);
#3802=CARTESIAN_POINT('',(-43.509150223,32.52813257,2.5));
#3803=DIRECTION('',(0.,0.,1.));
#3804=DIRECTION('',(1.,0.,-0.));
#3805=AXIS2_PLACEMENT_3D('',#3802,#3803,#3804);
#3806=TOROIDAL_SURFACE('',#3805,4.75,2.5);
#3807=ORIENTED_EDGE('',*,*,#3776,.T.);
#3808=ORIENTED_EDGE('',*,*,#220,.F.);
#3809=CARTESIAN_POINT('',(-48.259150223,32.52813257,2.5));
#3810=DIRECTION('',(0.,-1.,0.));
#3811=DIRECTION('',(0.,0.,-1.));
#3812=AXIS2_PLACEMENT_3D('',#3809,#3810,#3811);
#3813=CIRCLE('',#3812,2.5);
#3814=EDGE_CURVE('',#1790,#206,#3813,.T.);
#3815=ORIENTED_EDGE('',*,*,#3814,.F.);
#3816=ORIENTED_EDGE('',*,*,#1796,.F.);
#3817=EDGE_LOOP('',(#3807,#3808,#3815,#3816));
#3818=FACE_BOUND('',#3817,.T.);
#3819=ADVANCED_FACE('',(#3818),#3806,.T.);
#3820=CARTESIAN_POINT('',(34.940849777,21.826104521,2.5));
#3821=DIRECTION('',(0.,-1.,0.));
#3822=DIRECTION('',(0.,0.,-1.));
#3823=AXIS2_PLACEMENT_3D('',#3820,#3821,#3822);
#3824=CYLINDRICAL_SURFACE('',#3823,2.5);
#3825=ORIENTED_EDGE('',*,*,#3796,.T.);
#3826=ORIENTED_EDGE('',*,*,#1740,.F.);
#3827=CARTESIAN_POINT('',(34.940849777,11.124076472,2.5));
#3828=DIRECTION('',(-0.,-1.,0.));
#3829=DIRECTION('',(1.,-0.,0.));
#3830=AXIS2_PLACEMENT_3D('',#3827,#3828,#3829);
#3831=CIRCLE('',#3830,2.5);
#3832=EDGE_CURVE('',#240,#1525,#3831,.T.);
#3833=ORIENTED_EDGE('',*,*,#3832,.F.);
#3834=ORIENTED_EDGE('',*,*,#245,.F.);
#3835=EDGE_LOOP('',(#3825,#3826,#3833,#3834));
#3836=FACE_BOUND('',#3835,.T.);
#3837=ADVANCED_FACE('',(#3836),#3824,.T.);
#3838=CARTESIAN_POINT('',(-48.259150223,110.61313257,2.5));
#3839=DIRECTION('',(0.,-1.,0.));
#3840=DIRECTION('',(0.,0.,-1.));
#3841=AXIS2_PLACEMENT_3D('',#3838,#3839,#3840);
#3842=CYLINDRICAL_SURFACE('',#3841,2.5);
#3843=ORIENTED_EDGE('',*,*,#3814,.T.);
#3844=ORIENTED_EDGE('',*,*,#211,.F.);
#3845=CARTESIAN_POINT('',(-48.259150223,-22.12186743,2.5));
#3846=DIRECTION('',(0.,-1.,0.));
#3847=DIRECTION('',(0.,0.,-1.));
#3848=AXIS2_PLACEMENT_3D('',#3845,#3846,#3847);
#3849=CIRCLE('',#3848,2.5);
#3850=EDGE_CURVE('',#1823,#197,#3849,.T.);
#3851=ORIENTED_EDGE('',*,*,#3850,.F.);
#3852=ORIENTED_EDGE('',*,*,#1828,.F.);
#3853=EDGE_LOOP('',(#3843,#3844,#3851,#3852));
#3854=FACE_BOUND('',#3853,.T.);
#3855=ADVANCED_FACE('',(#3854),#3842,.T.);
#3856=CARTESIAN_POINT('',(65.940849777,11.124076472,2.5));
#3857=DIRECTION('',(0.,0.,1.));
#3858=DIRECTION('',(1.,0.,-0.));
#3859=AXIS2_PLACEMENT_3D('',#3856,#3857,#3858);
#3860=TOROIDAL_SURFACE('',#3859,31.,2.5);
#3861=CARTESIAN_POINT('',(41.757088752,-3.955568838,2.5));
#3862=CARTESIAN_POINT('',(41.697200127,-3.859523329,2.125504907));
#3863=CARTESIAN_POINT('',(41.495495321,-3.695541431,1.812662209));
#3864=CARTESIAN_POINT('',(41.265163899,-3.472658409,1.594516364));
#3865=CARTESIAN_POINT('',(41.207581043,-3.416937654,1.539979903));
#3866=CARTESIAN_POINT('',(41.148690331,-3.357926983,1.491677001));
#3867=CARTESIAN_POINT('',(41.08945636,-3.29489197,1.449355653));
#3868=CARTESIAN_POINT('',(41.030222389,-3.231856957,1.407034304));
#3869=CARTESIAN_POINT('',(40.970241849,-3.164328377,1.370493155));
#3870=CARTESIAN_POINT('',(40.911702239,-3.092730621,1.340800002));
#3871=CARTESIAN_POINT('',(40.79462302,-2.949535107,1.281413698));
#3872=CARTESIAN_POINT('',(40.686696735,-2.79424102,1.25));
#3873=CARTESIAN_POINT('',(40.593466,-2.62233026,1.25));
#3874=B_SPLINE_CURVE_WITH_KNOTS('',3,(#3861,#3862,#3863,#3864,#3865,#3866,#3867,#3868,#3869,#3870,#3871,#3872,#3873),.UNSPECIFIED.,.F.,.F.,(4,3,3,3,4),(0.,0.001153093,0.001441366,0.001729639,0.002306185),.UNSPECIFIED.);
#3875=EDGE_CURVE('',#1414,#2893,#3874,.T.);
#3876=ORIENTED_EDGE('',*,*,#3875,.F.);
#3877=ORIENTED_EDGE('',*,*,#1420,.F.);
#3878=CARTESIAN_POINT('',(44.020539561,-10.796233745,2.5));
#3879=DIRECTION('',(0.707106781,-0.707106781,0.));
#3880=DIRECTION('',(0.707106781,0.707106781,0.));
#3881=AXIS2_PLACEMENT_3D('',#3878,#3879,#3880);
#3882=CIRCLE('',#3881,2.5);
#3883=EDGE_CURVE('',#248,#1404,#3882,.T.);
#3884=ORIENTED_EDGE('',*,*,#3883,.F.);
#3885=ORIENTED_EDGE('',*,*,#254,.F.);
#3886=ORIENTED_EDGE('',*,*,#3832,.T.);
#3887=ORIENTED_EDGE('',*,*,#1531,.F.);
#3888=ORIENTED_EDGE('',*,*,#2840,.F.);
#3889=ORIENTED_EDGE('',*,*,#2905,.F.);
#3890=EDGE_LOOP('',(#3876,#3877,#3884,#3885,#3886,#3887,#3888,#3889));
#3891=FACE_BOUND('',#3890,.T.);
#3892=ADVANCED_FACE('',(#3891),#3860,.T.);
#3893=CARTESIAN_POINT('',(-43.509150223,-22.12186743,2.5));
#3894=DIRECTION('',(0.,0.,1.));
#3895=DIRECTION('',(1.,0.,-0.));
#3896=AXIS2_PLACEMENT_3D('',#3893,#3894,#3895);
#3897=TOROIDAL_SURFACE('',#3896,4.75,2.5);
#3898=ORIENTED_EDGE('',*,*,#3850,.T.);
#3899=ORIENTED_EDGE('',*,*,#203,.F.);
#3900=CARTESIAN_POINT('',(-43.509150223,-26.87186743,2.5));
#3901=DIRECTION('',(1.,0.,0.));
#3902=DIRECTION('',(0.,0.,-1.));
#3903=AXIS2_PLACEMENT_3D('',#3900,#3901,#3902);
#3904=CIRCLE('',#3903,2.5);
#3905=EDGE_CURVE('',#1854,#189,#3904,.T.);
#3906=ORIENTED_EDGE('',*,*,#3905,.F.);
#3907=ORIENTED_EDGE('',*,*,#1860,.F.);
#3908=EDGE_LOOP('',(#3898,#3899,#3906,#3907));
#3909=FACE_BOUND('',#3908,.T.);
#3910=ADVANCED_FACE('',(#3909),#3897,.T.);
#3911=CARTESIAN_POINT('',(50.312775798,-17.088469982,2.5));
#3912=DIRECTION('',(0.707106781,-0.707106781,0.));
#3913=DIRECTION('',(0.707106781,0.707106781,0.));
#3914=AXIS2_PLACEMENT_3D('',#3911,#3912,#3913);
#3915=CYLINDRICAL_SURFACE('',#3914,2.5);
#3916=ORIENTED_EDGE('',*,*,#3883,.T.);
#3917=ORIENTED_EDGE('',*,*,#1716,.F.);
#3918=CARTESIAN_POINT('',(56.605012035,-23.380706219,2.5));
#3919=DIRECTION('',(0.707106781,-0.707106781,0.));
#3920=DIRECTION('',(0.707106781,0.707106781,0.));
#3921=AXIS2_PLACEMENT_3D('',#3918,#3919,#3920);
#3922=CIRCLE('',#3921,2.5);
#3923=EDGE_CURVE('',#257,#1680,#3922,.T.);
#3924=ORIENTED_EDGE('',*,*,#3923,.F.);
#3925=ORIENTED_EDGE('',*,*,#262,.F.);
#3926=EDGE_LOOP('',(#3916,#3917,#3924,#3925));
#3927=FACE_BOUND('',#3926,.T.);
#3928=ADVANCED_FACE('',(#3927),#3915,.T.);
#3929=CARTESIAN_POINT('',(-148.264150223,-26.87186743,2.5));
#3930=DIRECTION('',(1.,0.,0.));
#3931=DIRECTION('',(0.,0.,-1.));
#3932=AXIS2_PLACEMENT_3D('',#3929,#3930,#3931);
#3933=CYLINDRICAL_SURFACE('',#3932,2.5);
#3934=ORIENTED_EDGE('',*,*,#3905,.T.);
#3935=ORIENTED_EDGE('',*,*,#194,.F.);
#3936=CARTESIAN_POINT('',(-3.055094125,-26.87186743,2.5));
#3937=DIRECTION('',(1.,0.,0.));
#3938=DIRECTION('',(0.,0.,-1.));
#3939=AXIS2_PLACEMENT_3D('',#3936,#3937,#3938);
#3940=CIRCLE('',#3939,2.5);
#3941=EDGE_CURVE('',#1887,#180,#3940,.T.);
#3942=ORIENTED_EDGE('',*,*,#3941,.F.);
#3943=ORIENTED_EDGE('',*,*,#1892,.F.);
#3944=EDGE_LOOP('',(#3934,#3935,#3942,#3943));
#3945=FACE_BOUND('',#3944,.T.);
#3946=ADVANCED_FACE('',(#3945),#3933,.T.);
#3947=CARTESIAN_POINT('',(53.246254824,-26.73946343,2.5));
#3948=DIRECTION('',(0.,0.,1.));
#3949=DIRECTION('',(1.,0.,-0.));
#3950=AXIS2_PLACEMENT_3D('',#3947,#3948,#3949);
#3951=TOROIDAL_SURFACE('',#3950,4.75,2.5);
#3952=CARTESIAN_POINT('',(57.996254824,-26.73946343,2.5));
#3953=DIRECTION('',(-0.,1.,-0.));
#3954=DIRECTION('',(1.,0.,0.));
#3955=AXIS2_PLACEMENT_3D('',#3952,#3953,#3954);
#3956=CIRCLE('',#3955,2.5);
#3957=EDGE_CURVE('',#1672,#265,#3956,.T.);
#3958=ORIENTED_EDGE('',*,*,#3957,.T.);
#3959=ORIENTED_EDGE('',*,*,#271,.F.);
#3960=ORIENTED_EDGE('',*,*,#3923,.T.);
#3961=ORIENTED_EDGE('',*,*,#1686,.F.);
#3962=EDGE_LOOP('',(#3958,#3959,#3960,#3961));
#3963=FACE_BOUND('',#3962,.T.);
#3964=ADVANCED_FACE('',(#3963),#3951,.T.);
#3965=CARTESIAN_POINT('',(-3.055094125,-57.87186743,2.5));
#3966=DIRECTION('',(0.,0.,1.));
#3967=DIRECTION('',(1.,0.,-0.));
#3968=AXIS2_PLACEMENT_3D('',#3965,#3966,#3967);
#3969=TOROIDAL_SURFACE('',#3968,31.,2.5);
#3970=ORIENTED_EDGE('',*,*,#3941,.T.);
#3971=ORIENTED_EDGE('',*,*,#186,.F.);
#3972=CARTESIAN_POINT('',(18.865216092,-35.951557213,2.5));
#3973=DIRECTION('',(0.707106781,-0.707106781,0.));
#3974=DIRECTION('',(0.707106781,0.707106781,0.));
#3975=AXIS2_PLACEMENT_3D('',#3972,#3973,#3974);
#3976=CIRCLE('',#3975,2.5);
#3977=EDGE_CURVE('',#1918,#172,#3976,.T.);
#3978=ORIENTED_EDGE('',*,*,#3977,.F.);
#3979=ORIENTED_EDGE('',*,*,#1924,.F.);
#3980=EDGE_LOOP('',(#3970,#3971,#3978,#3979));
#3981=FACE_BOUND('',#3980,.T.);
#3982=ADVANCED_FACE('',(#3981),#3969,.T.);
#3983=CARTESIAN_POINT('',(47.386107512,-39.317125164,2.5));
#3984=DIRECTION('',(-0.707106781,-0.707106781,0.));
#3985=DIRECTION('',(0.707106781,-0.707106781,0.));
#3986=AXIS2_PLACEMENT_3D('',#3983,#3984,#3985);
#3987=CYLINDRICAL_SURFACE('',#3986,2.5);
#3988=CARTESIAN_POINT('',(56.605012035,-30.098220641,2.5));
#3989=DIRECTION('',(-0.707106781,-0.707106781,0.));
#3990=DIRECTION('',(0.707106781,-0.707106781,0.));
#3991=AXIS2_PLACEMENT_3D('',#3988,#3989,#3990);
#3992=CIRCLE('',#3991,2.5);
#3993=EDGE_CURVE('',#153,#1640,#3992,.T.);
#3994=ORIENTED_EDGE('',*,*,#3993,.T.);
#3995=ORIENTED_EDGE('',*,*,#1645,.F.);
#3996=CARTESIAN_POINT('',(38.167202988,-48.536029688,2.5));
#3997=DIRECTION('',(-0.707106781,-0.707106781,0.));
#3998=DIRECTION('',(0.707106781,-0.707106781,0.));
#3999=AXIS2_PLACEMENT_3D('',#3996,#3997,#3998);
#4000=CIRCLE('',#3999,2.5);
#4001=EDGE_CURVE('',#155,#1630,#4000,.T.);
#4002=ORIENTED_EDGE('',*,*,#4001,.F.);
#4003=ORIENTED_EDGE('',*,*,#160,.F.);
#4004=EDGE_LOOP('',(#3994,#3995,#4002,#4003));
#4005=FACE_BOUND('',#4004,.T.);
#4006=ADVANCED_FACE('',(#4005),#3987,.T.);
#4007=CARTESIAN_POINT('',(-137.981811957,120.895470836,2.5));
#4008=DIRECTION('',(0.707106781,-0.707106781,0.));
#4009=DIRECTION('',(0.707106781,0.707106781,0.));
#4010=AXIS2_PLACEMENT_3D('',#4007,#4008,#4009);
#4011=CYLINDRICAL_SURFACE('',#4010,2.5);
#4012=ORIENTED_EDGE('',*,*,#3977,.T.);
#4013=ORIENTED_EDGE('',*,*,#177,.F.);
#4014=CARTESIAN_POINT('',(31.449688567,-48.536029688,2.5));
#4015=DIRECTION('',(0.707106781,-0.707106781,0.));
#4016=DIRECTION('',(0.707106781,0.707106781,0.));
#4017=AXIS2_PLACEMENT_3D('',#4014,#4015,#4016);
#4018=CIRCLE('',#4017,2.5);
#4019=EDGE_CURVE('',#1951,#163,#4018,.T.);
#4020=ORIENTED_EDGE('',*,*,#4019,.F.);
#4021=ORIENTED_EDGE('',*,*,#1956,.F.);
#4022=EDGE_LOOP('',(#4012,#4013,#4020,#4021));
#4023=FACE_BOUND('',#4022,.T.);
#4024=ADVANCED_FACE('',(#4023),#4011,.T.);
#4025=CARTESIAN_POINT('',(34.808445777,-45.177272477,2.5));
#4026=DIRECTION('',(0.,0.,1.));
#4027=DIRECTION('',(1.,0.,-0.));
#4028=AXIS2_PLACEMENT_3D('',#4025,#4026,#4027);
#4029=TOROIDAL_SURFACE('',#4028,4.75,2.5);
#4030=ORIENTED_EDGE('',*,*,#4001,.T.);
#4031=ORIENTED_EDGE('',*,*,#1986,.F.);
#4032=ORIENTED_EDGE('',*,*,#4019,.T.);
#4033=ORIENTED_EDGE('',*,*,#169,.F.);
#4034=EDGE_LOOP('',(#4030,#4031,#4032,#4033));
#4035=FACE_BOUND('',#4034,.T.);
#4036=ADVANCED_FACE('',(#4035),#4029,.T.);
#4037=CARTESIAN_POINT('',(45.481845671,-22.360327823,1.1));
#4038=DIRECTION('',(0.,0.,-1.));
#4039=DIRECTION('',(-1.,0.,0.));
#4040=AXIS2_PLACEMENT_3D('',#4037,#4038,#4039);
#4041=CONICAL_SURFACE('',#4040,1.1,45.);
#4042=CARTESIAN_POINT('',(43.281845671,-22.360327823,-0.));
#4043=DIRECTION('',(0.707106781,-0.,0.707106781));
#4044=VECTOR('',#4043,1.555634919);
#4045=LINE('',#4042,#4044);
#4046=EDGE_CURVE('',#35,#2738,#4045,.T.);
#4047=ORIENTED_EDGE('',*,*,#4046,.F.);
#4048=ORIENTED_EDGE('',*,*,#41,.F.);
#4049=ORIENTED_EDGE('',*,*,#48,.F.);
#4050=ORIENTED_EDGE('',*,*,#4046,.T.);
#4051=ORIENTED_EDGE('',*,*,#2759,.F.);
#4052=ORIENTED_EDGE('',*,*,#2752,.F.);
#4053=EDGE_LOOP('',(#4047,#4048,#4049,#4050,#4051,#4052));
#4054=FACE_BOUND('',#4053,.T.);
#4055=ADVANCED_FACE('',(#4054),#4041,.F.);
#4056=CARTESIAN_POINT('',(12.390849777,-13.84686743,1.1));
#4057=DIRECTION('',(0.,0.,-1.));
#4058=DIRECTION('',(-1.,0.,0.));
#4059=AXIS2_PLACEMENT_3D('',#4056,#4057,#4058);
#4060=CONICAL_SURFACE('',#4059,1.1,45.);
#4061=CARTESIAN_POINT('',(10.190849777,-13.84686743,-0.));
#4062=DIRECTION('',(0.707106781,-0.,0.707106781));
#4063=VECTOR('',#4062,1.555634919);
#4064=LINE('',#4061,#4063);
#4065=EDGE_CURVE('',#55,#2563,#4064,.T.);
#4066=ORIENTED_EDGE('',*,*,#4065,.F.);
#4067=ORIENTED_EDGE('',*,*,#61,.F.);
#4068=ORIENTED_EDGE('',*,*,#68,.F.);
#4069=ORIENTED_EDGE('',*,*,#4065,.T.);
#4070=ORIENTED_EDGE('',*,*,#2584,.F.);
#4071=ORIENTED_EDGE('',*,*,#2577,.F.);
#4072=EDGE_LOOP('',(#4066,#4067,#4068,#4069,#4070,#4071));
#4073=FACE_BOUND('',#4072,.T.);
#4074=ADVANCED_FACE('',(#4073),#4060,.F.);
#4075=CARTESIAN_POINT('',(-25.709150223,-13.84686743,1.1));
#4076=DIRECTION('',(0.,0.,-1.));
#4077=DIRECTION('',(-1.,0.,0.));
#4078=AXIS2_PLACEMENT_3D('',#4075,#4076,#4077);
#4079=CONICAL_SURFACE('',#4078,1.1,45.);
#4080=CARTESIAN_POINT('',(-27.909150223,-13.84686743,-0.));
#4081=DIRECTION('',(0.707106781,-0.,0.707106781));
#4082=VECTOR('',#4081,1.555634919);
#4083=LINE('',#4080,#4082);
#4084=EDGE_CURVE('',#75,#2598,#4083,.T.);
#4085=ORIENTED_EDGE('',*,*,#4084,.F.);
#4086=ORIENTED_EDGE('',*,*,#81,.F.);
#4087=ORIENTED_EDGE('',*,*,#88,.F.);
#4088=ORIENTED_EDGE('',*,*,#4084,.T.);
#4089=ORIENTED_EDGE('',*,*,#2619,.F.);
#4090=ORIENTED_EDGE('',*,*,#2612,.F.);
#4091=EDGE_LOOP('',(#4085,#4086,#4087,#4088,#4089,#4090));
#4092=FACE_BOUND('',#4091,.T.);
#4093=ADVANCED_FACE('',(#4092),#4079,.F.);
#4094=CARTESIAN_POINT('',(30.429310171,-37.412863323,1.1));
#4095=DIRECTION('',(0.,0.,-1.));
#4096=DIRECTION('',(-1.,0.,0.));
#4097=AXIS2_PLACEMENT_3D('',#4094,#4095,#4096);
#4098=CONICAL_SURFACE('',#4097,1.1,45.);
#4099=CARTESIAN_POINT('',(28.229310171,-37.412863323,-0.));
#4100=DIRECTION('',(0.707106781,-0.,0.707106781));
#4101=VECTOR('',#4100,1.555634919);
#4102=LINE('',#4099,#4101);
#4103=EDGE_CURVE('',#95,#2668,#4102,.T.);
#4104=ORIENTED_EDGE('',*,*,#4103,.F.);
#4105=ORIENTED_EDGE('',*,*,#101,.F.);
#4106=ORIENTED_EDGE('',*,*,#108,.F.);
#4107=ORIENTED_EDGE('',*,*,#4103,.T.);
#4108=ORIENTED_EDGE('',*,*,#2689,.F.);
#4109=ORIENTED_EDGE('',*,*,#2682,.F.);
#4110=EDGE_LOOP('',(#4104,#4105,#4106,#4107,#4108,#4109));
#4111=FACE_BOUND('',#4110,.T.);
#4112=ADVANCED_FACE('',(#4111),#4098,.F.);
#4113=CARTESIAN_POINT('',(12.390849777,24.25313257,-0.));
#4114=DIRECTION('',(0.,0.,-1.));
#4115=DIRECTION('',(-1.,0.,0.));
#4116=AXIS2_PLACEMENT_3D('',#4113,#4114,#4115);
#4117=CONICAL_SURFACE('',#4116,2.2,45.);
#4118=CARTESIAN_POINT('',(10.190849777,24.25313257,-0.));
#4119=DIRECTION('',(0.707106781,-0.,0.707106781));
#4120=VECTOR('',#4119,1.555634919);
#4121=LINE('',#4118,#4120);
#4122=EDGE_CURVE('',#115,#2633,#4121,.T.);
#4123=ORIENTED_EDGE('',*,*,#4122,.F.);
#4124=ORIENTED_EDGE('',*,*,#121,.F.);
#4125=ORIENTED_EDGE('',*,*,#128,.F.);
#4126=ORIENTED_EDGE('',*,*,#4122,.T.);
#4127=ORIENTED_EDGE('',*,*,#2654,.F.);
#4128=ORIENTED_EDGE('',*,*,#2647,.F.);
#4129=EDGE_LOOP('',(#4123,#4124,#4125,#4126,#4127,#4128));
#4130=FACE_BOUND('',#4129,.T.);
#4131=ADVANCED_FACE('',(#4130),#4117,.F.);
#4132=CARTESIAN_POINT('',(-25.709150223,24.25313257,1.1));
#4133=DIRECTION('',(0.,0.,-1.));
#4134=DIRECTION('',(-1.,0.,0.));
#4135=AXIS2_PLACEMENT_3D('',#4132,#4133,#4134);
#4136=CONICAL_SURFACE('',#4135,1.1,45.);
#4137=CARTESIAN_POINT('',(-27.909150223,24.25313257,-0.));
#4138=DIRECTION('',(0.707106781,-0.,0.707106781));
#4139=VECTOR('',#4138,1.555634919);
#4140=LINE('',#4137,#4139);
#4141=EDGE_CURVE('',#135,#2703,#4140,.T.);
#4142=ORIENTED_EDGE('',*,*,#4141,.F.);
#4143=ORIENTED_EDGE('',*,*,#141,.F.);
#4144=ORIENTED_EDGE('',*,*,#148,.F.);
#4145=ORIENTED_EDGE('',*,*,#4141,.T.);
#4146=ORIENTED_EDGE('',*,*,#2724,.F.);
#4147=ORIENTED_EDGE('',*,*,#2717,.F.);
#4148=EDGE_LOOP('',(#4142,#4143,#4144,#4145,#4146,#4147));
#4149=FACE_BOUND('',#4148,.T.);
#4150=ADVANCED_FACE('',(#4149),#4136,.F.);
#4151=CARTESIAN_POINT('',(53.246254824,-26.73946343,-0.));
#4152=DIRECTION('',(0.,0.,1.));
#4153=DIRECTION('',(1.,0.,-0.));
#4154=AXIS2_PLACEMENT_3D('',#4151,#4152,#4153);
#4155=CYLINDRICAL_SURFACE('',#4154,7.25);
#4156=ORIENTED_EDGE('',*,*,#1677,.F.);
#4157=CARTESIAN_POINT('',(53.246254824,-26.73946343,18.1));
#4158=DIRECTION('',(-0.,-0.,-1.));
#4159=DIRECTION('',(1.,0.,-0.));
#4160=AXIS2_PLACEMENT_3D('',#4157,#4158,#4159);
#4161=CIRCLE('',#4160,7.25);
#4162=EDGE_CURVE('',#1670,#1648,#4161,.T.);
#4163=ORIENTED_EDGE('',*,*,#4162,.T.);
#4164=ORIENTED_EDGE('',*,*,#1653,.F.);
#4165=CARTESIAN_POINT('',(53.246254824,-26.73946343,2.5));
#4166=DIRECTION('',(0.,0.,1.));
#4167=DIRECTION('',(1.,0.,-0.));
#4168=AXIS2_PLACEMENT_3D('',#4165,#4166,#4167);
#4169=CIRCLE('',#4168,7.25);
#4170=EDGE_CURVE('',#1640,#1672,#4169,.T.);
#4171=ORIENTED_EDGE('',*,*,#4170,.T.);
#4172=EDGE_LOOP('',(#4156,#4163,#4164,#4171));
#4173=FACE_BOUND('',#4172,.T.);
#4174=ADVANCED_FACE('',(#4173),#4155,.T.);
#4175=CARTESIAN_POINT('',(43.060706712,-1.600365696,3.));
#4176=DIRECTION('',(-0.923879533,-0.382683432,0.));
#4177=DIRECTION('',(0.382683432,-0.923879533,0.));
#4178=AXIS2_PLACEMENT_3D('',#4175,#4176,#4177);
#4179=CYLINDRICAL_SURFACE('',#4178,1.75);
#4180=ORIENTED_EDGE('',*,*,#2879,.T.);
#4181=ORIENTED_EDGE('',*,*,#1453,.T.);
#4182=ORIENTED_EDGE('',*,*,#3875,.T.);
#4183=ORIENTED_EDGE('',*,*,#2898,.T.);
#4184=ORIENTED_EDGE('',*,*,#499,.T.);
#4185=EDGE_LOOP('',(#4180,#4181,#4182,#4183,#4184));
#4186=FACE_BOUND('',#4185,.T.);
#4187=ADVANCED_FACE('',(#4186),#4179,.F.);
#4188=CARTESIAN_POINT('',(53.246254824,-26.73946343,18.1));
#4189=DIRECTION('',(0.,0.,1.));
#4190=DIRECTION('',(1.,0.,-0.));
#4191=AXIS2_PLACEMENT_3D('',#4188,#4189,#4190);
#4192=TOROIDAL_SURFACE('',#4191,4.75,2.5);
#4193=ORIENTED_EDGE('',*,*,#3072,.F.);
#4194=ORIENTED_EDGE('',*,*,#2521,.F.);
#4195=ORIENTED_EDGE('',*,*,#3038,.T.);
#4196=ORIENTED_EDGE('',*,*,#4162,.F.);
#4197=EDGE_LOOP('',(#4193,#4194,#4195,#4196));
#4198=FACE_BOUND('',#4197,.T.);
#4199=ADVANCED_FACE('',(#4198),#4192,.T.);
#4200=CARTESIAN_POINT('',(53.246254824,-26.73946343,2.5));
#4201=DIRECTION('',(0.,0.,1.));
#4202=DIRECTION('',(1.,0.,-0.));
#4203=AXIS2_PLACEMENT_3D('',#4200,#4201,#4202);
#4204=TOROIDAL_SURFACE('',#4203,4.75,2.5);
#4205=ORIENTED_EDGE('',*,*,#3957,.F.);
#4206=ORIENTED_EDGE('',*,*,#4170,.F.);
#4207=ORIENTED_EDGE('',*,*,#3993,.F.);
#4208=ORIENTED_EDGE('',*,*,#278,.F.);
#4209=EDGE_LOOP('',(#4205,#4206,#4207,#4208));
#4210=FACE_BOUND('',#4209,.T.);
#4211=ADVANCED_FACE('',(#4210),#4204,.T.);
#4212=CLOSED_SHELL('',(#282,#322,#582,#624,#655,#688,#719,#752,#783,#816,#847,#871,#911,#944,#966,#988,#1028,#1085,#1142,#1348,#1397,#1550,#1592,#1623,#1663,#1705,
#1727,#1758,#1782,#1815,#1846,#1879,#1910,#1943,#1974,#1998,#2040,#2071,#2104,#2135,#2168,#2199,#2232,#2263,#2296,#2327,#2360,#2382,#2404,#2556,#2591,
#2626,#2661,#2696,#2731,#2766,#2783,#2800,#2812,#2852,#2869,#2886,#2911,#2935,#2953,#2971,#2989,#3007,#3025,#3043,#3061,#3085,#3103,#3121,#3139,#3157,
#3169,#3241,#3272,#3303,#3320,#3337,#3349,#3370,#3513,#3535,#3552,#3569,#3586,#3603,#3620,#3637,#3654,#3671,#3688,#3705,#3722,#3743,#3755,#3783,#3801,
#3819,#3837,#3855,#3892,#3910,#3928,#3946,#3964,#3982,#4006,#4024,#4036,#4055,#4074,#4093,#4112,#4131,#4150,#4174,#4187,#4199,#4211));
#4213=MANIFOLD_SOLID_BREP('Case',#4212);
#4214=COLOUR_RGB('',0.262745112,0.203921571,0.152941182);
#4215=FILL_AREA_STYLE_COLOUR('',#4214);
#4216=FILL_AREA_STYLE('',(#4215));
#4217=SURFACE_STYLE_FILL_AREA(#4216);
#4218=SURFACE_SIDE_STYLE('',(#4217));
#4219=SURFACE_STYLE_USAGE(.BOTH.,#4218);
#4220=PRESENTATION_STYLE_ASSIGNMENT((#4219));
#26=STYLED_ITEM('',(#4220),#4213);
#16=SHAPE_REPRESENTATION('Case',(#15),#10);
#17=ADVANCED_BREP_SHAPE_REPRESENTATION('Case',(#4213),#10);
#4228=SHAPE_REPRESENTATION_RELATIONSHIP('','',#16,#17);
#4229=CARTESIAN_POINT('',(0.,0.,0.));
#4230=DIRECTION('',(0.,0.,1.));
#4231=DIRECTION('',(1.,0.,0.));
#4232=AXIS2_PLACEMENT_3D('',#4229,#4230,#4231);
#4234=MAPPED_ITEM('',#4233,#4232);
#4233=REPRESENTATION_MAP(#4232,#16);
#4235=APPLICATION_CONTEXT('Managed model based 3d engineering');
#4236=APPLICATION_PROTOCOL_DEFINITION('international standard','ap242_managed_model_based_3d_engineering',2014,#4235);
#4237=PRODUCT_CONTEXT('',#4235,'mechanical');
#4238=PRODUCT_DEFINITION_CONTEXT('part definition',#4235,'design');
#24=PRODUCT('Case','Case','',(#4237));
#4239=PRODUCT_RELATED_PRODUCT_CATEGORY('part','',(#24));
#4240=PRODUCT_DEFINITION_FORMATION_WITH_SPECIFIED_SOURCE('','',#24,.NOT_KNOWN.);
#25=PRODUCT_DEFINITION('design','',#4240,#4238);
#23=PRODUCT_DEFINITION_SHAPE('','',#25);
#4241=SHAPE_DEFINITION_REPRESENTATION(#23,#16);
#11=DRAUGHTING_MODEL('',(#4234),#10);
#4242=DESCRIPTIVE_REPRESENTATION_ITEM('KEY','/Users/jscotto/Library/Containers/com.shapr3d.shapr/Data/tmp/DCC1A1EC-7726-4992-B399-7494FC5D677E.tmp');
#4243=PROPERTY_DEFINITION('KEY','',#25);
#4244=REPRESENTATION('',(#4242),#10);
#4245=PROPERTY_DEFINITION_REPRESENTATION(#4243,#4244);
#4246=GENERAL_PROPERTY('','KEY','');
#4247=GENERAL_PROPERTY_ASSOCIATION('','',#4246,#4243);
#1=MECHANICAL_DESIGN_GEOMETRIC_PRESENTATION_REPRESENTATION('',(#26),#10);
ENDSEC;
END-ISO-10303-21;
