ISO-10303-21;
HEADER;

/* File generated by Shapr3D Version 26.161.0.11733 */

FILE_DESCRIPTION(('HOOPS Exchange Step'),'2;1');

FILE_NAME('/Users/jscotto/Library/Containers/com.shapr3d.shapr/Data/tmp/export/temp_export',
'2026-09-17T12:38:34-04:00',
('jscotto'),
('Shapr3D Limited'),
'HOOPS Exchange 2026.3',
'Shapr3D',
'Authorized');

FILE_SCHEMA( ('AP242_MANAGED_MODEL_BASED_3D_ENGINEERING_MIM_LF {1 0 10303 442 1 1 4}') );

ENDSEC;

DATA;
#3=(NAMED_UNIT(*)PLANE_ANGLE_UNIT()SI_UNIT($,.RADIAN.));
#4=PLANE_ANGLE_MEASURE_WITH_UNIT(PLANE_ANGLE_MEASURE(0.0174532925),#3);
#5=(CONVERSION_BASED_UNIT('DEGREE',#4)NAMED_UNIT(#6)PLANE_ANGLE_UNIT());
#6=DIMENSIONAL_EXPONENTS(0.,0.,0.,0.,0.,0.,0.);
#7=(NAMED_UNIT(*)SI_UNIT($,.STERADIAN.)SOLID_ANGLE_UNIT());
#8=(LENGTH_UNIT()NAMED_UNIT(*)SI_UNIT(.MILLI.,.METRE.));
#9=UNCERTAINTY_MEASURE_WITH_UNIT(LENGTH_MEASURE(1.000000E-05),#8,'DISTANCE_ACCURACY_VALUE','Maximum Tolerance applied to model');
#10=(GEOMETRIC_REPRESENTATION_CONTEXT(3)GLOBAL_UNCERTAINTY_ASSIGNED_CONTEXT((#9))GLOBAL_UNIT_ASSIGNED_CONTEXT((#8,#5,#7))REPRESENTATION_CONTEXT('','Spacebar'));
#12=CARTESIAN_POINT('',(0.,0.,0.));
#13=DIRECTION('',(0.,0.,1.));
#14=DIRECTION('',(1.,0.,0.));
#15=AXIS2_PLACEMENT_3D('TS3D_PRODUCT_CSYS',#12,#13,#14);
#27=CARTESIAN_POINT('',(47.392358183,-20.900133001,22.37147727));
#28=DIRECTION('',(-0.671698968,-0.671698968,-0.312475589));
#29=DIRECTION('',(-0.220953608,-0.220953608,0.94992579));
#30=AXIS2_PLACEMENT_3D('',#27,#28,#29);
#31=PLANE('',#30);
#32=CARTESIAN_POINT('',(35.324594804,-9.782638089,24.41417875));
#33=VERTEX_POINT('',#32);
#34=CARTESIAN_POINT('',(35.847083593,-11.075100371,26.069317323));
#35=VERTEX_POINT('',#34);
#36=CARTESIAN_POINT('',(35.324594804,-9.782638089,24.41417875));
#37=DIRECTION('',(0.24144478,-0.597253524,0.76484812));
#38=VECTOR('',#37,2.164009469);
#39=LINE('',#36,#38);
#40=EDGE_CURVE('',#33,#35,#39,.T.);
#41=ORIENTED_EDGE('',*,*,#40,.T.);
#42=CARTESIAN_POINT('',(50.750368836,-25.968142334,26.047298321));
#43=VERTEX_POINT('',#42);
#44=CARTESIAN_POINT('',(35.847083593,-11.075100371,26.069317323));
#45=CARTESIAN_POINT('',(37.04449671,-12.357595193,26.25220935));
#46=CARTESIAN_POINT('',(38.248856258,-13.635974957,26.411323546));
#47=CARTESIAN_POINT('',(39.462989117,-14.908565023,26.536983431));
#48=CARTESIAN_POINT('',(40.677121975,-16.18115509,26.662643315));
#49=CARTESIAN_POINT('',(41.901792647,-17.448969195,26.755384639));
#50=CARTESIAN_POINT('',(43.138822445,-18.705209144,26.796678867));
#51=CARTESIAN_POINT('',(43.757337345,-19.333329119,26.817325982));
#52=CARTESIAN_POINT('',(44.378931054,-19.958477421,26.82496695));
#53=CARTESIAN_POINT('',(45.004570391,-20.579720874,26.815517536));
#54=CARTESIAN_POINT('',(45.630209729,-21.200964326,26.806068121));
#55=CARTESIAN_POINT('',(46.260621627,-21.819052373,26.779576714));
#56=CARTESIAN_POINT('',(46.894375912,-22.429541428,26.729565669));
#57=CARTESIAN_POINT('',(47.528130197,-23.040030484,26.679554624));
#58=CARTESIAN_POINT('',(48.16512706,-23.642979204,26.60636458));
#59=CARTESIAN_POINT('',(48.806991662,-24.234608411,26.498378342));
#60=CARTESIAN_POINT('',(49.448856264,-24.826237618,26.390392103));
#61=CARTESIAN_POINT('',(50.095438629,-25.406896073,26.248681764));
#62=CARTESIAN_POINT('',(50.750368836,-25.968142334,26.047298321));
#63=B_SPLINE_CURVE_WITH_KNOTS('',3,(#44,#45,#46,#47,#48,#49,#50,#51,#52,#53,#54,#55,#56,#57,#58,#59,#60,#61,#62),.UNSPECIFIED.,.F.,.F.,(4,3,3,3,3,3,4),(0.,0.005289984,0.010579967,0.013224959,0.015869951,0.018514942,0.021159934),.UNSPECIFIED.);
#64=EDGE_CURVE('',#35,#43,#63,.T.);
#65=ORIENTED_EDGE('',*,*,#64,.T.);
#66=CARTESIAN_POINT('',(53.64407916,-25.909087021,19.700019685));
#67=VERTEX_POINT('',#66);
#68=CARTESIAN_POINT('',(50.750368836,-25.968142334,26.047298321));
#69=DIRECTION('',(0.414807615,0.008465462,-0.909869759));
#70=VECTOR('',#69,6.976029891);
#71=LINE('',#68,#70);
#72=EDGE_CURVE('',#43,#67,#71,.T.);
#73=ORIENTED_EDGE('',*,*,#72,.T.);
#74=CARTESIAN_POINT('',(33.83519713,-6.100204991,19.700019685));
#75=VERTEX_POINT('',#74);
#76=CARTESIAN_POINT('',(53.64407916,-25.909087021,19.700019685));
#77=DIRECTION('',(-0.707106781,0.707106781,-0.));
#78=VECTOR('',#77,28.013989622);
#79=LINE('',#76,#78);
#80=EDGE_CURVE('',#67,#75,#79,.T.);
#81=ORIENTED_EDGE('',*,*,#80,.T.);
#82=CARTESIAN_POINT('',(33.83519713,-6.100204991,19.700019685));
#83=DIRECTION('',(0.241606121,-0.597354482,0.764718318));
#84=VECTOR('',#83,6.164569299);
#85=LINE('',#82,#84);
#86=EDGE_CURVE('',#75,#33,#85,.T.);
#87=ORIENTED_EDGE('',*,*,#86,.T.);
#88=EDGE_LOOP('',(#41,#65,#73,#81,#87));
#89=FACE_BOUND('',#88,.T.);
#90=ADVANCED_FACE('',(#89),#31,.F.);
#91=CARTESIAN_POINT('',(28.959878952,-39.332612231,22.37147727));
#92=DIRECTION('',(0.671698968,0.671698968,-0.312475589));
#93=DIRECTION('',(-0.220953608,-0.220953608,-0.94992579));
#94=AXIS2_PLACEMENT_3D('',#91,#92,#93);
#95=PLANE('',#94);
#96=CARTESIAN_POINT('',(33.968832972,-45.584333208,19.700019685));
#97=VERTEX_POINT('',#96);
#98=CARTESIAN_POINT('',(34.027888285,-42.690622885,26.047298321));
#99=VERTEX_POINT('',#98);
#100=CARTESIAN_POINT('',(33.968832972,-45.584333208,19.700019685));
#101=DIRECTION('',(0.008465462,0.414807615,0.909869759));
#102=VECTOR('',#101,6.976029891);
#103=LINE('',#100,#102);
#104=EDGE_CURVE('',#97,#99,#103,.T.);
#105=ORIENTED_EDGE('',*,*,#104,.T.);
#106=CARTESIAN_POINT('',(19.139273714,-27.79147136,26.069948604));
#107=VERTEX_POINT('',#106);
#108=CARTESIAN_POINT('',(34.027888285,-42.690622885,26.047298321));
#109=CARTESIAN_POINT('',(33.46670004,-42.035760377,26.248660947));
#110=CARTESIAN_POINT('',(32.886141277,-41.389287006,26.390351294));
#111=CARTESIAN_POINT('',(32.294638093,-40.747553531,26.498326558));
#112=CARTESIAN_POINT('',(31.703134908,-40.105820055,26.606301822));
#113=CARTESIAN_POINT('',(31.100338976,-39.468977331,26.679488964));
#114=CARTESIAN_POINT('',(30.490021523,-38.835392087,26.729505517));
#115=CARTESIAN_POINT('',(29.879704071,-38.201806842,26.77952207));
#116=CARTESIAN_POINT('',(29.261702983,-37.57147414,26.806030167));
#117=CARTESIAN_POINT('',(28.640695967,-36.94606229,26.815498818));
#118=CARTESIAN_POINT('',(28.019688951,-36.320650439,26.82496747));
#119=CARTESIAN_POINT('',(27.394891319,-35.699394426,26.817354389));
#120=CARTESIAN_POINT('',(26.767211441,-35.08129836,26.796752983));
#121=CARTESIAN_POINT('',(25.511851685,-33.845106226,26.755550173));
#122=CARTESIAN_POINT('',(24.244495631,-32.620835696,26.662933333));
#123=CARTESIAN_POINT('',(22.972019111,-31.40678101,26.537349489));
#124=CARTESIAN_POINT('',(21.699542592,-30.192726325,26.411765645));
#125=CARTESIAN_POINT('',(20.421415158,-28.98857981,26.252735922));
#126=CARTESIAN_POINT('',(19.139273714,-27.79147136,26.069948604));
#127=B_SPLINE_CURVE_WITH_KNOTS('',3,(#108,#109,#110,#111,#112,#113,#114,#115,#116,#117,#118,#119,#120,#121,#122,#123,#124,#125,#126),.UNSPECIFIED.,.F.,.F.,(4,3,3,3,3,3,4),(0.,0.002638163,0.005276326,0.007914488,0.010552651,0.015828977,0.021105302),.UNSPECIFIED.);
#128=EDGE_CURVE('',#99,#107,#127,.T.);
#129=ORIENTED_EDGE('',*,*,#128,.T.);
#130=CARTESIAN_POINT('',(17.846318478,-27.268783291,24.41417875));
#131=VERTEX_POINT('',#130);
#132=CARTESIAN_POINT('',(19.139273714,-27.79147136,26.069948604));
#133=DIRECTION('',(-0.597253524,0.24144478,-0.76484812));
#134=VECTOR('',#133,2.164834836);
#135=LINE('',#132,#134);
#136=EDGE_CURVE('',#107,#131,#135,.T.);
#137=ORIENTED_EDGE('',*,*,#136,.T.);
#138=CARTESIAN_POINT('',(14.16388538,-25.779385616,19.700019685));
#139=VERTEX_POINT('',#138);
#140=CARTESIAN_POINT('',(17.846318478,-27.268783291,24.41417875));
#141=DIRECTION('',(-0.597354482,0.241606121,-0.764718318));
#142=VECTOR('',#141,6.164569299);
#143=LINE('',#140,#142);
#144=EDGE_CURVE('',#131,#139,#143,.T.);
#145=ORIENTED_EDGE('',*,*,#144,.T.);
#146=CARTESIAN_POINT('',(14.16388538,-25.779385616,19.700019685));
#147=DIRECTION('',(0.707106781,-0.707106781,0.));
#148=VECTOR('',#147,28.008425487);
#149=LINE('',#146,#148);
#150=EDGE_CURVE('',#139,#97,#149,.T.);
#151=ORIENTED_EDGE('',*,*,#150,.T.);
#152=EDGE_LOOP('',(#105,#129,#137,#145,#151));
#153=FACE_BOUND('',#152,.T.);
#154=ADVANCED_FACE('',(#153),#95,.F.);
#155=CARTESIAN_POINT('',(34.808522522,-33.483968662,24.400019685));
#156=DIRECTION('',(-0.,0.,1.));
#157=DIRECTION('',(0.707106781,0.707106781,-0.));
#158=AXIS2_PLACEMENT_3D('',#155,#156,#157);
#159=PLANE('',#158);
#160=CARTESIAN_POINT('',(40.156017555,-28.136473629,24.400019685));
#161=VERTEX_POINT('',#160);
#162=CARTESIAN_POINT('',(38.176118568,-30.116372616,24.400019685));
#163=DIRECTION('',(0.,-0.,-1.));
#164=DIRECTION('',(0.707106781,0.707106781,-0.));
#165=AXIS2_PLACEMENT_3D('',#162,#163,#164);
#166=CIRCLE('',#165,2.8);
#167=EDGE_CURVE('',#161,#161,#166,.T.);
#168=ORIENTED_EDGE('',*,*,#167,.F.);
#169=EDGE_LOOP('',(#168));
#170=FACE_BOUND('',#169,.T.);
#171=CARTESIAN_POINT('',(34.792999452,-11.903427551,24.400019685));
#172=VERTEX_POINT('',#171);
#173=CARTESIAN_POINT('',(34.792999452,-23.329960891,24.400019685));
#174=VERTEX_POINT('',#173);
#175=CARTESIAN_POINT('',(34.792999452,-11.903427551,24.400019685));
#176=DIRECTION('',(0.,-1.,0.));
#177=VECTOR('',#176,11.42653334);
#178=LINE('',#175,#177);
#179=EDGE_CURVE('',#172,#174,#178,.T.);
#180=ORIENTED_EDGE('',*,*,#179,.F.);
#181=CARTESIAN_POINT('',(49.692830469,-26.803258568,24.400019685));
#182=VERTEX_POINT('',#181);
#183=CARTESIAN_POINT('',(49.692830469,-26.803258568,24.400019685));
#184=DIRECTION('',(-0.707106781,0.707106781,-0.));
#185=VECTOR('',#184,21.071543101);
#186=LINE('',#183,#185);
#187=EDGE_CURVE('',#182,#172,#186,.T.);
#188=ORIENTED_EDGE('',*,*,#187,.F.);
#189=CARTESIAN_POINT('',(34.86300452,-41.633084517,24.400019685));
#190=VERTEX_POINT('',#189);
#191=CARTESIAN_POINT('',(34.86300452,-41.633084517,24.400019685));
#192=DIRECTION('',(0.707106781,0.707106781,-0.));
#193=VECTOR('',#192,20.972540985);
#194=LINE('',#191,#193);
#195=EDGE_CURVE('',#190,#182,#194,.T.);
#196=ORIENTED_EDGE('',*,*,#195,.F.);
#197=CARTESIAN_POINT('',(19.967107941,-26.737187938,24.400019685));
#198=VERTEX_POINT('',#197);
#199=CARTESIAN_POINT('',(34.86300452,-41.633084517,24.400019685));
#200=DIRECTION('',(-0.707106781,0.707106781,-0.));
#201=VECTOR('',#200,21.065978965);
#202=LINE('',#199,#201);
#203=EDGE_CURVE('',#190,#198,#202,.T.);
#204=ORIENTED_EDGE('',*,*,#203,.T.);
#205=CARTESIAN_POINT('',(31.385772405,-26.737187939,24.400019685));
#206=VERTEX_POINT('',#205);
#207=CARTESIAN_POINT('',(31.385772405,-26.737187939,24.400019685));
#208=DIRECTION('',(-1.,0.,-0.));
#209=VECTOR('',#208,11.418664465);
#210=LINE('',#207,#209);
#211=EDGE_CURVE('',#206,#198,#210,.T.);
#212=ORIENTED_EDGE('',*,*,#211,.F.);
#213=CARTESIAN_POINT('',(31.385772405,-26.737187939,24.400019685));
#214=CARTESIAN_POINT('',(31.718147802,-26.737187939,24.400019685));
#215=CARTESIAN_POINT('',(32.051318283,-26.671285239,24.400019685));
#216=CARTESIAN_POINT('',(32.380404839,-26.606190359,24.400019685));
#217=CARTESIAN_POINT('',(32.693769668,-26.479123888,24.400019685));
#218=CARTESIAN_POINT('',(33.006874181,-26.352162973,24.400019685));
#219=CARTESIAN_POINT('',(33.287058628,-26.169024008,24.400019685));
#220=CARTESIAN_POINT('',(33.570530472,-25.983736279,24.400019685));
#221=CARTESIAN_POINT('',(33.805117234,-25.74930572,24.400019685));
#222=CARTESIAN_POINT('',(34.038247815,-25.516330373,24.400019685));
#223=CARTESIAN_POINT('',(34.224835522,-25.231247115,24.400019685));
#224=CARTESIAN_POINT('',(34.407019953,-24.952891524,24.400019685));
#225=CARTESIAN_POINT('',(34.534935402,-24.637958154,24.400019685));
#226=CARTESIAN_POINT('',(34.661409329,-24.326573872,24.400019685));
#227=CARTESIAN_POINT('',(34.727096753,-23.995506769,24.400019685));
#228=CARTESIAN_POINT('',(34.792999452,-23.663354668,24.400019685));
#229=CARTESIAN_POINT('',(34.792999452,-23.329960891,24.400019685));
#230=B_SPLINE_CURVE_WITH_KNOTS('',2,(#213,#214,#215,#216,#217,#218,#219,#220,#221,#222,#223,#224,#225,#226,#227,#228,#229),.UNSPECIFIED.,.F.,.F.,(3,2,2,2,2,2,2,2,3),(0.,0.125,0.25,0.375,0.5,0.625,0.75,0.875,1.),.UNSPECIFIED.);
#231=EDGE_CURVE('',#206,#174,#230,.T.);
#232=ORIENTED_EDGE('',*,*,#231,.T.);
#233=EDGE_LOOP('',(#180,#188,#196,#204,#212,#232));
#234=FACE_BOUND('',#233,.T.);
#235=ADVANCED_FACE('',(#170,#234),#159,.F.);
#236=CARTESIAN_POINT('',(30.161825466,-38.130665718,22.331750012));
#237=DIRECTION('',(-0.654289538,-0.654289538,0.379223417));
#238=DIRECTION('',(0.26815145,0.26815145,0.925305139));
#239=AXIS2_PLACEMENT_3D('',#236,#237,#238);
#240=PLANE('',#239);
#241=CARTESIAN_POINT('',(15.758083808,-25.252263698,19.700019685));
#242=VERTEX_POINT('',#241);
#243=CARTESIAN_POINT('',(19.96710794,-26.737187939,24.400019685));
#244=DIRECTION('',(-0.649382386,0.229099102,-0.725131793));
#245=VECTOR('',#244,6.481580374);
#246=LINE('',#243,#245);
#247=EDGE_CURVE('',#198,#242,#246,.T.);
#248=ORIENTED_EDGE('',*,*,#247,.F.);
#249=ORIENTED_EDGE('',*,*,#203,.F.);
#250=CARTESIAN_POINT('',(34.808522522,-44.302702414,19.700019685));
#251=VERTEX_POINT('',#250);
#252=CARTESIAN_POINT('',(34.808522522,-44.302702413,19.700019685));
#253=DIRECTION('',(0.010078925,0.493867307,0.869478866));
#254=VECTOR('',#253,5.405536791);
#255=LINE('',#252,#254);
#256=EDGE_CURVE('',#251,#190,#255,.T.);
#257=ORIENTED_EDGE('',*,*,#256,.F.);
#258=CARTESIAN_POINT('',(15.758083808,-25.252263699,19.700019685));
#259=DIRECTION('',(0.707106781,-0.707106781,0.));
#260=VECTOR('',#259,26.941388799);
#261=LINE('',#258,#260);
#262=EDGE_CURVE('',#242,#251,#261,.T.);
#263=ORIENTED_EDGE('',*,*,#262,.F.);
#264=EDGE_LOOP('',(#248,#249,#257,#263));
#265=FACE_BOUND('',#264,.T.);
#266=ADVANCED_FACE('',(#265),#240,.F.);
#267=CARTESIAN_POINT('',(46.190411669,-22.102079515,22.331750012));
#268=DIRECTION('',(0.654289538,0.654289538,0.379223417));
#269=DIRECTION('',(0.26815145,0.26815145,-0.925305139));
#270=AXIS2_PLACEMENT_3D('',#267,#268,#269);
#271=PLANE('',#270);
#272=CARTESIAN_POINT('',(33.308075212,-7.694403419,19.700019685));
#273=VERTEX_POINT('',#272);
#274=CARTESIAN_POINT('',(33.308075212,-7.69440342,19.700019684));
#275=DIRECTION('',(0.229099102,-0.649382386,0.725131793));
#276=VECTOR('',#275,6.481580374);
#277=LINE('',#274,#276);
#278=EDGE_CURVE('',#273,#172,#277,.T.);
#279=ORIENTED_EDGE('',*,*,#278,.F.);
#280=CARTESIAN_POINT('',(52.362448365,-26.748776571,19.700019685));
#281=VERTEX_POINT('',#280);
#282=CARTESIAN_POINT('',(52.362448365,-26.748776571,19.700019685));
#283=DIRECTION('',(-0.707106781,0.707106781,-0.));
#284=VECTOR('',#283,26.946952935);
#285=LINE('',#282,#284);
#286=EDGE_CURVE('',#281,#273,#285,.T.);
#287=ORIENTED_EDGE('',*,*,#286,.F.);
#288=CARTESIAN_POINT('',(52.362448364,-26.748776572,19.700019685));
#289=DIRECTION('',(-0.493867306,-0.010078924,0.869478866));
#290=VECTOR('',#289,5.405536791);
#291=LINE('',#288,#290);
#292=EDGE_CURVE('',#281,#182,#291,.T.);
#293=ORIENTED_EDGE('',*,*,#292,.T.);
#294=ORIENTED_EDGE('',*,*,#187,.T.);
#295=EDGE_LOOP('',(#279,#287,#293,#294));
#296=FACE_BOUND('',#295,.T.);
#297=ADVANCED_FACE('',(#296),#271,.F.);
#298=CARTESIAN_POINT('',(20.067494028,35.355339059,-17.495700618));
#299=DIRECTION('',(-0.953613524,-0.,0.301033632));
#300=DIRECTION('',(0.301033632,0.,0.953613524));
#301=AXIS2_PLACEMENT_3D('',#298,#299,#300);
#302=PLANE('',#301);
#303=CARTESIAN_POINT('',(33.292999452,-23.329960891,24.400019685));
#304=VERTEX_POINT('',#303);
#305=CARTESIAN_POINT('',(34.022402869,-24.059364308,26.710621856));
#306=VERTEX_POINT('',#305);
#307=CARTESIAN_POINT('',(33.292999452,-23.329960891,24.400019685));
#308=DIRECTION('',(0.288255791,-0.288255791,0.913135914));
#309=VECTOR('',#308,2.530403344);
#310=LINE('',#307,#309);
#311=EDGE_CURVE('',#304,#306,#310,.T.);
#312=ORIENTED_EDGE('',*,*,#311,.T.);
#313=CARTESIAN_POINT('',(33.802617636,-11.882998476,26.014386787));
#314=VERTEX_POINT('',#313);
#315=CARTESIAN_POINT('',(34.022402869,-24.059364308,26.710621856));
#316=CARTESIAN_POINT('',(34.00117049,-22.026902895,26.643361981));
#317=CARTESIAN_POINT('',(33.970707983,-19.99627996,26.546862934));
#318=CARTESIAN_POINT('',(33.933438162,-17.967012922,26.428799697));
#319=CARTESIAN_POINT('',(33.896168341,-15.937745884,26.31073646));
#320=CARTESIAN_POINT('',(33.852052615,-13.909842429,26.170986782));
#321=CARTESIAN_POINT('',(33.802617636,-11.882998476,26.014386787));
#322=B_SPLINE_CURVE_WITH_KNOTS('',3,(#315,#316,#317,#318,#319,#320,#321),.UNSPECIFIED.,.F.,.F.,(4,3,4),(-0.,0.006099117,0.012198235),.UNSPECIFIED.);
#323=EDGE_CURVE('',#306,#314,#322,.T.);
#324=ORIENTED_EDGE('',*,*,#323,.T.);
#325=CARTESIAN_POINT('',(33.292999452,-10.622373762,24.400019685));
#326=VERTEX_POINT('',#325);
#327=CARTESIAN_POINT('',(33.802617636,-11.882998476,26.014386787));
#328=DIRECTION('',(-0.24144478,0.597253524,-0.76484812));
#329=VECTOR('',#328,2.110702845);
#330=LINE('',#327,#329);
#331=EDGE_CURVE('',#314,#326,#330,.T.);
#332=ORIENTED_EDGE('',*,*,#331,.T.);
#333=CARTESIAN_POINT('',(33.292999452,-23.329960891,24.400019685));
#334=DIRECTION('',(-0.,1.,-0.));
#335=VECTOR('',#334,12.707587129);
#336=LINE('',#333,#335);
#337=EDGE_CURVE('',#304,#326,#336,.T.);
#338=ORIENTED_EDGE('',*,*,#337,.F.);
#339=EDGE_LOOP('',(#312,#324,#332,#338));
#340=FACE_BOUND('',#339,.T.);
#341=ADVANCED_FACE('',(#340),#302,.T.);
#342=CARTESIAN_POINT('',(-35.355339059,-12.741710202,-15.183120884));
#343=DIRECTION('',(0.,0.953613524,0.301033632));
#344=DIRECTION('',(-0.,-0.301033632,0.953613524));
#345=AXIS2_PLACEMENT_3D('',#342,#343,#344);
#346=PLANE('',#345);
#347=CARTESIAN_POINT('',(18.686054152,-25.237187939,24.400019685));
#348=VERTEX_POINT('',#347);
#349=CARTESIAN_POINT('',(19.947184019,-25.747010335,26.015033692));
#350=VERTEX_POINT('',#349);
#351=CARTESIAN_POINT('',(18.686054152,-25.237187939,24.400019685));
#352=DIRECTION('',(0.597253524,-0.24144478,0.76484812));
#353=VECTOR('',#352,2.111548641);
#354=LINE('',#351,#353);
#355=EDGE_CURVE('',#348,#350,#354,.T.);
#356=ORIENTED_EDGE('',*,*,#355,.T.);
#357=CARTESIAN_POINT('',(32.115175822,-25.966591356,26.710621856));
#358=VERTEX_POINT('',#357);
#359=CARTESIAN_POINT('',(19.947184019,-25.747010335,26.015033692));
#360=CARTESIAN_POINT('',(21.972635859,-25.796396507,26.171479074));
#361=CARTESIAN_POINT('',(23.999145835,-25.840468993,26.311091778));
#362=CARTESIAN_POINT('',(26.027017458,-25.877703648,26.429043617));
#363=CARTESIAN_POINT('',(28.05488908,-25.914938303,26.546995455));
#364=CARTESIAN_POINT('',(30.084114686,-25.945373604,26.64340832));
#365=CARTESIAN_POINT('',(32.115175822,-25.966591356,26.710621856));
#366=B_SPLINE_CURVE_WITH_KNOTS('',3,(#359,#360,#361,#362,#363,#364,#365),.UNSPECIFIED.,.F.,.F.,(4,3,4),(0.,0.006094918,0.012189835),.UNSPECIFIED.);
#367=EDGE_CURVE('',#350,#358,#366,.T.);
#368=ORIENTED_EDGE('',*,*,#367,.T.);
#369=CARTESIAN_POINT('',(31.385772405,-25.237187939,24.400019685));
#370=VERTEX_POINT('',#369);
#371=CARTESIAN_POINT('',(32.115175822,-25.966591356,26.710621856));
#372=DIRECTION('',(-0.288255791,0.288255791,-0.913135914));
#373=VECTOR('',#372,2.530403344);
#374=LINE('',#371,#373);
#375=EDGE_CURVE('',#358,#370,#374,.T.);
#376=ORIENTED_EDGE('',*,*,#375,.T.);
#377=CARTESIAN_POINT('',(18.686054152,-25.237187939,24.400019685));
#378=DIRECTION('',(1.,-0.,0.));
#379=VECTOR('',#378,12.699718253);
#380=LINE('',#377,#379);
#381=EDGE_CURVE('',#348,#370,#380,.T.);
#382=ORIENTED_EDGE('',*,*,#381,.F.);
#383=EDGE_LOOP('',(#356,#368,#376,#382));
#384=FACE_BOUND('',#383,.T.);
#385=ADVANCED_FACE('',(#384),#346,.T.);
#386=CARTESIAN_POINT('',(40.701464943,-39.376911082,22.284402557));
#387=DIRECTION('',(-0.674284769,0.674284769,-0.301131368));
#388=DIRECTION('',(-0.212932032,0.212932032,0.953582665));
#389=AXIS2_PLACEMENT_3D('',#386,#387,#388);
#390=PLANE('',#389);
#391=CARTESIAN_POINT('',(53.640846655,-27.591698625,19.700019685));
#392=VERTEX_POINT('',#391);
#393=CARTESIAN_POINT('',(50.825125424,-27.649162324,25.876231266));
#394=VERTEX_POINT('',#393);
#395=CARTESIAN_POINT('',(53.640846655,-27.591698625,19.700019685));
#396=DIRECTION('',(-0.414807615,-0.008465462,0.909869759));
#397=VECTOR('',#396,6.788017208);
#398=LINE('',#395,#397);
#399=EDGE_CURVE('',#392,#394,#398,.T.);
#400=ORIENTED_EDGE('',*,*,#399,.T.);
#401=CARTESIAN_POINT('',(35.708908276,-42.765379472,25.876231266));
#402=VERTEX_POINT('',#401);
#403=CARTESIAN_POINT('',(50.825125424,-27.649162324,25.876231266));
#404=DIRECTION('',(-0.707106781,-0.707106781,-0.));
#405=VECTOR('',#404,21.377559303);
#406=LINE('',#403,#405);
#407=EDGE_CURVE('',#394,#402,#406,.T.);
#408=ORIENTED_EDGE('',*,*,#407,.T.);
#409=CARTESIAN_POINT('',(35.651444577,-45.581100703,19.700019685));
#410=VERTEX_POINT('',#409);
#411=CARTESIAN_POINT('',(35.708908276,-42.765379472,25.876231266));
#412=DIRECTION('',(-0.008465462,-0.414807615,-0.909869759));
#413=VECTOR('',#412,6.788017208);
#414=LINE('',#411,#413);
#415=EDGE_CURVE('',#402,#410,#414,.T.);
#416=ORIENTED_EDGE('',*,*,#415,.T.);
#417=CARTESIAN_POINT('',(35.651444577,-45.581100703,19.700019685));
#418=DIRECTION('',(0.707106781,0.707106781,-0.));
#419=VECTOR('',#418,25.440856398);
#420=LINE('',#417,#419);
#421=EDGE_CURVE('',#410,#392,#420,.T.);
#422=ORIENTED_EDGE('',*,*,#421,.T.);
#423=EDGE_LOOP('',(#400,#408,#416,#422));
#424=FACE_BOUND('',#423,.T.);
#425=ADVANCED_FACE('',(#424),#390,.F.);
#426=CARTESIAN_POINT('',(34.808522522,-33.483968662,24.400019685));
#427=DIRECTION('',(-0.,0.,1.));
#428=DIRECTION('',(0.707106781,0.707106781,-0.));
#429=AXIS2_PLACEMENT_3D('',#426,#427,#428);
#430=PLANE('',#429);
#431=CARTESIAN_POINT('',(37.24619636,-28.14778903,24.400019685));
#432=VERTEX_POINT('',#431);
#433=CARTESIAN_POINT('',(38.176041777,-29.077634447,24.400019685));
#434=VERTEX_POINT('',#433);
#435=CARTESIAN_POINT('',(37.24619636,-28.14778903,24.400019685));
#436=DIRECTION('',(0.707106781,-0.707106781,0.));
#437=VECTOR('',#436,1.315);
#438=LINE('',#435,#437);
#439=EDGE_CURVE('',#432,#434,#438,.T.);
#440=ORIENTED_EDGE('',*,*,#439,.T.);
#441=CARTESIAN_POINT('',(39.105887195,-28.14778903,24.400019685));
#442=VERTEX_POINT('',#441);
#443=CARTESIAN_POINT('',(38.176041777,-29.077634447,24.400019685));
#444=DIRECTION('',(0.707106781,0.707106781,-0.));
#445=VECTOR('',#444,1.315);
#446=LINE('',#443,#445);
#447=EDGE_CURVE('',#434,#442,#446,.T.);
#448=ORIENTED_EDGE('',*,*,#447,.T.);
#449=CARTESIAN_POINT('',(40.145334163,-29.187235999,24.400019685));
#450=VERTEX_POINT('',#449);
#451=CARTESIAN_POINT('',(39.105887195,-28.14778903,24.400019685));
#452=DIRECTION('',(0.707106781,-0.707106781,0.));
#453=VECTOR('',#452,1.47);
#454=LINE('',#451,#453);
#455=EDGE_CURVE('',#442,#450,#454,.T.);
#456=ORIENTED_EDGE('',*,*,#455,.T.);
#457=CARTESIAN_POINT('',(39.215488746,-30.117081416,24.400019685));
#458=VERTEX_POINT('',#457);
#459=CARTESIAN_POINT('',(40.145334163,-29.187235999,24.400019685));
#460=DIRECTION('',(-0.707106781,-0.707106781,0.));
#461=VECTOR('',#460,1.315);
#462=LINE('',#459,#461);
#463=EDGE_CURVE('',#450,#458,#462,.T.);
#464=ORIENTED_EDGE('',*,*,#463,.T.);
#465=CARTESIAN_POINT('',(40.145334163,-31.046926833,24.400019685));
#466=VERTEX_POINT('',#465);
#467=CARTESIAN_POINT('',(39.215488746,-30.117081416,24.400019685));
#468=DIRECTION('',(0.707106781,-0.707106781,0.));
#469=VECTOR('',#468,1.315);
#470=LINE('',#467,#469);
#471=EDGE_CURVE('',#458,#466,#470,.T.);
#472=ORIENTED_EDGE('',*,*,#471,.T.);
#473=CARTESIAN_POINT('',(39.105887195,-32.086373801,24.400019685));
#474=VERTEX_POINT('',#473);
#475=CARTESIAN_POINT('',(40.145334163,-31.046926833,24.400019685));
#476=DIRECTION('',(-0.707106781,-0.707106781,0.));
#477=VECTOR('',#476,1.47);
#478=LINE('',#475,#477);
#479=EDGE_CURVE('',#466,#474,#478,.T.);
#480=ORIENTED_EDGE('',*,*,#479,.T.);
#481=CARTESIAN_POINT('',(38.176041777,-31.156528384,24.400019685));
#482=VERTEX_POINT('',#481);
#483=CARTESIAN_POINT('',(39.105887195,-32.086373801,24.400019685));
#484=DIRECTION('',(-0.707106781,0.707106781,-0.));
#485=VECTOR('',#484,1.315);
#486=LINE('',#483,#485);
#487=EDGE_CURVE('',#474,#482,#486,.T.);
#488=ORIENTED_EDGE('',*,*,#487,.T.);
#489=CARTESIAN_POINT('',(37.24619636,-32.086373801,24.400019685));
#490=VERTEX_POINT('',#489);
#491=CARTESIAN_POINT('',(38.176041777,-31.156528384,24.400019685));
#492=DIRECTION('',(-0.707106781,-0.707106781,0.));
#493=VECTOR('',#492,1.315);
#494=LINE('',#491,#493);
#495=EDGE_CURVE('',#482,#490,#494,.T.);
#496=ORIENTED_EDGE('',*,*,#495,.T.);
#497=CARTESIAN_POINT('',(36.206749392,-31.046926833,24.400019685));
#498=VERTEX_POINT('',#497);
#499=CARTESIAN_POINT('',(37.24619636,-32.086373801,24.400019685));
#500=DIRECTION('',(-0.707106781,0.707106781,-0.));
#501=VECTOR('',#500,1.47);
#502=LINE('',#499,#501);
#503=EDGE_CURVE('',#490,#498,#502,.T.);
#504=ORIENTED_EDGE('',*,*,#503,.T.);
#505=CARTESIAN_POINT('',(37.136594809,-30.117081416,24.400019685));
#506=VERTEX_POINT('',#505);
#507=CARTESIAN_POINT('',(36.206749392,-31.046926833,24.400019685));
#508=DIRECTION('',(0.707106781,0.707106781,-0.));
#509=VECTOR('',#508,1.315);
#510=LINE('',#507,#509);
#511=EDGE_CURVE('',#498,#506,#510,.T.);
#512=ORIENTED_EDGE('',*,*,#511,.T.);
#513=CARTESIAN_POINT('',(36.206749392,-29.187235999,24.400019685));
#514=VERTEX_POINT('',#513);
#515=CARTESIAN_POINT('',(37.136594809,-30.117081416,24.400019685));
#516=DIRECTION('',(-0.707106781,0.707106781,-0.));
#517=VECTOR('',#516,1.315);
#518=LINE('',#515,#517);
#519=EDGE_CURVE('',#506,#514,#518,.T.);
#520=ORIENTED_EDGE('',*,*,#519,.T.);
#521=CARTESIAN_POINT('',(36.206749392,-29.187235999,24.400019685));
#522=DIRECTION('',(0.707106781,0.707106781,-0.));
#523=VECTOR('',#522,1.47);
#524=LINE('',#521,#523);
#525=EDGE_CURVE('',#514,#432,#524,.T.);
#526=ORIENTED_EDGE('',*,*,#525,.T.);
#527=EDGE_LOOP('',(#440,#448,#456,#464,#472,#480,#488,#496,#504,#512,#520,#526));
#528=FACE_BOUND('',#527,.T.);
#529=ADVANCED_FACE('',(#528),#430,.F.);
#530=CARTESIAN_POINT('',(36.726472876,-28.667512514,20.150019685));
#531=DIRECTION('',(0.707106781,-0.707106781,0.));
#532=DIRECTION('',(0.,-0.,-1.));
#533=AXIS2_PLACEMENT_3D('',#530,#531,#532);
#534=PLANE('',#533);
#535=CARTESIAN_POINT('',(36.206749392,-29.187235999,21.000019685));
#536=VERTEX_POINT('',#535);
#537=CARTESIAN_POINT('',(36.206749392,-29.187235999,21.000019685));
#538=DIRECTION('',(-0.,0.,1.));
#539=VECTOR('',#538,3.4);
#540=LINE('',#537,#539);
#541=EDGE_CURVE('',#536,#514,#540,.T.);
#542=ORIENTED_EDGE('',*,*,#541,.F.);
#543=CARTESIAN_POINT('',(37.24619636,-28.14778903,21.000019685));
#544=VERTEX_POINT('',#543);
#545=CARTESIAN_POINT('',(36.206749392,-29.187235999,21.000019685));
#546=DIRECTION('',(0.707106781,0.707106781,-0.));
#547=VECTOR('',#546,1.47);
#548=LINE('',#545,#547);
#549=EDGE_CURVE('',#536,#544,#548,.T.);
#550=ORIENTED_EDGE('',*,*,#549,.T.);
#551=CARTESIAN_POINT('',(37.24619636,-28.14778903,21.000019685));
#552=DIRECTION('',(-0.,0.,1.));
#553=VECTOR('',#552,3.4);
#554=LINE('',#551,#553);
#555=EDGE_CURVE('',#544,#432,#554,.T.);
#556=ORIENTED_EDGE('',*,*,#555,.T.);
#557=ORIENTED_EDGE('',*,*,#525,.F.);
#558=EDGE_LOOP('',(#542,#550,#556,#557));
#559=FACE_BOUND('',#558,.T.);
#560=ADVANCED_FACE('',(#559),#534,.T.);
#561=CARTESIAN_POINT('',(37.65808606,-28.55967873,20.150019685));
#562=DIRECTION('',(-0.707106781,-0.707106781,0.));
#563=DIRECTION('',(-0.,0.,1.));
#564=AXIS2_PLACEMENT_3D('',#561,#562,#563);
#565=PLANE('',#564);
#566=ORIENTED_EDGE('',*,*,#555,.F.);
#567=CARTESIAN_POINT('',(38.176041777,-29.077634447,21.000019685));
#568=VERTEX_POINT('',#567);
#569=CARTESIAN_POINT('',(37.24619636,-28.14778903,21.000019685));
#570=DIRECTION('',(0.707106781,-0.707106781,0.));
#571=VECTOR('',#570,1.315);
#572=LINE('',#569,#571);
#573=EDGE_CURVE('',#544,#568,#572,.T.);
#574=ORIENTED_EDGE('',*,*,#573,.T.);
#575=CARTESIAN_POINT('',(38.176041777,-29.077634447,21.000019685));
#576=DIRECTION('',(-0.,0.,1.));
#577=VECTOR('',#576,3.4);
#578=LINE('',#575,#577);
#579=EDGE_CURVE('',#568,#434,#578,.T.);
#580=ORIENTED_EDGE('',*,*,#579,.T.);
#581=ORIENTED_EDGE('',*,*,#439,.F.);
#582=EDGE_LOOP('',(#566,#574,#580,#581));
#583=FACE_BOUND('',#582,.T.);
#584=ADVANCED_FACE('',(#583),#565,.T.);
#585=CARTESIAN_POINT('',(38.693997495,-28.55967873,20.150019685));
#586=DIRECTION('',(0.707106781,-0.707106781,0.));
#587=DIRECTION('',(0.,-0.,-1.));
#588=AXIS2_PLACEMENT_3D('',#585,#586,#587);
#589=PLANE('',#588);
#590=ORIENTED_EDGE('',*,*,#579,.F.);
#591=CARTESIAN_POINT('',(39.105887195,-28.14778903,21.000019685));
#592=VERTEX_POINT('',#591);
#593=CARTESIAN_POINT('',(38.176041777,-29.077634447,21.000019685));
#594=DIRECTION('',(0.707106781,0.707106781,-0.));
#595=VECTOR('',#594,1.315);
#596=LINE('',#593,#595);
#597=EDGE_CURVE('',#568,#592,#596,.T.);
#598=ORIENTED_EDGE('',*,*,#597,.T.);
#599=CARTESIAN_POINT('',(39.105887195,-28.14778903,21.000019685));
#600=DIRECTION('',(-0.,0.,1.));
#601=VECTOR('',#600,3.4);
#602=LINE('',#599,#601);
#603=EDGE_CURVE('',#592,#442,#602,.T.);
#604=ORIENTED_EDGE('',*,*,#603,.T.);
#605=ORIENTED_EDGE('',*,*,#447,.F.);
#606=EDGE_LOOP('',(#590,#598,#604,#605));
#607=FACE_BOUND('',#606,.T.);
#608=ADVANCED_FACE('',(#607),#589,.T.);
#609=CARTESIAN_POINT('',(39.625610679,-28.667512514,20.150019685));
#610=DIRECTION('',(-0.707106781,-0.707106781,0.));
#611=DIRECTION('',(-0.,0.,1.));
#612=AXIS2_PLACEMENT_3D('',#609,#610,#611);
#613=PLANE('',#612);
#614=ORIENTED_EDGE('',*,*,#603,.F.);
#615=CARTESIAN_POINT('',(40.145334163,-29.187235999,21.000019685));
#616=VERTEX_POINT('',#615);
#617=CARTESIAN_POINT('',(39.105887195,-28.14778903,21.000019685));
#618=DIRECTION('',(0.707106781,-0.707106781,0.));
#619=VECTOR('',#618,1.47);
#620=LINE('',#617,#619);
#621=EDGE_CURVE('',#592,#616,#620,.T.);
#622=ORIENTED_EDGE('',*,*,#621,.T.);
#623=CARTESIAN_POINT('',(40.145334163,-29.187235999,21.000019685));
#624=DIRECTION('',(-0.,0.,1.));
#625=VECTOR('',#624,3.4);
#626=LINE('',#623,#625);
#627=EDGE_CURVE('',#616,#450,#626,.T.);
#628=ORIENTED_EDGE('',*,*,#627,.T.);
#629=ORIENTED_EDGE('',*,*,#455,.F.);
#630=EDGE_LOOP('',(#614,#622,#628,#629));
#631=FACE_BOUND('',#630,.T.);
#632=ADVANCED_FACE('',(#631),#613,.T.);
#633=CARTESIAN_POINT('',(39.733444463,-29.599125699,20.150019685));
#634=DIRECTION('',(-0.707106781,0.707106781,-0.));
#635=DIRECTION('',(-0.,0.,1.));
#636=AXIS2_PLACEMENT_3D('',#633,#634,#635);
#637=PLANE('',#636);
#638=ORIENTED_EDGE('',*,*,#627,.F.);
#639=CARTESIAN_POINT('',(39.215488746,-30.117081416,21.000019685));
#640=VERTEX_POINT('',#639);
#641=CARTESIAN_POINT('',(40.145334163,-29.187235999,21.000019685));
#642=DIRECTION('',(-0.707106781,-0.707106781,0.));
#643=VECTOR('',#642,1.315);
#644=LINE('',#641,#643);
#645=EDGE_CURVE('',#616,#640,#644,.T.);
#646=ORIENTED_EDGE('',*,*,#645,.T.);
#647=CARTESIAN_POINT('',(39.215488746,-30.117081416,21.000019685));
#648=DIRECTION('',(-0.,0.,1.));
#649=VECTOR('',#648,3.4);
#650=LINE('',#647,#649);
#651=EDGE_CURVE('',#640,#458,#650,.T.);
#652=ORIENTED_EDGE('',*,*,#651,.T.);
#653=ORIENTED_EDGE('',*,*,#463,.F.);
#654=EDGE_LOOP('',(#638,#646,#652,#653));
#655=FACE_BOUND('',#654,.T.);
#656=ADVANCED_FACE('',(#655),#637,.T.);
#657=CARTESIAN_POINT('',(39.733444463,-30.635037133,20.150019685));
#658=DIRECTION('',(-0.707106781,-0.707106781,0.));
#659=DIRECTION('',(-0.,0.,1.));
#660=AXIS2_PLACEMENT_3D('',#657,#658,#659);
#661=PLANE('',#660);
#662=ORIENTED_EDGE('',*,*,#651,.F.);
#663=CARTESIAN_POINT('',(40.145334163,-31.046926833,21.000019685));
#664=VERTEX_POINT('',#663);
#665=CARTESIAN_POINT('',(39.215488746,-30.117081416,21.000019685));
#666=DIRECTION('',(0.707106781,-0.707106781,0.));
#667=VECTOR('',#666,1.315);
#668=LINE('',#665,#667);
#669=EDGE_CURVE('',#640,#664,#668,.T.);
#670=ORIENTED_EDGE('',*,*,#669,.T.);
#671=CARTESIAN_POINT('',(40.145334163,-31.046926833,21.000019685));
#672=DIRECTION('',(-0.,0.,1.));
#673=VECTOR('',#672,3.4);
#674=LINE('',#671,#673);
#675=EDGE_CURVE('',#664,#466,#674,.T.);
#676=ORIENTED_EDGE('',*,*,#675,.T.);
#677=ORIENTED_EDGE('',*,*,#471,.F.);
#678=EDGE_LOOP('',(#662,#670,#676,#677));
#679=FACE_BOUND('',#678,.T.);
#680=ADVANCED_FACE('',(#679),#661,.T.);
#681=CARTESIAN_POINT('',(39.625610679,-31.566650317,20.150019685));
#682=DIRECTION('',(-0.707106781,0.707106781,-0.));
#683=DIRECTION('',(-0.,0.,1.));
#684=AXIS2_PLACEMENT_3D('',#681,#682,#683);
#685=PLANE('',#684);
#686=ORIENTED_EDGE('',*,*,#675,.F.);
#687=CARTESIAN_POINT('',(39.105887195,-32.086373801,21.000019685));
#688=VERTEX_POINT('',#687);
#689=CARTESIAN_POINT('',(40.145334163,-31.046926833,21.000019685));
#690=DIRECTION('',(-0.707106781,-0.707106781,0.));
#691=VECTOR('',#690,1.47);
#692=LINE('',#689,#691);
#693=EDGE_CURVE('',#664,#688,#692,.T.);
#694=ORIENTED_EDGE('',*,*,#693,.T.);
#695=CARTESIAN_POINT('',(39.105887195,-32.086373801,21.000019685));
#696=DIRECTION('',(-0.,0.,1.));
#697=VECTOR('',#696,3.4);
#698=LINE('',#695,#697);
#699=EDGE_CURVE('',#688,#474,#698,.T.);
#700=ORIENTED_EDGE('',*,*,#699,.T.);
#701=ORIENTED_EDGE('',*,*,#479,.F.);
#702=EDGE_LOOP('',(#686,#694,#700,#701));
#703=FACE_BOUND('',#702,.T.);
#704=ADVANCED_FACE('',(#703),#685,.T.);
#705=CARTESIAN_POINT('',(38.693997495,-31.674484101,20.150019685));
#706=DIRECTION('',(0.707106781,0.707106781,-0.));
#707=DIRECTION('',(0.,-0.,-1.));
#708=AXIS2_PLACEMENT_3D('',#705,#706,#707);
#709=PLANE('',#708);
#710=ORIENTED_EDGE('',*,*,#699,.F.);
#711=CARTESIAN_POINT('',(38.176041777,-31.156528384,21.000019685));
#712=VERTEX_POINT('',#711);
#713=CARTESIAN_POINT('',(39.105887195,-32.086373801,21.000019685));
#714=DIRECTION('',(-0.707106781,0.707106781,-0.));
#715=VECTOR('',#714,1.315);
#716=LINE('',#713,#715);
#717=EDGE_CURVE('',#688,#712,#716,.T.);
#718=ORIENTED_EDGE('',*,*,#717,.T.);
#719=CARTESIAN_POINT('',(38.176041777,-31.156528384,21.000019685));
#720=DIRECTION('',(-0.,0.,1.));
#721=VECTOR('',#720,3.4);
#722=LINE('',#719,#721);
#723=EDGE_CURVE('',#712,#482,#722,.T.);
#724=ORIENTED_EDGE('',*,*,#723,.T.);
#725=ORIENTED_EDGE('',*,*,#487,.F.);
#726=EDGE_LOOP('',(#710,#718,#724,#725));
#727=FACE_BOUND('',#726,.T.);
#728=ADVANCED_FACE('',(#727),#709,.T.);
#729=CARTESIAN_POINT('',(37.65808606,-31.674484101,20.150019685));
#730=DIRECTION('',(-0.707106781,0.707106781,-0.));
#731=DIRECTION('',(-0.,0.,1.));
#732=AXIS2_PLACEMENT_3D('',#729,#730,#731);
#733=PLANE('',#732);
#734=ORIENTED_EDGE('',*,*,#723,.F.);
#735=CARTESIAN_POINT('',(37.24619636,-32.086373801,21.000019685));
#736=VERTEX_POINT('',#735);
#737=CARTESIAN_POINT('',(38.176041777,-31.156528384,21.000019685));
#738=DIRECTION('',(-0.707106781,-0.707106781,0.));
#739=VECTOR('',#738,1.315);
#740=LINE('',#737,#739);
#741=EDGE_CURVE('',#712,#736,#740,.T.);
#742=ORIENTED_EDGE('',*,*,#741,.T.);
#743=CARTESIAN_POINT('',(37.24619636,-32.086373801,21.000019685));
#744=DIRECTION('',(-0.,0.,1.));
#745=VECTOR('',#744,3.4);
#746=LINE('',#743,#745);
#747=EDGE_CURVE('',#736,#490,#746,.T.);
#748=ORIENTED_EDGE('',*,*,#747,.T.);
#749=ORIENTED_EDGE('',*,*,#495,.F.);
#750=EDGE_LOOP('',(#734,#742,#748,#749));
#751=FACE_BOUND('',#750,.T.);
#752=ADVANCED_FACE('',(#751),#733,.T.);
#753=CARTESIAN_POINT('',(36.726472876,-31.566650317,20.150019685));
#754=DIRECTION('',(0.707106781,0.707106781,-0.));
#755=DIRECTION('',(0.,-0.,-1.));
#756=AXIS2_PLACEMENT_3D('',#753,#754,#755);
#757=PLANE('',#756);
#758=ORIENTED_EDGE('',*,*,#747,.F.);
#759=CARTESIAN_POINT('',(36.206749392,-31.046926833,21.000019685));
#760=VERTEX_POINT('',#759);
#761=CARTESIAN_POINT('',(37.24619636,-32.086373801,21.000019685));
#762=DIRECTION('',(-0.707106781,0.707106781,-0.));
#763=VECTOR('',#762,1.47);
#764=LINE('',#761,#763);
#765=EDGE_CURVE('',#736,#760,#764,.T.);
#766=ORIENTED_EDGE('',*,*,#765,.T.);
#767=CARTESIAN_POINT('',(36.206749392,-31.046926833,21.000019685));
#768=DIRECTION('',(-0.,0.,1.));
#769=VECTOR('',#768,3.4);
#770=LINE('',#767,#769);
#771=EDGE_CURVE('',#760,#498,#770,.T.);
#772=ORIENTED_EDGE('',*,*,#771,.T.);
#773=ORIENTED_EDGE('',*,*,#503,.F.);
#774=EDGE_LOOP('',(#758,#766,#772,#773));
#775=FACE_BOUND('',#774,.T.);
#776=ADVANCED_FACE('',(#775),#757,.T.);
#777=CARTESIAN_POINT('',(36.618639092,-30.635037133,20.150019685));
#778=DIRECTION('',(0.707106781,-0.707106781,0.));
#779=DIRECTION('',(0.,-0.,-1.));
#780=AXIS2_PLACEMENT_3D('',#777,#778,#779);
#781=PLANE('',#780);
#782=ORIENTED_EDGE('',*,*,#771,.F.);
#783=CARTESIAN_POINT('',(37.136594809,-30.117081416,21.000019685));
#784=VERTEX_POINT('',#783);
#785=CARTESIAN_POINT('',(36.206749392,-31.046926833,21.000019685));
#786=DIRECTION('',(0.707106781,0.707106781,-0.));
#787=VECTOR('',#786,1.315);
#788=LINE('',#785,#787);
#789=EDGE_CURVE('',#760,#784,#788,.T.);
#790=ORIENTED_EDGE('',*,*,#789,.T.);
#791=CARTESIAN_POINT('',(37.136594809,-30.117081416,21.000019685));
#792=DIRECTION('',(-0.,0.,1.));
#793=VECTOR('',#792,3.4);
#794=LINE('',#791,#793);
#795=EDGE_CURVE('',#784,#506,#794,.T.);
#796=ORIENTED_EDGE('',*,*,#795,.T.);
#797=ORIENTED_EDGE('',*,*,#511,.F.);
#798=EDGE_LOOP('',(#782,#790,#796,#797));
#799=FACE_BOUND('',#798,.T.);
#800=ADVANCED_FACE('',(#799),#781,.T.);
#801=CARTESIAN_POINT('',(36.618639092,-29.599125699,20.150019685));
#802=DIRECTION('',(0.707106781,0.707106781,-0.));
#803=DIRECTION('',(0.,-0.,-1.));
#804=AXIS2_PLACEMENT_3D('',#801,#802,#803);
#805=PLANE('',#804);
#806=ORIENTED_EDGE('',*,*,#795,.F.);
#807=CARTESIAN_POINT('',(37.136594809,-30.117081416,21.000019685));
#808=DIRECTION('',(-0.707106781,0.707106781,-0.));
#809=VECTOR('',#808,1.315);
#810=LINE('',#807,#809);
#811=EDGE_CURVE('',#784,#536,#810,.T.);
#812=ORIENTED_EDGE('',*,*,#811,.T.);
#813=ORIENTED_EDGE('',*,*,#541,.T.);
#814=ORIENTED_EDGE('',*,*,#519,.F.);
#815=EDGE_LOOP('',(#806,#812,#813,#814));
#816=FACE_BOUND('',#815,.T.);
#817=ADVANCED_FACE('',(#816),#805,.T.);
#818=CARTESIAN_POINT('',(36.726472876,-28.667512514,21.000019685));
#819=DIRECTION('',(-0.5,0.5,0.707106781));
#820=DIRECTION('',(0.707106781,0.707106781,-0.));
#821=AXIS2_PLACEMENT_3D('',#818,#819,#820);
#822=PLANE('',#821);
#823=CARTESIAN_POINT('',(37.24619636,-27.723524962,20.700019685));
#824=VERTEX_POINT('',#823);
#825=CARTESIAN_POINT('',(37.24619636,-27.723524962,20.700019685));
#826=DIRECTION('',(-0.,-0.816496581,0.577350269));
#827=VECTOR('',#826,0.519615242);
#828=LINE('',#825,#827);
#829=EDGE_CURVE('',#824,#544,#828,.T.);
#830=ORIENTED_EDGE('',*,*,#829,.T.);
#831=ORIENTED_EDGE('',*,*,#549,.F.);
#832=CARTESIAN_POINT('',(35.782485323,-29.187235999,20.700019685));
#833=VERTEX_POINT('',#832);
#834=CARTESIAN_POINT('',(35.782485323,-29.187235999,20.700019685));
#835=DIRECTION('',(0.816496581,0.,0.577350269));
#836=VECTOR('',#835,0.519615242);
#837=LINE('',#834,#836);
#838=EDGE_CURVE('',#833,#536,#837,.T.);
#839=ORIENTED_EDGE('',*,*,#838,.F.);
#840=CARTESIAN_POINT('',(37.24619636,-27.723524962,20.700019685));
#841=DIRECTION('',(-0.707106781,-0.707106781,0.));
#842=VECTOR('',#841,2.07);
#843=LINE('',#840,#842);
#844=EDGE_CURVE('',#824,#833,#843,.T.);
#845=ORIENTED_EDGE('',*,*,#844,.F.);
#846=EDGE_LOOP('',(#830,#831,#839,#845));
#847=FACE_BOUND('',#846,.T.);
#848=ADVANCED_FACE('',(#847),#822,.F.);
#849=CARTESIAN_POINT('',(37.65808606,-28.55967873,21.000019685));
#850=DIRECTION('',(0.5,0.5,0.707106781));
#851=DIRECTION('',(0.707106781,-0.707106781,0.));
#852=AXIS2_PLACEMENT_3D('',#849,#850,#851);
#853=PLANE('',#852);
#854=CARTESIAN_POINT('',(38.176041777,-28.653370379,20.700019685));
#855=VERTEX_POINT('',#854);
#856=CARTESIAN_POINT('',(38.176041777,-28.653370379,20.700019685));
#857=DIRECTION('',(0.,-0.816496581,0.577350269));
#858=VECTOR('',#857,0.519615242);
#859=LINE('',#856,#858);
#860=EDGE_CURVE('',#855,#568,#859,.T.);
#861=ORIENTED_EDGE('',*,*,#860,.T.);
#862=ORIENTED_EDGE('',*,*,#573,.F.);
#863=ORIENTED_EDGE('',*,*,#829,.F.);
#864=CARTESIAN_POINT('',(38.176041777,-28.653370379,20.700019685));
#865=DIRECTION('',(-0.707106781,0.707106781,-0.));
#866=VECTOR('',#865,1.315);
#867=LINE('',#864,#866);
#868=EDGE_CURVE('',#855,#824,#867,.T.);
#869=ORIENTED_EDGE('',*,*,#868,.F.);
#870=EDGE_LOOP('',(#861,#862,#863,#869));
#871=FACE_BOUND('',#870,.T.);
#872=ADVANCED_FACE('',(#871),#853,.F.);
#873=CARTESIAN_POINT('',(38.693997495,-28.55967873,21.000019685));
#874=DIRECTION('',(-0.5,0.5,0.707106781));
#875=DIRECTION('',(0.707106781,0.707106781,-0.));
#876=AXIS2_PLACEMENT_3D('',#873,#874,#875);
#877=PLANE('',#876);
#878=CARTESIAN_POINT('',(39.105887195,-27.723524962,20.700019685));
#879=VERTEX_POINT('',#878);
#880=CARTESIAN_POINT('',(39.105887195,-27.723524962,20.700019685));
#881=DIRECTION('',(-0.,-0.816496581,0.577350269));
#882=VECTOR('',#881,0.519615242);
#883=LINE('',#880,#882);
#884=EDGE_CURVE('',#879,#592,#883,.T.);
#885=ORIENTED_EDGE('',*,*,#884,.T.);
#886=ORIENTED_EDGE('',*,*,#597,.F.);
#887=ORIENTED_EDGE('',*,*,#860,.F.);
#888=CARTESIAN_POINT('',(39.105887195,-27.723524962,20.700019685));
#889=DIRECTION('',(-0.707106781,-0.707106781,0.));
#890=VECTOR('',#889,1.315);
#891=LINE('',#888,#890);
#892=EDGE_CURVE('',#879,#855,#891,.T.);
#893=ORIENTED_EDGE('',*,*,#892,.F.);
#894=EDGE_LOOP('',(#885,#886,#887,#893));
#895=FACE_BOUND('',#894,.T.);
#896=ADVANCED_FACE('',(#895),#877,.F.);
#897=CARTESIAN_POINT('',(39.625610679,-28.667512514,21.000019685));
#898=DIRECTION('',(0.5,0.5,0.707106781));
#899=DIRECTION('',(0.707106781,-0.707106781,0.));
#900=AXIS2_PLACEMENT_3D('',#897,#898,#899);
#901=PLANE('',#900);
#902=CARTESIAN_POINT('',(40.569598232,-29.187235999,20.700019685));
#903=VERTEX_POINT('',#902);
#904=CARTESIAN_POINT('',(40.569598232,-29.187235999,20.700019685));
#905=DIRECTION('',(-0.816496581,0.,0.577350269));
#906=VECTOR('',#905,0.519615242);
#907=LINE('',#904,#906);
#908=EDGE_CURVE('',#903,#616,#907,.T.);
#909=ORIENTED_EDGE('',*,*,#908,.T.);
#910=ORIENTED_EDGE('',*,*,#621,.F.);
#911=ORIENTED_EDGE('',*,*,#884,.F.);
#912=CARTESIAN_POINT('',(40.569598232,-29.187235999,20.700019685));
#913=DIRECTION('',(-0.707106781,0.707106781,-0.));
#914=VECTOR('',#913,2.07);
#915=LINE('',#912,#914);
#916=EDGE_CURVE('',#903,#879,#915,.T.);
#917=ORIENTED_EDGE('',*,*,#916,.F.);
#918=EDGE_LOOP('',(#909,#910,#911,#917));
#919=FACE_BOUND('',#918,.T.);
#920=ADVANCED_FACE('',(#919),#901,.F.);
#921=CARTESIAN_POINT('',(39.733444463,-29.599125699,21.000019685));
#922=DIRECTION('',(0.5,-0.5,0.707106781));
#923=DIRECTION('',(-0.707106781,-0.707106781,0.));
#924=AXIS2_PLACEMENT_3D('',#921,#922,#923);
#925=PLANE('',#924);
#926=ORIENTED_EDGE('',*,*,#908,.F.);
#927=CARTESIAN_POINT('',(39.639752814,-30.117081416,20.700019685));
#928=VERTEX_POINT('',#927);
#929=CARTESIAN_POINT('',(39.639752814,-30.117081416,20.700019685));
#930=DIRECTION('',(0.707106781,0.707106781,-0.));
#931=VECTOR('',#930,1.315);
#932=LINE('',#929,#931);
#933=EDGE_CURVE('',#928,#903,#932,.T.);
#934=ORIENTED_EDGE('',*,*,#933,.F.);
#935=CARTESIAN_POINT('',(39.215488746,-30.117081416,21.000019685));
#936=DIRECTION('',(0.816496581,-0.,-0.577350269));
#937=VECTOR('',#936,0.519615242);
#938=LINE('',#935,#937);
#939=EDGE_CURVE('',#640,#928,#938,.T.);
#940=ORIENTED_EDGE('',*,*,#939,.F.);
#941=ORIENTED_EDGE('',*,*,#645,.F.);
#942=EDGE_LOOP('',(#926,#934,#940,#941));
#943=FACE_BOUND('',#942,.T.);
#944=ADVANCED_FACE('',(#943),#925,.F.);
#945=CARTESIAN_POINT('',(39.733444463,-30.635037133,21.000019685));
#946=DIRECTION('',(0.5,0.5,0.707106781));
#947=DIRECTION('',(0.707106781,-0.707106781,0.));
#948=AXIS2_PLACEMENT_3D('',#945,#946,#947);
#949=PLANE('',#948);
#950=ORIENTED_EDGE('',*,*,#939,.T.);
#951=CARTESIAN_POINT('',(40.569598232,-31.046926833,20.700019685));
#952=VERTEX_POINT('',#951);
#953=CARTESIAN_POINT('',(40.569598232,-31.046926833,20.700019685));
#954=DIRECTION('',(-0.707106781,0.707106781,-0.));
#955=VECTOR('',#954,1.315);
#956=LINE('',#953,#955);
#957=EDGE_CURVE('',#952,#928,#956,.T.);
#958=ORIENTED_EDGE('',*,*,#957,.F.);
#959=CARTESIAN_POINT('',(40.145334163,-31.046926833,21.000019685));
#960=DIRECTION('',(0.816496581,0.,-0.577350269));
#961=VECTOR('',#960,0.519615242);
#962=LINE('',#959,#961);
#963=EDGE_CURVE('',#664,#952,#962,.T.);
#964=ORIENTED_EDGE('',*,*,#963,.F.);
#965=ORIENTED_EDGE('',*,*,#669,.F.);
#966=EDGE_LOOP('',(#950,#958,#964,#965));
#967=FACE_BOUND('',#966,.T.);
#968=ADVANCED_FACE('',(#967),#949,.F.);
#969=CARTESIAN_POINT('',(39.625610679,-31.566650317,21.000019685));
#970=DIRECTION('',(0.5,-0.5,0.707106781));
#971=DIRECTION('',(-0.707106781,-0.707106781,0.));
#972=AXIS2_PLACEMENT_3D('',#969,#970,#971);
#973=PLANE('',#972);
#974=ORIENTED_EDGE('',*,*,#963,.T.);
#975=CARTESIAN_POINT('',(39.105887195,-32.51063787,20.700019685));
#976=VERTEX_POINT('',#975);
#977=CARTESIAN_POINT('',(39.105887195,-32.51063787,20.700019685));
#978=DIRECTION('',(0.707106781,0.707106781,-0.));
#979=VECTOR('',#978,2.07);
#980=LINE('',#977,#979);
#981=EDGE_CURVE('',#976,#952,#980,.T.);
#982=ORIENTED_EDGE('',*,*,#981,.F.);
#983=CARTESIAN_POINT('',(39.105887195,-32.086373801,21.000019685));
#984=DIRECTION('',(-0.,-0.816496581,-0.577350269));
#985=VECTOR('',#984,0.519615242);
#986=LINE('',#983,#985);
#987=EDGE_CURVE('',#688,#976,#986,.T.);
#988=ORIENTED_EDGE('',*,*,#987,.F.);
#989=ORIENTED_EDGE('',*,*,#693,.F.);
#990=EDGE_LOOP('',(#974,#982,#988,#989));
#991=FACE_BOUND('',#990,.T.);
#992=ADVANCED_FACE('',(#991),#973,.F.);
#993=CARTESIAN_POINT('',(38.693997495,-31.674484101,21.000019685));
#994=DIRECTION('',(-0.5,-0.5,0.707106781));
#995=DIRECTION('',(-0.707106781,0.707106781,-0.));
#996=AXIS2_PLACEMENT_3D('',#993,#994,#995);
#997=PLANE('',#996);
#998=ORIENTED_EDGE('',*,*,#987,.T.);
#999=CARTESIAN_POINT('',(38.176041777,-31.580792453,20.700019685));
#1000=VERTEX_POINT('',#999);
#1001=CARTESIAN_POINT('',(38.176041777,-31.580792453,20.700019685));
#1002=DIRECTION('',(0.707106781,-0.707106781,0.));
#1003=VECTOR('',#1002,1.315);
#1004=LINE('',#1001,#1003);
#1005=EDGE_CURVE('',#1000,#976,#1004,.T.);
#1006=ORIENTED_EDGE('',*,*,#1005,.F.);
#1007=CARTESIAN_POINT('',(38.176041777,-31.156528384,21.000019685));
#1008=DIRECTION('',(-0.,-0.816496581,-0.577350269));
#1009=VECTOR('',#1008,0.519615242);
#1010=LINE('',#1007,#1009);
#1011=EDGE_CURVE('',#712,#1000,#1010,.T.);
#1012=ORIENTED_EDGE('',*,*,#1011,.F.);
#1013=ORIENTED_EDGE('',*,*,#717,.F.);
#1014=EDGE_LOOP('',(#998,#1006,#1012,#1013));
#1015=FACE_BOUND('',#1014,.T.);
#1016=ADVANCED_FACE('',(#1015),#997,.F.);
#1017=CARTESIAN_POINT('',(37.65808606,-31.674484101,21.000019685));
#1018=DIRECTION('',(0.5,-0.5,0.707106781));
#1019=DIRECTION('',(-0.707106781,-0.707106781,0.));
#1020=AXIS2_PLACEMENT_3D('',#1017,#1018,#1019);
#1021=PLANE('',#1020);
#1022=ORIENTED_EDGE('',*,*,#1011,.T.);
#1023=CARTESIAN_POINT('',(37.24619636,-32.51063787,20.700019685));
#1024=VERTEX_POINT('',#1023);
#1025=CARTESIAN_POINT('',(37.24619636,-32.51063787,20.700019685));
#1026=DIRECTION('',(0.707106781,0.707106781,-0.));
#1027=VECTOR('',#1026,1.315);
#1028=LINE('',#1025,#1027);
#1029=EDGE_CURVE('',#1024,#1000,#1028,.T.);
#1030=ORIENTED_EDGE('',*,*,#1029,.F.);
#1031=CARTESIAN_POINT('',(37.24619636,-32.086373801,21.000019685));
#1032=DIRECTION('',(0.,-0.816496581,-0.577350269));
#1033=VECTOR('',#1032,0.519615242);
#1034=LINE('',#1031,#1033);
#1035=EDGE_CURVE('',#736,#1024,#1034,.T.);
#1036=ORIENTED_EDGE('',*,*,#1035,.F.);
#1037=ORIENTED_EDGE('',*,*,#741,.F.);
#1038=EDGE_LOOP('',(#1022,#1030,#1036,#1037));
#1039=FACE_BOUND('',#1038,.T.);
#1040=ADVANCED_FACE('',(#1039),#1021,.F.);
#1041=CARTESIAN_POINT('',(36.726472876,-31.566650317,21.000019685));
#1042=DIRECTION('',(-0.5,-0.5,0.707106781));
#1043=DIRECTION('',(-0.707106781,0.707106781,-0.));
#1044=AXIS2_PLACEMENT_3D('',#1041,#1042,#1043);
#1045=PLANE('',#1044);
#1046=ORIENTED_EDGE('',*,*,#1035,.T.);
#1047=CARTESIAN_POINT('',(35.782485323,-31.046926833,20.700019685));
#1048=VERTEX_POINT('',#1047);
#1049=CARTESIAN_POINT('',(35.782485323,-31.046926833,20.700019685));
#1050=DIRECTION('',(0.707106781,-0.707106781,0.));
#1051=VECTOR('',#1050,2.07);
#1052=LINE('',#1049,#1051);
#1053=EDGE_CURVE('',#1048,#1024,#1052,.T.);
#1054=ORIENTED_EDGE('',*,*,#1053,.F.);
#1055=CARTESIAN_POINT('',(36.206749392,-31.046926833,21.000019685));
#1056=DIRECTION('',(-0.816496581,-0.,-0.577350269));
#1057=VECTOR('',#1056,0.519615242);
#1058=LINE('',#1055,#1057);
#1059=EDGE_CURVE('',#760,#1048,#1058,.T.);
#1060=ORIENTED_EDGE('',*,*,#1059,.F.);
#1061=ORIENTED_EDGE('',*,*,#765,.F.);
#1062=EDGE_LOOP('',(#1046,#1054,#1060,#1061));
#1063=FACE_BOUND('',#1062,.T.);
#1064=ADVANCED_FACE('',(#1063),#1045,.F.);
#1065=CARTESIAN_POINT('',(36.618639092,-30.635037133,21.000019685));
#1066=DIRECTION('',(-0.5,0.5,0.707106781));
#1067=DIRECTION('',(0.707106781,0.707106781,-0.));
#1068=AXIS2_PLACEMENT_3D('',#1065,#1066,#1067);
#1069=PLANE('',#1068);
#1070=ORIENTED_EDGE('',*,*,#1059,.T.);
#1071=CARTESIAN_POINT('',(36.71233074,-30.117081416,20.700019685));
#1072=VERTEX_POINT('',#1071);
#1073=CARTESIAN_POINT('',(36.71233074,-30.117081416,20.700019685));
#1074=DIRECTION('',(-0.707106781,-0.707106781,0.));
#1075=VECTOR('',#1074,1.315);
#1076=LINE('',#1073,#1075);
#1077=EDGE_CURVE('',#1072,#1048,#1076,.T.);
#1078=ORIENTED_EDGE('',*,*,#1077,.F.);
#1079=CARTESIAN_POINT('',(36.71233074,-30.117081416,20.700019685));
#1080=DIRECTION('',(0.816496581,0.,0.577350269));
#1081=VECTOR('',#1080,0.519615242);
#1082=LINE('',#1079,#1081);
#1083=EDGE_CURVE('',#1072,#784,#1082,.T.);
#1084=ORIENTED_EDGE('',*,*,#1083,.T.);
#1085=ORIENTED_EDGE('',*,*,#789,.F.);
#1086=EDGE_LOOP('',(#1070,#1078,#1084,#1085));
#1087=FACE_BOUND('',#1086,.T.);
#1088=ADVANCED_FACE('',(#1087),#1069,.F.);
#1089=CARTESIAN_POINT('',(36.618639092,-29.599125699,21.000019685));
#1090=DIRECTION('',(-0.5,-0.5,0.707106781));
#1091=DIRECTION('',(-0.707106781,0.707106781,-0.));
#1092=AXIS2_PLACEMENT_3D('',#1089,#1090,#1091);
#1093=PLANE('',#1092);
#1094=ORIENTED_EDGE('',*,*,#838,.T.);
#1095=ORIENTED_EDGE('',*,*,#811,.F.);
#1096=ORIENTED_EDGE('',*,*,#1083,.F.);
#1097=CARTESIAN_POINT('',(35.782485323,-29.187235999,20.700019685));
#1098=DIRECTION('',(0.707106781,-0.707106781,0.));
#1099=VECTOR('',#1098,1.315);
#1100=LINE('',#1097,#1099);
#1101=EDGE_CURVE('',#833,#1072,#1100,.T.);
#1102=ORIENTED_EDGE('',*,*,#1101,.F.);
#1103=EDGE_LOOP('',(#1094,#1095,#1096,#1102));
#1104=FACE_BOUND('',#1103,.T.);
#1105=ADVANCED_FACE('',(#1104),#1093,.F.);
#1106=CARTESIAN_POINT('',(32.731396353,-35.561094831,20.700019685));
#1107=DIRECTION('',(0.,-0.,-1.));
#1108=DIRECTION('',(-0.707106781,-0.707106781,0.));
#1109=AXIS2_PLACEMENT_3D('',#1106,#1107,#1108);
#1110=PLANE('',#1109);
#1111=CARTESIAN_POINT('',(40.156017555,-28.136473629,20.700019685));
#1112=VERTEX_POINT('',#1111);
#1113=CARTESIAN_POINT('',(38.176118568,-30.116372616,20.700019685));
#1114=DIRECTION('',(-0.,0.,1.));
#1115=DIRECTION('',(0.707106781,0.707106781,-0.));
#1116=AXIS2_PLACEMENT_3D('',#1113,#1114,#1115);
#1117=CIRCLE('',#1116,2.8);
#1118=EDGE_CURVE('',#1112,#1112,#1117,.T.);
#1119=ORIENTED_EDGE('',*,*,#1118,.F.);
#1120=EDGE_LOOP('',(#1119));
#1121=FACE_BOUND('',#1120,.T.);
#1122=ORIENTED_EDGE('',*,*,#1101,.T.);
#1123=ORIENTED_EDGE('',*,*,#1077,.T.);
#1124=ORIENTED_EDGE('',*,*,#1053,.T.);
#1125=ORIENTED_EDGE('',*,*,#1029,.T.);
#1126=ORIENTED_EDGE('',*,*,#1005,.T.);
#1127=ORIENTED_EDGE('',*,*,#981,.T.);
#1128=ORIENTED_EDGE('',*,*,#957,.T.);
#1129=ORIENTED_EDGE('',*,*,#933,.T.);
#1130=ORIENTED_EDGE('',*,*,#916,.T.);
#1131=ORIENTED_EDGE('',*,*,#892,.T.);
#1132=ORIENTED_EDGE('',*,*,#868,.T.);
#1133=ORIENTED_EDGE('',*,*,#844,.T.);
#1134=EDGE_LOOP('',(#1122,#1123,#1124,#1125,#1126,#1127,#1128,#1129,#1130,#1131,#1132,#1133));
#1135=FACE_BOUND('',#1134,.T.);
#1136=ADVANCED_FACE('',(#1121,#1135),#1110,.T.);
#1137=CARTESIAN_POINT('',(38.176118568,-30.116372616,20.150019685));
#1138=DIRECTION('',(-0.,0.,1.));
#1139=DIRECTION('',(0.707106781,0.707106781,-0.));
#1140=AXIS2_PLACEMENT_3D('',#1137,#1138,#1139);
#1141=CYLINDRICAL_SURFACE('',#1140,2.8);
#1142=CARTESIAN_POINT('',(40.156017555,-28.136473629,24.400019685));
#1143=DIRECTION('',(0.,-0.,-1.));
#1144=VECTOR('',#1143,3.7);
#1145=LINE('',#1142,#1144);
#1146=EDGE_CURVE('',#161,#1112,#1145,.T.);
#1147=ORIENTED_EDGE('',*,*,#1146,.T.);
#1148=ORIENTED_EDGE('',*,*,#1118,.T.);
#1149=ORIENTED_EDGE('',*,*,#1146,.F.);
#1150=ORIENTED_EDGE('',*,*,#167,.T.);
#1151=EDGE_LOOP('',(#1147,#1148,#1149,#1150));
#1152=FACE_BOUND('',#1151,.T.);
#1153=ADVANCED_FACE('',(#1152),#1141,.T.);
#1154=CARTESIAN_POINT('',(34.808522522,-33.483968662,19.700019685));
#1155=DIRECTION('',(-0.,0.,1.));
#1156=DIRECTION('',(0.707106781,0.707106781,-0.));
#1157=AXIS2_PLACEMENT_3D('',#1154,#1155,#1156);
#1158=PLANE('',#1157);
#1159=ORIENTED_EDGE('',*,*,#286,.T.);
#1160=CARTESIAN_POINT('',(33.308075212,-21.845036651,19.700019685));
#1161=VERTEX_POINT('',#1160);
#1162=CARTESIAN_POINT('',(33.308075212,-7.69440342,19.700019685));
#1163=DIRECTION('',(0.,-1.,0.));
#1164=VECTOR('',#1163,14.150633231);
#1165=LINE('',#1162,#1164);
#1166=EDGE_CURVE('',#273,#1161,#1165,.T.);
#1167=ORIENTED_EDGE('',*,*,#1166,.T.);
#1168=CARTESIAN_POINT('',(29.900848164,-25.252263698,19.700019685));
#1169=VERTEX_POINT('',#1168);
#1170=CARTESIAN_POINT('',(29.900848164,-25.252263698,19.700019685));
#1171=CARTESIAN_POINT('',(30.234514354,-25.252263698,19.700019685));
#1172=CARTESIAN_POINT('',(30.566481579,-25.186436914,19.700019685));
#1173=CARTESIAN_POINT('',(30.895840895,-25.121127259,19.700019685));
#1174=CARTESIAN_POINT('',(31.20742891,-24.994774165,19.700019685));
#1175=CARTESIAN_POINT('',(31.521829349,-24.867280595,19.700019685));
#1176=CARTESIAN_POINT('',(31.800602518,-24.685094281,19.700019685));
#1177=CARTESIAN_POINT('',(32.086227449,-24.498430143,19.700019685));
#1178=CARTESIAN_POINT('',(32.320194432,-24.264380042,19.700019685));
#1179=CARTESIAN_POINT('',(32.554939762,-24.029551316,19.700019685));
#1180=CARTESIAN_POINT('',(32.740907015,-23.744789533,19.700019685));
#1181=CARTESIAN_POINT('',(32.923603741,-23.465035735,19.700019685));
#1182=CARTESIAN_POINT('',(33.050585575,-23.151617651,19.700019685));
#1183=CARTESIAN_POINT('',(33.177256661,-22.838966559,19.700019685));
#1184=CARTESIAN_POINT('',(33.242248388,-22.51067005,19.700019685));
#1185=CARTESIAN_POINT('',(33.308075212,-22.178155163,19.700019685));
#1186=CARTESIAN_POINT('',(33.308075212,-21.845036651,19.700019685));
#1187=B_SPLINE_CURVE_WITH_KNOTS('',2,(#1170,#1171,#1172,#1173,#1174,#1175,#1176,#1177,#1178,#1179,#1180,#1181,#1182,#1183,#1184,#1185,#1186),.UNSPECIFIED.,.F.,.F.,(3,2,2,2,2,2,2,2,3),(0.,0.125,0.25,0.375,0.5,0.625,0.75,0.875,1.),.UNSPECIFIED.);
#1188=EDGE_CURVE('',#1169,#1161,#1187,.T.);
#1189=ORIENTED_EDGE('',*,*,#1188,.F.);
#1190=CARTESIAN_POINT('',(29.900848164,-25.252263698,19.700019685));
#1191=DIRECTION('',(-1.,0.,-0.));
#1192=VECTOR('',#1191,14.142764355);
#1193=LINE('',#1190,#1192);
#1194=EDGE_CURVE('',#1169,#242,#1193,.T.);
#1195=ORIENTED_EDGE('',*,*,#1194,.T.);
#1196=ORIENTED_EDGE('',*,*,#262,.T.);
#1197=CARTESIAN_POINT('',(34.808522522,-44.302702414,19.700019685));
#1198=DIRECTION('',(0.707106781,0.707106781,-0.));
#1199=VECTOR('',#1198,24.824999999);
#1200=LINE('',#1197,#1199);
#1201=EDGE_CURVE('',#251,#281,#1200,.T.);
#1202=ORIENTED_EDGE('',*,*,#1201,.T.);
#1203=EDGE_LOOP('',(#1159,#1167,#1189,#1195,#1196,#1202));
#1204=FACE_BOUND('',#1203,.T.);
#1205=ORIENTED_EDGE('',*,*,#150,.F.);
#1206=CARTESIAN_POINT('',(14.011743197,-24.122719505,19.700019685));
#1207=VERTEX_POINT('',#1206);
#1208=CARTESIAN_POINT('',(15.3086193,-25.063166847,19.700019685));
#1209=DIRECTION('',(0.,-0.,-1.));
#1210=DIRECTION('',(-0.927044051,0.374952434,-0.));
#1211=AXIS2_PLACEMENT_3D('',#1208,#1209,#1210);
#1212=ELLIPSE('',#1211,1.634588803,1.25);
#1213=EDGE_CURVE('',#139,#1207,#1212,.T.);
#1214=ORIENTED_EDGE('',*,*,#1213,.T.);
#1215=CARTESIAN_POINT('',(15.014457353,-23.752263698,19.700019685));
#1216=VERTEX_POINT('',#1215);
#1217=CARTESIAN_POINT('',(15.3086193,-25.063166847,19.700019685));
#1218=DIRECTION('',(0.,-0.,-1.));
#1219=DIRECTION('',(-0.927044051,0.374952434,-0.));
#1220=AXIS2_PLACEMENT_3D('',#1217,#1218,#1219);
#1221=ELLIPSE('',#1220,1.634588803,1.25);
#1222=EDGE_CURVE('',#1207,#1216,#1221,.T.);
#1223=ORIENTED_EDGE('',*,*,#1222,.T.);
#1224=CARTESIAN_POINT('',(29.900848164,-23.752263698,19.700019685));
#1225=VERTEX_POINT('',#1224);
#1226=CARTESIAN_POINT('',(15.014457353,-23.752263698,19.700019685));
#1227=DIRECTION('',(1.,-0.,0.));
#1228=VECTOR('',#1227,14.886390811);
#1229=LINE('',#1226,#1228);
#1230=EDGE_CURVE('',#1216,#1225,#1229,.T.);
#1231=ORIENTED_EDGE('',*,*,#1230,.T.);
#1232=CARTESIAN_POINT('',(31.808075212,-21.845036651,19.700019685));
#1233=VERTEX_POINT('',#1232);
#1234=CARTESIAN_POINT('',(29.900848052,-23.752348407,19.700019685));
#1235=CARTESIAN_POINT('',(30.26542758,-23.752830628,19.700019685));
#1236=CARTESIAN_POINT('',(30.600446093,-23.627026779,19.700019685));
#1237=CARTESIAN_POINT('',(30.978007591,-23.485247481,19.700019685));
#1238=CARTESIAN_POINT('',(31.259533293,-23.203721779,19.700019685));
#1239=CARTESIAN_POINT('',(31.540616405,-22.922638667,19.700019685));
#1240=CARTESIAN_POINT('',(31.682838293,-22.544634579,19.700019685));
#1241=CARTESIAN_POINT('',(31.808514317,-22.210606875,19.700019685));
#1242=CARTESIAN_POINT('',(31.808120347,-21.845036602,19.700019685));
#1243=B_SPLINE_CURVE_WITH_KNOTS('',2,(#1234,#1235,#1236,#1237,#1238,#1239,#1240,#1241,#1242),.UNSPECIFIED.,.F.,.F.,(3,2,2,2,3),(0.882166411,0.9375,1.,1.0625,1.1178528),.UNSPECIFIED.);
#1244=EDGE_CURVE('',#1225,#1233,#1243,.T.);
#1245=ORIENTED_EDGE('',*,*,#1244,.T.);
#1246=CARTESIAN_POINT('',(31.808075212,-6.950776964,19.700019685));
#1247=VERTEX_POINT('',#1246);
#1248=CARTESIAN_POINT('',(31.808075212,-21.845036651,19.700019685));
#1249=DIRECTION('',(-0.,1.,-0.));
#1250=VECTOR('',#1249,14.894259687);
#1251=LINE('',#1248,#1250);
#1252=EDGE_CURVE('',#1233,#1247,#1251,.T.);
#1253=ORIENTED_EDGE('',*,*,#1252,.T.);
#1254=CARTESIAN_POINT('',(33.118978361,-7.244938911,19.700019685));
#1255=DIRECTION('',(0.,-0.,-1.));
#1256=DIRECTION('',(0.374952434,-0.927044051,0.));
#1257=AXIS2_PLACEMENT_3D('',#1254,#1255,#1256);
#1258=ELLIPSE('',#1257,1.634588803,1.25);
#1259=EDGE_CURVE('',#1247,#75,#1258,.T.);
#1260=ORIENTED_EDGE('',*,*,#1259,.T.);
#1261=ORIENTED_EDGE('',*,*,#80,.F.);
#1262=CARTESIAN_POINT('',(52.626384286,-26.752344836,19.700019685));
#1263=DIRECTION('',(0.,-0.,-1.));
#1264=DIRECTION('',(0.999791818,0.020403915,0.));
#1265=AXIS2_PLACEMENT_3D('',#1262,#1263,#1264);
#1266=ELLIPSE('',#1265,1.373822998,1.25);
#1267=EDGE_CURVE('',#67,#392,#1266,.T.);
#1268=ORIENTED_EDGE('',*,*,#1267,.T.);
#1269=ORIENTED_EDGE('',*,*,#421,.F.);
#1270=CARTESIAN_POINT('',(34.812090787,-44.566638335,19.700019685));
#1271=DIRECTION('',(0.,-0.,-1.));
#1272=DIRECTION('',(-0.020403915,-0.999791818,0.));
#1273=AXIS2_PLACEMENT_3D('',#1270,#1271,#1272);
#1274=ELLIPSE('',#1273,1.373822998,1.25);
#1275=EDGE_CURVE('',#410,#97,#1274,.T.);
#1276=ORIENTED_EDGE('',*,*,#1275,.T.);
#1277=EDGE_LOOP('',(#1205,#1214,#1223,#1231,#1245,#1253,#1260,#1261,#1268,#1269,#1276));
#1278=FACE_BOUND('',#1277,.T.);
#1279=ADVANCED_FACE('',(#1204,#1278),#1158,.F.);
#1280=CARTESIAN_POINT('',(39.506997777,-38.182443917,22.255290804));
#1281=DIRECTION('',(0.658009495,-0.658009495,0.366124309));
#1282=DIRECTION('',(0.258888982,-0.258888982,-0.930565952));
#1283=AXIS2_PLACEMENT_3D('',#1280,#1281,#1282);
#1284=PLANE('',#1283);
#1285=ORIENTED_EDGE('',*,*,#195,.T.);
#1286=ORIENTED_EDGE('',*,*,#292,.F.);
#1287=ORIENTED_EDGE('',*,*,#1201,.F.);
#1288=ORIENTED_EDGE('',*,*,#256,.T.);
#1289=EDGE_LOOP('',(#1285,#1286,#1287,#1288));
#1290=FACE_BOUND('',#1289,.T.);
#1291=ADVANCED_FACE('',(#1290),#1284,.F.);
#1292=CARTESIAN_POINT('',(14.382948967,-6.327137453,-28.859411141));
#1293=DIRECTION('',(0.288255791,-0.288255791,0.913135914));
#1294=DIRECTION('',(0.645684597,-0.645684597,-0.407655249));
#1295=AXIS2_PLACEMENT_3D('',#1292,#1293,#1294);
#1296=CYLINDRICAL_SURFACE('',#1295,2.);
#1297=CARTESIAN_POINT('',(33.505226755,-25.449415242,26.80998236));
#1298=VERTEX_POINT('',#1297);
#1299=CARTESIAN_POINT('',(32.744457534,-24.68864602,24.400019685));
#1300=VERTEX_POINT('',#1299);
#1301=CARTESIAN_POINT('',(33.505226753,-25.44941524,26.809982361));
#1302=DIRECTION('',(-0.288255791,0.288255791,-0.913135914));
#1303=VECTOR('',#1302,2.639215738);
#1304=LINE('',#1301,#1303);
#1305=EDGE_CURVE('',#1298,#1300,#1304,.T.);
#1306=ORIENTED_EDGE('',*,*,#1305,.F.);
#1307=CARTESIAN_POINT('',(32.115175822,-25.966591356,26.710621856));
#1308=CARTESIAN_POINT('',(32.245579739,-25.971585429,26.726442067));
#1309=CARTESIAN_POINT('',(32.373868107,-25.964758219,26.740453489));
#1310=CARTESIAN_POINT('',(32.500001202,-25.945869486,26.752716586));
#1311=CARTESIAN_POINT('',(32.626134297,-25.926980754,26.764979683));
#1312=CARTESIAN_POINT('',(32.751445882,-25.89550554,26.775586142));
#1313=CARTESIAN_POINT('',(32.870787516,-25.851864735,26.784095202));
#1314=CARTESIAN_POINT('',(32.99012915,-25.808223929,26.792604261));
#1315=CARTESIAN_POINT('',(33.102986797,-25.752970663,26.799024217));
#1316=CARTESIAN_POINT('',(33.209227296,-25.685864105,26.803374813));
#1317=CARTESIAN_POINT('',(33.315467795,-25.618757547,26.807725409));
#1318=CARTESIAN_POINT('',(33.415714503,-25.538806611,26.809968973));
#1319=CARTESIAN_POINT('',(33.504411235,-25.450230204,26.809982298));
#1320=CARTESIAN_POINT('',(33.593107967,-25.361653797,26.809995624));
#1321=CARTESIAN_POINT('',(33.671504935,-25.263926221,26.807855134));
#1322=CARTESIAN_POINT('',(33.739455796,-25.156917354,26.803513343));
#1323=CARTESIAN_POINT('',(33.807406658,-25.049908487,26.799171553));
#1324=CARTESIAN_POINT('',(33.863430864,-24.93556906,26.792678918));
#1325=CARTESIAN_POINT('',(33.906990853,-24.816850417,26.784231431));
#1326=CARTESIAN_POINT('',(33.950550841,-24.698131773,26.775783944));
#1327=CARTESIAN_POINT('',(33.982257775,-24.573114744,26.76523308));
#1328=CARTESIAN_POINT('',(34.001422102,-24.445903897,26.752879358));
#1329=CARTESIAN_POINT('',(34.02058643,-24.31869305,26.740525636));
#1330=CARTESIAN_POINT('',(34.027399055,-24.189823399,26.726448761));
#1331=CARTESIAN_POINT('',(34.022402869,-24.059364308,26.710621856));
#1332=B_SPLINE_CURVE_WITH_KNOTS('',3,(#1307,#1308,#1309,#1310,#1311,#1312,#1313,#1314,#1315,#1316,#1317,#1318,#1319,#1320,#1321,#1322,#1323,#1324,#1325,#1326,#1327,#1328,#1329,#1330,#1331),.UNSPECIFIED.,.F.,.F.,(4,3,3,3,3,3,3,3,4),(0.,0.0004928,0.000985601,0.001478401,0.001971202,0.002464002,0.002956803,0.003449603,0.003942404),.UNSPECIFIED.);
#1333=EDGE_CURVE('',#1298,#306,#1332,.T.);
#1334=ORIENTED_EDGE('',*,*,#1333,.T.);
#1335=ORIENTED_EDGE('',*,*,#311,.F.);
#1336=CARTESIAN_POINT('',(31.385772405,-25.237187939,24.400019685));
#1337=CARTESIAN_POINT('',(31.519522046,-25.237187939,24.400019685));
#1338=CARTESIAN_POINT('',(31.64956343,-25.224240541,24.399964017));
#1339=CARTESIAN_POINT('',(31.773888694,-25.199997655,24.399965047));
#1340=CARTESIAN_POINT('',(31.836051326,-25.187876212,24.399965562));
#1341=CARTESIAN_POINT('',(31.896792981,-25.172935179,24.399976357));
#1342=CARTESIAN_POINT('',(31.955911138,-25.155400492,24.399990041));
#1343=CARTESIAN_POINT('',(31.985470216,-25.146633149,24.399996884));
#1344=CARTESIAN_POINT('',(32.014623925,-25.137217544,24.400004241));
#1345=CARTESIAN_POINT('',(32.043349961,-25.127182655,24.400010006));
#1346=CARTESIAN_POINT('',(32.057712979,-25.12216521,24.400012889));
#1347=CARTESIAN_POINT('',(32.071969109,-25.11699295,24.400015362));
#1348=CARTESIAN_POINT('',(32.08611575,-25.11166953,24.400017093));
#1349=CARTESIAN_POINT('',(32.093189071,-25.10900782,24.400017959));
#1350=CARTESIAN_POINT('',(32.100235021,-25.106308319,24.400018638));
#1351=CARTESIAN_POINT('',(32.107253287,-25.103571488,24.400019086));
#1352=CARTESIAN_POINT('',(32.11076242,-25.102203072,24.40001931));
#1353=CARTESIAN_POINT('',(32.114264632,-25.100825323,24.400019476));
#1354=CARTESIAN_POINT('',(32.117759884,-25.099438299,24.400019577));
#1355=CARTESIAN_POINT('',(32.119507511,-25.098744787,24.400019628));
#1356=CARTESIAN_POINT('',(32.121253397,-25.098048956,24.400019663));
#1357=CARTESIAN_POINT('',(32.122997539,-25.097350813,24.400019681));
#1358=CARTESIAN_POINT('',(32.12386961,-25.097001742,24.400019691));
#1359=CARTESIAN_POINT('',(32.124741245,-25.096652093,24.400019695));
#1360=CARTESIAN_POINT('',(32.125612443,-25.096301866,24.400019696));
#1361=CARTESIAN_POINT('',(32.126048042,-25.096126753,24.400019696));
#1362=CARTESIAN_POINT('',(32.126483532,-25.095951496,24.400019696));
#1363=CARTESIAN_POINT('',(32.126918912,-25.095776094,24.400019694));
#1364=CARTESIAN_POINT('',(32.127354293,-25.095600693,24.400019692));
#1365=CARTESIAN_POINT('',(32.12776693,-25.095434285,24.400019689));
#1366=CARTESIAN_POINT('',(32.128224726,-25.095249457,24.400019685));
#1367=CARTESIAN_POINT('',(32.245420566,-25.047933504,24.400018602));
#1368=CARTESIAN_POINT('',(32.356457272,-24.989435719,24.399977066));
#1369=CARTESIAN_POINT('',(32.459667356,-24.921162316,24.399977555));
#1370=CARTESIAN_POINT('',(32.56287744,-24.852888913,24.399978043));
#1371=CARTESIAN_POINT('',(32.65824836,-24.774855194,24.400019685));
#1372=CARTESIAN_POINT('',(32.744457534,-24.68864602,24.400019685));
#1373=CARTESIAN_POINT('',(32.830666708,-24.602436846,24.400019685));
#1374=CARTESIAN_POINT('',(32.908714177,-24.507048697,24.399979141));
#1375=CARTESIAN_POINT('',(32.976986542,-24.403837926,24.399979197));
#1376=CARTESIAN_POINT('',(33.011122725,-24.352232541,24.399979225));
#1377=CARTESIAN_POINT('',(33.042817734,-24.298676677,24.399986947));
#1378=CARTESIAN_POINT('',(33.071888621,-24.243369664,24.399997192));
#1379=CARTESIAN_POINT('',(33.086424064,-24.215716158,24.400002315));
#1380=CARTESIAN_POINT('',(33.100303697,-24.187625165,24.400007904));
#1381=CARTESIAN_POINT('',(33.113506069,-24.159123348,24.400012314));
#1382=CARTESIAN_POINT('',(33.120107255,-24.14487244,24.400014519));
#1383=CARTESIAN_POINT('',(33.126539141,-24.130518844,24.400016419));
#1384=CARTESIAN_POINT('',(33.132799142,-24.116065997,24.400017744));
#1385=CARTESIAN_POINT('',(33.135929142,-24.108839574,24.400018407));
#1386=CARTESIAN_POINT('',(33.139016172,-24.101588339,24.400018925));
#1387=CARTESIAN_POINT('',(33.142059916,-24.094312729,24.400019262));
#1388=CARTESIAN_POINT('',(33.143581787,-24.090674924,24.40001943));
#1389=CARTESIAN_POINT('',(33.145092837,-24.087031025,24.400019553));
#1390=CARTESIAN_POINT('',(33.146593026,-24.083381087,24.400019625));
#1391=CARTESIAN_POINT('',(33.147343121,-24.081556118,24.400019661));
#1392=CARTESIAN_POINT('',(33.1480905,-24.07972964,24.400019684));
#1393=CARTESIAN_POINT('',(33.148835159,-24.077901658,24.400019695));
#1394=CARTESIAN_POINT('',(33.149207489,-24.076987667,24.4000197));
#1395=CARTESIAN_POINT('',(33.149579138,-24.076073301,24.400019702));
#1396=CARTESIAN_POINT('',(33.149950107,-24.07515856,24.4000197));
#1397=CARTESIAN_POINT('',(33.150135591,-24.074701189,24.400019699));
#1398=CARTESIAN_POINT('',(33.150320906,-24.074243725,24.400019698));
#1399=CARTESIAN_POINT('',(33.15050605,-24.073786167,24.400019695));
#1400=CARTESIAN_POINT('',(33.150691194,-24.073328609,24.400019693));
#1401=CARTESIAN_POINT('',(33.15088526,-24.072848436,24.400019689));
#1402=CARTESIAN_POINT('',(33.151060971,-24.072413212,24.400019685));
#1403=CARTESIAN_POINT('',(33.196043012,-23.96099593,24.400018656));
#1404=CARTESIAN_POINT('',(33.231571949,-23.842377829,24.399964073));
#1405=CARTESIAN_POINT('',(33.255813461,-23.718052297,24.399963562));
#1406=CARTESIAN_POINT('',(33.280054972,-23.593726765,24.399963051));
#1407=CARTESIAN_POINT('',(33.292999452,-23.463693669,24.400019685));
#1408=CARTESIAN_POINT('',(33.292999452,-23.329960891,24.400019685));
#1409=B_SPLINE_CURVE_WITH_KNOTS('',3,(#1336,#1337,#1338,#1339,#1340,#1341,#1342,#1343,#1344,#1345,#1346,#1347,#1348,#1349,#1350,#1351,#1352,#1353,#1354,#1355,#1356,#1357,#1358,#1359,#1360,#1361,
#1362,#1363,#1364,#1365,#1366,#1367,#1368,#1369,#1370,#1371,#1372,#1373,#1374,#1375,#1376,#1377,#1378,#1379,#1380,#1381,#1382,#1383,#1384,#1385,#1386,
#1387,#1388,#1389,#1390,#1391,#1392,#1393,#1394,#1395,#1396,#1397,#1398,#1399,#1400,#1401,#1402,#1403,#1404,#1405,#1406,#1407,#1408),.UNSPECIFIED.,.F.,.F.,(4,3,3,3,3,3,3,3,3,3,3,3,3,3,3,3,3,3,3,3,3,3,3,3,4),(0.,0.125,0.1875,0.21875,0.234375,0.2421875,0.24609375,0.248046875,0.249023438,0.249511719,0.25,0.375,0.5,0.625,0.6875,0.71875,0.734375,0.7421875,0.74609375,0.748046875,0.749023438,0.749511719,0.75,0.875,1.),.UNSPECIFIED.);
#1410=EDGE_CURVE('',#1300,#304,#1409,.T.);
#1411=ORIENTED_EDGE('',*,*,#1410,.F.);
#1412=EDGE_LOOP('',(#1306,#1334,#1335,#1411));
#1413=FACE_BOUND('',#1412,.T.);
#1414=ADVANCED_FACE('',(#1413),#1296,.F.);
#1415=CARTESIAN_POINT('',(34.894131307,-10.947125608,26.42141829));
#1416=CARTESIAN_POINT('',(19.006903641,-26.834353274,26.42141829));
#1417=CARTESIAN_POINT('',(46.15482385,-22.207818152,28.14000293));
#1418=CARTESIAN_POINT('',(30.267596185,-38.095045817,28.14000293));
#1419=CARTESIAN_POINT('',(50.906486168,-26.95948047,26.290619964));
#1420=CARTESIAN_POINT('',(35.019258503,-42.846708135,26.290619964));
#1421=B_SPLINE_SURFACE_WITH_KNOTS('',2,1,((#1415,#1416),(#1417,#1418),(#1419,#1420)),.UNSPECIFIED.,.F.,.F.,.U.,(3,3),(2,2),(0.056738788,0.97699701),(0.331036417,0.852334163),.UNSPECIFIED.);
#1422=CARTESIAN_POINT('',(50.520964869,-27.345001769,26.290619964));
#1423=VERTEX_POINT('',#1422);
#1424=CARTESIAN_POINT('',(50.43132303,-26.488720237,26.460538182));
#1425=VERTEX_POINT('',#1424);
#1426=CARTESIAN_POINT('',(50.520964869,-27.345001769,26.290619964));
#1427=CARTESIAN_POINT('',(50.578766651,-27.287199987,26.290619964));
#1428=CARTESIAN_POINT('',(50.623467902,-27.217021182,26.295609771));
#1429=CARTESIAN_POINT('',(50.649244789,-27.140628772,26.305330705));
#1430=CARTESIAN_POINT('',(50.662133233,-27.102432567,26.310191173));
#1431=CARTESIAN_POINT('',(50.670525188,-27.061928766,26.316325894));
#1432=CARTESIAN_POINT('',(50.673967811,-27.021732284,26.323270761));
#1433=CARTESIAN_POINT('',(50.677410434,-26.981535801,26.330215629));
#1434=CARTESIAN_POINT('',(50.676140325,-26.941382437,26.337977285));
#1435=CARTESIAN_POINT('',(50.670433588,-26.901264774,26.346453389));
#1436=CARTESIAN_POINT('',(50.659020113,-26.82102945,26.363405595));
#1437=CARTESIAN_POINT('',(50.630150063,-26.743972147,26.382576967));
#1438=CARTESIAN_POINT('',(50.588219883,-26.673635816,26.402273061));
#1439=CARTESIAN_POINT('',(50.546289702,-26.603299485,26.421969154));
#1440=CARTESIAN_POINT('',(50.493387219,-26.542172328,26.441410147));
#1441=CARTESIAN_POINT('',(50.43132303,-26.488720237,26.460538182));
#1442=B_SPLINE_CURVE_WITH_KNOTS('',3,(#1426,#1427,#1428,#1429,#1430,#1431,#1432,#1433,#1434,#1435,#1436,#1437,#1438,#1439,#1440,#1441),.UNSPECIFIED.,.F.,.F.,(4,3,3,3,3,4),(0.,0.000241206,0.000361809,0.000482412,0.000723619,0.000964825),.UNSPECIFIED.);
#1443=EDGE_CURVE('',#1423,#1425,#1442,.T.);
#1444=ORIENTED_EDGE('',*,*,#1443,.T.);
#1445=CARTESIAN_POINT('',(35.381426962,-11.449067449,26.495648194));
#1446=VERTEX_POINT('',#1445);
#1447=CARTESIAN_POINT('',(50.43132303,-26.488720237,26.460538182));
#1448=CARTESIAN_POINT('',(49.756177691,-25.907258844,26.668616365));
#1449=CARTESIAN_POINT('',(49.095263152,-25.312268217,26.813272396));
#1450=CARTESIAN_POINT('',(48.441480723,-24.708721181,26.923345323));
#1451=CARTESIAN_POINT('',(47.787698293,-24.105174145,27.033418249));
#1452=CARTESIAN_POINT('',(47.141381723,-23.492905719,27.10760839));
#1453=CARTESIAN_POINT('',(46.499644781,-22.874434007,27.158261144));
#1454=CARTESIAN_POINT('',(45.857907839,-22.255962294,27.208913897));
#1455=CARTESIAN_POINT('',(45.22089909,-21.631277397,27.235647606));
#1456=CARTESIAN_POINT('',(44.589494782,-21.004268974,27.2451844));
#1457=CARTESIAN_POINT('',(43.958090474,-20.377260551,27.254721193));
#1458=CARTESIAN_POINT('',(43.331569618,-19.747185102,27.247002872));
#1459=CARTESIAN_POINT('',(42.708662004,-19.114672412,27.226210251));
#1460=CARTESIAN_POINT('',(41.462846775,-17.849647033,27.184625009));
#1461=CARTESIAN_POINT('',(40.231486822,-16.575143647,27.091330163));
#1462=CARTESIAN_POINT('',(39.011674897,-15.296874513,26.965096326));
#1463=CARTESIAN_POINT('',(37.791862971,-14.018605379,26.838862488));
#1464=CARTESIAN_POINT('',(36.582875761,-12.735597954,26.679135481));
#1465=CARTESIAN_POINT('',(35.381426962,-11.449067449,26.495648194));
#1466=B_SPLINE_CURVE_WITH_KNOTS('',3,(#1447,#1448,#1449,#1450,#1451,#1452,#1453,#1454,#1455,#1456,#1457,#1458,#1459,#1460,#1461,#1462,#1463,#1464,#1465),.UNSPECIFIED.,.F.,.F.,(4,3,3,3,3,3,4),(0.,0.002644992,0.005289984,0.007934975,0.010579967,0.015869951,0.021159934),.UNSPECIFIED.);
#1467=EDGE_CURVE('',#1425,#1446,#1466,.T.);
#1468=ORIENTED_EDGE('',*,*,#1467,.T.);
#1469=CARTESIAN_POINT('',(34.351752365,-11.836124753,26.447715391));
#1470=VERTEX_POINT('',#1469);
#1471=CARTESIAN_POINT('',(35.381426962,-11.449067449,26.495648194));
#1472=CARTESIAN_POINT('',(35.337554558,-11.402088181,26.488947927));
#1473=CARTESIAN_POINT('',(35.290253044,-11.359573111,26.482291308));
#1474=CARTESIAN_POINT('',(35.238963835,-11.322247725,26.475693413));
#1475=CARTESIAN_POINT('',(35.187674626,-11.284922338,26.469095518));
#1476=CARTESIAN_POINT('',(35.131527777,-11.252370953,26.462459462));
#1477=CARTESIAN_POINT('',(35.072385313,-11.228089014,26.456191525));
#1478=CARTESIAN_POINT('',(35.013242848,-11.203807076,26.449923589));
#1479=CARTESIAN_POINT('',(34.950429812,-11.187497678,26.443950858));
#1480=CARTESIAN_POINT('',(34.886338138,-11.182910112,26.438749929));
#1481=CARTESIAN_POINT('',(34.822246464,-11.178322545,26.433548999));
#1482=CARTESIAN_POINT('',(34.756757305,-11.185957199,26.429149288));
#1483=CARTESIAN_POINT('',(34.696475007,-11.20710623,26.426169265));
#1484=CARTESIAN_POINT('',(34.636192709,-11.228255261,26.423189241));
#1485=CARTESIAN_POINT('',(34.580247516,-11.263460801,26.42160535));
#1486=CARTESIAN_POINT('',(34.534404938,-11.307669997,26.421480712));
#1487=CARTESIAN_POINT('',(34.48856236,-11.351879192,26.421356073));
#1488=CARTESIAN_POINT('',(34.451271181,-11.406060173,26.422645734));
#1489=CARTESIAN_POINT('',(34.423586381,-11.463790164,26.424934933));
#1490=CARTESIAN_POINT('',(34.39590158,-11.521520154,26.427224132));
#1491=CARTESIAN_POINT('',(34.377031913,-11.583844225,26.430531447));
#1492=CARTESIAN_POINT('',(34.365685183,-11.646170155,26.434399474));
#1493=CARTESIAN_POINT('',(34.354338454,-11.708496085,26.438267501));
#1494=CARTESIAN_POINT('',(34.350083582,-11.771872093,26.442743373));
#1495=CARTESIAN_POINT('',(34.351752365,-11.836124753,26.447715391));
#1496=B_SPLINE_CURVE_WITH_KNOTS('',3,(#1471,#1472,#1473,#1474,#1475,#1476,#1477,#1478,#1479,#1480,#1481,#1482,#1483,#1484,#1485,#1486,#1487,#1488,#1489,#1490,#1491,#1492,#1493,#1494,#1495),.UNSPECIFIED.,.F.,.F.,(4,3,3,3,3,3,3,3,4),(-0.,0.00019012,0.000380239,0.000570359,0.000760479,0.000950598,0.001140718,0.001330838,0.001520957),.UNSPECIFIED.);
#1497=EDGE_CURVE('',#1446,#1470,#1496,.T.);
#1498=ORIENTED_EDGE('',*,*,#1497,.T.);
#1499=CARTESIAN_POINT('',(34.597964065,-24.038917051,27.146806534));
#1500=VERTEX_POINT('',#1499);
#1501=CARTESIAN_POINT('',(34.351752365,-11.836124753,26.447715391));
#1502=CARTESIAN_POINT('',(34.404479476,-13.866260838,26.604811994));
#1503=CARTESIAN_POINT('',(34.452283026,-15.897852116,26.745068749));
#1504=CARTESIAN_POINT('',(34.49385574,-17.931422048,26.863623643));
#1505=CARTESIAN_POINT('',(34.535428454,-19.964991979,26.982178537));
#1506=CARTESIAN_POINT('',(34.570797628,-22.000521582,27.07915797));
#1507=CARTESIAN_POINT('',(34.597964065,-24.038917051,27.146806534));
#1508=B_SPLINE_CURVE_WITH_KNOTS('',3,(#1501,#1502,#1503,#1504,#1505,#1506,#1507),.UNSPECIFIED.,.F.,.F.,(4,3,4),(-0.,0.006099117,0.012198235),.UNSPECIFIED.);
#1509=EDGE_CURVE('',#1470,#1500,#1508,.T.);
#1510=ORIENTED_EDGE('',*,*,#1509,.T.);
#1511=CARTESIAN_POINT('',(32.094728565,-26.542152551,27.146806534));
#1512=VERTEX_POINT('',#1511);
#1513=CARTESIAN_POINT('',(34.597964064,-24.038917051,27.146806534));
#1514=CARTESIAN_POINT('',(34.600188326,-24.205811375,27.152345283));
#1515=CARTESIAN_POINT('',(34.58736415,-24.371069823,27.157140741));
#1516=CARTESIAN_POINT('',(34.558787526,-24.534610623,27.161273018));
#1517=CARTESIAN_POINT('',(34.530210902,-24.698151424,27.165405295));
#1518=CARTESIAN_POINT('',(34.485646352,-24.859286934,27.168845147));
#1519=CARTESIAN_POINT('',(34.426110314,-25.012741624,27.17156554));
#1520=CARTESIAN_POINT('',(34.366574277,-25.166196314,27.174285934));
#1521=CARTESIAN_POINT('',(34.291222904,-25.314447649,27.176335859));
#1522=CARTESIAN_POINT('',(34.200815059,-25.453674448,27.177698722));
#1523=CARTESIAN_POINT('',(34.110407213,-25.592901247,27.179061584));
#1524=CARTESIAN_POINT('',(34.006899014,-25.720556514,27.17972264));
#1525=CARTESIAN_POINT('',(33.890488306,-25.836816801,27.179718497));
#1526=CARTESIAN_POINT('',(33.774077599,-25.953077089,27.179714353));
#1527=CARTESIAN_POINT('',(33.643138589,-26.058647757,27.179019484));
#1528=CARTESIAN_POINT('',(33.504922715,-26.147949908,27.177653577));
#1529=CARTESIAN_POINT('',(33.366706842,-26.237252058,27.17628767));
#1530=CARTESIAN_POINT('',(33.220390474,-26.31158098,27.174263447));
#1531=CARTESIAN_POINT('',(33.066135226,-26.37124019,27.171522767));
#1532=CARTESIAN_POINT('',(32.989007602,-26.401069796,27.170152428));
#1533=CARTESIAN_POINT('',(32.909489389,-26.427287604,27.168591812));
#1534=CARTESIAN_POINT('',(32.829631972,-26.449297537,27.166871752));
#1535=CARTESIAN_POINT('',(32.749774554,-26.47130747,27.165151693));
#1536=CARTESIAN_POINT('',(32.669287876,-26.489262503,27.163268402));
#1537=CARTESIAN_POINT('',(32.588212114,-26.503357338,27.16121702));
#1538=CARTESIAN_POINT('',(32.426060589,-26.53154701,27.157114257));
#1539=CARTESIAN_POINT('',(32.261552305,-26.544375872,27.15234294));
#1540=CARTESIAN_POINT('',(32.094728565,-26.542152551,27.146806534));
#1541=B_SPLINE_CURVE_WITH_KNOTS('',3,(#1513,#1514,#1515,#1516,#1517,#1518,#1519,#1520,#1521,#1522,#1523,#1524,#1525,#1526,#1527,#1528,#1529,#1530,#1531,#1532,#1533,#1534,#1535,#1536,#1537,#1538,
#1539,#1540),.UNSPECIFIED.,.F.,.F.,(4,3,3,3,3,3,3,3,3,4),(0.,0.0004928,0.000985601,0.001478401,0.001971202,0.002464002,0.002956803,0.003203203,0.003449603,0.003942404),.UNSPECIFIED.);
#1542=EDGE_CURVE('',#1500,#1512,#1541,.T.);
#1543=ORIENTED_EDGE('',*,*,#1542,.T.);
#1544=CARTESIAN_POINT('',(19.9003239,-26.296158668,26.448364348));
#1545=VERTEX_POINT('',#1544);
#1546=CARTESIAN_POINT('',(32.094728565,-26.542152551,27.146806534));
#1547=CARTESIAN_POINT('',(30.057737461,-26.515004831,27.079204577));
#1548=CARTESIAN_POINT('',(28.023607891,-26.479665566,26.982311711));
#1549=CARTESIAN_POINT('',(25.991435475,-26.438130118,26.863868579));
#1550=CARTESIAN_POINT('',(23.959263059,-26.396594669,26.745425447));
#1551=CARTESIAN_POINT('',(21.929066723,-26.348835823,26.605306019));
#1552=CARTESIAN_POINT('',(19.9003239,-26.296158668,26.448364348));
#1553=B_SPLINE_CURVE_WITH_KNOTS('',3,(#1546,#1547,#1548,#1549,#1550,#1551,#1552),.UNSPECIFIED.,.F.,.F.,(4,3,4),(0.,0.006094918,0.012189835),.UNSPECIFIED.);
#1554=EDGE_CURVE('',#1512,#1545,#1553,.T.);
#1555=ORIENTED_EDGE('',*,*,#1554,.T.);
#1556=CARTESIAN_POINT('',(19.513254726,-27.325828663,26.49628153));
#1557=VERTEX_POINT('',#1556);
#1558=CARTESIAN_POINT('',(19.900323898,-26.296158666,26.448364348));
#1559=CARTESIAN_POINT('',(19.771685378,-26.292818513,26.438412991));
#1560=CARTESIAN_POINT('',(19.642689307,-26.312626253,26.430110053));
#1561=CARTESIAN_POINT('',(19.526540751,-26.368697819,26.425533877));
#1562=CARTESIAN_POINT('',(19.468466473,-26.396733602,26.423245789));
#1563=CARTESIAN_POINT('',(19.414807221,-26.43392709,26.421988817));
#1564=CARTESIAN_POINT('',(19.370529915,-26.480216671,26.422142324));
#1565=CARTESIAN_POINT('',(19.326252608,-26.526506253,26.42229583));
#1566=CARTESIAN_POINT('',(19.291473593,-26.582589952,26.423922331));
#1567=CARTESIAN_POINT('',(19.270681579,-26.642688537,26.426914572));
#1568=CARTESIAN_POINT('',(19.249889565,-26.702787123,26.429906814));
#1569=CARTESIAN_POINT('',(19.24249754,-26.768185249,26.434316489));
#1570=CARTESIAN_POINT('',(19.247192489,-26.83187243,26.4394932));
#1571=CARTESIAN_POINT('',(19.251887439,-26.89555961,26.444669911));
#1572=CARTESIAN_POINT('',(19.268283974,-26.958503873,26.450657171));
#1573=CARTESIAN_POINT('',(19.292569192,-27.017479408,26.456910752));
#1574=CARTESIAN_POINT('',(19.31685441,-27.076454942,26.463164333));
#1575=CARTESIAN_POINT('',(19.349376842,-27.132478805,26.469786881));
#1576=CARTESIAN_POINT('',(19.386661621,-27.183669552,26.476372315));
#1577=CARTESIAN_POINT('',(19.4239464,-27.234860299,26.482957749));
#1578=CARTESIAN_POINT('',(19.466386227,-27.282058779,26.489599046));
#1579=CARTESIAN_POINT('',(19.513254725,-27.325828662,26.49628153));
#1580=B_SPLINE_CURVE_WITH_KNOTS('',3,(#1558,#1559,#1560,#1561,#1562,#1563,#1564,#1565,#1566,#1567,#1568,#1569,#1570,#1571,#1572,#1573,#1574,#1575,#1576,#1577,#1578,#1579),.UNSPECIFIED.,.F.,.F.,(4,3,3,3,3,3,3,4),(-0.,0.000380664,0.000570997,0.000761329,0.000951661,0.001141993,0.001332325,0.001522658),.UNSPECIFIED.);
#1581=EDGE_CURVE('',#1545,#1557,#1580,.T.);
#1582=ORIENTED_EDGE('',*,*,#1581,.T.);
#1583=CARTESIAN_POINT('',(34.548466189,-42.371577079,26.460538182));
#1584=VERTEX_POINT('',#1583);
#1585=CARTESIAN_POINT('',(19.513254726,-27.325828663,26.49628153));
#1586=CARTESIAN_POINT('',(20.799432197,-28.526973139,26.679663975));
#1587=CARTESIAN_POINT('',(22.082187917,-29.73574794,26.839306398));
#1588=CARTESIAN_POINT('',(23.360345155,-30.955483344,26.965464058));
#1589=CARTESIAN_POINT('',(24.638502393,-32.175218748,27.091621718));
#1590=CARTESIAN_POINT('',(25.912548726,-33.406179558,27.184791619));
#1591=CARTESIAN_POINT('',(27.176690484,-34.651153694,27.226284886));
#1592=CARTESIAN_POINT('',(27.808761363,-35.273640761,27.247031519));
#1593=CARTESIAN_POINT('',(28.438484505,-35.899822284,27.254721734));
#1594=CARTESIAN_POINT('',(29.065255473,-36.530998086,27.245165508));
#1595=CARTESIAN_POINT('',(29.692026441,-37.162173887,27.235609283));
#1596=CARTESIAN_POINT('',(30.316624616,-37.799103678,27.208858645));
#1597=CARTESIAN_POINT('',(30.934923701,-38.440670555,27.158200219));
#1598=CARTESIAN_POINT('',(31.553222786,-39.082237432,27.107541794));
#1599=CARTESIAN_POINT('',(32.165337156,-39.728398596,27.033354428));
#1600=CARTESIAN_POINT('',(32.768756569,-40.382048297,26.923292533));
#1601=CARTESIAN_POINT('',(33.372175982,-41.035697999,26.813230639));
#1602=CARTESIAN_POINT('',(33.967064901,-41.696501529,26.668594856));
#1603=CARTESIAN_POINT('',(34.548466189,-42.371577079,26.460538182));
#1604=B_SPLINE_CURVE_WITH_KNOTS('',3,(#1585,#1586,#1587,#1588,#1589,#1590,#1591,#1592,#1593,#1594,#1595,#1596,#1597,#1598,#1599,#1600,#1601,#1602,#1603),.UNSPECIFIED.,.F.,.F.,(4,3,3,3,3,3,4),(0.,0.005276326,0.010552651,0.013190814,0.015828977,0.01846714,0.021105302),.UNSPECIFIED.);
#1605=EDGE_CURVE('',#1557,#1584,#1604,.T.);
#1606=ORIENTED_EDGE('',*,*,#1605,.T.);
#1607=CARTESIAN_POINT('',(35.40474772,-42.461218917,26.290619964));
#1608=VERTEX_POINT('',#1607);
#1609=CARTESIAN_POINT('',(34.548466189,-42.371577079,26.460538182));
#1610=CARTESIAN_POINT('',(34.601880166,-42.433597014,26.441423786));
#1611=CARTESIAN_POINT('',(34.663833627,-42.487087571,26.421737898));
#1612=CARTESIAN_POINT('',(34.733840987,-42.528747808,26.402144438));
#1613=CARTESIAN_POINT('',(34.803848346,-42.570408044,26.382550979));
#1614=CARTESIAN_POINT('',(34.881481186,-42.599479331,26.363239423));
#1615=CARTESIAN_POINT('',(34.961715048,-42.610787641,26.346304603));
#1616=CARTESIAN_POINT('',(35.04194891,-42.622095951,26.329369782));
#1617=CARTESIAN_POINT('',(35.124905981,-42.61509981,26.314908875));
#1618=CARTESIAN_POINT('',(35.20113999,-42.589240342,26.305233373));
#1619=CARTESIAN_POINT('',(35.239256995,-42.576310609,26.300395623));
#1620=CARTESIAN_POINT('',(35.276406022,-42.558466393,26.296657354));
#1621=CARTESIAN_POINT('',(35.310475977,-42.536904661,26.294231043));
#1622=CARTESIAN_POINT('',(35.344545932,-42.515342928,26.291804733));
#1623=CARTESIAN_POINT('',(35.375920663,-42.490045975,26.290619964));
#1624=CARTESIAN_POINT('',(35.40474772,-42.461218917,26.290619964));
#1625=B_SPLINE_CURVE_WITH_KNOTS('',3,(#1609,#1610,#1611,#1612,#1613,#1614,#1615,#1616,#1617,#1618,#1619,#1620,#1621,#1622,#1623,#1624),.UNSPECIFIED.,.F.,.F.,(4,3,3,3,3,4),(-0.,0.000241456,0.000482913,0.000724369,0.000845097,0.000965825),.UNSPECIFIED.);
#1626=EDGE_CURVE('',#1584,#1608,#1625,.T.);
#1627=ORIENTED_EDGE('',*,*,#1626,.T.);
#1628=CARTESIAN_POINT('',(35.40474772,-42.461218917,26.290619964));
#1629=DIRECTION('',(0.707106781,0.707106781,0.));
#1630=VECTOR('',#1629,21.377559303);
#1631=LINE('',#1628,#1630);
#1632=EDGE_CURVE('',#1608,#1423,#1631,.T.);
#1633=ORIENTED_EDGE('',*,*,#1632,.T.);
#1634=EDGE_LOOP('',(#1444,#1468,#1498,#1510,#1543,#1555,#1582,#1606,#1627,#1633));
#1635=FACE_BOUND('',#1634,.T.);
#1636=ADVANCED_FACE('',(#1635),#1421,.F.);
#1637=CARTESIAN_POINT('',(34.850642893,-42.677585175,23.843608856));
#1638=DIRECTION('',(-0.008465462,-0.414807615,-0.909869759));
#1639=DIRECTION('',(0.671698968,0.671698968,-0.312475589));
#1640=AXIS2_PLACEMENT_3D('',#1637,#1638,#1639);
#1641=CYLINDRICAL_SURFACE('',#1640,1.25);
#1642=ORIENTED_EDGE('',*,*,#415,.F.);
#1643=CARTESIAN_POINT('',(35.708908276,-42.765379472,25.876231266));
#1644=CARTESIAN_POINT('',(35.651357453,-42.817972222,25.887333239));
#1645=CARTESIAN_POINT('',(35.588923415,-42.864746462,25.898502085));
#1646=CARTESIAN_POINT('',(35.521316262,-42.905353469,25.909726275));
#1647=CARTESIAN_POINT('',(35.453709109,-42.945960477,25.920950465));
#1648=CARTESIAN_POINT('',(35.380177405,-42.980472402,25.932322955));
#1649=CARTESIAN_POINT('',(35.304897651,-43.00659208,25.943129139));
#1650=CARTESIAN_POINT('',(35.154338142,-43.058831436,25.964741508));
#1651=CARTESIAN_POINT('',(34.991159848,-43.079155364,25.98486268));
#1652=CARTESIAN_POINT('',(34.833827008,-43.067376454,26.000957437));
#1653=CARTESIAN_POINT('',(34.676494168,-43.055597544,26.017052194));
#1654=CARTESIAN_POINT('',(34.524743403,-43.012649295,26.029211669));
#1655=CARTESIAN_POINT('',(34.388252064,-42.946877641,26.036914528));
#1656=CARTESIAN_POINT('',(34.251760724,-42.881105988,26.044617387));
#1657=CARTESIAN_POINT('',(34.131352312,-42.79379579,26.047924117));
#1658=CARTESIAN_POINT('',(34.027888285,-42.690622885,26.047298321));
#1659=B_SPLINE_CURVE_WITH_KNOTS('',3,(#1643,#1644,#1645,#1646,#1647,#1648,#1649,#1650,#1651,#1652,#1653,#1654,#1655,#1656,#1657,#1658),.UNSPECIFIED.,.F.,.F.,(4,3,3,3,3,4),(-0.,0.000120728,0.000241456,0.000482913,0.000724369,0.000965825),.UNSPECIFIED.);
#1660=EDGE_CURVE('',#402,#99,#1659,.T.);
#1661=ORIENTED_EDGE('',*,*,#1660,.T.);
#1662=ORIENTED_EDGE('',*,*,#104,.F.);
#1663=ORIENTED_EDGE('',*,*,#1275,.F.);
#1664=EDGE_LOOP('',(#1642,#1661,#1662,#1663));
#1665=FACE_BOUND('',#1664,.T.);
#1666=ADVANCED_FACE('',(#1665),#1641,.T.);
#1667=CARTESIAN_POINT('',(50.738076037,-26.790881739,23.841974915));
#1668=DIRECTION('',(0.414807615,0.008465462,-0.909869759));
#1669=DIRECTION('',(0.671698968,0.671698968,0.312475589));
#1670=AXIS2_PLACEMENT_3D('',#1667,#1668,#1669);
#1671=CYLINDRICAL_SURFACE('',#1670,1.25);
#1672=ORIENTED_EDGE('',*,*,#72,.F.);
#1673=CARTESIAN_POINT('',(50.750368836,-25.968142334,26.047298321));
#1674=CARTESIAN_POINT('',(50.85361536,-26.071680187,26.047924564));
#1675=CARTESIAN_POINT('',(50.939981029,-26.190479571,26.044688649));
#1676=CARTESIAN_POINT('',(51.006191572,-26.327610587,26.036965155));
#1677=CARTESIAN_POINT('',(51.039296843,-26.396176095,26.033103408));
#1678=CARTESIAN_POINT('',(51.066299992,-26.467534823,26.028200254));
#1679=CARTESIAN_POINT('',(51.086714059,-26.541724178,26.022236678));
#1680=CARTESIAN_POINT('',(51.107128127,-26.615913534,26.016273102));
#1681=CARTESIAN_POINT('',(51.121037296,-26.694033864,26.009136507));
#1682=CARTESIAN_POINT('',(51.127018148,-26.772700309,26.001098783));
#1683=CARTESIAN_POINT('',(51.132998999,-26.851366753,25.99306106));
#1684=CARTESIAN_POINT('',(51.131258245,-26.930223045,25.98418582));
#1685=CARTESIAN_POINT('',(51.121345955,-27.009300885,25.974485971));
#1686=CARTESIAN_POINT('',(51.111433664,-27.088378726,25.964786121));
#1687=CARTESIAN_POINT('',(51.092917191,-27.168206833,25.954163796));
#1688=CARTESIAN_POINT('',(51.066860972,-27.243640877,25.943346115));
#1689=CARTESIAN_POINT('',(51.014748534,-27.394508966,25.921710754));
#1690=CARTESIAN_POINT('',(50.93058033,-27.533765876,25.898492083));
#1691=CARTESIAN_POINT('',(50.825125424,-27.649162324,25.876231266));
#1692=B_SPLINE_CURVE_WITH_KNOTS('',3,(#1673,#1674,#1675,#1676,#1677,#1678,#1679,#1680,#1681,#1682,#1683,#1684,#1685,#1686,#1687,#1688,#1689,#1690,#1691),.UNSPECIFIED.,.F.,.F.,(4,3,3,3,3,3,4),(0.,0.000241206,0.000361809,0.000482412,0.000603015,0.000723619,0.000964825),.UNSPECIFIED.);
#1693=EDGE_CURVE('',#43,#394,#1692,.T.);
#1694=ORIENTED_EDGE('',*,*,#1693,.T.);
#1695=ORIENTED_EDGE('',*,*,#399,.F.);
#1696=ORIENTED_EDGE('',*,*,#1267,.F.);
#1697=EDGE_LOOP('',(#1672,#1694,#1695,#1696));
#1698=FACE_BOUND('',#1697,.T.);
#1699=ADVANCED_FACE('',(#1698),#1671,.T.);
#1700=CARTESIAN_POINT('',(-7.193850292,-12.60509096,-20.330111312));
#1701=DIRECTION('',(-0.,-0.953541076,-0.301263034));
#1702=DIRECTION('',(1.,-0.,0.));
#1703=AXIS2_PLACEMENT_3D('',#1700,#1701,#1702);
#1704=PLANE('',#1703);
#1705=ORIENTED_EDGE('',*,*,#211,.T.);
#1706=ORIENTED_EDGE('',*,*,#247,.T.);
#1707=ORIENTED_EDGE('',*,*,#1194,.F.);
#1708=CARTESIAN_POINT('',(29.900848164,-25.252263698,19.700019685));
#1709=DIRECTION('',(0.288457184,-0.288457184,0.913008711));
#1710=VECTOR('',#1709,5.14781507);
#1711=LINE('',#1708,#1710);
#1712=EDGE_CURVE('',#1169,#206,#1711,.T.);
#1713=ORIENTED_EDGE('',*,*,#1712,.T.);
#1714=EDGE_LOOP('',(#1705,#1706,#1707,#1713));
#1715=FACE_BOUND('',#1714,.T.);
#1716=ADVANCED_FACE('',(#1715),#1704,.T.);
#1717=CARTESIAN_POINT('',(23.972984924,51.742651883,-9.8468913));
#1718=DIRECTION('',(0.953541076,0.,-0.301263034));
#1719=DIRECTION('',(-0.,1.,0.));
#1720=AXIS2_PLACEMENT_3D('',#1717,#1718,#1719);
#1721=PLANE('',#1720);
#1722=ORIENTED_EDGE('',*,*,#1166,.F.);
#1723=ORIENTED_EDGE('',*,*,#278,.T.);
#1724=ORIENTED_EDGE('',*,*,#179,.T.);
#1725=CARTESIAN_POINT('',(33.308075212,-21.845036651,19.700019685));
#1726=DIRECTION('',(0.288457184,-0.288457184,0.913008711));
#1727=VECTOR('',#1726,5.14781507);
#1728=LINE('',#1725,#1727);
#1729=EDGE_CURVE('',#1161,#174,#1728,.T.);
#1730=ORIENTED_EDGE('',*,*,#1729,.F.);
#1731=EDGE_LOOP('',(#1722,#1723,#1724,#1730));
#1732=FACE_BOUND('',#1731,.T.);
#1733=ADVANCED_FACE('',(#1732),#1721,.T.);
#1734=CARTESIAN_POINT('',(-7.193850292,-11.241230084,-19.899211296));
#1735=DIRECTION('',(0.,0.953541076,0.301263034));
#1736=DIRECTION('',(-1.,0.,-0.));
#1737=AXIS2_PLACEMENT_3D('',#1734,#1735,#1736);
#1738=PLANE('',#1737);
#1739=ORIENTED_EDGE('',*,*,#1230,.F.);
#1740=CARTESIAN_POINT('',(18.685870151,-25.237204099,24.400070836));
#1741=VERTEX_POINT('',#1740);
#1742=CARTESIAN_POINT('',(15.014457353,-23.752263698,19.700019685));
#1743=DIRECTION('',(0.597354482,-0.241606121,0.764718318));
#1744=VECTOR('',#1743,6.146120788);
#1745=LINE('',#1742,#1744);
#1746=EDGE_CURVE('',#1216,#1741,#1745,.T.);
#1747=ORIENTED_EDGE('',*,*,#1746,.T.);
#1748=CARTESIAN_POINT('',(18.685870151,-25.237204099,24.400070836));
#1749=CARTESIAN_POINT('',(18.685922926,-25.237192258,24.400033357));
#1750=CARTESIAN_POINT('',(18.685988696,-25.237187939,24.400019685));
#1751=CARTESIAN_POINT('',(18.686054151,-25.237187939,24.400019685));
#1752=B_SPLINE_CURVE_WITH_KNOTS('',3,(#1748,#1749,#1750,#1751),.UNSPECIFIED.,.F.,.F.,(4,4),(0.,0.000000193),.UNSPECIFIED.);
#1753=EDGE_CURVE('',#1741,#348,#1752,.T.);
#1754=ORIENTED_EDGE('',*,*,#1753,.T.);
#1755=ORIENTED_EDGE('',*,*,#381,.T.);
#1756=CARTESIAN_POINT('',(29.900848164,-23.752263698,19.700019685));
#1757=DIRECTION('',(0.288457184,-0.288457184,0.913008711));
#1758=VECTOR('',#1757,5.14781507);
#1759=LINE('',#1756,#1758);
#1760=EDGE_CURVE('',#1225,#370,#1759,.T.);
#1761=ORIENTED_EDGE('',*,*,#1760,.F.);
#1762=EDGE_LOOP('',(#1739,#1747,#1754,#1755,#1761));
#1763=FACE_BOUND('',#1762,.T.);
#1764=ADVANCED_FACE('',(#1763),#1738,.T.);
#1765=CARTESIAN_POINT('',(31.385771689,-25.237187939,24.400019685));
#1766=CARTESIAN_POINT('',(29.900856506,-23.752272756,19.700045863));
#1767=CARTESIAN_POINT('',(29.900848164,-23.752264414,19.700019459));
#1768=CARTESIAN_POINT('',(31.385771927,-25.237187939,24.400019685));
#1769=CARTESIAN_POINT('',(29.900856745,-23.752272756,19.700045863));
#1770=CARTESIAN_POINT('',(29.900848403,-23.752264414,19.700019459));
#1771=CARTESIAN_POINT('',(31.385772166,-25.237187939,24.400019685));
#1772=CARTESIAN_POINT('',(29.900856984,-23.752272756,19.700045863));
#1773=CARTESIAN_POINT('',(29.900848642,-23.752264414,19.700019459));
#1774=CARTESIAN_POINT('',(31.385772405,-25.237187939,24.400019685));
#1775=CARTESIAN_POINT('',(29.900857223,-23.752272756,19.700045863));
#1776=CARTESIAN_POINT('',(29.900848881,-23.752264414,19.700019459));
#1777=CARTESIAN_POINT('',(31.636250476,-25.237187939,24.400019685));
#1778=CARTESIAN_POINT('',(30.151335556,-23.752272404,19.700044843));
#1779=CARTESIAN_POINT('',(30.151327214,-23.752264062,19.70001844));
#1780=CARTESIAN_POINT('',(31.887374096,-25.191236586,24.400019685));
#1781=CARTESIAN_POINT('',(30.402458619,-23.706320623,19.700043824));
#1782=CARTESIAN_POINT('',(30.402450277,-23.706312281,19.70001742));
#1783=CARTESIAN_POINT('',(32.353030933,-25.00569751,24.400019685));
#1784=CARTESIAN_POINT('',(30.868115055,-23.520780544,19.700041786));
#1785=CARTESIAN_POINT('',(30.868106713,-23.520772202,19.700015382));
#1786=CARTESIAN_POINT('',(32.567235391,-24.865868122,24.400019685));
#1787=CARTESIAN_POINT('',(31.082319692,-23.380950236,19.700040767));
#1788=CARTESIAN_POINT('',(31.08231135,-23.380941894,19.700014363));
#1789=CARTESIAN_POINT('',(32.921679389,-24.511424205,24.400019685));
#1790=CARTESIAN_POINT('',(31.436762678,-23.026505308,19.700038729));
#1791=CARTESIAN_POINT('',(31.436754336,-23.026496966,19.700012325));
#1792=CARTESIAN_POINT('',(33.061509139,-24.297219215,24.400019685));
#1793=CARTESIAN_POINT('',(31.576591508,-22.812300496,19.700037709));
#1794=CARTESIAN_POINT('',(31.576583166,-22.812292154,19.700011306));
#1795=CARTESIAN_POINT('',(33.247048157,-23.831562355,24.400019685));
#1796=CARTESIAN_POINT('',(31.762129524,-22.346643237,19.700035671));
#1797=CARTESIAN_POINT('',(31.762121182,-22.346634895,19.700009267));
#1798=CARTESIAN_POINT('',(33.292999452,-23.580439223,24.400019685));
#1799=CARTESIAN_POINT('',(31.808080391,-22.095519546,19.700034652));
#1800=CARTESIAN_POINT('',(31.808072049,-22.095511204,19.700008248));
#1801=CARTESIAN_POINT('',(33.292999452,-23.329960891,24.400019685));
#1802=CARTESIAN_POINT('',(31.808080038,-21.845041477,19.700033633));
#1803=CARTESIAN_POINT('',(31.808071696,-21.845033135,19.700007229));
#1804=CARTESIAN_POINT('',(33.292999452,-23.329960764,24.400019685));
#1805=CARTESIAN_POINT('',(31.808080038,-21.84504135,19.700033633));
#1806=CARTESIAN_POINT('',(31.808071696,-21.845033008,19.700007229));
#1807=CARTESIAN_POINT('',(33.292999452,-23.329960637,24.400019685));
#1808=CARTESIAN_POINT('',(31.808080038,-21.845041223,19.700033633));
#1809=CARTESIAN_POINT('',(31.808071696,-21.845032881,19.700007229));
#1810=CARTESIAN_POINT('',(33.292999452,-23.32996051,24.400019685));
#1811=CARTESIAN_POINT('',(31.808080038,-21.845041095,19.700033633));
#1812=CARTESIAN_POINT('',(31.808071696,-21.845032753,19.700007229));
#1813=B_SPLINE_SURFACE_WITH_KNOTS('',3,1,((#1765,#1766,#1767),(#1768,#1769,#1770),(#1771,#1772,#1773),(#1774,#1775,#1776),(#1777,#1778,#1779),(#1780,#1781,#1782),(#1783,#1784,#1785),(#1786,#1787,#1788),(#1789,#1790,#1791),(#1792,#1793,#1794),(#1795,#1796,#1797),(#1798,#1799,#1800),(#1801,#1802,#1803),(#1804,#1805,#1806),(#1807,#1808,#1809),(#1810,#1811,#1812)),.UNSPECIFIED.,.F.,.F.,.U.,(4,3,2,2,2,3,4),(2,1,2),(-0.000000238,0.,0.25,0.5,0.75,1.,1.000000127),(0.,1.,1.000005618),.UNSPECIFIED.);
#1814=CARTESIAN_POINT('',(31.385772405,-25.237187939,24.400019685));
#1815=CARTESIAN_POINT('',(31.519522046,-25.237187939,24.400019685));
#1816=CARTESIAN_POINT('',(31.64956343,-25.224240541,24.399964017));
#1817=CARTESIAN_POINT('',(31.773888694,-25.199997655,24.399965047));
#1818=CARTESIAN_POINT('',(31.836051326,-25.187876212,24.399965562));
#1819=CARTESIAN_POINT('',(31.896792981,-25.172935179,24.399976357));
#1820=CARTESIAN_POINT('',(31.955911138,-25.155400492,24.399990041));
#1821=CARTESIAN_POINT('',(31.985470216,-25.146633149,24.399996884));
#1822=CARTESIAN_POINT('',(32.014623925,-25.137217544,24.400004241));
#1823=CARTESIAN_POINT('',(32.043349961,-25.127182655,24.400010006));
#1824=CARTESIAN_POINT('',(32.057712979,-25.12216521,24.400012889));
#1825=CARTESIAN_POINT('',(32.071969109,-25.11699295,24.400015362));
#1826=CARTESIAN_POINT('',(32.08611575,-25.11166953,24.400017093));
#1827=CARTESIAN_POINT('',(32.093189071,-25.10900782,24.400017959));
#1828=CARTESIAN_POINT('',(32.100235021,-25.106308319,24.400018638));
#1829=CARTESIAN_POINT('',(32.107253287,-25.103571488,24.400019086));
#1830=CARTESIAN_POINT('',(32.11076242,-25.102203072,24.40001931));
#1831=CARTESIAN_POINT('',(32.114264632,-25.100825323,24.400019476));
#1832=CARTESIAN_POINT('',(32.117759884,-25.099438299,24.400019577));
#1833=CARTESIAN_POINT('',(32.119507511,-25.098744787,24.400019628));
#1834=CARTESIAN_POINT('',(32.121253397,-25.098048956,24.400019663));
#1835=CARTESIAN_POINT('',(32.122997539,-25.097350813,24.400019681));
#1836=CARTESIAN_POINT('',(32.12386961,-25.097001742,24.400019691));
#1837=CARTESIAN_POINT('',(32.124741245,-25.096652093,24.400019695));
#1838=CARTESIAN_POINT('',(32.125612443,-25.096301866,24.400019696));
#1839=CARTESIAN_POINT('',(32.126048042,-25.096126753,24.400019696));
#1840=CARTESIAN_POINT('',(32.126483532,-25.095951496,24.400019696));
#1841=CARTESIAN_POINT('',(32.126918912,-25.095776094,24.400019694));
#1842=CARTESIAN_POINT('',(32.127354293,-25.095600693,24.400019692));
#1843=CARTESIAN_POINT('',(32.12776693,-25.095434285,24.400019689));
#1844=CARTESIAN_POINT('',(32.128224726,-25.095249457,24.400019685));
#1845=CARTESIAN_POINT('',(32.245420566,-25.047933504,24.400018602));
#1846=CARTESIAN_POINT('',(32.356457272,-24.989435719,24.399977066));
#1847=CARTESIAN_POINT('',(32.459667356,-24.921162316,24.399977555));
#1848=CARTESIAN_POINT('',(32.56287744,-24.852888913,24.399978043));
#1849=CARTESIAN_POINT('',(32.65824836,-24.774855194,24.400019685));
#1850=CARTESIAN_POINT('',(32.744457534,-24.68864602,24.400019685));
#1851=CARTESIAN_POINT('',(32.830666708,-24.602436846,24.400019685));
#1852=CARTESIAN_POINT('',(32.908714177,-24.507048697,24.399979141));
#1853=CARTESIAN_POINT('',(32.976986542,-24.403837926,24.399979197));
#1854=CARTESIAN_POINT('',(33.011122725,-24.352232541,24.399979225));
#1855=CARTESIAN_POINT('',(33.042817734,-24.298676677,24.399986947));
#1856=CARTESIAN_POINT('',(33.071888621,-24.243369664,24.399997192));
#1857=CARTESIAN_POINT('',(33.086424064,-24.215716158,24.400002315));
#1858=CARTESIAN_POINT('',(33.100303697,-24.187625165,24.400007904));
#1859=CARTESIAN_POINT('',(33.113506069,-24.159123348,24.400012314));
#1860=CARTESIAN_POINT('',(33.120107255,-24.14487244,24.400014519));
#1861=CARTESIAN_POINT('',(33.126539141,-24.130518844,24.400016419));
#1862=CARTESIAN_POINT('',(33.132799142,-24.116065997,24.400017744));
#1863=CARTESIAN_POINT('',(33.135929142,-24.108839574,24.400018407));
#1864=CARTESIAN_POINT('',(33.139016172,-24.101588339,24.400018925));
#1865=CARTESIAN_POINT('',(33.142059916,-24.094312729,24.400019262));
#1866=CARTESIAN_POINT('',(33.143581787,-24.090674924,24.40001943));
#1867=CARTESIAN_POINT('',(33.145092837,-24.087031025,24.400019553));
#1868=CARTESIAN_POINT('',(33.146593026,-24.083381087,24.400019625));
#1869=CARTESIAN_POINT('',(33.147343121,-24.081556118,24.400019661));
#1870=CARTESIAN_POINT('',(33.1480905,-24.07972964,24.400019684));
#1871=CARTESIAN_POINT('',(33.148835159,-24.077901658,24.400019695));
#1872=CARTESIAN_POINT('',(33.149207489,-24.076987667,24.4000197));
#1873=CARTESIAN_POINT('',(33.149579138,-24.076073301,24.400019702));
#1874=CARTESIAN_POINT('',(33.149950107,-24.07515856,24.4000197));
#1875=CARTESIAN_POINT('',(33.150135591,-24.074701189,24.400019699));
#1876=CARTESIAN_POINT('',(33.150320906,-24.074243725,24.400019698));
#1877=CARTESIAN_POINT('',(33.15050605,-24.073786167,24.400019695));
#1878=CARTESIAN_POINT('',(33.150691194,-24.073328609,24.400019693));
#1879=CARTESIAN_POINT('',(33.15088526,-24.072848436,24.400019689));
#1880=CARTESIAN_POINT('',(33.151060971,-24.072413212,24.400019685));
#1881=CARTESIAN_POINT('',(33.196043012,-23.96099593,24.400018656));
#1882=CARTESIAN_POINT('',(33.231571949,-23.842377829,24.399964073));
#1883=CARTESIAN_POINT('',(33.255813461,-23.718052297,24.399963562));
#1884=CARTESIAN_POINT('',(33.280054972,-23.593726765,24.399963051));
#1885=CARTESIAN_POINT('',(33.292999452,-23.463693669,24.400019685));
#1886=CARTESIAN_POINT('',(33.292999452,-23.329960891,24.400019685));
#1887=B_SPLINE_CURVE_WITH_KNOTS('',3,(#1814,#1815,#1816,#1817,#1818,#1819,#1820,#1821,#1822,#1823,#1824,#1825,#1826,#1827,#1828,#1829,#1830,#1831,#1832,#1833,#1834,#1835,#1836,#1837,#1838,#1839,
#1840,#1841,#1842,#1843,#1844,#1845,#1846,#1847,#1848,#1849,#1850,#1851,#1852,#1853,#1854,#1855,#1856,#1857,#1858,#1859,#1860,#1861,#1862,#1863,#1864,
#1865,#1866,#1867,#1868,#1869,#1870,#1871,#1872,#1873,#1874,#1875,#1876,#1877,#1878,#1879,#1880,#1881,#1882,#1883,#1884,#1885,#1886),.UNSPECIFIED.,.F.,.F.,(4,3,3,3,3,3,3,3,3,3,3,3,3,3,3,3,3,3,3,3,3,3,3,3,4),(0.,0.125,0.1875,0.21875,0.234375,0.2421875,0.24609375,0.248046875,0.249023438,0.249511719,0.25,0.375,0.5,0.625,0.6875,0.71875,0.734375,0.7421875,0.74609375,0.748046875,0.749023438,0.749511719,0.75,0.875,1.),.UNSPECIFIED.);
#1888=EDGE_CURVE('',#370,#1300,#1887,.T.);
#1889=ORIENTED_EDGE('',*,*,#1888,.T.);
#1890=ORIENTED_EDGE('',*,*,#1410,.T.);
#1891=CARTESIAN_POINT('',(31.808075212,-21.845036651,19.700019685));
#1892=DIRECTION('',(0.288457184,-0.288457184,0.913008711));
#1893=VECTOR('',#1892,5.14781507);
#1894=LINE('',#1891,#1893);
#1895=EDGE_CURVE('',#1233,#304,#1894,.T.);
#1896=ORIENTED_EDGE('',*,*,#1895,.F.);
#1897=ORIENTED_EDGE('',*,*,#1244,.F.);
#1898=ORIENTED_EDGE('',*,*,#1760,.T.);
#1899=EDGE_LOOP('',(#1889,#1890,#1896,#1897,#1898));
#1900=FACE_BOUND('',#1899,.T.);
#1901=ADVANCED_FACE('',(#1900),#1813,.T.);
#1902=CARTESIAN_POINT('',(22.609124047,51.742651883,-9.415991284));
#1903=DIRECTION('',(-0.953541076,0.,0.301263034));
#1904=DIRECTION('',(-0.,-1.,-0.));
#1905=AXIS2_PLACEMENT_3D('',#1902,#1903,#1904);
#1906=PLANE('',#1905);
#1907=ORIENTED_EDGE('',*,*,#337,.T.);
#1908=CARTESIAN_POINT('',(33.293015613,-10.622189761,24.400070836));
#1909=VERTEX_POINT('',#1908);
#1910=CARTESIAN_POINT('',(33.292999452,-10.622373762,24.400019685));
#1911=CARTESIAN_POINT('',(33.292999452,-10.622308368,24.400019685));
#1912=CARTESIAN_POINT('',(33.293003783,-10.622242486,24.400033393));
#1913=CARTESIAN_POINT('',(33.293015613,-10.622189761,24.400070836));
#1914=B_SPLINE_CURVE_WITH_KNOTS('',3,(#1910,#1911,#1912,#1913),.UNSPECIFIED.,.F.,.F.,(4,4),(0.,0.000000195),.UNSPECIFIED.);
#1915=EDGE_CURVE('',#326,#1909,#1914,.T.);
#1916=ORIENTED_EDGE('',*,*,#1915,.T.);
#1917=CARTESIAN_POINT('',(33.293015613,-10.622189761,24.400070836));
#1918=DIRECTION('',(-0.241606121,0.597354482,-0.764718318));
#1919=VECTOR('',#1918,6.146120788);
#1920=LINE('',#1917,#1919);
#1921=EDGE_CURVE('',#1909,#1247,#1920,.T.);
#1922=ORIENTED_EDGE('',*,*,#1921,.T.);
#1923=ORIENTED_EDGE('',*,*,#1252,.F.);
#1924=ORIENTED_EDGE('',*,*,#1895,.T.);
#1925=EDGE_LOOP('',(#1907,#1916,#1922,#1923,#1924));
#1926=FACE_BOUND('',#1925,.T.);
#1927=ADVANCED_FACE('',(#1926),#1906,.T.);
#1928=CARTESIAN_POINT('',(34.792999452,-23.329960891,24.400019685));
#1929=CARTESIAN_POINT('',(33.308075212,-21.845036651,19.700019685));
#1930=CARTESIAN_POINT('',(34.792999452,-23.776811275,24.400019685));
#1931=CARTESIAN_POINT('',(33.308075212,-22.291886643,19.700019685));
#1932=CARTESIAN_POINT('',(34.703291205,-24.22260603,24.400019685));
#1933=CARTESIAN_POINT('',(33.218366893,-22.737682057,19.700019685));
#1934=CARTESIAN_POINT('',(34.367728633,-25.050477243,24.400019685));
#1935=CARTESIAN_POINT('',(32.882804257,-23.565553245,19.700019685));
#1936=CARTESIAN_POINT('',(34.12094289,-25.433480477,24.400019685));
#1937=CARTESIAN_POINT('',(32.636021113,-23.948552947,19.700019685));
#1938=CARTESIAN_POINT('',(33.489288701,-26.06513384,24.400019685));
#1939=CARTESIAN_POINT('',(32.00436775,-24.580207136,19.700019685));
#1940=CARTESIAN_POINT('',(33.106288999,-26.311916984,24.400019685));
#1941=CARTESIAN_POINT('',(31.621364517,-24.826992879,19.700019685));
#1942=CARTESIAN_POINT('',(32.278417811,-26.64747962,24.400019685));
#1943=CARTESIAN_POINT('',(30.793493303,-25.16255545,19.700019685));
#1944=CARTESIAN_POINT('',(31.832622397,-26.737187939,24.400019685));
#1945=CARTESIAN_POINT('',(30.347698549,-25.252263698,19.700019685));
#1946=CARTESIAN_POINT('',(31.385772405,-26.737187939,24.400019685));
#1947=CARTESIAN_POINT('',(29.900848164,-25.252263698,19.700019685));
#1948=B_SPLINE_SURFACE_WITH_KNOTS('',3,1,((#1928,#1929),(#1930,#1931),(#1932,#1933),(#1934,#1935),(#1936,#1937),(#1938,#1939),(#1940,#1941),(#1942,#1943),(#1944,#1945),(#1946,#1947)),.UNSPECIFIED.,.F.,.F.,.U.,(4,2,2,2,4),(2,2),(0.,0.25,0.5,0.75,1.),(0.,1.),.UNSPECIFIED.);
#1949=ORIENTED_EDGE('',*,*,#231,.F.);
#1950=ORIENTED_EDGE('',*,*,#1712,.F.);
#1951=ORIENTED_EDGE('',*,*,#1188,.T.);
#1952=ORIENTED_EDGE('',*,*,#1729,.T.);
#1953=EDGE_LOOP('',(#1949,#1950,#1951,#1952));
#1954=FACE_BOUND('',#1953,.T.);
#1955=ADVANCED_FACE('',(#1954),#1948,.T.);
#1956=CARTESIAN_POINT('',(36.414429994,-15.395096936,30.135718944));
#1957=DIRECTION('',(-0.24144478,0.597253524,-0.76484812));
#1958=DIRECTION('',(-0.558804545,0.558804545,0.612760118));
#1959=AXIS2_PLACEMENT_3D('',#1956,#1957,#1958);
#1960=CYLINDRICAL_SURFACE('',#1959,1.25);
#1961=CARTESIAN_POINT('',(33.786508545,-9.923849517,24.789632627));
#1962=VERTEX_POINT('',#1961);
#1963=CARTESIAN_POINT('',(34.226368586,-11.011927765,26.183054222));
#1964=VERTEX_POINT('',#1963);
#1965=CARTESIAN_POINT('',(33.786499534,-9.92384052,24.789642497));
#1966=DIRECTION('',(0.24144478,-0.597253524,0.76484812));
#1967=VECTOR('',#1966,1.821816365);
#1968=LINE('',#1965,#1967);
#1969=EDGE_CURVE('',#1962,#1964,#1968,.T.);
#1970=ORIENTED_EDGE('',*,*,#1969,.T.);
#1971=CARTESIAN_POINT('',(33.802617636,-11.882998476,26.014386787));
#1972=CARTESIAN_POINT('',(33.809745388,-11.780073756,26.036966062));
#1973=CARTESIAN_POINT('',(33.828166853,-11.677499983,26.058744665));
#1974=CARTESIAN_POINT('',(33.860041838,-11.575325527,26.079612802));
#1975=CARTESIAN_POINT('',(33.87597933,-11.524238299,26.090046871));
#1976=CARTESIAN_POINT('',(33.895319356,-11.473250074,26.10025646));
#1977=CARTESIAN_POINT('',(33.918680932,-11.422385102,26.110184599));
#1978=CARTESIAN_POINT('',(33.942042508,-11.371520129,26.120112739));
#1979=CARTESIAN_POINT('',(33.969543071,-11.320743363,26.129768403));
#1980=CARTESIAN_POINT('',(34.000836211,-11.271870114,26.138768302));
#1981=CARTESIAN_POINT('',(34.032129351,-11.222996866,26.147768202));
#1982=CARTESIAN_POINT('',(34.06737262,-11.175605749,26.156198348));
#1983=CARTESIAN_POINT('',(34.107258581,-11.12995614,26.163958209));
#1984=CARTESIAN_POINT('',(34.147144543,-11.084306532,26.171718069));
#1985=CARTESIAN_POINT('',(34.191607212,-11.04067787,26.178750396));
#1986=CARTESIAN_POINT('',(34.239287379,-11.001018015,26.184703839));
#1987=CARTESIAN_POINT('',(34.286967545,-10.961358159,26.190657282));
#1988=CARTESIAN_POINT('',(34.338265524,-10.925162496,26.195620598));
#1989=CARTESIAN_POINT('',(34.393599089,-10.892830991,26.199477578));
#1990=CARTESIAN_POINT('',(34.448932654,-10.860499486,26.203334559));
#1991=CARTESIAN_POINT('',(34.507723155,-10.832559052,26.206003561));
#1992=CARTESIAN_POINT('',(34.567443979,-10.810111247,26.207389367));
#1993=CARTESIAN_POINT('',(34.686885627,-10.765215637,26.210160977));
#1994=CARTESIAN_POINT('',(34.814174026,-10.74108699,26.207818485));
#1995=CARTESIAN_POINT('',(34.936807938,-10.736853124,26.201292634));
#1996=CARTESIAN_POINT('',(34.998124894,-10.734736191,26.198029708));
#1997=CARTESIAN_POINT('',(35.059100963,-10.737437975,26.193702547));
#1998=CARTESIAN_POINT('',(35.117598762,-10.744169931,26.188620825));
#1999=CARTESIAN_POINT('',(35.17609656,-10.750901887,26.183539103));
#2000=CARTESIAN_POINT('',(35.232700699,-10.761619376,26.177675508));
#2001=CARTESIAN_POINT('',(35.28767255,-10.775779886,26.171131527));
#2002=CARTESIAN_POINT('',(35.397616253,-10.804100908,26.158043565));
#2003=CARTESIAN_POINT('',(35.500456728,-10.846275159,26.142248594));
#2004=CARTESIAN_POINT('',(35.593192454,-10.896998286,26.125123866));
#2005=CARTESIAN_POINT('',(35.685928179,-10.947721413,26.107999138));
#2006=CARTESIAN_POINT('',(35.770169149,-11.007498182,26.089334991));
#2007=CARTESIAN_POINT('',(35.847083593,-11.075100371,26.069317323));
#2008=B_SPLINE_CURVE_WITH_KNOTS('',3,(#1971,#1972,#1973,#1974,#1975,#1976,#1977,#1978,#1979,#1980,#1981,#1982,#1983,#1984,#1985,#1986,#1987,#1988,#1989,#1990,#1991,#1992,#1993,#1994,#1995,#1996,
#1997,#1998,#1999,#2000,#2001,#2002,#2003,#2004,#2005,#2006,#2007),.UNSPECIFIED.,.F.,.F.,(4,3,3,3,3,3,3,3,3,3,3,3,4),(-0.,0.00019012,0.000285179,0.000380239,0.000475299,0.000570359,0.000665419,0.000760479,0.000950598,0.001045658,0.001140718,0.001330838,0.001520957),.UNSPECIFIED.);
#2009=EDGE_CURVE('',#1964,#35,#2008,.T.);
#2010=ORIENTED_EDGE('',*,*,#2009,.T.);
#2011=ORIENTED_EDGE('',*,*,#40,.F.);
#2012=CARTESIAN_POINT('',(33.293015613,-10.622189761,24.400070836));
#2013=CARTESIAN_POINT('',(33.31335078,-10.531556228,24.46443458));
#2014=CARTESIAN_POINT('',(33.347574914,-10.44297903,24.522806044));
#2015=CARTESIAN_POINT('',(33.395304945,-10.356401452,24.575350498));
#2016=CARTESIAN_POINT('',(33.443034976,-10.269823874,24.627894952));
#2017=CARTESIAN_POINT('',(33.504349517,-10.186031324,24.673974158));
#2018=CARTESIAN_POINT('',(33.575963379,-10.109232525,24.71133855));
#2019=CARTESIAN_POINT('',(33.647577241,-10.032433725,24.748702942));
#2020=CARTESIAN_POINT('',(33.731461459,-9.960705015,24.77823245));
#2021=CARTESIAN_POINT('',(33.822057495,-9.898809222,24.79796269));
#2022=CARTESIAN_POINT('',(33.91265353,-9.836913428,24.817692931));
#2023=CARTESIAN_POINT('',(34.012060455,-9.783235864,24.828222087));
#2024=CARTESIAN_POINT('',(34.11561229,-9.740486043,24.828907557));
#2025=CARTESIAN_POINT('',(34.32271596,-9.654986401,24.830278496));
#2026=CARTESIAN_POINT('',(34.546686258,-9.613255694,24.792138788));
#2027=CARTESIAN_POINT('',(34.758259284,-9.620577799,24.719603471));
#2028=CARTESIAN_POINT('',(34.864045797,-9.624238852,24.683335813));
#2029=CARTESIAN_POINT('',(34.968395139,-9.640426891,24.63773771));
#2030=CARTESIAN_POINT('',(35.063315344,-9.66769977,24.58646015));
#2031=CARTESIAN_POINT('',(35.158235549,-9.694972648,24.535182591));
#2032=CARTESIAN_POINT('',(35.245450258,-9.733113971,24.477850961));
#2033=CARTESIAN_POINT('',(35.324594804,-9.782638089,24.41417875));
#2034=B_SPLINE_CURVE_WITH_KNOTS('',3,(#2012,#2013,#2014,#2015,#2016,#2017,#2018,#2019,#2020,#2021,#2022,#2023,#2024,#2025,#2026,#2027,#2028,#2029,#2030,#2031,#2032,#2033),.UNSPECIFIED.,.F.,.F.,(4,3,3,3,3,3,3,4),(0.,0.00033421,0.00066842,0.00100263,0.00133684,0.00200526,0.00233947,0.00267368),.UNSPECIFIED.);
#2035=EDGE_CURVE('',#1962,#33,#2034,.T.);
#2036=ORIENTED_EDGE('',*,*,#2035,.F.);
#2037=EDGE_LOOP('',(#1970,#2010,#2011,#2036));
#2038=FACE_BOUND('',#2037,.T.);
#2039=ADVANCED_FACE('',(#2038),#1960,.T.);
#2040=CARTESIAN_POINT('',(18.612634287,28.620997014,-26.2146575));
#2041=DIRECTION('',(0.241606121,-0.597354482,0.764718318));
#2042=DIRECTION('',(0.558703303,-0.558703303,-0.612944726));
#2043=AXIS2_PLACEMENT_3D('',#2040,#2041,#2042);
#2044=CYLINDRICAL_SURFACE('',#2043,1.25);
#2045=CARTESIAN_POINT('',(33.293015613,-10.622189761,24.400070836));
#2046=CARTESIAN_POINT('',(33.31335078,-10.531556228,24.46443458));
#2047=CARTESIAN_POINT('',(33.347574914,-10.44297903,24.522806044));
#2048=CARTESIAN_POINT('',(33.395304945,-10.356401452,24.575350498));
#2049=CARTESIAN_POINT('',(33.443034976,-10.269823874,24.627894952));
#2050=CARTESIAN_POINT('',(33.504349517,-10.186031324,24.673974158));
#2051=CARTESIAN_POINT('',(33.575963379,-10.109232525,24.71133855));
#2052=CARTESIAN_POINT('',(33.647577241,-10.032433725,24.748702942));
#2053=CARTESIAN_POINT('',(33.731461459,-9.960705015,24.77823245));
#2054=CARTESIAN_POINT('',(33.822057495,-9.898809222,24.79796269));
#2055=CARTESIAN_POINT('',(33.91265353,-9.836913428,24.817692931));
#2056=CARTESIAN_POINT('',(34.012060455,-9.783235864,24.828222087));
#2057=CARTESIAN_POINT('',(34.11561229,-9.740486043,24.828907557));
#2058=CARTESIAN_POINT('',(34.32271596,-9.654986401,24.830278496));
#2059=CARTESIAN_POINT('',(34.546686258,-9.613255694,24.792138788));
#2060=CARTESIAN_POINT('',(34.758259284,-9.620577799,24.719603471));
#2061=CARTESIAN_POINT('',(34.864045797,-9.624238852,24.683335813));
#2062=CARTESIAN_POINT('',(34.968395139,-9.640426891,24.63773771));
#2063=CARTESIAN_POINT('',(35.063315344,-9.66769977,24.58646015));
#2064=CARTESIAN_POINT('',(35.158235549,-9.694972648,24.535182591));
#2065=CARTESIAN_POINT('',(35.245450258,-9.733113971,24.477850961));
#2066=CARTESIAN_POINT('',(35.324594804,-9.782638089,24.41417875));
#2067=B_SPLINE_CURVE_WITH_KNOTS('',3,(#2045,#2046,#2047,#2048,#2049,#2050,#2051,#2052,#2053,#2054,#2055,#2056,#2057,#2058,#2059,#2060,#2061,#2062,#2063,#2064,#2065,#2066),.UNSPECIFIED.,.F.,.F.,(4,3,3,3,3,3,3,4),(0.,0.00033421,0.00066842,0.00100263,0.00133684,0.00200526,0.00233947,0.00267368),.UNSPECIFIED.);
#2068=EDGE_CURVE('',#1909,#1962,#2067,.T.);
#2069=ORIENTED_EDGE('',*,*,#2068,.T.);
#2070=ORIENTED_EDGE('',*,*,#2035,.T.);
#2071=ORIENTED_EDGE('',*,*,#86,.F.);
#2072=ORIENTED_EDGE('',*,*,#1259,.F.);
#2073=ORIENTED_EDGE('',*,*,#1921,.F.);
#2074=EDGE_LOOP('',(#2069,#2070,#2071,#2072,#2073));
#2075=FACE_BOUND('',#2074,.T.);
#2076=ADVANCED_FACE('',(#2075),#2044,.T.);
#2077=CARTESIAN_POINT('',(-12.805076621,-13.692295415,-16.290433078));
#2078=DIRECTION('',(-0.597354482,0.241606121,-0.764718318));
#2079=DIRECTION('',(-0.558703303,0.558703303,0.612944726));
#2080=AXIS2_PLACEMENT_3D('',#2077,#2078,#2079);
#2081=CYLINDRICAL_SURFACE('',#2080,1.25);
#2082=CARTESIAN_POINT('',(17.987487613,-25.730755292,24.78964726));
#2083=VERTEX_POINT('',#2082);
#2084=CARTESIAN_POINT('',(14.011743197,-24.122719505,19.700019685));
#2085=DIRECTION('',(0.597354482,-0.241606121,0.764718318));
#2086=VECTOR('',#2085,6.655571471);
#2087=LINE('',#2084,#2086);
#2088=EDGE_CURVE('',#1207,#2083,#2087,.T.);
#2089=ORIENTED_EDGE('',*,*,#2088,.T.);
#2090=CARTESIAN_POINT('',(18.685870151,-25.237204099,24.400070836));
#2091=CARTESIAN_POINT('',(18.595236617,-25.257539266,24.46443458));
#2092=CARTESIAN_POINT('',(18.50665942,-25.2917634,24.522806044));
#2093=CARTESIAN_POINT('',(18.420081842,-25.339493431,24.575350498));
#2094=CARTESIAN_POINT('',(18.333504264,-25.387223462,24.627894952));
#2095=CARTESIAN_POINT('',(18.249711713,-25.448538004,24.673974158));
#2096=CARTESIAN_POINT('',(18.172912914,-25.520151865,24.71133855));
#2097=CARTESIAN_POINT('',(18.096114115,-25.591765727,24.748702942));
#2098=CARTESIAN_POINT('',(18.024385404,-25.675649945,24.77823245));
#2099=CARTESIAN_POINT('',(17.962489611,-25.766245981,24.797962691));
#2100=CARTESIAN_POINT('',(17.900593818,-25.856842017,24.817692931));
#2101=CARTESIAN_POINT('',(17.846916253,-25.956248941,24.828222087));
#2102=CARTESIAN_POINT('',(17.804166432,-26.059800776,24.828907557));
#2103=CARTESIAN_POINT('',(17.71866679,-26.266904446,24.830278496));
#2104=CARTESIAN_POINT('',(17.676936083,-26.490874744,24.792138788));
#2105=CARTESIAN_POINT('',(17.684258189,-26.70244777,24.719603471));
#2106=CARTESIAN_POINT('',(17.687919241,-26.808234283,24.683335813));
#2107=CARTESIAN_POINT('',(17.704107831,-26.912583848,24.637738415));
#2108=CARTESIAN_POINT('',(17.731381155,-27.007504233,24.586461425));
#2109=CARTESIAN_POINT('',(17.758654478,-27.102424618,24.535184435));
#2110=CARTESIAN_POINT('',(17.796795481,-27.189639197,24.477852395));
#2111=CARTESIAN_POINT('',(17.846318478,-27.268783291,24.41417875));
#2112=B_SPLINE_CURVE_WITH_KNOTS('',3,(#2090,#2091,#2092,#2093,#2094,#2095,#2096,#2097,#2098,#2099,#2100,#2101,#2102,#2103,#2104,#2105,#2106,#2107,#2108,#2109,#2110,#2111),.UNSPECIFIED.,.F.,.F.,(4,3,3,3,3,3,3,4),(0.,0.00033421,0.00066842,0.00100263,0.00133684,0.00200526,0.00233947,0.00267368),.UNSPECIFIED.);
#2113=EDGE_CURVE('',#1741,#2083,#2112,.T.);
#2114=ORIENTED_EDGE('',*,*,#2113,.F.);
#2115=ORIENTED_EDGE('',*,*,#1746,.F.);
#2116=ORIENTED_EDGE('',*,*,#1222,.F.);
#2117=EDGE_LOOP('',(#2089,#2114,#2115,#2116));
#2118=FACE_BOUND('',#2117,.T.);
#2119=ADVANCED_FACE('',(#2118),#2081,.T.);
#2120=CARTESIAN_POINT('',(-20.474946281,-10.598039802,-26.126194144));
#2121=DIRECTION('',(-0.597253524,0.24144478,-0.76484812));
#2122=DIRECTION('',(-0.558804545,0.558804545,0.612760118));
#2123=AXIS2_PLACEMENT_3D('',#2120,#2121,#2122);
#2124=CYLINDRICAL_SURFACE('',#2123,1.25);
#2125=CARTESIAN_POINT('',(19.076120983,-26.170764728,26.183709596));
#2126=VERTEX_POINT('',#2125);
#2127=CARTESIAN_POINT('',(17.987520908,-25.73068802,24.789642496));
#2128=DIRECTION('',(0.597253524,-0.24144478,0.76484812));
#2129=VECTOR('',#2128,1.822674055);
#2130=LINE('',#2127,#2129);
#2131=EDGE_CURVE('',#2083,#2126,#2130,.T.);
#2132=ORIENTED_EDGE('',*,*,#2131,.T.);
#2133=CARTESIAN_POINT('',(19.139273714,-27.79147136,26.069948604));
#2134=CARTESIAN_POINT('',(19.071830226,-27.714736202,26.089922021));
#2135=CARTESIAN_POINT('',(19.012153027,-27.630682397,26.108555613));
#2136=CARTESIAN_POINT('',(18.961476526,-27.538129376,26.125661305));
#2137=CARTESIAN_POINT('',(18.910800024,-27.445576355,26.142766997));
#2138=CARTESIAN_POINT('',(18.868651044,-27.342966491,26.158544117));
#2139=CARTESIAN_POINT('',(18.840293702,-27.233344373,26.171623144));
#2140=CARTESIAN_POINT('',(18.826115031,-27.178533314,26.178162658));
#2141=CARTESIAN_POINT('',(18.815342285,-27.122034143,26.184034737));
#2142=CARTESIAN_POINT('',(18.808538489,-27.063565213,26.189132014));
#2143=CARTESIAN_POINT('',(18.801734693,-27.005096282,26.194229291));
#2144=CARTESIAN_POINT('',(18.798974348,-26.944277388,26.19855942));
#2145=CARTESIAN_POINT('',(18.800968043,-26.883358266,26.201826745));
#2146=CARTESIAN_POINT('',(18.802961737,-26.822439144,26.205094071));
#2147=CARTESIAN_POINT('',(18.809600725,-26.76097886,26.207351561));
#2148=CARTESIAN_POINT('',(18.821571272,-26.698896396,26.208452586));
#2149=CARTESIAN_POINT('',(18.833541819,-26.636813931,26.209553611));
#2150=CARTESIAN_POINT('',(18.850820501,-26.574930388,26.209454504));
#2151=CARTESIAN_POINT('',(18.872964722,-26.515415052,26.208124571));
#2152=CARTESIAN_POINT('',(18.917253163,-26.396384381,26.205464704));
#2153=CARTESIAN_POINT('',(18.983283098,-26.282830284,26.19761828));
#2154=CARTESIAN_POINT('',(19.062793218,-26.186598549,26.185721726));
#2155=CARTESIAN_POINT('',(19.102548278,-26.138482681,26.179773449));
#2156=CARTESIAN_POINT('',(19.146218908,-26.093767584,26.172746092));
#2157=CARTESIAN_POINT('',(19.191612282,-26.053875496,26.1650435));
#2158=CARTESIAN_POINT('',(19.237005656,-26.013983408,26.157340909));
#2159=CARTESIAN_POINT('',(19.28441466,-25.978473478,26.148924602));
#2160=CARTESIAN_POINT('',(19.333596331,-25.946814828,26.139877687));
#2161=CARTESIAN_POINT('',(19.431959674,-25.883497526,26.121783856));
#2162=CARTESIAN_POINT('',(19.533651697,-25.837736132,26.101877774));
#2163=CARTESIAN_POINT('',(19.636596663,-25.805353555,26.080867217));
#2164=CARTESIAN_POINT('',(19.739541629,-25.772970978,26.059856659));
#2165=CARTESIAN_POINT('',(19.844151921,-25.75414611,26.037638383));
#2166=CARTESIAN_POINT('',(19.947184019,-25.747010335,26.015033692));
#2167=B_SPLINE_CURVE_WITH_KNOTS('',3,(#2133,#2134,#2135,#2136,#2137,#2138,#2139,#2140,#2141,#2142,#2143,#2144,#2145,#2146,#2147,#2148,#2149,#2150,#2151,#2152,#2153,#2154,#2155,#2156,#2157,#2158,
#2159,#2160,#2161,#2162,#2163,#2164,#2165,#2166),.UNSPECIFIED.,.F.,.F.,(4,3,3,3,3,3,3,3,3,3,3,4),(-0.,0.000190332,0.000380664,0.000475831,0.000570997,0.000666163,0.000761329,0.000951661,0.001046827,0.001141993,0.001332325,0.001522658),.UNSPECIFIED.);
#2168=EDGE_CURVE('',#2126,#350,#2167,.T.);
#2169=ORIENTED_EDGE('',*,*,#2168,.T.);
#2170=ORIENTED_EDGE('',*,*,#355,.F.);
#2171=ORIENTED_EDGE('',*,*,#1753,.F.);
#2172=ORIENTED_EDGE('',*,*,#2113,.T.);
#2173=EDGE_LOOP('',(#2132,#2169,#2170,#2171,#2172));
#2174=FACE_BOUND('',#2173,.T.);
#2175=ADVANCED_FACE('',(#2174),#2124,.T.);
#2176=CARTESIAN_POINT('',(19.513254725,-27.325828662,26.49628153));
#2177=CARTESIAN_POINT('',(19.468637262,-27.373580112,26.496512589));
#2178=CARTESIAN_POINT('',(19.424784719,-27.422081645,26.486465762));
#2179=CARTESIAN_POINT('',(19.342861942,-27.515881589,26.446790597));
#2180=CARTESIAN_POINT('',(19.304804867,-27.561164933,26.417168632));
#2181=CARTESIAN_POINT('',(19.238189813,-27.644107147,26.341228437));
#2182=CARTESIAN_POINT('',(19.209642535,-27.681752696,26.294922406));
#2183=CARTESIAN_POINT('',(19.164836761,-27.745742112,26.190128862));
#2184=CARTESIAN_POINT('',(19.148585463,-27.772075701,26.131658182));
#2185=CARTESIAN_POINT('',(19.139273714,-27.79147136,26.069948604));
#2186=CARTESIAN_POINT('',(19.466386227,-27.282058779,26.489599046));
#2187=CARTESIAN_POINT('',(19.420813792,-27.325268348,26.489425589));
#2188=CARTESIAN_POINT('',(19.37594533,-27.369170046,26.479820574));
#2189=CARTESIAN_POINT('',(19.291625162,-27.454478913,26.442600451));
#2190=CARTESIAN_POINT('',(19.252184856,-27.495874833,26.414990284));
#2191=CARTESIAN_POINT('',(19.182271454,-27.57248874,26.344216016));
#2192=CARTESIAN_POINT('',(19.151807845,-27.60769659,26.301061297));
#2193=CARTESIAN_POINT('',(19.102598178,-27.668793651,26.20304017));
#2194=CARTESIAN_POINT('',(19.083858852,-27.694674722,26.148186764));
#2195=CARTESIAN_POINT('',(19.071830226,-27.714736202,26.089922021));
#2196=CARTESIAN_POINT('',(19.423955738,-27.2348531,26.482957908));
#2197=CARTESIAN_POINT('',(19.377791016,-27.273478261,26.482399615));
#2198=CARTESIAN_POINT('',(19.332273784,-27.312741366,26.473188159));
#2199=CARTESIAN_POINT('',(19.246266452,-27.389357825,26.438211503));
#2200=CARTESIAN_POINT('',(19.205786131,-27.42670264,26.412450238));
#2201=CARTESIAN_POINT('',(19.13319416,-27.49643372,26.346481656));
#2202=CARTESIAN_POINT('',(19.101090782,-27.528812202,26.306281749));
#2203=CARTESIAN_POINT('',(19.047908843,-27.585963377,26.214726699));
#2204=CARTESIAN_POINT('',(19.026836374,-27.61072967,26.16338184));
#2205=CARTESIAN_POINT('',(19.012152692,-27.630677791,26.108562313));
#2206=CARTESIAN_POINT('',(19.368028962,-27.158066675,26.473079764));
#2207=CARTESIAN_POINT('',(19.32148467,-27.189593308,26.471960519));
#2208=CARTESIAN_POINT('',(19.275509394,-27.221682136,26.463263746));
#2209=CARTESIAN_POINT('',(19.18800435,-27.284684043,26.431340125));
#2210=CARTESIAN_POINT('',(19.146482254,-27.315591642,26.408116065));
#2211=CARTESIAN_POINT('',(19.070886726,-27.374004136,26.348811109));
#2212=CARTESIAN_POINT('',(19.036819926,-27.401503945,26.31273539));
#2213=CARTESIAN_POINT('',(18.978600839,-27.451118082,26.230327779));
#2214=CARTESIAN_POINT('',(18.954453668,-27.473228083,26.184003081));
#2215=CARTESIAN_POINT('',(18.936139025,-27.491847318,26.134220746));
#2216=CARTESIAN_POINT('',(19.35068354,-27.131466854,26.469801151));
#2217=CARTESIAN_POINT('',(19.304098851,-27.160589705,26.468497472));
#2218=CARTESIAN_POINT('',(19.258058092,-27.190250412,26.459959349));
#2219=CARTESIAN_POINT('',(19.170228509,-27.248616717,26.42900056));
#2220=CARTESIAN_POINT('',(19.128446708,-27.277317682,26.406582361));
#2221=CARTESIAN_POINT('',(19.052021049,-27.331789761,26.34940671));
#2222=CARTESIAN_POINT('',(19.017383305,-27.357556548,26.314653815));
#2223=CARTESIAN_POINT('',(18.957639925,-27.404386468,26.235202406));
#2224=CARTESIAN_POINT('',(18.932539074,-27.425445879,26.190510225));
#2225=CARTESIAN_POINT('',(18.913072912,-27.443427958,26.142384885));
#2226=CARTESIAN_POINT('',(19.319012412,-27.075928022,26.463279986));
#2227=CARTESIAN_POINT('',(19.272531255,-27.100124451,26.461611183));
#2228=CARTESIAN_POINT('',(19.226545993,-27.124812077,26.453362585));
#2229=CARTESIAN_POINT('',(19.138445789,-27.173631929,26.424221706));
#2230=CARTESIAN_POINT('',(19.09633668,-27.197760956,26.403331348));
#2231=CARTESIAN_POINT('',(19.018636925,-27.243953768,26.350216164));
#2232=CARTESIAN_POINT('',(18.983051426,-27.266014524,26.31799484));
#2233=CARTESIAN_POINT('',(18.920638242,-27.306689439,26.244237862));
#2234=CARTESIAN_POINT('',(18.893814698,-27.325300927,26.202707071));
#2235=CARTESIAN_POINT('',(18.87221508,-27.341605792,26.157821443));
#2236=CARTESIAN_POINT('',(19.304711801,-27.046967175,26.460037542));
#2237=CARTESIAN_POINT('',(19.258376395,-27.068639769,26.458187781));
#2238=CARTESIAN_POINT('',(19.212513987,-27.090781243,26.45006954));
#2239=CARTESIAN_POINT('',(19.124471568,-27.13468747,26.421780283));
#2240=CARTESIAN_POINT('',(19.08229685,-27.156449608,26.401610965));
#2241=CARTESIAN_POINT('',(19.004157203,-27.198299666,26.350424857));
#2242=CARTESIAN_POINT('',(18.968196974,-27.218385092,26.319411136));
#2243=CARTESIAN_POINT('',(18.904642433,-27.2556836,26.248390226));
#2244=CARTESIAN_POINT('',(18.877051947,-27.272894458,26.208387294));
#2245=CARTESIAN_POINT('',(18.854472373,-27.288155432,26.165083631));
#2246=CARTESIAN_POINT('',(19.280426583,-26.987991641,26.453783961));
#2247=CARTESIAN_POINT('',(19.234576826,-27.004586674,26.451583519));
#2248=CARTESIAN_POINT('',(19.189157825,-27.021609335,26.443687355));
#2249=CARTESIAN_POINT('',(19.101646809,-27.055592537,26.416932017));
#2250=CARTESIAN_POINT('',(19.059559141,-27.072551415,26.398074168));
#2251=CARTESIAN_POINT('',(18.981004565,-27.105489387,26.350420253));
#2252=CARTESIAN_POINT('',(18.944541561,-27.121466868,26.321626545));
#2253=CARTESIAN_POINT('',(18.879224595,-27.151576833,26.255666028));
#2254=CARTESIAN_POINT('',(18.850373884,-27.16570784,26.218502483));
#2255=CARTESIAN_POINT('',(18.826115031,-27.178533314,26.178162658));
#2256=CARTESIAN_POINT('',(19.270322807,-26.957796461,26.450750439));
#2257=CARTESIAN_POINT('',(19.224812655,-26.971821819,26.448378997));
#2258=CARTESIAN_POINT('',(19.179713751,-26.986255711,26.440575593));
#2259=CARTESIAN_POINT('',(19.092674144,-27.015198684,26.414509013));
#2260=CARTESIAN_POINT('',(19.050737376,-27.029706475,26.396247014));
#2261=CARTESIAN_POINT('',(18.972202132,-27.058048682,26.350210594));
#2262=CARTESIAN_POINT('',(18.935607209,-27.071881833,26.322438252));
#2263=CARTESIAN_POINT('',(18.869658811,-27.098160576,26.258822169));
#2264=CARTESIAN_POINT('',(18.840308321,-27.110604995,26.222981299));
#2265=CARTESIAN_POINT('',(18.815342285,-27.122034143,26.184034737));
#2266=CARTESIAN_POINT('',(19.254866641,-26.895756722,26.444905733));
#2267=CARTESIAN_POINT('',(19.210254908,-26.904527713,26.442199068));
#2268=CARTESIAN_POINT('',(19.166018943,-26.913672445,26.434539529));
#2269=CARTESIAN_POINT('',(19.080389682,-26.932282874,26.409676789));
#2270=CARTESIAN_POINT('',(19.038999606,-26.94174789,26.392474521));
#2271=CARTESIAN_POINT('',(18.961025454,-26.960555579,26.349340564));
#2272=CARTESIAN_POINT('',(18.924444313,-26.969897564,26.323410491));
#2273=CARTESIAN_POINT('',(18.857823959,-26.988021062,26.264048418));
#2274=CARTESIAN_POINT('',(18.827787255,-26.996801909,26.230618645));
#2275=CARTESIAN_POINT('',(18.801734693,-27.005096282,26.194229291));
#2276=CARTESIAN_POINT('',(19.249539964,-26.86371602,26.442081556));
#2277=CARTESIAN_POINT('',(19.205492478,-26.869786028,26.439209955));
#2278=CARTESIAN_POINT('',(19.161804724,-26.876214038,26.431601468));
#2279=CARTESIAN_POINT('',(19.077124575,-26.889499824,26.407254991));
#2280=CARTESIAN_POINT('',(19.036135097,-26.896357155,26.39051784));
#2281=CARTESIAN_POINT('',(18.958711345,-26.910194859,26.348672483));
#2282=CARTESIAN_POINT('',(18.922279738,-26.917174768,26.323565718));
#2283=CARTESIAN_POINT('',(18.855625198,-26.930944938,26.26611902));
#2284=CARTESIAN_POINT('',(18.825404561,-26.937734738,26.233781064));
#2285=CARTESIAN_POINT('',(18.798974348,-26.944277388,26.19855942));
#2286=CARTESIAN_POINT('',(19.244845015,-26.80002884,26.436904845));
#2287=CARTESIAN_POINT('',(19.202141772,-26.800709569,26.43372002));
#2288=CARTESIAN_POINT('',(19.159771291,-26.801721784,26.426161616));
#2289=CARTESIAN_POINT('',(19.077466555,-26.804371509,26.402613681));
#2290=CARTESIAN_POINT('',(19.037534716,-26.806008954,26.386624841));
#2291=CARTESIAN_POINT('',(18.961781041,-26.809845019,26.346885389));
#2292=CARTESIAN_POINT('',(18.925961431,-26.81204354,26.323135943));
#2293=CARTESIAN_POINT('',(18.859934029,-26.816913726,26.268869588));
#2294=CARTESIAN_POINT('',(18.829728178,-26.819585259,26.238354271));
#2295=CARTESIAN_POINT('',(18.802961737,-26.822439144,26.205094071));
#2296=CARTESIAN_POINT('',(19.245384279,-26.76814521,26.434527503));
#2297=CARTESIAN_POINT('',(19.203462924,-26.766117802,26.431193193));
#2298=CARTESIAN_POINT('',(19.161863217,-26.764410947,26.423634848));
#2299=CARTESIAN_POINT('',(19.080986799,-26.76171029,26.400375486));
#2300=CARTESIAN_POINT('',(19.041712307,-26.760716569,26.384675107));
#2301=CARTESIAN_POINT('',(18.967076622,-26.759485381,26.34576706));
#2302=CARTESIAN_POINT('',(18.931717477,-26.759247956,26.32256046));
#2303=CARTESIAN_POINT('',(18.866344444,-26.759541719,26.269579259));
#2304=CARTESIAN_POINT('',(18.836332351,-26.760072907,26.239806113));
#2305=CARTESIAN_POINT('',(18.809600725,-26.76097886,26.207351561));
#2306=CARTESIAN_POINT('',(19.25308726,-26.70428509,26.430262815));
#2307=CARTESIAN_POINT('',(19.212989677,-26.696755875,26.426642627));
#2308=CARTESIAN_POINT('',(19.173196826,-26.689530595,26.419026712));
#2309=CARTESIAN_POINT('',(19.095741202,-26.675967165,26.396094677));
#2310=CARTESIAN_POINT('',(19.058080331,-26.669629357,26.380779119));
#2311=CARTESIAN_POINT('',(18.986331666,-26.658086789,26.34303435));
#2312=CARTESIAN_POINT('',(18.952245633,-26.652882321,26.320606065));
#2313=CARTESIAN_POINT('',(18.888952854,-26.643808708,26.269494882));
#2314=CARTESIAN_POINT('',(18.859747661,-26.639939794,26.240813239));
#2315=CARTESIAN_POINT('',(18.833541819,-26.636813931,26.209553611));
#2316=CARTESIAN_POINT('',(19.260285572,-26.67273783,26.428410693));
#2317=CARTESIAN_POINT('',(19.221220981,-26.662450372,26.424656253));
#2318=CARTESIAN_POINT('',(19.182455495,-26.652461338,26.416982433));
#2319=CARTESIAN_POINT('',(19.106976588,-26.633455753,26.394083937));
#2320=CARTESIAN_POINT('',(19.070264953,-26.624439653,26.378859803));
#2321=CARTESIAN_POINT('',(19.000274149,-26.607719941,26.34143288));
#2322=CARTESIAN_POINT('',(18.966996636,-26.600016727,26.319230977));
#2323=CARTESIAN_POINT('',(18.905125427,-26.586213372,26.268683146));
#2324=CARTESIAN_POINT('',(18.876533195,-26.58011356,26.240338414));
#2325=CARTESIAN_POINT('',(18.850820501,-26.574930388,26.209454504));
#2326=CARTESIAN_POINT('',(19.281077586,-26.612639245,26.425418451));
#2327=CARTESIAN_POINT('',(19.244272201,-26.596959021,26.421420371));
#2328=CARTESIAN_POINT('',(19.207760833,-26.581572334,26.413573752));
#2329=CARTESIAN_POINT('',(19.1366709,-26.551953811,26.390472552));
#2330=CARTESIAN_POINT('',(19.102093958,-26.537722655,26.375218499));
#2331=CARTESIAN_POINT('',(19.036149647,-26.510941731,26.337865478));
#2332=CARTESIAN_POINT('',(19.004783783,-26.498392578,26.315767364));
#2333=CARTESIAN_POINT('',(18.946419898,-26.475440038,26.26554205));
#2334=CARTESIAN_POINT('',(18.919423208,-26.465037177,26.237415996));
#2335=CARTESIAN_POINT('',(18.895108943,-26.455899717,26.206794637));
#2336=CARTESIAN_POINT('',(19.294770968,-26.583642625,26.424252069));
#2337=CARTESIAN_POINT('',(19.259206273,-26.565288859,26.420142725));
#2338=CARTESIAN_POINT('',(19.223936049,-26.547229168,26.412180445));
#2339=CARTESIAN_POINT('',(19.15528604,-26.512362895,26.388843631));
#2340=CARTESIAN_POINT('',(19.121907829,-26.495557108,26.37346963));
#2341=CARTESIAN_POINT('',(19.058276693,-26.463818993,26.335877394));
#2342=CARTESIAN_POINT('',(19.028025226,-26.44888739,26.313660019));
#2343=CARTESIAN_POINT('',(18.971766841,-26.421448819,26.263202092));
#2344=CARTESIAN_POINT('',(18.945761211,-26.408942476,26.234962693));
#2345=CARTESIAN_POINT('',(18.922358995,-26.397879284,26.204233575));
#2346=CARTESIAN_POINT('',(19.328705086,-26.528585217,26.422641598));
#2347=CARTESIAN_POINT('',(19.295847346,-26.504946818,26.418332765));
#2348=CARTESIAN_POINT('',(19.263291284,-26.481609871,26.410078896));
#2349=CARTESIAN_POINT('',(19.200012366,-26.436418896,26.385992674));
#2350=CARTESIAN_POINT('',(19.169291031,-26.414565947,26.370160897));
#2351=CARTESIAN_POINT('',(19.110845172,-26.373169156,26.331517696));
#2352=CARTESIAN_POINT('',(19.083122052,-26.353626303,26.308707197));
#2353=CARTESIAN_POINT('',(19.031722761,-26.31758858,26.256969558));
#2354=CARTESIAN_POINT('',(19.008047824,-26.301094572,26.22804366));
#2355=CARTESIAN_POINT('',(18.986844813,-26.286436373,26.196606702));
#2356=CARTESIAN_POINT('',(19.348391261,-26.503361462,26.422219077));
#2357=CARTESIAN_POINT('',(19.316957275,-26.477192718,26.417824963));
#2358=CARTESIAN_POINT('',(19.28583158,-26.451332126,26.409399897));
#2359=CARTESIAN_POINT('',(19.225399158,-26.401221943,26.384812619));
#2360=CARTESIAN_POINT('',(19.196093949,-26.376973599,26.368651021));
#2361=CARTESIAN_POINT('',(19.14043769,-26.331023081,26.329214828));
#2362=CARTESIAN_POINT('',(19.114088038,-26.309322052,26.305941217));
#2363=CARTESIAN_POINT('',(19.0653638,-26.269303186,26.25318));
#2364=CARTESIAN_POINT('',(19.042990437,-26.250986346,26.223693712));
#2365=CARTESIAN_POINT('',(19.023038158,-26.234714417,26.191670003));
#2366=CARTESIAN_POINT('',(19.392668568,-26.45707188,26.42206557));
#2367=CARTESIAN_POINT('',(19.364237724,-26.425999802,26.4175262));
#2368=CARTESIAN_POINT('',(19.33613393,-26.395254841,26.408710453));
#2369=CARTESIAN_POINT('',(19.281731643,-26.335673782,26.382886541));
#2370=CARTESIAN_POINT('',(19.255434687,-26.306839353,26.365879102));
#2371=CARTESIAN_POINT('',(19.205726442,-26.252259358,26.324368372));
#2372=CARTESIAN_POINT('',(19.182316557,-26.226515322,26.299866247));
#2373=CARTESIAN_POINT('',(19.139344439,-26.17916975,26.2443699));
#2374=CARTESIAN_POINT('',(19.119783419,-26.157569542,26.213377238));
#2375=CARTESIAN_POINT('',(19.102548278,-26.138482681,26.179773449));
#2376=CARTESIAN_POINT('',(19.417468989,-26.435915932,26.422343654));
#2377=CARTESIAN_POINT('',(19.390629537,-26.402457439,26.417744093));
#2378=CARTESIAN_POINT('',(19.364129425,-26.36933848,26.408706808));
#2379=CARTESIAN_POINT('',(19.312935191,-26.305180784,26.382139801));
#2380=CARTESIAN_POINT('',(19.288242627,-26.274143977,26.364610881));
#2381=CARTESIAN_POINT('',(19.241717227,-26.215467605,26.321804865));
#2382=CARTESIAN_POINT('',(19.219885807,-26.187829806,26.296529061));
#2383=CARTESIAN_POINT('',(19.180014702,-26.137124544,26.239302677));
#2384=CARTESIAN_POINT('',(19.161976232,-26.114058608,26.207353823));
#2385=CARTESIAN_POINT('',(19.146218908,-26.093767584,26.172746092));
#2386=CARTESIAN_POINT('',(19.46980731,-26.398845571,26.423507971));
#2387=CARTESIAN_POINT('',(19.446213624,-26.360886644,26.418815087));
#2388=CARTESIAN_POINT('',(19.4229882,-26.323296486,26.409303288));
#2389=CARTESIAN_POINT('',(19.378345983,-26.250580093,26.381079296));
#2390=CARTESIAN_POINT('',(19.356930792,-26.215456442,26.362368107));
#2391=CARTESIAN_POINT('',(19.31690102,-26.149291421,26.316607627));
#2392=CARTESIAN_POINT('',(19.298287877,-26.118252403,26.289559964));
#2393=CARTESIAN_POINT('',(19.26472481,-26.061687128,26.228373303));
#2394=CARTESIAN_POINT('',(19.249776092,-26.036162882,26.194236482));
#2395=CARTESIAN_POINT('',(19.237005656,-26.013983408,26.157340909));
#2396=CARTESIAN_POINT('',(19.497503612,-26.38271571,26.424389833));
#2397=CARTESIAN_POINT('',(19.47557575,-26.34262176,26.419663126));
#2398=CARTESIAN_POINT('',(19.454032825,-26.302913439,26.409897035));
#2399=CARTESIAN_POINT('',(19.4127575,-26.226173943,26.380755358));
#2400=CARTESIAN_POINT('',(19.393026722,-26.189145741,26.361380905));
#2401=CARTESIAN_POINT('',(19.356332381,-26.119549915,26.313955292));
#2402=CARTESIAN_POINT('',(19.339370262,-26.086984989,26.285905974));
#2403=CARTESIAN_POINT('',(19.309036239,-26.027884825,26.222481363));
#2404=CARTESIAN_POINT('',(19.29566553,-26.001351881,26.187108533));
#2405=CARTESIAN_POINT('',(19.28441466,-25.978473478,26.148924602));
#2406=CARTESIAN_POINT('',(19.584615029,-26.340662036,26.427821965));
#2407=CARTESIAN_POINT('',(19.567847128,-26.294426008,26.423027593));
#2408=CARTESIAN_POINT('',(19.551520364,-26.248632561,26.412448419));
#2409=CARTESIAN_POINT('',(19.520665768,-26.160437153,26.380301327));
#2410=CARTESIAN_POINT('',(19.506139565,-26.11803963,26.358735032));
#2411=CARTESIAN_POINT('',(19.479706675,-26.038966236,26.305799399));
#2412=CARTESIAN_POINT('',(19.467801392,-26.002294348,26.274432732));
#2413=CARTESIAN_POINT('',(19.447285479,-25.936689675,26.203621085));
#2414=CARTESIAN_POINT('',(19.438675949,-25.907760203,26.164179678));
#2415=CARTESIAN_POINT('',(19.431959674,-25.883497526,26.121783856));
#2416=CARTESIAN_POINT('',(19.645817992,-26.322005083,26.431059416));
#2417=CARTESIAN_POINT('',(19.632578353,-26.272168443,26.426266134));
#2418=CARTESIAN_POINT('',(19.619824047,-26.222819321,26.415098872));
#2419=CARTESIAN_POINT('',(19.596083202,-26.128071023,26.380690206));
#2420=CARTESIAN_POINT('',(19.585098232,-26.082677607,26.357450889));
#2421=CARTESIAN_POINT('',(19.565588344,-25.998591095,26.300301186));
#2422=CARTESIAN_POINT('',(19.557064727,-25.959903127,26.266394258));
#2423=CARTESIAN_POINT('',(19.543018114,-25.891576629,26.189956738));
#2424=CARTESIAN_POINT('',(19.537496071,-25.861942291,26.147430773));
#2425=CARTESIAN_POINT('',(19.533651697,-25.837736132,26.101877774));
#2426=CARTESIAN_POINT('',(19.771377909,-26.298860505,26.438828263));
#2427=CARTESIAN_POINT('',(19.76547007,-26.242510833,26.434113463));
#2428=CARTESIAN_POINT('',(19.760146214,-26.186749624,26.421696317));
#2429=CARTESIAN_POINT('',(19.751078816,-26.080461251,26.38236134));
#2430=CARTESIAN_POINT('',(19.747336196,-26.029943579,26.355447018));
#2431=CARTESIAN_POINT('',(19.741729262,-25.937839001,26.289081159));
#2432=CARTESIAN_POINT('',(19.739865553,-25.896260335,26.249635535));
#2433=CARTESIAN_POINT('',(19.738174611,-25.825081338,26.161085799));
#2434=CARTESIAN_POINT('',(19.738347619,-25.795487398,26.111989578));
#2435=CARTESIAN_POINT('',(19.739541629,-25.772970978,26.059856659));
#2436=CARTESIAN_POINT('',(19.836004638,-26.294488589,26.443388669));
#2437=CARTESIAN_POINT('',(19.833914234,-26.235224817,26.438752304));
#2438=CARTESIAN_POINT('',(19.832462552,-26.176605794,26.42567047));
#2439=CARTESIAN_POINT('',(19.830982604,-26.065330561,26.383657839));
#2440=CARTESIAN_POINT('',(19.830954671,-26.012686273,26.354731517));
#2441=CARTESIAN_POINT('',(19.832353017,-25.917585375,26.28333834));
#2442=CARTESIAN_POINT('',(19.833779298,-25.875138988,26.240879077));
#2443=CARTESIAN_POINT('',(19.837995259,-25.803849195,26.145810302));
#2444=CARTESIAN_POINT('',(19.840784603,-25.77501351,26.093210906));
#2445=CARTESIAN_POINT('',(19.844151921,-25.75414611,26.037638383));
#2446=CARTESIAN_POINT('',(19.900323898,-26.296158666,26.448364348));
#2447=CARTESIAN_POINT('',(19.902180843,-26.234326179,26.443842117));
#2448=CARTESIAN_POINT('',(19.904734882,-26.173199092,26.430072136));
#2449=CARTESIAN_POINT('',(19.911013732,-26.057702837,26.385241211));
#2450=CARTESIAN_POINT('',(19.914737725,-26.003348729,26.354186113));
#2451=CARTESIAN_POINT('',(19.923029089,-25.906183205,26.277513203));
#2452=CARTESIAN_POINT('',(19.927595378,-25.863384459,26.23190539));
#2453=CARTESIAN_POINT('',(19.937169732,-25.793098839,26.130136613));
#2454=CARTESIAN_POINT('',(19.942176549,-25.76562113,26.073988919));
#2455=CARTESIAN_POINT('',(19.947184019,-25.747010335,26.015033692));
#2456=B_SPLINE_SURFACE_WITH_KNOTS('',3,3,((#2176,#2177,#2178,#2179,#2180,#2181,#2182,#2183,#2184,#2185),(#2186,#2187,#2188,#2189,#2190,#2191,#2192,#2193,#2194,#2195),(#2196,#2197,#2198,#2199,#2200,#2201,#2202,#2203,#2204,#2205),(#2206,#2207,#2208,#2209,#2210,#2211,#2212,#2213,#2214,#2215),(#2216,#2217,#2218,#2219,#2220,#2221,#2222,#2223,#2224,#2225),(#2226,#2227,#2228,#2229,#2230,#2231,#2232,#2233,#2234,#2235),(#2236,#2237,#2238,#2239,#2240,#2241,#2242,#2243,#2244,#2245),(#2246,#2247,#2248,#2249,#2250,#2251,#2252,#2253,#2254,#2255),(#2256,#2257,#2258,#2259,#2260,#2261,#2262,#2263,#2264,#2265),(#2266,#2267,#2268,#2269,#2270,#2271,#2272,#2273,#2274,#2275),(#2276,#2277,#2278,#2279,#2280,#2281,#2282,#2283,#2284,#2285),(#2286,#2287,#2288,#2289,#2290,#2291,#2292,#2293,#2294,#2295),(#2296,#2297,#2298,#2299,#2300,#2301,#2302,#2303,#2304,#2305),(#2306,#2307,#2308,#2309,#2310,#2311,#2312,#2313,#2314,#2315),(#2316,#2317,#2318,#2319,#2320,#2321,#2322,#2323,#2324,#2325),(#2326,#2327,#2328,#2329,#2330,#2331,#2332,#2333,#2334,#2335),(#2336,#2337,#2338,#2339,#2340,#2341,#2342,#2343,#2344,#2345),(#2346,#2347,#2348,#2349,#2350,#2351,#2352,#2353,#2354,#2355),(#2356,#2357,#2358,#2359,#2360,#2361,#2362,#2363,#2364,#2365),(#2366,#2367,#2368,#2369,#2370,#2371,#2372,#2373,#2374,#2375),(#2376,#2377,#2378,#2379,#2380,#2381,#2382,#2383,#2384,#2385),(#2386,#2387,#2388,#2389,#2390,#2391,#2392,#2393,#2394,#2395),(#2396,#2397,#2398,#2399,#2400,#2401,#2402,#2403,#2404,#2405),(#2406,#2407,#2408,#2409,#2410,#2411,#2412,#2413,#2414,#2415),(#2416,#2417,#2418,#2419,#2420,#2421,#2422,#2423,#2424,#2425),(#2426,#2427,#2428,#2429,#2430,#2431,#2432,#2433,#2434,#2435),
(#2436,#2437,#2438,#2439,#2440,#2441,#2442,#2443,#2444,#2445),(#2446,#2447,#2448,#2449,#2450,#2451,#2452,#2453,#2454,#2455)),.UNSPECIFIED.,.F.,.F.,.U.,(4,2,2,2,2,2,2,2,2,2,2,2,2,4),(4,2,2,2,4),(-0.,0.000190332,0.000285498,0.000380664,0.000475831,0.000570997,0.000666163,0.000761329,0.000856495,0.000951661,0.001046827,0.001141993,0.001332325,0.001522658),(0.,0.25,0.5,0.75,1.),.UNSPECIFIED.);
#2457=CARTESIAN_POINT('',(19.559085569,-27.371659506,25.87465136));
#2458=DIRECTION('',(0.726992874,-0.678777927,0.103643072));
#2459=DIRECTION('',(0.073329348,-0.073329348,-0.994608271));
#2460=AXIS2_PLACEMENT_3D('',#2457,#2458,#2459);
#2461=CIRCLE('',#2460,0.625);
#2462=EDGE_CURVE('',#1557,#107,#2461,.T.);
#2463=ORIENTED_EDGE('',*,*,#2462,.F.);
#2464=ORIENTED_EDGE('',*,*,#1581,.F.);
#2465=CARTESIAN_POINT('',(19.947184019,-26.343018787,25.826887672));
#2466=DIRECTION('',(0.996735803,-0.024303202,0.076987618));
#2467=DIRECTION('',(0.024375548,0.999702872,0.));
#2468=AXIS2_PLACEMENT_3D('',#2465,#2466,#2467);
#2469=CIRCLE('',#2468,0.625);
#2470=EDGE_CURVE('',#350,#1545,#2469,.T.);
#2471=ORIENTED_EDGE('',*,*,#2470,.F.);
#2472=ORIENTED_EDGE('',*,*,#2168,.F.);
#2473=CARTESIAN_POINT('',(19.139273714,-27.79147136,26.069948604));
#2474=CARTESIAN_POINT('',(19.071830226,-27.714736202,26.089922021));
#2475=CARTESIAN_POINT('',(19.012153027,-27.630682397,26.108555613));
#2476=CARTESIAN_POINT('',(18.961476526,-27.538129376,26.125661305));
#2477=CARTESIAN_POINT('',(18.910800024,-27.445576355,26.142766997));
#2478=CARTESIAN_POINT('',(18.868651044,-27.342966491,26.158544117));
#2479=CARTESIAN_POINT('',(18.840293702,-27.233344373,26.171623144));
#2480=CARTESIAN_POINT('',(18.826115031,-27.178533314,26.178162658));
#2481=CARTESIAN_POINT('',(18.815342285,-27.122034143,26.184034737));
#2482=CARTESIAN_POINT('',(18.808538489,-27.063565213,26.189132014));
#2483=CARTESIAN_POINT('',(18.801734693,-27.005096282,26.194229291));
#2484=CARTESIAN_POINT('',(18.798974348,-26.944277388,26.19855942));
#2485=CARTESIAN_POINT('',(18.800968043,-26.883358266,26.201826745));
#2486=CARTESIAN_POINT('',(18.802961737,-26.822439144,26.205094071));
#2487=CARTESIAN_POINT('',(18.809600725,-26.76097886,26.207351561));
#2488=CARTESIAN_POINT('',(18.821571272,-26.698896396,26.208452586));
#2489=CARTESIAN_POINT('',(18.833541819,-26.636813931,26.209553611));
#2490=CARTESIAN_POINT('',(18.850820501,-26.574930388,26.209454504));
#2491=CARTESIAN_POINT('',(18.872964722,-26.515415052,26.208124571));
#2492=CARTESIAN_POINT('',(18.917253163,-26.396384381,26.205464704));
#2493=CARTESIAN_POINT('',(18.983283098,-26.282830284,26.19761828));
#2494=CARTESIAN_POINT('',(19.062793218,-26.186598549,26.185721726));
#2495=CARTESIAN_POINT('',(19.102548278,-26.138482681,26.179773449));
#2496=CARTESIAN_POINT('',(19.146218908,-26.093767584,26.172746092));
#2497=CARTESIAN_POINT('',(19.191612282,-26.053875496,26.1650435));
#2498=CARTESIAN_POINT('',(19.237005656,-26.013983408,26.157340909));
#2499=CARTESIAN_POINT('',(19.28441466,-25.978473478,26.148924602));
#2500=CARTESIAN_POINT('',(19.333596331,-25.946814828,26.139877687));
#2501=CARTESIAN_POINT('',(19.431959674,-25.883497526,26.121783856));
#2502=CARTESIAN_POINT('',(19.533651697,-25.837736132,26.101877774));
#2503=CARTESIAN_POINT('',(19.636596663,-25.805353555,26.080867217));
#2504=CARTESIAN_POINT('',(19.739541629,-25.772970978,26.059856659));
#2505=CARTESIAN_POINT('',(19.844151921,-25.75414611,26.037638383));
#2506=CARTESIAN_POINT('',(19.947184019,-25.747010335,26.015033692));
#2507=B_SPLINE_CURVE_WITH_KNOTS('',3,(#2473,#2474,#2475,#2476,#2477,#2478,#2479,#2480,#2481,#2482,#2483,#2484,#2485,#2486,#2487,#2488,#2489,#2490,#2491,#2492,#2493,#2494,#2495,#2496,#2497,#2498,
#2499,#2500,#2501,#2502,#2503,#2504,#2505,#2506),.UNSPECIFIED.,.F.,.F.,(4,3,3,3,3,3,3,3,3,3,3,4),(-0.,0.000190332,0.000380664,0.000475831,0.000570997,0.000666163,0.000761329,0.000951661,0.001046827,0.001141993,0.001332325,0.001522658),.UNSPECIFIED.);
#2508=EDGE_CURVE('',#107,#2126,#2507,.T.);
#2509=ORIENTED_EDGE('',*,*,#2508,.F.);
#2510=EDGE_LOOP('',(#2463,#2464,#2471,#2472,#2509));
#2511=FACE_BOUND('',#2510,.T.);
#2512=ADVANCED_FACE('',(#2511),#2456,.T.);
#2513=CARTESIAN_POINT('',(32.115175822,-25.966591356,26.710621856));
#2514=CARTESIAN_POINT('',(32.110723312,-26.005215475,26.832975237));
#2515=CARTESIAN_POINT('',(32.106281311,-26.082619227,26.942769218));
#2516=CARTESIAN_POINT('',(32.099014276,-26.28717592,27.097790954));
#2517=CARTESIAN_POINT('',(32.096206395,-26.413846043,27.142652808));
#2518=CARTESIAN_POINT('',(32.094728565,-26.542152551,27.146806534));
#2519=CARTESIAN_POINT('',(30.084114686,-25.945373604,26.64340832));
#2520=CARTESIAN_POINT('',(30.07839011,-25.983689707,26.764785968));
#2521=CARTESIAN_POINT('',(30.072678727,-26.06017958,26.873807598));
#2522=CARTESIAN_POINT('',(30.063311353,-26.262426212,27.028537803));
#2523=CARTESIAN_POINT('',(30.059676954,-26.38772019,27.073892219));
#2524=CARTESIAN_POINT('',(30.057737461,-26.515004831,27.079204577));
#2525=CARTESIAN_POINT('',(28.05488908,-25.914938303,26.546995455));
#2526=CARTESIAN_POINT('',(28.04812764,-25.952995378,26.667552554));
#2527=CARTESIAN_POINT('',(28.041381338,-26.028734651,26.775918323));
#2528=CARTESIAN_POINT('',(28.030282744,-26.229080105,26.930353983));
#2529=CARTESIAN_POINT('',(28.025955303,-26.353239082,26.9760791));
#2530=CARTESIAN_POINT('',(28.023607891,-26.479665566,26.982311711));
#2531=CARTESIAN_POINT('',(23.999145835,-25.840468993,26.311091778));
#2532=CARTESIAN_POINT('',(23.990578056,-25.878067884,26.430197443));
#2533=CARTESIAN_POINT('',(23.982028619,-25.952494797,26.537397682));
#2534=CARTESIAN_POINT('',(23.967898218,-26.149513282,26.691269658));
#2535=CARTESIAN_POINT('',(23.962347505,-26.271684177,26.737612794));
#2536=CARTESIAN_POINT('',(23.959263059,-26.396594669,26.745425447));
#2537=CARTESIAN_POINT('',(21.972635859,-25.796396507,26.171479074));
#2538=CARTESIAN_POINT('',(21.963301556,-25.833796696,26.289955294));
#2539=CARTESIAN_POINT('',(21.953986835,-25.907663767,26.3966468));
#2540=CARTESIAN_POINT('',(21.938560032,-26.103261159,26.550248525));
#2541=CARTESIAN_POINT('',(21.932480314,-26.224581678,26.596836904));
#2542=CARTESIAN_POINT('',(21.929066723,-26.348835823,26.605306019));
#2543=CARTESIAN_POINT('',(19.947184019,-25.747010335,26.015033692));
#2544=CARTESIAN_POINT('',(19.93716908,-25.784231925,26.132944146));
#2545=CARTESIAN_POINT('',(19.927174771,-25.857600444,26.23917675));
#2546=CARTESIAN_POINT('',(19.910592046,-26.051931493,26.392522568));
#2547=CARTESIAN_POINT('',(19.90403779,-26.172493695,26.439319886));
#2548=CARTESIAN_POINT('',(19.9003239,-26.296158668,26.448364348));
#2549=B_SPLINE_SURFACE_WITH_KNOTS('',3,3,((#2513,#2514,#2515,#2516,#2517,#2518),(#2519,#2520,#2521,#2522,#2523,#2524),(#2525,#2526,#2527,#2528,#2529,#2530),(#2531,#2532,#2533,#2534,#2535,#2536),(#2537,#2538,#2539,#2540,#2541,#2542),(#2543,#2544,#2545,#2546,#2547,#2548)),.UNSPECIFIED.,.F.,.F.,.U.,(4,2,4),(4,2,4),(0.,0.006094918,0.012189835),(0.,0.5,1.),.UNSPECIFIED.);
#2550=ORIENTED_EDGE('',*,*,#2470,.T.);
#2551=ORIENTED_EDGE('',*,*,#1554,.F.);
#2552=CARTESIAN_POINT('',(32.115175822,-26.562599808,26.522475837));
#2553=DIRECTION('',(0.99939841,-0.010440349,0.033072909));
#2554=DIRECTION('',(0.010446064,0.999945438,0.));
#2555=AXIS2_PLACEMENT_3D('',#2552,#2553,#2554);
#2556=CIRCLE('',#2555,0.625);
#2557=EDGE_CURVE('',#358,#1512,#2556,.T.);
#2558=ORIENTED_EDGE('',*,*,#2557,.F.);
#2559=ORIENTED_EDGE('',*,*,#367,.F.);
#2560=EDGE_LOOP('',(#2550,#2551,#2558,#2559));
#2561=FACE_BOUND('',#2560,.T.);
#2562=ADVANCED_FACE('',(#2561),#2549,.T.);
#2563=CARTESIAN_POINT('',(34.548466189,-42.371577079,26.460538182));
#2564=CARTESIAN_POINT('',(34.498747986,-42.41452795,26.461658766));
#2565=CARTESIAN_POINT('',(34.447353443,-42.455787267,26.452606276));
#2566=CARTESIAN_POINT('',(34.3462495,-42.530878453,26.415042494));
#2567=CARTESIAN_POINT('',(34.2965567,-42.564697993,26.386537369));
#2568=CARTESIAN_POINT('',(34.203760452,-42.621569891,26.312874795));
#2569=CARTESIAN_POINT('',(34.160672241,-42.644612912,26.26772944));
#2570=CARTESIAN_POINT('',(34.085339257,-42.677654363,26.165235854));
#2571=CARTESIAN_POINT('',(34.053106852,-42.687647369,26.107904451));
#2572=CARTESIAN_POINT('',(34.027888285,-42.690622885,26.047298321));
#2573=CARTESIAN_POINT('',(34.257765545,-42.034039304,26.564566519));
#2574=CARTESIAN_POINT('',(34.208409433,-42.07727523,26.56546139));
#2575=CARTESIAN_POINT('',(34.157550556,-42.118993275,26.556155829));
#2576=CARTESIAN_POINT('',(34.057798763,-42.195315388,26.518053561));
#2577=CARTESIAN_POINT('',(34.008922131,-42.229906996,26.489263077));
#2578=CARTESIAN_POINT('',(33.917945046,-42.288569651,26.415017855));
#2579=CARTESIAN_POINT('',(33.875859443,-42.312631119,26.36957524));
#2580=CARTESIAN_POINT('',(33.802607864,-42.34786197,26.266492259));
#2581=CARTESIAN_POINT('',(33.771453846,-42.359025599,26.208868723));
#2582=CARTESIAN_POINT('',(33.747294163,-42.363191631,26.147979634));
#2583=CARTESIAN_POINT('',(33.963628288,-41.700189978,26.652268237));
#2584=CARTESIAN_POINT('',(33.914580104,-41.743680254,26.653004432));
#2585=CARTESIAN_POINT('',(33.864174363,-41.785797923,26.643521469));
#2586=CARTESIAN_POINT('',(33.765565599,-41.863178742,26.605042468));
#2587=CARTESIAN_POINT('',(33.717378613,-41.898429306,26.576052687));
#2588=CARTESIAN_POINT('',(33.627940754,-41.958611399,26.501401007));
#2589=CARTESIAN_POINT('',(33.586704428,-41.98353314,26.455751248));
#2590=CARTESIAN_POINT('',(33.515220134,-42.020606381,26.352257784));
#2591=CARTESIAN_POINT('',(33.484983792,-42.032751851,26.294430911));
#2592=CARTESIAN_POINT('',(33.461728215,-42.037913615,26.233344879));
#2593=CARTESIAN_POINT('',(33.369983815,-41.037596385,26.804157967));
#2594=CARTESIAN_POINT('',(33.321480826,-41.081547624,26.804644118));
#2595=CARTESIAN_POINT('',(33.271876525,-41.124382607,26.794881774));
#2596=CARTESIAN_POINT('',(33.175290307,-41.203653399,26.755809715));
#2597=CARTESIAN_POINT('',(33.128324,-41.240076395,26.726506315));
#2598=CARTESIAN_POINT('',(33.041613371,-41.302954594,26.651215172));
#2599=CARTESIAN_POINT('',(33.001883062,-41.329399633,26.6052396));
#2600=CARTESIAN_POINT('',(32.93353696,-41.369729136,26.501100573));
#2601=CARTESIAN_POINT('',(32.904932212,-41.383607081,26.442953952));
#2602=CARTESIAN_POINT('',(32.883286916,-41.390523195,26.381558229));
#2603=CARTESIAN_POINT('',(33.070466276,-40.708873148,26.868261586));
#2604=CARTESIAN_POINT('',(33.022200264,-40.75303111,26.868657418));
#2605=CARTESIAN_POINT('',(32.972943695,-40.796183608,26.858794314));
#2606=CARTESIAN_POINT('',(32.877235431,-40.876284735,26.819508591));
#2607=CARTESIAN_POINT('',(32.830799173,-40.913220446,26.790092309));
#2608=CARTESIAN_POINT('',(32.745274348,-40.977273261,26.714571144));
#2609=CARTESIAN_POINT('',(32.706199574,-41.004380035,26.668478443));
#2610=CARTESIAN_POINT('',(32.639221958,-41.046120432,26.564107409));
#2611=CARTESIAN_POINT('',(32.611329918,-41.060747324,26.505845911));
#2612=CARTESIAN_POINT('',(32.590389685,-41.068420268,26.444338926));
#2613=CARTESIAN_POINT('',(32.165337156,-39.728398596,27.033354428));
#2614=CARTESIAN_POINT('',(32.117708993,-39.773122876,27.033536376));
#2615=CARTESIAN_POINT('',(32.069388374,-39.817139884,27.023434749));
#2616=CARTESIAN_POINT('',(31.976045079,-39.899493386,26.983643367));
#2617=CARTESIAN_POINT('',(31.931037377,-39.937816667,26.953959995));
#2618=CARTESIAN_POINT('',(31.848711592,-40.005042061,26.877894662));
#2619=CARTESIAN_POINT('',(31.811406716,-40.033933387,26.831524904));
#2620=CARTESIAN_POINT('',(31.748128173,-40.079473119,26.726605127));
#2621=CARTESIAN_POINT('',(31.722164658,-40.096114217,26.668071941));
#2622=CARTESIAN_POINT('',(31.703134908,-40.105820055,26.606301822));
#2623=CARTESIAN_POINT('',(31.553222786,-39.082237432,27.107541794));
#2624=CARTESIAN_POINT('',(31.505924316,-39.127268619,27.107655048));
#2625=CARTESIAN_POINT('',(31.458087485,-39.171746657,27.09747697));
#2626=CARTESIAN_POINT('',(31.365969324,-39.255289422,27.057523739));
#2627=CARTESIAN_POINT('',(31.321702747,-39.294340767,27.027754986));
#2628=CARTESIAN_POINT('',(31.241041088,-39.363221846,26.951515838));
#2629=CARTESIAN_POINT('',(31.204658924,-39.393040547,26.905057656));
#2630=CARTESIAN_POINT('',(31.143314925,-39.44054676,26.799962815));
#2631=CARTESIAN_POINT('',(31.118362915,-39.458226664,26.74134299));
#2632=CARTESIAN_POINT('',(31.100338976,-39.468977331,26.679488964));
#2633=CARTESIAN_POINT('',(30.625774158,-38.119887116,27.183529432));
#2634=CARTESIAN_POINT('',(30.578896205,-38.165316866,27.183576619));
#2635=CARTESIAN_POINT('',(30.531677703,-38.210391306,27.173324988));
#2636=CARTESIAN_POINT('',(30.441128323,-38.295468292,27.133216007));
#2637=CARTESIAN_POINT('',(30.397811925,-38.335457233,27.10336507));
#2638=CARTESIAN_POINT('',(30.319286871,-38.406466788,27.026958597));
#2639=CARTESIAN_POINT('',(30.284090772,-38.437476047,26.980415278));
#2640=CARTESIAN_POINT('',(30.225236894,-38.487503152,26.875151873));
#2641=CARTESIAN_POINT('',(30.201588526,-38.506512999,26.81644862));
#2642=CARTESIAN_POINT('',(30.184862797,-38.518599464,26.754513793));
#2643=CARTESIAN_POINT('',(30.314887477,-37.800117607,27.202841392));
#2644=CARTESIAN_POINT('',(30.268136781,-37.845669659,27.202873652));
#2645=CARTESIAN_POINT('',(30.221105608,-37.890926479,27.192605407));
#2646=CARTESIAN_POINT('',(30.131032085,-37.976471522,27.152461251));
#2647=CARTESIAN_POINT('',(30.088004135,-38.016746071,27.122591758));
#2648=CARTESIAN_POINT('',(30.010128363,-38.088403073,27.046147507));
#2649=CARTESIAN_POINT('',(29.975292989,-38.119774071,26.999584969));
#2650=CARTESIAN_POINT('',(29.917197228,-38.170566237,26.894283512));
#2651=CARTESIAN_POINT('',(29.893946126,-38.189979286,26.835561427));
#2652=CARTESIAN_POINT('',(29.877616453,-38.202470292,26.773608362));
#2653=CARTESIAN_POINT('',(29.691285129,-37.163431259,27.231270691));
#2654=CARTESIAN_POINT('',(29.644768944,-37.209210896,27.231282084));
#2655=CARTESIAN_POINT('',(29.598083375,-37.254806404,27.220990613));
#2656=CARTESIAN_POINT('',(29.50888868,-37.341219371,27.180797289));
#2657=CARTESIAN_POINT('',(29.466393805,-37.382023025,27.150901857));
#2658=CARTESIAN_POINT('',(29.389718901,-37.45487833,27.074404799));
#2659=CARTESIAN_POINT('',(29.355551123,-37.48691834,27.027815397));
#2660=CARTESIAN_POINT('',(29.29885946,-37.539124313,26.922460753));
#2661=CARTESIAN_POINT('',(29.276344632,-37.559281934,26.863712345));
#2662=CARTESIAN_POINT('',(29.260749572,-37.572519412,26.801733787));
#2663=CARTESIAN_POINT('',(29.378640957,-36.846585986,27.240387395));
#2664=CARTESIAN_POINT('',(29.332231989,-36.892470881,27.240392881));
#2665=CARTESIAN_POINT('',(29.285704642,-36.938222652,27.230094836));
#2666=CARTESIAN_POINT('',(29.196912775,-37.025035362,27.189887595));
#2667=CARTESIAN_POINT('',(29.15466244,-37.066082434,27.159984821));
#2668=CARTESIAN_POINT('',(29.078538932,-37.139488408,27.08347282));
#2669=CARTESIAN_POINT('',(29.044677919,-37.171835584,27.036875815));
#2670=CARTESIAN_POINT('',(28.988632021,-37.224690069,26.93150612));
#2671=CARTESIAN_POINT('',(28.96645609,-37.245188934,26.872750264));
#2672=CARTESIAN_POINT('',(28.951199475,-37.258768215,26.810764493));
#2673=CARTESIAN_POINT('',(28.438484505,-35.899822284,27.254721734));
#2674=CARTESIAN_POINT('',(28.392373957,-35.946002605,27.254718195));
#2675=CARTESIAN_POINT('',(28.346287536,-35.992192311,27.244410109));
#2676=CARTESIAN_POINT('',(28.258619405,-36.080124045,27.204181611));
#2677=CARTESIAN_POINT('',(28.217051698,-36.121852028,27.174267624));
#2678=CARTESIAN_POINT('',(28.142468509,-36.196797213,27.097732796));
#2679=CARTESIAN_POINT('',(28.109464939,-36.230002445,27.051124178));
#2680=CARTESIAN_POINT('',(28.055225221,-36.284667306,26.945731494));
#2681=CARTESIAN_POINT('',(28.033997737,-36.306118204,26.88696426));
#2682=CARTESIAN_POINT('',(28.019688951,-36.320650439,26.82496747));
#2683=CARTESIAN_POINT('',(27.808761363,-35.273640761,27.247031519));
#2684=CARTESIAN_POINT('',(27.762819159,-35.319991183,27.24703328));
#2685=CARTESIAN_POINT('',(27.716982248,-35.366432155,27.236731091));
#2686=CARTESIAN_POINT('',(27.62995163,-35.455004169,27.196515075));
#2687=CARTESIAN_POINT('',(27.588771826,-35.497121062,27.166607672));
#2688=CARTESIAN_POINT('',(27.515065487,-35.572943748,27.090086248));
#2689=CARTESIAN_POINT('',(27.482550726,-35.60663743,27.043484449));
#2690=CARTESIAN_POINT('',(27.429342338,-35.662331157,26.938105263));
#2691=CARTESIAN_POINT('',(27.40865721,-35.684322306,26.879344709));
#2692=CARTESIAN_POINT('',(27.394891319,-35.699394426,26.817354389));
#2693=CARTESIAN_POINT('',(25.912548726,-33.406179558,27.184791619));
#2694=CARTESIAN_POINT('',(25.867053704,-33.452987092,27.184823304));
#2695=CARTESIAN_POINT('',(25.82188118,-33.500102369,27.174554417));
#2696=CARTESIAN_POINT('',(25.736551087,-33.590390539,27.134408901));
#2697=CARTESIAN_POINT('',(25.696407157,-33.633548998,27.104538689));
#2698=CARTESIAN_POINT('',(25.625045031,-33.711719574,27.028092975));
#2699=CARTESIAN_POINT('',(25.593838242,-33.746719196,26.981529692));
#2700=CARTESIAN_POINT('',(25.543392147,-33.805161299,26.87622676));
#2701=CARTESIAN_POINT('',(25.524160905,-33.828594438,26.817503945));
#2702=CARTESIAN_POINT('',(25.511851685,-33.845106226,26.755550173));
#2703=CARTESIAN_POINT('',(24.638502393,-32.175218748,27.091621718));
#2704=CARTESIAN_POINT('',(24.593230087,-32.222261606,27.091691374));
#2705=CARTESIAN_POINT('',(24.548390785,-32.269722697,27.081464752));
#2706=CARTESIAN_POINT('',(24.463917894,-32.360887915,27.041408718));
#2707=CARTESIAN_POINT('',(24.42429782,-32.404577457,27.011585717));
#2708=CARTESIAN_POINT('',(24.354125001,-32.483942009,26.935236113));
#2709=CARTESIAN_POINT('',(24.323583482,-32.519604321,26.888721727));
#2710=CARTESIAN_POINT('',(24.274546161,-32.579437528,26.783515605));
#2711=CARTESIAN_POINT('',(24.256058205,-32.603598849,26.724840702));
#2712=CARTESIAN_POINT('',(24.244495631,-32.620835696,26.662933333));
#2713=CARTESIAN_POINT('',(22.082187917,-29.73574794,26.839306398));
#2714=CARTESIAN_POINT('',(22.037290241,-29.783191605,26.839454752));
#2715=CARTESIAN_POINT('',(21.99301359,-29.831241492,26.829315769));
#2716=CARTESIAN_POINT('',(21.90999166,-29.923898881,26.789445347));
#2717=CARTESIAN_POINT('',(21.871259691,-29.968491529,26.7597203));
#2718=CARTESIAN_POINT('',(21.803105932,-30.049884834,26.683570155));
#2719=CARTESIAN_POINT('',(21.773695067,-30.086672442,26.637157265));
#2720=CARTESIAN_POINT('',(21.727054577,-30.148865788,26.53215211));
#2721=CARTESIAN_POINT('',(21.709832429,-30.174261557,26.473576677));
#2722=CARTESIAN_POINT('',(21.699542592,-30.192726325,26.411765645));
#2723=CARTESIAN_POINT('',(20.799432197,-28.526973139,26.679663975));
#2724=CARTESIAN_POINT('',(20.754684803,-28.574581068,26.679854304));
#2725=CARTESIAN_POINT('',(20.710635231,-28.622872001,26.669762084));
#2726=CARTESIAN_POINT('',(20.628201217,-28.716139316,26.629990727));
#2727=CARTESIAN_POINT('',(20.589830002,-28.761100732,26.600317972));
#2728=CARTESIAN_POINT('',(20.522498274,-28.843321244,26.524274325));
#2729=CARTESIAN_POINT('',(20.493548566,-28.880567146,26.477915634));
#2730=CARTESIAN_POINT('',(20.447887411,-28.943720228,26.373017805));
#2731=CARTESIAN_POINT('',(20.431183292,-28.969617274,26.3144955));
#2732=CARTESIAN_POINT('',(20.421415158,-28.98857981,26.252735922));
#2733=CARTESIAN_POINT('',(19.513254726,-27.325828663,26.49628153));
#2734=CARTESIAN_POINT('',(19.468637263,-27.373580113,26.496512589));
#2735=CARTESIAN_POINT('',(19.42478472,-27.422081646,26.486465762));
#2736=CARTESIAN_POINT('',(19.342861943,-27.51588159,26.446790597));
#2737=CARTESIAN_POINT('',(19.304804867,-27.561164933,26.417168632));
#2738=CARTESIAN_POINT('',(19.238189813,-27.644107148,26.341228438));
#2739=CARTESIAN_POINT('',(19.209642535,-27.681752696,26.294922406));
#2740=CARTESIAN_POINT('',(19.164836761,-27.745742112,26.190128862));
#2741=CARTESIAN_POINT('',(19.148585463,-27.772075701,26.131658182));
#2742=CARTESIAN_POINT('',(19.139273714,-27.79147136,26.069948604));
#2743=B_SPLINE_SURFACE_WITH_KNOTS('',3,3,((#2563,#2564,#2565,#2566,#2567,#2568,#2569,#2570,#2571,#2572),(#2573,#2574,#2575,#2576,#2577,#2578,#2579,#2580,#2581,#2582),(#2583,#2584,#2585,#2586,#2587,#2588,#2589,#2590,#2591,#2592),(#2593,#2594,#2595,#2596,#2597,#2598,#2599,#2600,#2601,#2602),(#2603,#2604,#2605,#2606,#2607,#2608,#2609,#2610,#2611,#2612),(#2613,#2614,#2615,#2616,#2617,#2618,#2619,#2620,#2621,#2622),(#2623,#2624,#2625,#2626,#2627,#2628,#2629,#2630,#2631,#2632),(#2633,#2634,#2635,#2636,#2637,#2638,#2639,#2640,#2641,#2642),(#2643,#2644,#2645,#2646,#2647,#2648,#2649,#2650,#2651,#2652),(#2653,#2654,#2655,#2656,#2657,#2658,#2659,#2660,#2661,#2662),(#2663,#2664,#2665,#2666,#2667,#2668,#2669,#2670,#2671,#2672),(#2673,#2674,#2675,#2676,#2677,#2678,#2679,#2680,#2681,#2682),(#2683,#2684,#2685,#2686,#2687,#2688,#2689,#2690,#2691,#2692),(#2693,#2694,#2695,#2696,#2697,#2698,#2699,#2700,#2701,#2702),(#2703,#2704,#2705,#2706,#2707,#2708,#2709,#2710,#2711,#2712),(#2713,#2714,#2715,#2716,#2717,#2718,#2719,#2720,#2721,#2722),(#2723,#2724,#2725,#2726,#2727,#2728,#2729,#2730,#2731,#2732),(#2733,#2734,#2735,#2736,#2737,#2738,#2739,#2740,#2741,#2742)),.UNSPECIFIED.,.F.,.F.,.U.,(4,2,2,2,2,2,2,2,4),(4,2,2,2,4),(0.,0.001319081,0.002638163,0.005276326,0.006595407,0.007914488,0.010552651,0.015828977,0.021105302),(0.,0.25,0.5,0.75,1.),.UNSPECIFIED.);
#2744=ORIENTED_EDGE('',*,*,#2462,.T.);
#2745=ORIENTED_EDGE('',*,*,#128,.F.);
#2746=CARTESIAN_POINT('',(34.44770014,-42.27081103,25.852001078));
#2747=DIRECTION('',(0.633666572,-0.73943901,-0.22736892));
#2748=DIRECTION('',(-0.161225678,0.161225678,-0.973659366));
#2749=AXIS2_PLACEMENT_3D('',#2746,#2747,#2748);
#2750=CIRCLE('',#2749,0.625);
#2751=EDGE_CURVE('',#1584,#99,#2750,.T.);
#2752=ORIENTED_EDGE('',*,*,#2751,.F.);
#2753=ORIENTED_EDGE('',*,*,#1605,.F.);
#2754=EDGE_LOOP('',(#2744,#2745,#2752,#2753));
#2755=FACE_BOUND('',#2754,.T.);
#2756=ADVANCED_FACE('',(#2755),#2743,.T.);
#2757=CARTESIAN_POINT('',(32.094728565,-26.542152551,27.146806534));
#2758=CARTESIAN_POINT('',(32.096206395,-26.413846043,27.142652808));
#2759=CARTESIAN_POINT('',(32.099014276,-26.28717592,27.097790954));
#2760=CARTESIAN_POINT('',(32.106281311,-26.082619227,26.942769218));
#2761=CARTESIAN_POINT('',(32.110723312,-26.005215475,26.832975237));
#2762=CARTESIAN_POINT('',(32.115175822,-25.966591356,26.710621856));
#2763=CARTESIAN_POINT('',(32.261552305,-26.544375872,27.15234294));
#2764=CARTESIAN_POINT('',(32.255235374,-26.417913223,27.148093186));
#2765=CARTESIAN_POINT('',(32.250194205,-26.292991671,27.104391508));
#2766=CARTESIAN_POINT('',(32.244503305,-26.08981907,26.953327326));
#2767=CARTESIAN_POINT('',(32.243868028,-26.012018812,26.846299585));
#2768=CARTESIAN_POINT('',(32.245579739,-25.971585429,26.726442067));
#2769=CARTESIAN_POINT('',(32.426060589,-26.53154701,27.157114257));
#2770=CARTESIAN_POINT('',(32.41217046,-26.407438013,27.152796704));
#2771=CARTESIAN_POINT('',(32.399509214,-26.284788358,27.110128323));
#2772=CARTESIAN_POINT('',(32.381008706,-26.08409158,26.962591746));
#2773=CARTESIAN_POINT('',(32.375209594,-26.00646601,26.858033396));
#2774=CARTESIAN_POINT('',(32.373868107,-25.964758219,26.740453489));
#2775=CARTESIAN_POINT('',(32.669287876,-26.489262503,27.163268402));
#2776=CARTESIAN_POINT('',(32.644261667,-26.36945923,27.158877174));
#2777=CARTESIAN_POINT('',(32.620403877,-26.25100904,27.117571347));
#2778=CARTESIAN_POINT('',(32.582870244,-26.055685973,26.974685735));
#2779=CARTESIAN_POINT('',(32.569268032,-25.979194536,26.873384974));
#2780=CARTESIAN_POINT('',(32.56306775,-25.93642512,26.758848135));
#2781=CARTESIAN_POINT('',(32.749774554,-26.47130747,27.165151693));
#2782=CARTESIAN_POINT('',(32.721073383,-26.353068921,27.160741189));
#2783=CARTESIAN_POINT('',(32.693521948,-26.236150685,27.119858117));
#2784=CARTESIAN_POINT('',(32.649672956,-26.042896101,26.978414503));
#2785=CARTESIAN_POINT('',(32.633459334,-25.966928452,26.878123831));
#2786=CARTESIAN_POINT('',(32.625592131,-25.92394731,26.764537854));
#2787=CARTESIAN_POINT('',(32.909489389,-26.427287604,27.168591812));
#2788=CARTESIAN_POINT('',(32.873499668,-26.312458189,27.164148384));
#2789=CARTESIAN_POINT('',(32.838626466,-26.198889023,27.124046212));
#2790=CARTESIAN_POINT('',(32.782208899,-26.010360302,26.985268409));
#2791=CARTESIAN_POINT('',(32.760767848,-25.935745035,26.886846228));
#2792=CARTESIAN_POINT('',(32.749506149,-25.892634901,26.77502955));
#2793=CARTESIAN_POINT('',(32.989007602,-26.401069796,27.170152428));
#2794=CARTESIAN_POINT('',(32.94939083,-26.288093039,27.165695471));
#2795=CARTESIAN_POINT('',(32.910875819,-26.176349163,27.125952078));
#2796=CARTESIAN_POINT('',(32.848180872,-25.990491227,26.988400055));
#2797=CARTESIAN_POINT('',(32.824113355,-25.916709755,26.890837605));
#2798=CARTESIAN_POINT('',(32.811116699,-25.873685137,26.779840672));
#2799=CARTESIAN_POINT('',(33.220390474,-26.31158098,27.174263447));
#2800=CARTESIAN_POINT('',(33.170195238,-26.20447776,27.169775834));
#2801=CARTESIAN_POINT('',(33.121063699,-26.098533916,27.130986566));
#2802=CARTESIAN_POINT('',(33.04002763,-25.921420327,26.996691862));
#2803=CARTESIAN_POINT('',(33.008261151,-25.850550228,26.901413776));
#2804=CARTESIAN_POINT('',(32.99012915,-25.808223929,26.792604261));
#2805=CARTESIAN_POINT('',(33.366706842,-26.237252058,27.17628767));
#2806=CARTESIAN_POINT('',(33.309790638,-26.134513532,27.171789134));
#2807=CARTESIAN_POINT('',(33.253921106,-26.03289674,27.133481965));
#2808=CARTESIAN_POINT('',(33.161189784,-25.86262469,27.000834524));
#2809=CARTESIAN_POINT('',(33.124481109,-25.794249692,26.906712739));
#2810=CARTESIAN_POINT('',(33.102986797,-25.752970663,26.799024217));
#2811=CARTESIAN_POINT('',(33.643138589,-26.058647757,27.179019484));
#2812=CARTESIAN_POINT('',(33.573311932,-25.965623391,27.17450883));
#2813=CARTESIAN_POINT('',(33.504514194,-25.873664287,27.136856228));
#2814=CARTESIAN_POINT('',(33.389417244,-25.719161289,27.006443427));
#2815=CARTESIAN_POINT('',(33.343300799,-25.656862021,26.913889884));
#2816=CARTESIAN_POINT('',(33.315467795,-25.618757547,26.807725409));
#2817=CARTESIAN_POINT('',(33.774077599,-25.953077089,27.179714353));
#2818=CARTESIAN_POINT('',(33.698019013,-25.865462189,27.175201407));
#2819=CARTESIAN_POINT('',(33.622989054,-25.778894061,27.137718007));
#2820=CARTESIAN_POINT('',(33.497151254,-25.633424635,27.007883378));
#2821=CARTESIAN_POINT('',(33.446540871,-25.574751601,26.915735879));
#2822=CARTESIAN_POINT('',(33.415714503,-25.538806611,26.809968973));
#2823=CARTESIAN_POINT('',(34.006899014,-25.720556514,27.17972264));
#2824=CARTESIAN_POINT('',(33.919384568,-25.64438769,27.17520967));
#2825=CARTESIAN_POINT('',(33.832916604,-25.569247557,27.137728282));
#2826=CARTESIAN_POINT('',(33.687615959,-25.443220701,27.007900514));
#2827=CARTESIAN_POINT('',(33.629011251,-25.392531711,26.915757829));
#2828=CARTESIAN_POINT('',(33.593107967,-25.361653797,26.809995624));
#2829=CARTESIAN_POINT('',(34.110407213,-25.592901247,27.179061584));
#2830=CARTESIAN_POINT('',(34.0175946,-25.522810597,27.174552194));
#2831=CARTESIAN_POINT('',(33.925846062,-25.453748386,27.136909847));
#2832=CARTESIAN_POINT('',(33.771692272,-25.338194931,27.006529654));
#2833=CARTESIAN_POINT('',(33.709530962,-25.291887083,26.913998306));
#2834=CARTESIAN_POINT('',(33.671504935,-25.263926221,26.807855134));
#2835=CARTESIAN_POINT('',(34.246018982,-25.384061049,27.17701729));
#2836=CARTESIAN_POINT('',(34.14584123,-25.32372791,27.17251688));
#2837=CARTESIAN_POINT('',(34.046769951,-25.264436354,27.134384554));
#2838=CARTESIAN_POINT('',(33.880652232,-25.165784604,27.002331686));
#2839=CARTESIAN_POINT('',(33.813876638,-25.126585382,26.90862649));
#2840=CARTESIAN_POINT('',(33.773431227,-25.103412921,26.801342448));
#2841=CARTESIAN_POINT('',(34.287726804,-25.311736522,27.17615834));
#2842=CARTESIAN_POINT('',(34.185201842,-25.254753855,27.171661514));
#2843=CARTESIAN_POINT('',(34.08380017,-25.198819507,27.133324232));
#2844=CARTESIAN_POINT('',(33.913932219,-25.105985251,27.000572586));
#2845=CARTESIAN_POINT('',(33.845746221,-25.069238703,26.906377306));
#2846=CARTESIAN_POINT('',(33.804626529,-25.047726709,26.798617979));
#2847=CARTESIAN_POINT('',(34.362761586,-25.164635821,27.174114462));
#2848=CARTESIAN_POINT('',(34.255829012,-25.114429663,27.169629306));
#2849=CARTESIAN_POINT('',(34.150058046,-25.065289009,27.130808848));
#2850=CARTESIAN_POINT('',(33.973287315,-24.984222981,26.996407665));
#2851=CARTESIAN_POINT('',(33.902587561,-24.952435367,26.901055085));
#2852=CARTESIAN_POINT('',(33.860418119,-24.934272226,26.792177888));
#2853=CARTESIAN_POINT('',(34.396342296,-25.089468969,27.172925737));
#2854=CARTESIAN_POINT('',(34.287337111,-25.042708023,27.168447312));
#2855=CARTESIAN_POINT('',(34.179515349,-24.997023381,27.129347642));
#2856=CARTESIAN_POINT('',(33.999572061,-24.921941987,26.99399462));
#2857=CARTESIAN_POINT('',(33.927760866,-24.892674952,26.897974733));
#2858=CARTESIAN_POINT('',(33.885210858,-24.876209738,26.788455174));
#2859=CARTESIAN_POINT('',(34.455878333,-24.936014279,27.170205344));
#2860=CARTESIAN_POINT('',(34.342970941,-24.896269334,27.165747178));
#2861=CARTESIAN_POINT('',(34.23129563,-24.857625869,27.126016019));
#2862=CARTESIAN_POINT('',(34.045539248,-24.794709452,26.988507077));
#2863=CARTESIAN_POINT('',(33.97179034,-24.770549228,26.890975218));
#2864=CARTESIAN_POINT('',(33.928770847,-24.757491095,26.780007687));
#2865=CARTESIAN_POINT('',(34.481834131,-24.857728107,27.168673797));
#2866=CARTESIAN_POINT('',(34.36709667,-24.821553686,27.164229394));
#2867=CARTESIAN_POINT('',(34.253618086,-24.786495019,27.12414587));
#2868=CARTESIAN_POINT('',(34.065220534,-24.729758194,26.985432168));
#2869=CARTESIAN_POINT('',(33.990645247,-24.708183822,26.887055054));
#2870=CARTESIAN_POINT('',(33.947537063,-24.696834529,26.775281303));
#2871=CARTESIAN_POINT('',(34.526136612,-24.698029884,27.165244198));
#2872=CARTESIAN_POINT('',(34.407980026,-24.669143154,27.160832483));
#2873=CARTESIAN_POINT('',(34.291142218,-24.641405277,27.119970133));
#2874=CARTESIAN_POINT('',(34.09799813,-24.597237083,26.978597702));
#2875=CARTESIAN_POINT('',(34.022059911,-24.580891213,26.878357041));
#2876=CARTESIAN_POINT('',(33.979070717,-24.57293908,26.764818302));
#2877=CARTESIAN_POINT('',(34.544499214,-24.616381023,27.163339157));
#2878=CARTESIAN_POINT('',(34.424748639,-24.591221546,27.158947856));
#2879=CARTESIAN_POINT('',(34.306349794,-24.567229481,27.11765762));
#2880=CARTESIAN_POINT('',(34.111094449,-24.529466485,26.974824033));
#2881=CARTESIAN_POINT('',(34.034618939,-24.515769576,26.873559373));
#2882=CARTESIAN_POINT('',(33.991839939,-24.509509321,26.759056219));
#2883=CARTESIAN_POINT('',(34.58736415,-24.371069823,27.157140741));
#2884=CARTESIAN_POINT('',(34.46326321,-24.357141352,27.152823421));
#2885=CARTESIAN_POINT('',(34.34062103,-24.344441173,27.110160453));
#2886=CARTESIAN_POINT('',(34.139929894,-24.325875254,26.962641304));
#2887=CARTESIAN_POINT('',(34.062302357,-24.32004981,26.858094844));
#2888=CARTESIAN_POINT('',(34.02058643,-24.31869305,26.740525636));
#2889=CARTESIAN_POINT('',(34.600188326,-24.205811375,27.152345283));
#2890=CARTESIAN_POINT('',(34.473726457,-24.199491145,27.148095488));
#2891=CARTESIAN_POINT('',(34.348805645,-24.194446656,27.1043943));
#2892=CARTESIAN_POINT('',(34.14563363,-24.188750274,26.953331793));
#2893=CARTESIAN_POINT('',(34.067833204,-24.188112848,26.846305223));
#2894=CARTESIAN_POINT('',(34.027399055,-24.189823399,26.726448761));
#2895=CARTESIAN_POINT('',(34.597964064,-24.038917051,27.146806534));
#2896=CARTESIAN_POINT('',(34.469657557,-24.04039488,27.142652808));
#2897=CARTESIAN_POINT('',(34.342987434,-24.043202762,27.097790953));
#2898=CARTESIAN_POINT('',(34.13843074,-24.050469797,26.942769218));
#2899=CARTESIAN_POINT('',(34.061026989,-24.054911798,26.832975237));
#2900=CARTESIAN_POINT('',(34.022402869,-24.059364308,26.710621856));
#2901=B_SPLINE_SURFACE_WITH_KNOTS('',3,3,((#2757,#2758,#2759,#2760,#2761,#2762),(#2763,#2764,#2765,#2766,#2767,#2768),(#2769,#2770,#2771,#2772,#2773,#2774),(#2775,#2776,#2777,#2778,#2779,#2780),(#2781,#2782,#2783,#2784,#2785,#2786),(#2787,#2788,#2789,#2790,#2791,#2792),(#2793,#2794,#2795,#2796,#2797,#2798),(#2799,#2800,#2801,#2802,#2803,#2804),(#2805,#2806,#2807,#2808,#2809,#2810),(#2811,#2812,#2813,#2814,#2815,#2816),(#2817,#2818,#2819,#2820,#2821,#2822),(#2823,#2824,#2825,#2826,#2827,#2828),(#2829,#2830,#2831,#2832,#2833,#2834),(#2835,#2836,#2837,#2838,#2839,#2840),(#2841,#2842,#2843,#2844,#2845,#2846),(#2847,#2848,#2849,#2850,#2851,#2852),(#2853,#2854,#2855,#2856,#2857,#2858),(#2859,#2860,#2861,#2862,#2863,#2864),(#2865,#2866,#2867,#2868,#2869,#2870),(#2871,#2872,#2873,#2874,#2875,#2876),(#2877,#2878,#2879,#2880,#2881,#2882),(#2883,#2884,#2885,#2886,#2887,#2888),(#2889,#2890,#2891,#2892,#2893,#2894),(#2895,#2896,#2897,#2898,#2899,#2900)),.UNSPECIFIED.,.F.,.F.,.U.,(4,2,2,2,2,2,2,2,2,2,2,4),(4,2,4),(0.,0.0004928,0.000739201,0.000985601,0.001478401,0.001971202,0.002464002,0.002710403,0.002956803,0.003203203,0.003449603,0.003942404),(0.,0.5,1.),.UNSPECIFIED.);
#2902=ORIENTED_EDGE('',*,*,#2557,.T.);
#2903=ORIENTED_EDGE('',*,*,#1542,.F.);
#2904=CARTESIAN_POINT('',(34.618411322,-24.059364308,26.522475837));
#2905=DIRECTION('',(-0.010440349,0.99939841,-0.033072909));
#2906=DIRECTION('',(-0.999945438,-0.010446064,-0.));
#2907=AXIS2_PLACEMENT_3D('',#2904,#2905,#2906);
#2908=CIRCLE('',#2907,0.625);
#2909=EDGE_CURVE('',#306,#1500,#2908,.T.);
#2910=ORIENTED_EDGE('',*,*,#2909,.F.);
#2911=ORIENTED_EDGE('',*,*,#1333,.F.);
#2912=CARTESIAN_POINT('',(32.115175822,-25.966591356,26.710621856));
#2913=CARTESIAN_POINT('',(32.245579739,-25.971585429,26.726442067));
#2914=CARTESIAN_POINT('',(32.373868107,-25.964758219,26.740453489));
#2915=CARTESIAN_POINT('',(32.500001202,-25.945869486,26.752716586));
#2916=CARTESIAN_POINT('',(32.626134297,-25.926980754,26.764979683));
#2917=CARTESIAN_POINT('',(32.751445882,-25.89550554,26.775586142));
#2918=CARTESIAN_POINT('',(32.870787516,-25.851864735,26.784095202));
#2919=CARTESIAN_POINT('',(32.99012915,-25.808223929,26.792604261));
#2920=CARTESIAN_POINT('',(33.102986797,-25.752970663,26.799024217));
#2921=CARTESIAN_POINT('',(33.209227296,-25.685864105,26.803374813));
#2922=CARTESIAN_POINT('',(33.315467795,-25.618757547,26.807725409));
#2923=CARTESIAN_POINT('',(33.415714503,-25.538806611,26.809968973));
#2924=CARTESIAN_POINT('',(33.504411235,-25.450230204,26.809982298));
#2925=CARTESIAN_POINT('',(33.593107967,-25.361653797,26.809995624));
#2926=CARTESIAN_POINT('',(33.671504935,-25.263926221,26.807855134));
#2927=CARTESIAN_POINT('',(33.739455796,-25.156917354,26.803513343));
#2928=CARTESIAN_POINT('',(33.807406658,-25.049908487,26.799171553));
#2929=CARTESIAN_POINT('',(33.863430864,-24.93556906,26.792678918));
#2930=CARTESIAN_POINT('',(33.906990853,-24.816850417,26.784231431));
#2931=CARTESIAN_POINT('',(33.950550841,-24.698131773,26.775783944));
#2932=CARTESIAN_POINT('',(33.982257775,-24.573114744,26.76523308));
#2933=CARTESIAN_POINT('',(34.001422102,-24.445903897,26.752879358));
#2934=CARTESIAN_POINT('',(34.02058643,-24.31869305,26.740525636));
#2935=CARTESIAN_POINT('',(34.027399055,-24.189823399,26.726448761));
#2936=CARTESIAN_POINT('',(34.022402869,-24.059364308,26.710621856));
#2937=B_SPLINE_CURVE_WITH_KNOTS('',3,(#2912,#2913,#2914,#2915,#2916,#2917,#2918,#2919,#2920,#2921,#2922,#2923,#2924,#2925,#2926,#2927,#2928,#2929,#2930,#2931,#2932,#2933,#2934,#2935,#2936),.UNSPECIFIED.,.F.,.F.,(4,3,3,3,3,3,3,3,4),(0.,0.0004928,0.000985601,0.001478401,0.001971202,0.002464002,0.002956803,0.003449603,0.003942404),.UNSPECIFIED.);
#2938=EDGE_CURVE('',#358,#1298,#2937,.T.);
#2939=ORIENTED_EDGE('',*,*,#2938,.F.);
#2940=EDGE_LOOP('',(#2902,#2903,#2910,#2911,#2939));
#2941=FACE_BOUND('',#2940,.T.);
#2942=ADVANCED_FACE('',(#2941),#2901,.T.);
#2943=CARTESIAN_POINT('',(35.40474772,-42.461218917,26.290619964));
#2944=CARTESIAN_POINT('',(35.440126584,-42.496597781,26.276850242));
#2945=CARTESIAN_POINT('',(35.474284306,-42.530755503,26.256818021));
#2946=CARTESIAN_POINT('',(35.538057689,-42.594528886,26.205460024));
#2947=CARTESIAN_POINT('',(35.56766927,-42.624140467,26.174137532));
#2948=CARTESIAN_POINT('',(35.620521894,-42.676993091,26.102131055));
#2949=CARTESIAN_POINT('',(35.643759557,-42.700230754,26.061451675));
#2950=CARTESIAN_POINT('',(35.682429093,-42.738900289,25.97324132));
#2951=CARTESIAN_POINT('',(35.697858492,-42.754329689,25.925715988));
#2952=CARTESIAN_POINT('',(35.708908276,-42.765379472,25.876231266));
#2953=CARTESIAN_POINT('',(35.375920663,-42.490045975,26.290619964));
#2954=CARTESIAN_POINT('',(35.408042374,-42.527359107,26.27710768));
#2955=CARTESIAN_POINT('',(35.438989129,-42.563496951,26.257568205));
#2956=CARTESIAN_POINT('',(35.496708126,-42.63127835,26.207590401));
#2957=CARTESIAN_POINT('',(35.52347698,-42.662917874,26.177155025));
#2958=CARTESIAN_POINT('',(35.571255274,-42.719817026,26.107190944));
#2959=CARTESIAN_POINT('',(35.592261909,-42.745073268,26.067666372));
#2960=CARTESIAN_POINT('',(35.627271735,-42.787699425,25.981869219));
#2961=CARTESIAN_POINT('',(35.641272871,-42.805066798,25.935601705));
#2962=CARTESIAN_POINT('',(35.651357453,-42.817972222,25.887333239));
#2963=CARTESIAN_POINT('',(35.344545932,-42.515342928,26.291804733));
#2964=CARTESIAN_POINT('',(35.373329524,-42.554411144,26.278615423));
#2965=CARTESIAN_POINT('',(35.400975179,-42.592340837,26.259581059));
#2966=CARTESIAN_POINT('',(35.452407411,-42.663743015,26.210914613));
#2967=CARTESIAN_POINT('',(35.476191138,-42.697211512,26.181285241));
#2968=CARTESIAN_POINT('',(35.518532026,-42.757759325,26.113134746));
#2969=CARTESIAN_POINT('',(35.537086842,-42.784835258,26.074617418));
#2970=CARTESIAN_POINT('',(35.56790309,-42.831034318,25.990909377));
#2971=CARTESIAN_POINT('',(35.580162817,-42.850154861,25.945723325));
#2972=CARTESIAN_POINT('',(35.588923415,-42.864746462,25.898502085));
#2973=CARTESIAN_POINT('',(35.276406022,-42.558466393,26.296657354));
#2974=CARTESIAN_POINT('',(35.298252564,-42.600727449,26.284249858));
#2975=CARTESIAN_POINT('',(35.31901669,-42.64190504,26.2662561));
#2976=CARTESIAN_POINT('',(35.35724456,-42.719830684,26.22008322));
#2977=CARTESIAN_POINT('',(35.374706373,-42.756574763,26.191906444));
#2978=CARTESIAN_POINT('',(35.405371137,-42.823606202,26.126918143));
#2979=CARTESIAN_POINT('',(35.418572542,-42.853890142,26.090109922));
#2980=CARTESIAN_POINT('',(35.439992053,-42.90632992,26.009884944));
#2981=CARTESIAN_POINT('',(35.448209081,-42.92848308,25.966472266));
#2982=CARTESIAN_POINT('',(35.453709109,-42.945960477,25.920950465));
#2983=CARTESIAN_POINT('',(35.239256995,-42.576310609,26.300395623));
#2984=CARTESIAN_POINT('',(35.257471066,-42.620016152,26.288453048));
#2985=CARTESIAN_POINT('',(35.274621089,-42.662656389,26.270999763));
#2986=CARTESIAN_POINT('',(35.30586502,-42.743496987,26.226016794));
#2987=CARTESIAN_POINT('',(35.319957383,-42.781693342,26.198489338));
#2988=CARTESIAN_POINT('',(35.34432042,-42.851569555,26.134853036));
#2989=CARTESIAN_POINT('',(35.35458989,-42.883245949,26.098747342));
#2990=CARTESIAN_POINT('',(35.370749187,-42.938359785,26.019915951));
#2991=CARTESIAN_POINT('',(35.376638216,-42.961794497,25.977194159));
#2992=CARTESIAN_POINT('',(35.380177405,-42.980472402,25.932322955));
#2993=CARTESIAN_POINT('',(35.163022986,-42.602170076,26.310071124));
#2994=CARTESIAN_POINT('',(35.173962268,-42.648313806,26.299157125));
#2995=CARTESIAN_POINT('',(35.183853853,-42.693408123,26.282767685));
#2996=CARTESIAN_POINT('',(35.201010369,-42.779072667,26.239919193));
#2997=CARTESIAN_POINT('',(35.208274464,-42.819638709,26.213462235));
#2998=CARTESIAN_POINT('',(35.219784329,-42.894056594,26.151905567));
#2999=CARTESIAN_POINT('',(35.224029539,-42.927904801,26.116808864));
#3000=CARTESIAN_POINT('',(35.229272781,-42.987059288,26.039866018));
#3001=CARTESIAN_POINT('',(35.23027056,-43.012362678,25.998023634));
#3002=CARTESIAN_POINT('',(35.229617896,-43.032711758,25.953935323));
#3003=CARTESIAN_POINT('',(35.123333204,-42.610535075,26.316057224));
#3004=CARTESIAN_POINT('',(35.130569073,-42.657699006,26.305713965));
#3005=CARTESIAN_POINT('',(35.136755645,-42.703811671,26.289856904));
#3006=CARTESIAN_POINT('',(35.146691981,-42.791439106,26.247973983));
#3007=CARTESIAN_POINT('',(35.150441243,-42.832949543,26.221950196));
#3008=CARTESIAN_POINT('',(35.155295834,-42.909117515,26.161146917));
#3009=CARTESIAN_POINT('',(35.156400913,-42.943771283,26.126370434));
#3010=CARTESIAN_POINT('',(35.155903986,-43.00434303,26.049950332));
#3011=CARTESIAN_POINT('',(35.154301995,-43.030258014,26.008310495));
#3012=CARTESIAN_POINT('',(35.151388666,-43.051100838,25.964367827));
#3013=CARTESIAN_POINT('',(35.042169043,-42.617689028,26.330044712));
#3014=CARTESIAN_POINT('',(35.041883797,-42.666462624,26.320942727));
#3015=CARTESIAN_POINT('',(35.040527748,-42.714162835,26.306139596));
#3016=CARTESIAN_POINT('',(35.035746509,-42.80475086,26.265958966));
#3017=CARTESIAN_POINT('',(35.03232156,-42.847633894,26.240583591));
#3018=CARTESIAN_POINT('',(35.023591278,-42.926181554,26.180681427));
#3019=CARTESIAN_POINT('',(35.018286394,-42.961842035,26.146157803));
#3020=CARTESIAN_POINT('',(35.006090838,-43.023943409,26.069895365));
#3021=CARTESIAN_POINT('',(34.999200801,-43.050381025,26.02816058));
#3022=CARTESIAN_POINT('',(34.991709903,-43.071466786,25.983988642));
#3023=CARTESIAN_POINT('',(35.001831979,-42.616441796,26.337837192));
#3024=CARTESIAN_POINT('',(34.997832809,-42.665785047,26.329387828));
#3025=CARTESIAN_POINT('',(34.992743356,-42.714035075,26.315091654));
#3026=CARTESIAN_POINT('',(34.980668511,-42.805585454,26.27562549));
#3027=CARTESIAN_POINT('',(34.973683761,-42.848880733,26.25045769));
#3028=CARTESIAN_POINT('',(34.958213137,-42.928031754,26.190694482));
#3029=CARTESIAN_POINT('',(34.949728095,-42.963883109,26.156102385));
#3030=CARTESIAN_POINT('',(34.931738788,-43.026083723,26.079478222));
#3031=CARTESIAN_POINT('',(34.922235498,-43.052429533,26.037450399));
#3032=CARTESIAN_POINT('',(34.912493428,-43.073265909,25.992910058));
#3033=CARTESIAN_POINT('',(34.921598117,-42.605133486,26.354772013));
#3034=CARTESIAN_POINT('',(34.910151269,-42.655170181,26.347694094));
#3035=CARTESIAN_POINT('',(34.897560512,-42.704059119,26.334381875));
#3036=CARTESIAN_POINT('',(34.870851839,-42.79656167,26.296101292));
#3037=CARTESIAN_POINT('',(34.856735576,-42.840169473,26.271135336));
#3038=CARTESIAN_POINT('',(34.827833195,-42.919439974,26.211074269));
#3039=CARTESIAN_POINT('',(34.813048869,-42.955097691,26.175982932));
#3040=CARTESIAN_POINT('',(34.783709438,-43.016284094,26.097817451));
#3041=CARTESIAN_POINT('',(34.769156157,-43.041808932,26.054748217));
#3042=CARTESIAN_POINT('',(34.755160588,-43.061486999,26.009004815));
#3043=CARTESIAN_POINT('',(34.881749705,-42.594955512,26.363923475));
#3044=CARTESIAN_POINT('',(34.866572465,-42.645108956,26.357564574));
#3045=CARTESIAN_POINT('',(34.850217003,-42.694079764,26.344728376));
#3046=CARTESIAN_POINT('',(34.81617475,-42.78655725,26.306914728));
#3047=CARTESIAN_POINT('',(34.79849022,-42.830057667,26.281939839));
#3048=CARTESIAN_POINT('',(34.762904134,-42.908828579,26.221433844));
#3049=CARTESIAN_POINT('',(34.745004949,-42.944093738,26.185906827));
#3050=CARTESIAN_POINT('',(34.710118985,-43.00415048,26.106551041));
#3051=CARTESIAN_POINT('',(34.693134538,-43.028937989,26.062727634));
#3052=CARTESIAN_POINT('',(34.677143031,-43.04769916,26.01614386));
#3053=CARTESIAN_POINT('',(34.80572455,-42.567278554,26.382629101));
#3054=CARTESIAN_POINT('',(34.783283494,-42.617207768,26.377720618));
#3055=CARTESIAN_POINT('',(34.759585802,-42.665874591,26.365776236));
#3056=CARTESIAN_POINT('',(34.711292314,-42.757346098,26.328635845));
#3057=CARTESIAN_POINT('',(34.68670032,-42.800143497,26.303442796));
#3058=CARTESIAN_POINT('',(34.638302894,-42.876926151,26.241538122));
#3059=CARTESIAN_POINT('',(34.614501277,-42.910905288,26.204831421));
#3060=CARTESIAN_POINT('',(34.569316435,-42.967707618,26.12242461));
#3061=CARTESIAN_POINT('',(34.547936775,-42.990526279,26.076731052));
#3062=CARTESIAN_POINT('',(34.528499942,-43.006978827,26.028112645));
#3063=CARTESIAN_POINT('',(34.768844666,-42.549577926,26.392347708));
#3064=CARTESIAN_POINT('',(34.742803715,-42.59916668,26.388183548));
#3065=CARTESIAN_POINT('',(34.715461386,-42.647447512,26.376663302));
#3066=CARTESIAN_POINT('',(34.660119721,-42.737934478,26.339736783));
#3067=CARTESIAN_POINT('',(34.63212513,-42.780132745,26.314333718));
#3068=CARTESIAN_POINT('',(34.577481797,-42.855414789,26.251465777));
#3069=CARTESIAN_POINT('',(34.550837747,-42.888492015,26.214006348));
#3070=CARTESIAN_POINT('',(34.500803644,-42.943146898,26.129715621));
#3071=CARTESIAN_POINT('',(34.477417895,-42.96471979,26.082891622));
#3072=CARTESIAN_POINT('',(34.456497734,-42.979763468,26.033063098));
#3073=CARTESIAN_POINT('',(34.698837307,-42.50791769,26.411941168));
#3074=CARTESIAN_POINT('',(34.665744999,-42.556373321,26.409277831));
#3075=CARTESIAN_POINT('',(34.631254328,-42.603422135,26.398552622));
#3076=CARTESIAN_POINT('',(34.562163488,-42.691022187,26.361819105));
#3077=CARTESIAN_POINT('',(34.527570439,-42.73156431,26.335814615));
#3078=CARTESIAN_POINT('',(34.46098524,-42.802957295,26.270564198));
#3079=CARTESIAN_POINT('',(34.428999959,-42.833800723,26.231325041));
#3080=CARTESIAN_POINT('',(34.370138204,-42.883364022,26.142686598));
#3081=CARTESIAN_POINT('',(34.34326781,-42.902078721,26.093296504));
#3082=CARTESIAN_POINT('',(34.320006394,-42.913991814,26.040765957));
#3083=CARTESIAN_POINT('',(34.666002873,-42.484201075,26.421724232));
#3084=CARTESIAN_POINT('',(34.629490361,-42.531872688,26.419810422));
#3085=CARTESIAN_POINT('',(34.59152775,-42.578084638,26.409452894));
#3086=CARTESIAN_POINT('',(34.515796437,-42.663802667,26.37269949));
#3087=CARTESIAN_POINT('',(34.478036276,-42.70329897,26.346307793));
#3088=CARTESIAN_POINT('',(34.40580581,-42.772328528,26.279652769));
#3089=CARTESIAN_POINT('',(34.371343659,-42.8018539,26.239397003));
#3090=CARTESIAN_POINT('',(34.3085374,-42.848503421,26.148319528));
#3091=CARTESIAN_POINT('',(34.280200396,-42.865622228,26.097508147));
#3092=CARTESIAN_POINT('',(34.25608692,-42.875831197,26.043500606));
#3093=CARTESIAN_POINT('',(34.604210793,-42.431602508,26.441226854));
#3094=CARTESIAN_POINT('',(34.560990504,-42.477258346,26.440822747));
#3095=CARTESIAN_POINT('',(34.516210988,-42.521342839,26.431153172));
#3096=CARTESIAN_POINT('',(34.427530624,-42.60241703,26.394150375));
#3097=CARTESIAN_POINT('',(34.383641805,-42.639395637,26.3668222));
#3098=CARTESIAN_POINT('',(34.300685571,-42.702919386,26.296957885));
#3099=CARTESIAN_POINT('',(34.261629417,-42.729455828,26.25443126));
#3100=CARTESIAN_POINT('',(34.191849878,-42.769695604,26.157993195));
#3101=CARTESIAN_POINT('',(34.161135977,-42.783393409,26.104094886));
#3102=CARTESIAN_POINT('',(34.135970953,-42.790052481,26.046927771));
#3103=CARTESIAN_POINT('',(34.575173178,-42.402587046,26.450980984));
#3104=CARTESIAN_POINT('',(34.528654676,-42.447004317,26.451339813));
#3105=CARTESIAN_POINT('',(34.480519313,-42.489791161,26.44199137));
#3106=CARTESIAN_POINT('',(34.385510304,-42.568088871,26.404757038));
#3107=CARTESIAN_POINT('',(34.338650768,-42.603587986,26.376876708));
#3108=CARTESIAN_POINT('',(34.250599396,-42.663953711,26.305198989));
#3109=CARTESIAN_POINT('',(34.209420649,-42.688811246,26.261412283));
#3110=CARTESIAN_POINT('',(34.136606597,-42.725539006,26.162039457));
#3111=CARTESIAN_POINT('',(34.104982137,-42.737403687,26.106468143));
#3112=CARTESIAN_POINT('',(34.079620298,-42.742209337,26.047611219));
#3113=CARTESIAN_POINT('',(34.548466189,-42.371577079,26.460538182));
#3114=CARTESIAN_POINT('',(34.498747986,-42.41452795,26.461658766));
#3115=CARTESIAN_POINT('',(34.447353443,-42.455787267,26.452606276));
#3116=CARTESIAN_POINT('',(34.3462495,-42.530878453,26.415042494));
#3117=CARTESIAN_POINT('',(34.2965567,-42.564697993,26.386537369));
#3118=CARTESIAN_POINT('',(34.203760452,-42.621569891,26.312874795));
#3119=CARTESIAN_POINT('',(34.160672241,-42.644612912,26.26772944));
#3120=CARTESIAN_POINT('',(34.085339257,-42.677654363,26.165235854));
#3121=CARTESIAN_POINT('',(34.053106852,-42.687647369,26.107904451));
#3122=CARTESIAN_POINT('',(34.027888285,-42.690622885,26.047298321));
#3123=B_SPLINE_SURFACE_WITH_KNOTS('',3,3,((#2943,#2944,#2945,#2946,#2947,#2948,#2949,#2950,#2951,#2952),(#2953,#2954,#2955,#2956,#2957,#2958,#2959,#2960,#2961,#2962),(#2963,#2964,#2965,#2966,#2967,#2968,#2969,#2970,#2971,#2972),(#2973,#2974,#2975,#2976,#2977,#2978,#2979,#2980,#2981,#2982),(#2983,#2984,#2985,#2986,#2987,#2988,#2989,#2990,#2991,#2992),(#2993,#2994,#2995,#2996,#2997,#2998,#2999,#3000,#3001,#3002),(#3003,#3004,#3005,#3006,#3007,#3008,#3009,#3010,#3011,#3012),(#3013,#3014,#3015,#3016,#3017,#3018,#3019,#3020,#3021,#3022),(#3023,#3024,#3025,#3026,#3027,#3028,#3029,#3030,#3031,#3032),(#3033,#3034,#3035,#3036,#3037,#3038,#3039,#3040,#3041,#3042),(#3043,#3044,#3045,#3046,#3047,#3048,#3049,#3050,#3051,#3052),(#3053,#3054,#3055,#3056,#3057,#3058,#3059,#3060,#3061,#3062),(#3063,#3064,#3065,#3066,#3067,#3068,#3069,#3070,#3071,#3072),(#3073,#3074,#3075,#3076,#3077,#3078,#3079,#3080,#3081,#3082),(#3083,#3084,#3085,#3086,#3087,#3088,#3089,#3090,#3091,#3092),(#3093,#3094,#3095,#3096,#3097,#3098,#3099,#3100,#3101,#3102),(#3103,#3104,#3105,#3106,#3107,#3108,#3109,#3110,#3111,#3112),(#3113,#3114,#3115,#3116,#3117,#3118,#3119,#3120,#3121,#3122)),.UNSPECIFIED.,.F.,.F.,.U.,(4,2,2,2,2,2,2,2,4),(4,2,2,2,4),(-0.,0.000120728,0.000241456,0.000362184,0.000482913,0.000603641,0.000724369,0.000845097,0.000965825),(0.,0.25,0.5,0.75,1.),.UNSPECIFIED.);
#3124=ORIENTED_EDGE('',*,*,#2751,.T.);
#3125=ORIENTED_EDGE('',*,*,#1660,.F.);
#3126=CARTESIAN_POINT('',(35.287480295,-42.343951492,25.688024161));
#3127=DIRECTION('',(0.707106781,0.707106781,0.));
#3128=DIRECTION('',(-0.,-0.,1.));
#3129=AXIS2_PLACEMENT_3D('',#3126,#3127,#3128);
#3130=CIRCLE('',#3129,0.625);
#3131=EDGE_CURVE('',#1608,#402,#3130,.T.);
#3132=ORIENTED_EDGE('',*,*,#3131,.F.);
#3133=ORIENTED_EDGE('',*,*,#1626,.F.);
#3134=EDGE_LOOP('',(#3124,#3125,#3132,#3133));
#3135=FACE_BOUND('',#3134,.T.);
#3136=ADVANCED_FACE('',(#3135),#3123,.T.);
#3137=CARTESIAN_POINT('',(34.597964065,-24.038917051,27.146806534));
#3138=CARTESIAN_POINT('',(34.469657557,-24.040394881,27.142652808));
#3139=CARTESIAN_POINT('',(34.342987434,-24.043202762,27.097790954));
#3140=CARTESIAN_POINT('',(34.13843074,-24.050469797,26.942769218));
#3141=CARTESIAN_POINT('',(34.061026989,-24.054911798,26.832975237));
#3142=CARTESIAN_POINT('',(34.022402869,-24.059364308,26.710621856));
#3143=CARTESIAN_POINT('',(34.570797628,-22.000521582,27.07915797));
#3144=CARTESIAN_POINT('',(34.443513692,-22.002461393,27.073844814));
#3145=CARTESIAN_POINT('',(34.318220663,-22.006096362,27.028490058));
#3146=CARTESIAN_POINT('',(34.115975623,-22.015465184,26.873760054));
#3147=CARTESIAN_POINT('',(34.039486381,-22.021177442,26.764738956));
#3148=CARTESIAN_POINT('',(34.00117049,-22.026902895,26.643361981));
#3149=CARTESIAN_POINT('',(34.535428454,-19.964991979,26.982178537));
#3150=CARTESIAN_POINT('',(34.409003158,-19.967339954,26.975944649));
#3151=CARTESIAN_POINT('',(34.284845752,-19.971668354,26.930219016));
#3152=CARTESIAN_POINT('',(34.084502932,-19.982769347,26.77578376));
#3153=CARTESIAN_POINT('',(34.008764699,-19.989517083,26.667418897));
#3154=CARTESIAN_POINT('',(33.970707983,-19.99627996,26.546862934));
#3155=CARTESIAN_POINT('',(34.452283026,-15.897852116,26.745068749));
#3156=CARTESIAN_POINT('',(34.32737448,-15.900937523,26.737254107));
#3157=CARTESIAN_POINT('',(34.205206123,-15.906489806,26.690910209));
#3158=CARTESIAN_POINT('',(34.008191883,-15.920624077,26.537038996));
#3159=CARTESIAN_POINT('',(33.933766643,-15.929175808,26.429840259));
#3160=CARTESIAN_POINT('',(33.896168341,-15.937745884,26.31073646));
#3161=CARTESIAN_POINT('',(34.404479476,-13.866260838,26.604811994));
#3162=CARTESIAN_POINT('',(34.280227551,-13.869675544,26.596340667));
#3163=CARTESIAN_POINT('',(34.158909904,-13.87575705,26.549751464));
#3164=CARTESIAN_POINT('',(33.963317313,-13.891188233,26.396150658));
#3165=CARTESIAN_POINT('',(33.889452133,-13.900505538,26.289460873));
#3166=CARTESIAN_POINT('',(33.852052615,-13.909842429,26.170986782));
#3167=CARTESIAN_POINT('',(34.351752365,-11.836124753,26.447715391));
#3168=CARTESIAN_POINT('',(34.228089827,-11.839839883,26.438668551));
#3169=CARTESIAN_POINT('',(34.10753076,-11.846396101,26.391870369));
#3170=CARTESIAN_POINT('',(33.913204946,-11.862983605,26.238525609));
#3171=CARTESIAN_POINT('',(33.839838488,-11.872980722,26.132294902));
#3172=CARTESIAN_POINT('',(33.802617636,-11.882998476,26.014386787));
#3173=B_SPLINE_SURFACE_WITH_KNOTS('',3,3,((#3137,#3138,#3139,#3140,#3141,#3142),(#3143,#3144,#3145,#3146,#3147,#3148),(#3149,#3150,#3151,#3152,#3153,#3154),(#3155,#3156,#3157,#3158,#3159,#3160),(#3161,#3162,#3163,#3164,#3165,#3166),(#3167,#3168,#3169,#3170,#3171,#3172)),.UNSPECIFIED.,.F.,.F.,.U.,(4,2,4),(4,2,4),(-0.,0.006099117,0.012198235),(0.,0.5,1.),.UNSPECIFIED.);
#3174=ORIENTED_EDGE('',*,*,#2909,.T.);
#3175=ORIENTED_EDGE('',*,*,#1509,.F.);
#3176=CARTESIAN_POINT('',(34.398626088,-11.882998476,25.826240767));
#3177=DIRECTION('',(-0.024310464,0.996733849,-0.077010623));
#3178=DIRECTION('',(-0.999702694,-0.024382875,-0.));
#3179=AXIS2_PLACEMENT_3D('',#3176,#3177,#3178);
#3180=CIRCLE('',#3179,0.625);
#3181=EDGE_CURVE('',#314,#1470,#3180,.T.);
#3182=ORIENTED_EDGE('',*,*,#3181,.F.);
#3183=ORIENTED_EDGE('',*,*,#323,.F.);
#3184=EDGE_LOOP('',(#3174,#3175,#3182,#3183));
#3185=FACE_BOUND('',#3184,.T.);
#3186=ADVANCED_FACE('',(#3185),#3173,.T.);
#3187=CARTESIAN_POINT('',(35.287480295,-42.343951492,25.688024161));
#3188=DIRECTION('',(-0.707106781,-0.707106781,-0.));
#3189=DIRECTION('',(0.,0.,-1.));
#3190=AXIS2_PLACEMENT_3D('',#3187,#3188,#3189);
#3191=CYLINDRICAL_SURFACE('',#3190,0.625);
#3192=ORIENTED_EDGE('',*,*,#3131,.T.);
#3193=ORIENTED_EDGE('',*,*,#407,.F.);
#3194=CARTESIAN_POINT('',(50.403697443,-27.227734343,25.688024161));
#3195=DIRECTION('',(0.707106781,0.707106781,-0.));
#3196=DIRECTION('',(-0.707106781,0.707106781,0.));
#3197=AXIS2_PLACEMENT_3D('',#3194,#3195,#3196);
#3198=CIRCLE('',#3197,0.625);
#3199=EDGE_CURVE('',#1423,#394,#3198,.T.);
#3200=ORIENTED_EDGE('',*,*,#3199,.F.);
#3201=ORIENTED_EDGE('',*,*,#1632,.F.);
#3202=EDGE_LOOP('',(#3192,#3193,#3200,#3201));
#3203=FACE_BOUND('',#3202,.T.);
#3204=ADVANCED_FACE('',(#3203),#3191,.T.);
#3205=CARTESIAN_POINT('',(34.351752365,-11.836124753,26.447715391));
#3206=CARTESIAN_POINT('',(34.289921096,-11.837982318,26.443191971));
#3207=CARTESIAN_POINT('',(34.228795403,-11.840537155,26.429421165));
#3208=CARTESIAN_POINT('',(34.113301979,-11.846817894,26.384589346));
#3209=CARTESIAN_POINT('',(34.058949306,-11.850542977,26.353534179));
#3210=CARTESIAN_POINT('',(33.961786399,-11.858836729,26.276861799));
#3211=CARTESIAN_POINT('',(33.918988833,-11.863404316,26.231254583));
#3212=CARTESIAN_POINT('',(33.848705083,-11.872981376,26.129487471));
#3213=CARTESIAN_POINT('',(33.821228062,-11.877989599,26.073340844));
#3214=CARTESIAN_POINT('',(33.802617636,-11.882998476,26.014386787));
#3215=CARTESIAN_POINT('',(34.350083582,-11.771872093,26.442743373));
#3216=CARTESIAN_POINT('',(34.290818359,-11.769786566,26.438105922));
#3217=CARTESIAN_POINT('',(34.232198108,-11.768339981,26.425022524));
#3218=CARTESIAN_POINT('',(34.120921274,-11.766870202,26.383006006));
#3219=CARTESIAN_POINT('',(34.068276615,-11.766847341,26.354077361));
#3220=CARTESIAN_POINT('',(33.973176138,-11.768255338,26.282679137));
#3221=CARTESIAN_POINT('',(33.930730545,-11.769686198,26.24021715));
#3222=CARTESIAN_POINT('',(33.859443645,-11.7739104,26.145142996));
#3223=CARTESIAN_POINT('',(33.83061006,-11.776703406,26.092540947));
#3224=CARTESIAN_POINT('',(33.809745388,-11.780073756,26.036966062));
#3225=CARTESIAN_POINT('',(34.354356468,-11.708499529,26.438269127));
#3226=CARTESIAN_POINT('',(34.297947725,-11.702670358,26.433555012));
#3227=CARTESIAN_POINT('',(34.242128685,-11.697426414,26.421123768));
#3228=CARTESIAN_POINT('',(34.135739369,-11.688515914,26.381733822));
#3229=CARTESIAN_POINT('',(34.085178635,-11.684850268,26.354778648));
#3230=CARTESIAN_POINT('',(33.993013138,-11.67938892,26.288311191));
#3231=CARTESIAN_POINT('',(33.951416655,-11.677593811,26.248804854));
#3232=CARTESIAN_POINT('',(33.880234537,-11.676026631,26.160123959));
#3233=CARTESIAN_POINT('',(33.850655321,-11.67625479,26.110957335));
#3234=CARTESIAN_POINT('',(33.828171452,-11.677495056,26.05875528));
#3235=CARTESIAN_POINT('',(34.371377361,-11.615010752,26.43246716));
#3236=CARTESIAN_POINT('',(34.319805621,-11.603721517,26.427693531));
#3237=CARTESIAN_POINT('',(34.268748286,-11.592943925,26.416193488));
#3238=CARTESIAN_POINT('',(34.170924417,-11.573107328,26.380475439));
#3239=CARTESIAN_POINT('',(34.12416463,-11.56404972,26.356259896));
#3240=CARTESIAN_POINT('',(34.037937353,-11.54824099,26.29666238));
#3241=CARTESIAN_POINT('',(33.998475814,-11.541490986,26.261284513));
#3242=CARTESIAN_POINT('',(33.929379678,-11.5307367,26.181629957));
#3243=CARTESIAN_POINT('',(33.899749856,-11.526733184,26.137358757));
#3244=CARTESIAN_POINT('',(33.875986235,-11.524233556,26.090057456));
#3245=CARTESIAN_POINT('',(34.378833658,-11.584111462,26.430685939));
#3246=CARTESIAN_POINT('',(34.328967822,-11.571028572,26.425901539));
#3247=CARTESIAN_POINT('',(34.279592611,-11.558433978,26.414703725));
#3248=CARTESIAN_POINT('',(34.184832782,-11.534995267,26.380164076));
#3249=CARTESIAN_POINT('',(34.139454112,-11.524152645,26.356824409));
#3250=CARTESIAN_POINT('',(34.0554654,-11.504887741,26.299427949));
#3251=CARTESIAN_POINT('',(34.016860631,-11.49646669,26.265374758));
#3252=CARTESIAN_POINT('',(33.948784234,-11.482566176,26.188633877));
#3253=CARTESIAN_POINT('',(33.919316883,-11.477087606,26.145951002));
#3254=CARTESIAN_POINT('',(33.895319356,-11.473250074,26.10025646));
#3255=CARTESIAN_POINT('',(34.397989937,-11.522940727,26.427490614));
#3256=CARTESIAN_POINT('',(34.35177216,-11.506297085,26.422706139));
#3257=CARTESIAN_POINT('',(34.306000079,-11.490097592,26.412097805));
#3258=CARTESIAN_POINT('',(34.217883151,-11.459491139,26.379821477));
#3259=CARTESIAN_POINT('',(34.175542863,-11.445085789,26.358155154));
#3260=CARTESIAN_POINT('',(34.096644764,-11.418875423,26.304966582));
#3261=CARTESIAN_POINT('',(34.060091038,-11.407071788,26.273447084));
#3262=CARTESIAN_POINT('',(33.994800507,-11.386727524,26.202303819));
#3263=CARTESIAN_POINT('',(33.966067087,-11.378187969,26.162683733));
#3264=CARTESIAN_POINT('',(33.942042508,-11.371520129,26.120112739));
#3265=CARTESIAN_POINT('',(34.40974398,-11.492655159,26.426079532));
#3266=CARTESIAN_POINT('',(34.365472468,-11.474243572,26.421305728));
#3267=CARTESIAN_POINT('',(34.321625549,-11.456255364,26.410984434));
#3268=CARTESIAN_POINT('',(34.237096077,-11.422081464,26.379792319));
#3269=CARTESIAN_POINT('',(34.196417498,-11.405897399,26.358922966));
#3270=CARTESIAN_POINT('',(34.120380752,-11.376195334,26.307740135));
#3271=CARTESIAN_POINT('',(34.085026162,-11.36267875,26.277429065));
#3272=CARTESIAN_POINT('',(34.021511942,-11.339033527,26.208968756));
#3273=CARTESIAN_POINT('',(33.9933553,-11.328906017,26.170822738));
#3274=CARTESIAN_POINT('',(33.969543071,-11.320743363,26.129768403));
#3275=CARTESIAN_POINT('',(34.437428781,-11.434925168,26.423790334));
#3276=CARTESIAN_POINT('',(34.397215462,-11.413095792,26.419060568));
#3277=CARTESIAN_POINT('',(34.3573889,-11.39165246,26.409278404));
#3278=CARTESIAN_POINT('',(34.280425825,-11.350576335,26.380080537));
#3279=CARTESIAN_POINT('',(34.243292311,-11.330945166,26.360665973));
#3280=CARTESIAN_POINT('',(34.173508506,-11.294447642,26.313140445));
#3281=CARTESIAN_POINT('',(34.140860935,-11.27758273,26.285031333));
#3282=CARTESIAN_POINT('',(34.08162621,-11.247438073,26.221473825));
#3283=CARTESIAN_POINT('',(34.055041367,-11.234159523,26.186027907));
#3284=CARTESIAN_POINT('',(34.032129351,-11.222996866,26.147768202));
#3285=CARTESIAN_POINT('',(34.453422082,-11.407226041,26.422897615));
#3286=CARTESIAN_POINT('',(34.415334343,-11.383732163,26.418201309));
#3287=CARTESIAN_POINT('',(34.37761641,-11.360607573,26.408673885));
#3288=CARTESIAN_POINT('',(34.30465673,-11.31616715,26.380396052));
#3289=CARTESIAN_POINT('',(34.269417588,-11.294852919,26.361646654));
#3290=CARTESIAN_POINT('',(34.203043237,-11.255023052,26.315791081));
#3291=CARTESIAN_POINT('',(34.171910398,-11.236508853,26.288686547));
#3292=CARTESIAN_POINT('',(34.115187055,-11.203139287,26.227373209));
#3293=CARTESIAN_POINT('',(34.089598576,-11.188285124,26.193166599));
#3294=CARTESIAN_POINT('',(34.06737262,-11.175605749,26.156198348));
#3295=CARTESIAN_POINT('',(34.490459033,-11.354564809,26.4217058));
#3296=CARTESIAN_POINT('',(34.456880904,-11.327809079,26.417102259));
#3297=CARTESIAN_POINT('',(34.423643052,-11.301393425,26.408052544));
#3298=CARTESIAN_POINT('',(34.359256717,-11.25036816,26.381445022));
#3299=CARTESIAN_POINT('',(34.328110179,-11.225760106,26.36388802));
#3300=CARTESIAN_POINT('',(34.269230631,-11.179402211,26.321012774));
#3301=CARTESIAN_POINT('',(34.2414994,-11.157653785,26.295695828));
#3302=CARTESIAN_POINT('',(34.190629741,-11.117945417,26.23837785));
#3303=CARTESIAN_POINT('',(34.167492851,-11.09998669,26.206378554));
#3304=CARTESIAN_POINT('',(34.147144543,-11.084306532,26.171718069));
#3305=CARTESIAN_POINT('',(34.511483649,-11.329774595,26.421418393));
#3306=CARTESIAN_POINT('',(34.480282129,-11.301430357,26.416874375));
#3307=CARTESIAN_POINT('',(34.449408435,-11.273413871,26.408046088));
#3308=CARTESIAN_POINT('',(34.389578906,-11.219186138,26.382182485));
#3309=CARTESIAN_POINT('',(34.360624755,-11.192976426,26.3651479));
#3310=CARTESIAN_POINT('',(34.30582141,-11.143441009,26.323570653));
#3311=CARTESIAN_POINT('',(34.279973758,-11.120116707,26.299029166));
#3312=CARTESIAN_POINT('',(34.232443254,-11.077312342,26.243445325));
#3313=CARTESIAN_POINT('',(34.21076174,-11.057833493,26.212404541));
#3314=CARTESIAN_POINT('',(34.191607212,-11.04067787,26.178750396));
#3315=CARTESIAN_POINT('',(34.557326227,-11.285565399,26.421543031));
#3316=CARTESIAN_POINT('',(34.530992073,-11.254229816,26.417142413));
#3317=CARTESIAN_POINT('',(34.504966663,-11.22320311,26.408704445));
#3318=CARTESIAN_POINT('',(34.45453597,-11.162967912,26.384079577));
#3319=CARTESIAN_POINT('',(34.430131947,-11.133760936,26.367893294));
#3320=CARTESIAN_POINT('',(34.383886717,-11.07829838,26.32839788));
#3321=CARTESIAN_POINT('',(34.362046666,-11.052044197,26.30508974));
#3322=CARTESIAN_POINT('',(34.321773121,-11.003506049,26.252252367));
#3323=CARTESIAN_POINT('',(34.303340634,-10.981223308,26.222724458));
#3324=CARTESIAN_POINT('',(34.286967545,-10.961358159,26.190657282));
#3325=CARTESIAN_POINT('',(34.58232806,-11.265853237,26.421946756));
#3326=CARTESIAN_POINT('',(34.55850779,-11.233097169,26.417630462));
#3327=CARTESIAN_POINT('',(34.534989458,-11.200643256,26.409364093));
#3328=CARTESIAN_POINT('',(34.489444615,-11.137567316,26.385243661));
#3329=CARTESIAN_POINT('',(34.467419196,-11.106946807,26.369390176));
#3330=CARTESIAN_POINT('',(34.425693922,-11.048698961,26.330695926));
#3331=CARTESIAN_POINT('',(34.405995066,-11.021073026,26.30785609));
#3332=CARTESIAN_POINT('',(34.369668618,-10.969862138,26.256054346));
#3333=CARTESIAN_POINT('',(34.353041896,-10.946278419,26.227093684));
#3334=CARTESIAN_POINT('',(34.338265524,-10.925162496,26.195620598));
#3335=CARTESIAN_POINT('',(34.623309012,-11.240284793,26.423122197));
#3336=CARTESIAN_POINT('',(34.603430397,-11.205500078,26.418953964));
#3337=CARTESIAN_POINT('',(34.583847978,-11.171011905,26.410907484));
#3338=CARTESIAN_POINT('',(34.546002217,-11.103909149,26.387356733));
#3339=CARTESIAN_POINT('',(34.527739753,-11.071296122,26.371853007));
#3340=CARTESIAN_POINT('',(34.493213352,-11.00915766,26.333964397));
#3341=CARTESIAN_POINT('',(34.476950216,-10.979633666,26.31158039));
#3342=CARTESIAN_POINT('',(34.447027571,-10.924772356,26.260763932));
#3343=CARTESIAN_POINT('',(34.433368755,-10.899436312,26.232332659));
#3344=CARTESIAN_POINT('',(34.421265872,-10.876665239,26.201406068));
#3345=CARTESIAN_POINT('',(34.637611189,-11.232418674,26.423612947));
#3346=CARTESIAN_POINT('',(34.619080247,-11.196972903,26.419497983));
#3347=CARTESIAN_POINT('',(34.600844342,-11.161822559,26.411518664));
#3348=CARTESIAN_POINT('',(34.565637154,-11.093413041,26.388126488));
#3349=CARTESIAN_POINT('',(34.548666681,-11.060155442,26.37271417));
#3350=CARTESIAN_POINT('',(34.516619716,-10.996764863,26.335027209));
#3351=CARTESIAN_POINT('',(34.501543961,-10.966633342,26.312753435));
#3352=CARTESIAN_POINT('',(34.473845558,-10.910612494,26.262169256));
#3353=CARTESIAN_POINT('',(34.461223547,-10.884724456,26.233860016));
#3354=CARTESIAN_POINT('',(34.45006217,-10.861437643,26.203057239));
#3355=CARTESIAN_POINT('',(34.666614651,-11.21850461,26.424763012));
#3356=CARTESIAN_POINT('',(34.650769359,-11.181805493,26.420759257));
#3357=CARTESIAN_POINT('',(34.635218382,-11.145401169,26.41289785));
#3358=CARTESIAN_POINT('',(34.60527929,-11.074526489,26.389750044));
#3359=CARTESIAN_POINT('',(34.590891861,-11.040057758,26.374464175));
#3360=CARTESIAN_POINT('',(34.563812506,-10.974330414,26.337032989));
#3361=CARTESIAN_POINT('',(34.5511212,-10.943073309,26.314888531));
#3362=CARTESIAN_POINT('',(34.527903964,-10.884926531,26.264559645));
#3363=CARTESIAN_POINT('',(34.517378568,-10.858038192,26.236376371));
#3364=CARTESIAN_POINT('',(34.50813072,-10.833831385,26.205694651));
#3365=CARTESIAN_POINT('',(34.681404433,-11.212393488,26.425424259));
#3366=CARTESIAN_POINT('',(34.666905843,-11.175097357,26.421478762));
#3367=CARTESIAN_POINT('',(34.652701985,-11.138096482,26.413668669));
#3368=CARTESIAN_POINT('',(34.62540941,-11.066053974,26.390608228));
#3369=CARTESIAN_POINT('',(34.612321323,-11.031014,26.375358411));
#3370=CARTESIAN_POINT('',(34.587745945,-10.964192806,26.33798374));
#3371=CARTESIAN_POINT('',(34.576259221,-10.932413124,26.315859748));
#3372=CARTESIAN_POINT('',(34.555312841,-10.873291181,26.265556908));
#3373=CARTESIAN_POINT('',(34.545853668,-10.845950281,26.237379219));
#3374=CARTESIAN_POINT('',(34.537583567,-10.82133515,26.206696464));
#3375=CARTESIAN_POINT('',(34.726616156,-11.196531715,26.427659277));
#3376=CARTESIAN_POINT('',(34.716178777,-11.157526889,26.423896735));
#3377=CARTESIAN_POINT('',(34.706039633,-11.118820973,26.416218621));
#3378=CARTESIAN_POINT('',(34.686738685,-11.043457201,26.393319036));
#3379=CARTESIAN_POINT('',(34.677577337,-11.006801126,26.378098105));
#3380=CARTESIAN_POINT('',(34.660577085,-10.936914033,26.340684418));
#3381=CARTESIAN_POINT('',(34.652738584,-10.903684666,26.318492545));
#3382=CARTESIAN_POINT('',(34.638679385,-10.841899337,26.267970429));
#3383=CARTESIAN_POINT('',(34.632459021,-10.813344835,26.239641378));
#3384=CARTESIAN_POINT('',(34.627164803,-10.787663442,26.208775172));
#3385=CARTESIAN_POINT('',(34.758126466,-11.189211676,26.42949995));
#3386=CARTESIAN_POINT('',(34.750446042,-11.14916987,26.425871304));
#3387=CARTESIAN_POINT('',(34.743069255,-11.109432491,26.41825221));
#3388=CARTESIAN_POINT('',(34.72920764,-11.032083096,26.395324113));
#3389=CARTESIAN_POINT('',(34.72272316,-10.994472973,26.380015672));
#3390=CARTESIAN_POINT('',(34.710897364,-10.922817251,26.342294398));
#3391=CARTESIAN_POINT('',(34.705556347,-10.888773407,26.319882489));
#3392=CARTESIAN_POINT('',(34.696224715,-10.825553121,26.268811576));
#3393=CARTESIAN_POINT('',(34.692234337,-10.796378228,26.240153823));
#3394=CARTESIAN_POINT('',(34.688996775,-10.770195427,26.208920672));
#3395=CARTESIAN_POINT('',(34.822241253,-11.181251769,26.433765903));
#3396=CARTESIAN_POINT('',(34.820087196,-11.139370033,26.43042388));
#3397=CARTESIAN_POINT('',(34.818253288,-11.09780953,26.422864616));
#3398=CARTESIAN_POINT('',(34.815302726,-11.017006439,26.399616558));
#3399=CARTESIAN_POINT('',(34.814186159,-10.977766059,26.3839284));
#3400=CARTESIAN_POINT('',(34.812718378,-10.903189594,26.345056434));
#3401=CARTESIAN_POINT('',(34.812367211,-10.867855549,26.321873689));
#3402=CARTESIAN_POINT('',(34.81244717,-10.802520409,26.268949386));
#3403=CARTESIAN_POINT('',(34.812878301,-10.772521101,26.239209275));
#3404=CARTESIAN_POINT('',(34.813693076,-10.745794875,26.206790727));
#3405=CARTESIAN_POINT('',(34.854292301,-11.180616329,26.436149464));
#3406=CARTESIAN_POINT('',(34.854861201,-11.137944975,26.432957565));
#3407=CARTESIAN_POINT('',(34.855761167,-11.095605952,26.425399121));
#3408=CARTESIAN_POINT('',(34.85819035,-11.013359122,26.401864673));
#3409=CARTESIAN_POINT('',(34.85971951,-10.973453722,26.385889359));
#3410=CARTESIAN_POINT('',(34.863347643,-10.89774413,26.346188892));
#3411=CARTESIAN_POINT('',(34.865446523,-10.861942155,26.3224649));
#3412=CARTESIAN_POINT('',(34.870130424,-10.79593808,26.268258733));
#3413=CARTESIAN_POINT('',(34.872715319,-10.765737915,26.237778143));
#3414=CARTESIAN_POINT('',(34.875490982,-10.738970057,26.20455556));
#3415=CARTESIAN_POINT('',(34.918383975,-11.185203895,26.441350393));
#3416=CARTESIAN_POINT('',(34.924376801,-11.141174487,26.438473439));
#3417=CARTESIAN_POINT('',(34.930727276,-11.097504444,26.430865857));
#3418=CARTESIAN_POINT('',(34.943861209,-11.012855592,26.406533219));
#3419=CARTESIAN_POINT('',(34.950644229,-10.971879691,26.389808997));
#3420=CARTESIAN_POINT('',(34.964340343,-10.894475904,26.34799995));
#3421=CARTESIAN_POINT('',(34.971252979,-10.858050679,26.322916559));
#3422=CARTESIAN_POINT('',(34.984899139,-10.791399248,26.265524504));
#3423=CARTESIAN_POINT('',(34.991632205,-10.761175335,26.233217811));
#3424=CARTESIAN_POINT('',(34.998124894,-10.734736191,26.198029708));
#3425=CARTESIAN_POINT('',(34.950504076,-11.190501187,26.444179259));
#3426=CARTESIAN_POINT('',(34.959204489,-11.145904692,26.441467387));
#3427=CARTESIAN_POINT('',(34.968278297,-11.101683631,26.433808839));
#3428=CARTESIAN_POINT('',(34.986750057,-11.016080215,26.408959989));
#3429=CARTESIAN_POINT('',(34.996147336,-10.974701072,26.391770617));
#3430=CARTESIAN_POINT('',(35.01482649,-10.896741872,26.348672743));
#3431=CARTESIAN_POINT('',(35.024107682,-10.860164741,26.322765853));
#3432=CARTESIAN_POINT('',(35.042119958,-10.793543147,26.263457828));
#3433=CARTESIAN_POINT('',(35.050850381,-10.763501186,26.230058911));
#3434=CARTESIAN_POINT('',(35.059100963,-10.737437975,26.193702547));
#3435=CARTESIAN_POINT('',(35.012566736,-11.20587096,26.4500211));
#3436=CARTESIAN_POINT('',(35.026522925,-11.16037213,26.447644365));
#3437=CARTESIAN_POINT('',(35.040887248,-11.115284159,26.439842782));
#3438=CARTESIAN_POINT('',(35.069694837,-11.028262054,26.413793452));
#3439=CARTESIAN_POINT('',(35.084136823,-10.986331844,26.395546879));
#3440=CARTESIAN_POINT('',(35.112355559,-10.907802188,26.349552902));
#3441=CARTESIAN_POINT('',(35.126131053,-10.871206283,26.321807568));
#3442=CARTESIAN_POINT('',(35.152306542,-10.805245973,26.258253832));
#3443=CARTESIAN_POINT('',(35.164705371,-10.775884544,26.22244829));
#3444=CARTESIAN_POINT('',(35.17609656,-10.750901887,26.183539103));
#3445=CARTESIAN_POINT('',(35.04281408,-11.215948045,26.453057557));
#3446=CARTESIAN_POINT('',(35.059343894,-11.170107128,26.450852147));
#3447=CARTESIAN_POINT('',(35.076300941,-11.124696558,26.442958222));
#3448=CARTESIAN_POINT('',(35.110156862,-11.037198058,26.416221122));
#3449=CARTESIAN_POINT('',(35.127054084,-10.995114463,26.397379267));
#3450=CARTESIAN_POINT('',(35.15987723,-10.916560586,26.349768943));
#3451=CARTESIAN_POINT('',(35.175801551,-10.880094199,26.321002825));
#3452=CARTESIAN_POINT('',(35.205817689,-10.814760719,26.255105623));
#3453=CARTESIAN_POINT('',(35.219908037,-10.785896868,26.217977792));
#3454=CARTESIAN_POINT('',(35.232700699,-10.761619376,26.177675508));
#3455=CARTESIAN_POINT('',(35.101956545,-11.240229984,26.459325494));
#3456=CARTESIAN_POINT('',(35.123577265,-11.193899107,26.457471578));
#3457=CARTESIAN_POINT('',(35.145666539,-11.14804089,26.449355678));
#3458=CARTESIAN_POINT('',(35.189472195,-11.06000313,26.421083462));
#3459=CARTESIAN_POINT('',(35.211185975,-11.01782887,26.400928838));
#3460=CARTESIAN_POINT('',(35.252947403,-10.9396838,26.349782363));
#3461=CARTESIAN_POINT('',(35.272992567,-10.90371768,26.318793571));
#3462=CARTESIAN_POINT('',(35.310222304,-10.840143163,26.247829367));
#3463=CARTESIAN_POINT('',(35.32740466,-10.812538585,26.2078582));
#3464=CARTESIAN_POINT('',(35.342644402,-10.789940397,26.164587546));
#3465=CARTESIAN_POINT('',(35.131034151,-11.254560367,26.462579975));
#3466=CARTESIAN_POINT('',(35.15518834,-11.20808207,26.460907592));
#3467=CARTESIAN_POINT('',(35.179833465,-11.16209941,26.452661017));
#3468=CARTESIAN_POINT('',(35.228571757,-11.074001328,26.423534835));
#3469=CARTESIAN_POINT('',(35.252661736,-11.031891727,26.402657145));
#3470=CARTESIAN_POINT('',(35.298783638,-10.95418571,26.349576049));
#3471=CARTESIAN_POINT('',(35.320812541,-10.918594432,26.317376136));
#3472=CARTESIAN_POINT('',(35.361434116,-10.856162895,26.243667687));
#3473=CARTESIAN_POINT('',(35.380024125,-10.82932677,26.202164001));
#3474=CARTESIAN_POINT('',(35.396313866,-10.807710861,26.157306382));
#3475=CARTESIAN_POINT('',(35.186663832,-11.286237821,26.469110514));
#3476=CARTESIAN_POINT('',(35.215751456,-11.239653805,26.467803739));
#3477=CARTESIAN_POINT('',(35.245376725,-11.193613514,26.459267671));
#3478=CARTESIAN_POINT('',(35.3036756,-11.105782215,26.428322741));
#3479=CARTESIAN_POINT('',(35.332344585,-11.063998219,26.405916343));
#3480=CARTESIAN_POINT('',(35.386759763,-10.987563646,26.348772148));
#3481=CARTESIAN_POINT('',(35.41250164,-10.952919174,26.314038898));
#3482=CARTESIAN_POINT('',(35.459291777,-10.8931566,26.234631598));
#3483=CARTESIAN_POINT('',(35.480336324,-10.868043278,26.189963866));
#3484=CARTESIAN_POINT('',(35.49830959,-10.848561598,26.141863458));
#3485=CARTESIAN_POINT('',(35.213310922,-11.303595893,26.472394656));
#3486=CARTESIAN_POINT('',(35.244806088,-11.257051388,26.47127269));
#3487=CARTESIAN_POINT('',(35.276863277,-11.211075718,26.462577997));
#3488=CARTESIAN_POINT('',(35.339805296,-11.123567501,26.430667599));
#3489=CARTESIAN_POINT('',(35.370684657,-11.082042617,26.407454678));
#3490=CARTESIAN_POINT('',(35.429047518,-11.00643746,26.348179211));
#3491=CARTESIAN_POINT('',(35.456525942,-10.972363813,26.312121835));
#3492=CARTESIAN_POINT('',(35.506106954,-10.914125943,26.229755163));
#3493=CARTESIAN_POINT('',(35.528205224,-10.889966832,26.18345305));
#3494=CARTESIAN_POINT('',(35.546818479,-10.871637595,26.133693563));
#3495=CARTESIAN_POINT('',(35.29024507,-11.359583538,26.48229149));
#3496=CARTESIAN_POINT('',(35.328850962,-11.313417018,26.481731459));
#3497=CARTESIAN_POINT('',(35.368094755,-11.267897935,26.472521677));
#3498=CARTESIAN_POINT('',(35.444675413,-11.181885515,26.437554761));
#3499=CARTESIAN_POINT('',(35.482003751,-11.141401949,26.411801559));
#3500=CARTESIAN_POINT('',(35.551707338,-11.068801085,26.345853987));
#3501=CARTESIAN_POINT('',(35.584074813,-11.036692054,26.30566702));
#3502=CARTESIAN_POINT('',(35.641211445,-10.983495866,26.214140349));
#3503=CARTESIAN_POINT('',(35.66597421,-10.962414799,26.162810918));
#3504=CARTESIAN_POINT('',(35.685923106,-10.947721083,26.108006587));
#3505=CARTESIAN_POINT('',(35.337554558,-11.402088181,26.488947927));
#3506=CARTESIAN_POINT('',(35.380754079,-11.356514082,26.488773554));
#3507=CARTESIAN_POINT('',(35.424645802,-11.311644025,26.479169638));
#3508=CARTESIAN_POINT('',(35.50993673,-11.227320158,26.441955452));
#3509=CARTESIAN_POINT('',(35.551324694,-11.187877746,26.41435012));
#3510=CARTESIAN_POINT('',(35.627926325,-11.117959134,26.343588246));
#3511=CARTESIAN_POINT('',(35.663129863,-11.087492417,26.300441079));
#3512=CARTESIAN_POINT('',(35.724223066,-11.038275321,26.202436187));
#3513=CARTESIAN_POINT('',(35.750104596,-11.019531672,26.147591457));
#3514=CARTESIAN_POINT('',(35.770169149,-11.007498182,26.089334991));
#3515=CARTESIAN_POINT('',(35.381426962,-11.449067449,26.495648194));
#3516=CARTESIAN_POINT('',(35.429178907,-11.404450434,26.495879394));
#3517=CARTESIAN_POINT('',(35.477681168,-11.360598572,26.485832724));
#3518=CARTESIAN_POINT('',(35.57148295,-11.278677559,26.446157891));
#3519=CARTESIAN_POINT('',(35.616767405,-11.240621569,26.416536102));
#3520=CARTESIAN_POINT('',(35.699712111,-11.174008989,26.340596264));
#3521=CARTESIAN_POINT('',(35.737359039,-11.1454631,26.294290414));
#3522=CARTESIAN_POINT('',(35.801351343,-11.100660279,26.18949723));
#3523=CARTESIAN_POINT('',(35.827686438,-11.084410545,26.131026729));
#3524=CARTESIAN_POINT('',(35.847083593,-11.075100371,26.069317323));
#3525=B_SPLINE_SURFACE_WITH_KNOTS('',3,3,((#3205,#3206,#3207,#3208,#3209,#3210,#3211,#3212,#3213,#3214),(#3215,#3216,#3217,#3218,#3219,#3220,#3221,#3222,#3223,#3224),(#3225,#3226,#3227,#3228,#3229,#3230,#3231,#3232,#3233,#3234),(#3235,#3236,#3237,#3238,#3239,#3240,#3241,#3242,#3243,#3244),(#3245,#3246,#3247,#3248,#3249,#3250,#3251,#3252,#3253,#3254),(#3255,#3256,#3257,#3258,#3259,#3260,#3261,#3262,#3263,#3264),(#3265,#3266,#3267,#3268,#3269,#3270,#3271,#3272,#3273,#3274),(#3275,#3276,#3277,#3278,#3279,#3280,#3281,#3282,#3283,#3284),(#3285,#3286,#3287,#3288,#3289,#3290,#3291,#3292,#3293,#3294),(#3295,#3296,#3297,#3298,#3299,#3300,#3301,#3302,#3303,#3304),(#3305,#3306,#3307,#3308,#3309,#3310,#3311,#3312,#3313,#3314),(#3315,#3316,#3317,#3318,#3319,#3320,#3321,#3322,#3323,#3324),(#3325,#3326,#3327,#3328,#3329,#3330,#3331,#3332,#3333,#3334),(#3335,#3336,#3337,#3338,#3339,#3340,#3341,#3342,#3343,#3344),(#3345,#3346,#3347,#3348,#3349,#3350,#3351,#3352,#3353,#3354),(#3355,#3356,#3357,#3358,#3359,#3360,#3361,#3362,#3363,#3364),(#3365,#3366,#3367,#3368,#3369,#3370,#3371,#3372,#3373,#3374),(#3375,#3376,#3377,#3378,#3379,#3380,#3381,#3382,#3383,#3384),(#3385,#3386,#3387,#3388,#3389,#3390,#3391,#3392,#3393,#3394),(#3395,#3396,#3397,#3398,#3399,#3400,#3401,#3402,#3403,#3404),(#3405,#3406,#3407,#3408,#3409,#3410,#3411,#3412,#3413,#3414),(#3415,#3416,#3417,#3418,#3419,#3420,#3421,#3422,#3423,#3424),(#3425,#3426,#3427,#3428,#3429,#3430,#3431,#3432,#3433,#3434),(#3435,#3436,#3437,#3438,#3439,#3440,#3441,#3442,#3443,#3444),(#3445,#3446,#3447,#3448,#3449,#3450,#3451,#3452,#3453,#3454),(#3455,#3456,#3457,#3458,#3459,#3460,#3461,#3462,#3463,#3464),
(#3465,#3466,#3467,#3468,#3469,#3470,#3471,#3472,#3473,#3474),(#3475,#3476,#3477,#3478,#3479,#3480,#3481,#3482,#3483,#3484),(#3485,#3486,#3487,#3488,#3489,#3490,#3491,#3492,#3493,#3494),(#3495,#3496,#3497,#3498,#3499,#3500,#3501,#3502,#3503,#3504),(#3505,#3506,#3507,#3508,#3509,#3510,#3511,#3512,#3513,#3514),(#3515,#3516,#3517,#3518,#3519,#3520,#3521,#3522,#3523,#3524)),.UNSPECIFIED.,.F.,.F.,.U.,(4,2,2,2,2,2,2,2,2,2,2,2,2,2,2,4),(4,2,2,2,4),(-0.,0.00019012,0.000285179,0.000380239,0.000475299,0.000570359,0.000665419,0.000712949,0.000760479,0.000855538,0.000950598,0.001045658,0.001140718,0.001235778,0.001330838,0.001520957),(0.,0.25,0.5,0.75,1.),.UNSPECIFIED.);
#3526=ORIENTED_EDGE('',*,*,#3181,.T.);
#3527=ORIENTED_EDGE('',*,*,#1497,.F.);
#3528=CARTESIAN_POINT('',(35.427271739,-11.494912226,25.87402008));
#3529=DIRECTION('',(0.678768034,-0.726997623,0.103674547));
#3530=DIRECTION('',(0.073351643,-0.073351643,-0.994604983));
#3531=AXIS2_PLACEMENT_3D('',#3528,#3529,#3530);
#3532=CIRCLE('',#3531,0.625);
#3533=EDGE_CURVE('',#35,#1446,#3532,.T.);
#3534=ORIENTED_EDGE('',*,*,#3533,.F.);
#3535=ORIENTED_EDGE('',*,*,#2009,.F.);
#3536=CARTESIAN_POINT('',(33.802617636,-11.882998476,26.014386787));
#3537=CARTESIAN_POINT('',(33.809745388,-11.780073756,26.036966062));
#3538=CARTESIAN_POINT('',(33.828166853,-11.677499983,26.058744665));
#3539=CARTESIAN_POINT('',(33.860041838,-11.575325527,26.079612802));
#3540=CARTESIAN_POINT('',(33.87597933,-11.524238299,26.090046871));
#3541=CARTESIAN_POINT('',(33.895319356,-11.473250074,26.10025646));
#3542=CARTESIAN_POINT('',(33.918680932,-11.422385102,26.110184599));
#3543=CARTESIAN_POINT('',(33.942042508,-11.371520129,26.120112739));
#3544=CARTESIAN_POINT('',(33.969543071,-11.320743363,26.129768403));
#3545=CARTESIAN_POINT('',(34.000836211,-11.271870114,26.138768302));
#3546=CARTESIAN_POINT('',(34.032129351,-11.222996866,26.147768202));
#3547=CARTESIAN_POINT('',(34.06737262,-11.175605749,26.156198348));
#3548=CARTESIAN_POINT('',(34.107258581,-11.12995614,26.163958209));
#3549=CARTESIAN_POINT('',(34.147144543,-11.084306532,26.171718069));
#3550=CARTESIAN_POINT('',(34.191607212,-11.04067787,26.178750396));
#3551=CARTESIAN_POINT('',(34.239287379,-11.001018015,26.184703839));
#3552=CARTESIAN_POINT('',(34.286967545,-10.961358159,26.190657282));
#3553=CARTESIAN_POINT('',(34.338265524,-10.925162496,26.195620598));
#3554=CARTESIAN_POINT('',(34.393599089,-10.892830991,26.199477578));
#3555=CARTESIAN_POINT('',(34.448932654,-10.860499486,26.203334559));
#3556=CARTESIAN_POINT('',(34.507723155,-10.832559052,26.206003561));
#3557=CARTESIAN_POINT('',(34.567443979,-10.810111247,26.207389367));
#3558=CARTESIAN_POINT('',(34.686885627,-10.765215637,26.210160977));
#3559=CARTESIAN_POINT('',(34.814174026,-10.74108699,26.207818485));
#3560=CARTESIAN_POINT('',(34.936807938,-10.736853124,26.201292634));
#3561=CARTESIAN_POINT('',(34.998124894,-10.734736191,26.198029708));
#3562=CARTESIAN_POINT('',(35.059100963,-10.737437975,26.193702547));
#3563=CARTESIAN_POINT('',(35.117598762,-10.744169931,26.188620825));
#3564=CARTESIAN_POINT('',(35.17609656,-10.750901887,26.183539103));
#3565=CARTESIAN_POINT('',(35.232700699,-10.761619376,26.177675508));
#3566=CARTESIAN_POINT('',(35.28767255,-10.775779886,26.171131527));
#3567=CARTESIAN_POINT('',(35.397616253,-10.804100908,26.158043565));
#3568=CARTESIAN_POINT('',(35.500456728,-10.846275159,26.142248594));
#3569=CARTESIAN_POINT('',(35.593192454,-10.896998286,26.125123866));
#3570=CARTESIAN_POINT('',(35.685928179,-10.947721413,26.107999138));
#3571=CARTESIAN_POINT('',(35.770169149,-11.007498182,26.089334991));
#3572=CARTESIAN_POINT('',(35.847083593,-11.075100371,26.069317323));
#3573=B_SPLINE_CURVE_WITH_KNOTS('',3,(#3536,#3537,#3538,#3539,#3540,#3541,#3542,#3543,#3544,#3545,#3546,#3547,#3548,#3549,#3550,#3551,#3552,#3553,#3554,#3555,#3556,#3557,#3558,#3559,#3560,#3561,
#3562,#3563,#3564,#3565,#3566,#3567,#3568,#3569,#3570,#3571,#3572),.UNSPECIFIED.,.F.,.F.,(4,3,3,3,3,3,3,3,3,3,3,3,4),(-0.,0.00019012,0.000285179,0.000380239,0.000475299,0.000570359,0.000665419,0.000760479,0.000950598,0.001045658,0.001140718,0.001330838,0.001520957),.UNSPECIFIED.);
#3574=EDGE_CURVE('',#314,#1964,#3573,.T.);
#3575=ORIENTED_EDGE('',*,*,#3574,.F.);
#3576=EDGE_LOOP('',(#3526,#3527,#3534,#3535,#3575));
#3577=FACE_BOUND('',#3576,.T.);
#3578=ADVANCED_FACE('',(#3577),#3525,.T.);
#3579=CARTESIAN_POINT('',(50.43132303,-26.488720237,26.460538182));
#3580=CARTESIAN_POINT('',(50.474273901,-26.439002034,26.461658766));
#3581=CARTESIAN_POINT('',(50.515533219,-26.387607491,26.452606276));
#3582=CARTESIAN_POINT('',(50.590624404,-26.286503549,26.415042494));
#3583=CARTESIAN_POINT('',(50.624443944,-26.236810748,26.386537369));
#3584=CARTESIAN_POINT('',(50.681315842,-26.144014501,26.312874795));
#3585=CARTESIAN_POINT('',(50.704358863,-26.100926289,26.26772944));
#3586=CARTESIAN_POINT('',(50.737400315,-26.025593305,26.165235854));
#3587=CARTESIAN_POINT('',(50.74739332,-25.9933609,26.107904451));
#3588=CARTESIAN_POINT('',(50.750368836,-25.968142334,26.047298321));
#3589=CARTESIAN_POINT('',(50.493387219,-26.542172328,26.441410147));
#3590=CARTESIAN_POINT('',(50.539272983,-26.498858095,26.441006133));
#3591=CARTESIAN_POINT('',(50.583589533,-26.453986563,26.431361316));
#3592=CARTESIAN_POINT('',(50.665098343,-26.365081185,26.394456903));
#3593=CARTESIAN_POINT('',(50.702279431,-26.321058958,26.367202261));
#3594=CARTESIAN_POINT('',(50.766143969,-26.237759231,26.297512229));
#3595=CARTESIAN_POINT('',(50.792818607,-26.198492675,26.255086112));
#3596=CARTESIAN_POINT('',(50.833237936,-26.128201149,26.158838498));
#3597=CARTESIAN_POINT('',(50.846976963,-26.097185502,26.105029786));
#3598=CARTESIAN_POINT('',(50.85361536,-26.071680187,26.047924564));
#3599=CARTESIAN_POINT('',(50.546289702,-26.603299485,26.421969154));
#3600=CARTESIAN_POINT('',(50.594161531,-26.566600101,26.42007397));
#3601=CARTESIAN_POINT('',(50.640575867,-26.528452655,26.409755164));
#3602=CARTESIAN_POINT('',(50.72669059,-26.452329001,26.373118391));
#3603=CARTESIAN_POINT('',(50.766381222,-26.414361135,26.346804557));
#3604=CARTESIAN_POINT('',(50.835776326,-26.341669732,26.280330976));
#3605=CARTESIAN_POINT('',(50.86547291,-26.30695418,26.240178678));
#3606=CARTESIAN_POINT('',(50.912423767,-26.243582639,26.149310296));
#3607=CARTESIAN_POINT('',(50.92967266,-26.214933639,26.098604377));
#3608=CARTESIAN_POINT('',(50.939981029,-26.190479571,26.044688649));
#3609=CARTESIAN_POINT('',(50.609184973,-26.708803982,26.392425014));
#3610=CARTESIAN_POINT('',(50.658771202,-26.682734322,26.388266797));
#3611=CARTESIAN_POINT('',(50.707049151,-26.655362927,26.376749967));
#3612=CARTESIAN_POINT('',(50.79752866,-26.599965025,26.33982527));
#3613=CARTESIAN_POINT('',(50.839722347,-26.57194327,26.314420611));
#3614=CARTESIAN_POINT('',(50.91499281,-26.517250012,26.251545186));
#3615=CARTESIAN_POINT('',(50.948063032,-26.490583209,26.214079869));
#3616=CARTESIAN_POINT('',(51.00270114,-26.440510188,26.129774359));
#3617=CARTESIAN_POINT('',(51.02426426,-26.417108283,26.082941469));
#3618=CARTESIAN_POINT('',(51.039296843,-26.396176095,26.033103408));
#3619=CARTESIAN_POINT('',(50.626746011,-26.745354145,26.382790455));
#3620=CARTESIAN_POINT('',(50.676670527,-26.72285254,26.377894319));
#3621=CARTESIAN_POINT('',(50.725331909,-26.699093581,26.365957107));
#3622=CARTESIAN_POINT('',(50.816789027,-26.650681494,26.328820799));
#3623=CARTESIAN_POINT('',(50.859577469,-26.626032185,26.303624666));
#3624=CARTESIAN_POINT('',(50.936337196,-26.577529245,26.241705014));
#3625=CARTESIAN_POINT('',(50.970302354,-26.553679444,26.204986428));
#3626=CARTESIAN_POINT('',(51.027070987,-26.508411861,26.122549667));
#3627=CARTESIAN_POINT('',(51.049869926,-26.486997659,26.076838055));
#3628=CARTESIAN_POINT('',(51.066299992,-26.467534823,26.028200254));
#3629=CARTESIAN_POINT('',(50.647544289,-26.802272573,26.368774293));
#3630=CARTESIAN_POINT('',(50.697640871,-26.785210591,26.362791528));
#3631=CARTESIAN_POINT('',(50.746534154,-26.766950081,26.350186789));
#3632=CARTESIAN_POINT('',(50.838753404,-26.729209996,26.312548467));
#3633=CARTESIAN_POINT('',(50.882072844,-26.70973308,26.287517548));
#3634=CARTESIAN_POINT('',(50.960330816,-26.670822269,26.226650198));
#3635=CARTESIAN_POINT('',(50.995263809,-26.651391117,26.190818073));
#3636=CARTESIAN_POINT('',(51.054479203,-26.61383146,26.110672832));
#3637=CARTESIAN_POINT('',(51.07875741,-26.595705606,26.066365386));
#3638=CARTESIAN_POINT('',(51.096921093,-26.578818856,26.01925489));
#3639=CARTESIAN_POINT('',(50.653551141,-26.821603838,26.364173556));
#3640=CARTESIAN_POINT('',(50.703648886,-26.80637055,26.357831891));
#3641=CARTESIAN_POINT('',(50.752561967,-26.789957046,26.344998411));
#3642=CARTESIAN_POINT('',(50.844917369,-26.755808223,26.307161833));
#3643=CARTESIAN_POINT('',(50.888353402,-26.738075218,26.282161313));
#3644=CARTESIAN_POINT('',(50.966987887,-26.70241442,26.221581033));
#3645=CARTESIAN_POINT('',(51.002180984,-26.684489045,26.186005397));
#3646=CARTESIAN_POINT('',(51.062087149,-26.649583196,26.106538665));
#3647=CARTESIAN_POINT('',(51.086796137,-26.632605092,26.062652977));
#3648=CARTESIAN_POINT('',(51.105477453,-26.616639398,26.016006104));
#3649=CARTESIAN_POINT('',(50.663572637,-26.861037557,26.355137755));
#3650=CARTESIAN_POINT('',(50.713556729,-26.849507018,26.348083645));
#3651=CARTESIAN_POINT('',(50.762390463,-26.836830013,26.334778075));
#3652=CARTESIAN_POINT('',(50.854772268,-26.809955831,26.296477595));
#3653=CARTESIAN_POINT('',(50.898314497,-26.795760344,26.271485108));
#3654=CARTESIAN_POINT('',(50.977439998,-26.766718267,26.211343317));
#3655=CARTESIAN_POINT('',(51.013018268,-26.751873506,26.176197815));
#3656=CARTESIAN_POINT('',(51.074030879,-26.722442176,26.097905646));
#3657=CARTESIAN_POINT('',(51.099461362,-26.707857462,26.054763927));
#3658=CARTESIAN_POINT('',(51.119038588,-26.693848766,26.008944896));
#3659=CARTESIAN_POINT('',(50.667580219,-26.881205943,26.35069144));
#3660=CARTESIAN_POINT('',(50.717448319,-26.871555455,26.343282943));
#3661=CARTESIAN_POINT('',(50.766181773,-26.860773949,26.329733317));
#3662=CARTESIAN_POINT('',(50.858451756,-26.837594895,26.291166063));
#3663=CARTESIAN_POINT('',(50.901982652,-26.825198757,26.26615079));
#3664=CARTESIAN_POINT('',(50.9812211,-26.799536337,26.206159849));
#3665=CARTESIAN_POINT('',(51.016923814,-26.786271616,26.171187845));
#3666=CARTESIAN_POINT('',(51.078351249,-26.75967061,26.093391679));
#3667=CARTESIAN_POINT('',(51.10407222,-26.746335943,26.050572268));
#3668=CARTESIAN_POINT('',(51.124027722,-26.733367086,26.005117645));
#3669=CARTESIAN_POINT('',(50.676140325,-26.941382437,26.337977285));
#3670=CARTESIAN_POINT('',(50.725492269,-26.937318331,26.329539531));
#3671=CARTESIAN_POINT('',(50.773750603,-26.932163561,26.315252144));
#3672=CARTESIAN_POINT('',(50.865315049,-26.919961178,26.275797792));
#3673=CARTESIAN_POINT('',(50.908616083,-26.912914215,26.250633018));
#3674=CARTESIAN_POINT('',(50.987774562,-26.897326006,26.190870601));
#3675=CARTESIAN_POINT('',(51.023627616,-26.8887856,26.156276273));
#3676=CARTESIAN_POINT('',(51.085826501,-26.870695806,26.079643442));
#3677=CARTESIAN_POINT('',(51.11216888,-26.8611474,26.037609188));
#3678=CARTESIAN_POINT('',(51.132998999,-26.851366753,25.99306106));
#3679=CARTESIAN_POINT('',(50.677410434,-26.981535801,26.330215629));
#3680=CARTESIAN_POINT('',(50.726196726,-26.981168987,26.321128008));
#3681=CARTESIAN_POINT('',(50.773909209,-26.979730955,26.30633607));
#3682=CARTESIAN_POINT('',(50.8645188,-26.97478957,26.2661713));
#3683=CARTESIAN_POINT('',(50.907411121,-26.971286467,26.240800593));
#3684=CARTESIAN_POINT('',(50.985972547,-26.962408211,26.18090174));
#3685=CARTESIAN_POINT('',(51.021637501,-26.957033516,26.146376762));
#3686=CARTESIAN_POINT('',(51.083741668,-26.944710774,26.070106708));
#3687=CARTESIAN_POINT('',(51.110177601,-26.937763369,26.028365664));
#3688=CARTESIAN_POINT('',(51.131258245,-26.930223045,25.98418582));
#3689=CARTESIAN_POINT('',(50.670525188,-27.061928766,26.316325894));
#3690=CARTESIAN_POINT('',(50.717726782,-27.06901059,26.306007303));
#3691=CARTESIAN_POINT('',(50.763876846,-27.075042864,26.290172158));
#3692=CARTESIAN_POINT('',(50.851575328,-27.084678324,26.248326785));
#3693=CARTESIAN_POINT('',(50.893119405,-27.088281021,26.22231863));
#3694=CARTESIAN_POINT('',(50.969347991,-27.092858091,26.161540148));
#3695=CARTESIAN_POINT('',(51.004028726,-27.093832228,26.126772833));
#3696=CARTESIAN_POINT('',(51.064645366,-27.093096136,26.050364999));
#3697=CARTESIAN_POINT('',(51.090578269,-27.091385935,26.008728266));
#3698=CARTESIAN_POINT('',(51.111433664,-27.088378726,25.964786121));
#3699=CARTESIAN_POINT('',(50.662133233,-27.102432567,26.310191173));
#3700=CARTESIAN_POINT('',(50.708300601,-27.113292437,26.299289068));
#3701=CARTESIAN_POINT('',(50.753418598,-27.123104657,26.282911141));
#3702=CARTESIAN_POINT('',(50.839129173,-27.14010675,26.240084353));
#3703=CARTESIAN_POINT('',(50.879717562,-27.147295794,26.213637584));
#3704=CARTESIAN_POINT('',(50.954177481,-27.158663869,26.152099513));
#3705=CARTESIAN_POINT('',(50.988045371,-27.162842345,26.117011217));
#3706=CARTESIAN_POINT('',(51.047235397,-27.167964001,26.040083067));
#3707=CARTESIAN_POINT('',(51.07255464,-27.168906933,25.998246973));
#3708=CARTESIAN_POINT('',(51.092917191,-27.168206833,25.954163796));
#3709=CARTESIAN_POINT('',(50.636356346,-27.178824977,26.300470238));
#3710=CARTESIAN_POINT('',(50.680087151,-27.196972512,26.288536474));
#3711=CARTESIAN_POINT('',(50.722752929,-27.214056283,26.271093064));
#3712=CARTESIAN_POINT('',(50.803644243,-27.24517202,26.226131257));
#3713=CARTESIAN_POINT('',(50.841865773,-27.259202448,26.198615088));
#3714=CARTESIAN_POINT('',(50.911791017,-27.28344942,26.135001869));
#3715=CARTESIAN_POINT('',(50.943491268,-27.293664765,26.09890797));
#3716=CARTESIAN_POINT('',(50.998650551,-27.309726651,26.020099657));
#3717=CARTESIAN_POINT('',(51.022106851,-27.315572397,25.977389147));
#3718=CARTESIAN_POINT('',(51.040804753,-27.319074922,25.932528434));
#3719=CARTESIAN_POINT('',(50.618862189,-27.215512415,26.296753805));
#3720=CARTESIAN_POINT('',(50.661172872,-27.237243988,26.284359906));
#3721=CARTESIAN_POINT('',(50.702400843,-27.257893908,26.26638322));
#3722=CARTESIAN_POINT('',(50.780427361,-27.29590194,26.220249866));
#3723=CARTESIAN_POINT('',(50.817221932,-27.313258134,26.192095542));
#3724=CARTESIAN_POINT('',(50.884352912,-27.343726725,26.127155315));
#3725=CARTESIAN_POINT('',(50.914685901,-27.356837587,26.090372711));
#3726=CARTESIAN_POINT('',(50.967220637,-27.378096578,26.010199451));
#3727=CARTESIAN_POINT('',(50.989419707,-27.386243639,25.966812867));
#3728=CARTESIAN_POINT('',(51.006940543,-27.391686077,25.921315935));
#3729=CARTESIAN_POINT('',(50.575346575,-27.284517926,26.291809569));
#3730=CARTESIAN_POINT('',(50.614432026,-27.313270574,26.278622852));
#3731=CARTESIAN_POINT('',(50.652379335,-27.340885669,26.259593072));
#3732=CARTESIAN_POINT('',(50.723817191,-27.392259912,26.210939136));
#3733=CARTESIAN_POINT('',(50.757303751,-27.416016215,26.181317686));
#3734=CARTESIAN_POINT('',(50.817887717,-27.458307506,26.113185329));
#3735=CARTESIAN_POINT('',(50.844981739,-27.476840153,26.074678214));
#3736=CARTESIAN_POINT('',(50.891216453,-27.507619014,25.990991541));
#3737=CARTESIAN_POINT('',(50.910354563,-27.519863526,25.94581664));
#3738=CARTESIAN_POINT('',(50.924963133,-27.528612969,25.898606254));
#3739=CARTESIAN_POINT('',(50.54986576,-27.316100878,26.290619964));
#3740=CARTESIAN_POINT('',(50.587183846,-27.348214246,26.27710834));
#3741=CARTESIAN_POINT('',(50.623326762,-27.379152777,26.257570127));
#3742=CARTESIAN_POINT('',(50.691118426,-27.436856268,26.207595858));
#3743=CARTESIAN_POINT('',(50.722763144,-27.463617841,26.177162753));
#3744=CARTESIAN_POINT('',(50.779672661,-27.511383138,26.107203904));
#3745=CARTESIAN_POINT('',(50.804934073,-27.532384059,26.06768229));
#3746=CARTESIAN_POINT('',(50.847570363,-27.567384512,25.981891317));
#3747=CARTESIAN_POINT('',(50.8649427,-27.58138199,25.935627025));
#3748=CARTESIAN_POINT('',(50.877852877,-27.5914641,25.887361674));
#3749=CARTESIAN_POINT('',(50.520964869,-27.345001769,26.290619964));
#3750=CARTESIAN_POINT('',(50.556343732,-27.380380632,26.276850242));
#3751=CARTESIAN_POINT('',(50.590501455,-27.414538355,26.256818021));
#3752=CARTESIAN_POINT('',(50.654274838,-27.478311738,26.205460024));
#3753=CARTESIAN_POINT('',(50.683886418,-27.507923318,26.174137532));
#3754=CARTESIAN_POINT('',(50.736739043,-27.560775943,26.102131055));
#3755=CARTESIAN_POINT('',(50.759976705,-27.584013605,26.061451675));
#3756=CARTESIAN_POINT('',(50.798646241,-27.622683141,25.97324132));
#3757=CARTESIAN_POINT('',(50.81407564,-27.63811254,25.925715988));
#3758=CARTESIAN_POINT('',(50.825125424,-27.649162324,25.876231266));
#3759=B_SPLINE_SURFACE_WITH_KNOTS('',3,3,((#3579,#3580,#3581,#3582,#3583,#3584,#3585,#3586,#3587,#3588),(#3589,#3590,#3591,#3592,#3593,#3594,#3595,#3596,#3597,#3598),(#3599,#3600,#3601,#3602,#3603,#3604,#3605,#3606,#3607,#3608),(#3609,#3610,#3611,#3612,#3613,#3614,#3615,#3616,#3617,#3618),(#3619,#3620,#3621,#3622,#3623,#3624,#3625,#3626,#3627,#3628),(#3629,#3630,#3631,#3632,#3633,#3634,#3635,#3636,#3637,#3638),(#3639,#3640,#3641,#3642,#3643,#3644,#3645,#3646,#3647,#3648),(#3649,#3650,#3651,#3652,#3653,#3654,#3655,#3656,#3657,#3658),(#3659,#3660,#3661,#3662,#3663,#3664,#3665,#3666,#3667,#3668),(#3669,#3670,#3671,#3672,#3673,#3674,#3675,#3676,#3677,#3678),(#3679,#3680,#3681,#3682,#3683,#3684,#3685,#3686,#3687,#3688),(#3689,#3690,#3691,#3692,#3693,#3694,#3695,#3696,#3697,#3698),(#3699,#3700,#3701,#3702,#3703,#3704,#3705,#3706,#3707,#3708),(#3709,#3710,#3711,#3712,#3713,#3714,#3715,#3716,#3717,#3718),(#3719,#3720,#3721,#3722,#3723,#3724,#3725,#3726,#3727,#3728),(#3729,#3730,#3731,#3732,#3733,#3734,#3735,#3736,#3737,#3738),(#3739,#3740,#3741,#3742,#3743,#3744,#3745,#3746,#3747,#3748),(#3749,#3750,#3751,#3752,#3753,#3754,#3755,#3756,#3757,#3758)),.UNSPECIFIED.,.F.,.F.,.U.,(4,2,2,2,2,2,2,2,4),(4,2,2,2,4),(0.,0.000241206,0.000361809,0.000422111,0.000482412,0.000603015,0.000723619,0.000844222,0.000964825),(0.,0.25,0.5,0.75,1.),.UNSPECIFIED.);
#3760=ORIENTED_EDGE('',*,*,#3199,.T.);
#3761=ORIENTED_EDGE('',*,*,#1693,.F.);
#3762=CARTESIAN_POINT('',(50.330556981,-26.387954188,25.852001078));
#3763=DIRECTION('',(-0.73943901,0.633666572,0.22736892));
#3764=DIRECTION('',(0.161225678,-0.161225678,0.973659366));
#3765=AXIS2_PLACEMENT_3D('',#3762,#3763,#3764);
#3766=CIRCLE('',#3765,0.625);
#3767=EDGE_CURVE('',#1425,#43,#3766,.T.);
#3768=ORIENTED_EDGE('',*,*,#3767,.F.);
#3769=ORIENTED_EDGE('',*,*,#1443,.F.);
#3770=EDGE_LOOP('',(#3760,#3761,#3768,#3769));
#3771=FACE_BOUND('',#3770,.T.);
#3772=ADVANCED_FACE('',(#3771),#3759,.T.);
#3773=CARTESIAN_POINT('',(35.381426962,-11.449067449,26.495648194));
#3774=CARTESIAN_POINT('',(35.429178907,-11.404450434,26.495879394));
#3775=CARTESIAN_POINT('',(35.477681168,-11.360598572,26.485832724));
#3776=CARTESIAN_POINT('',(35.57148295,-11.278677559,26.446157891));
#3777=CARTESIAN_POINT('',(35.616767405,-11.240621569,26.416536102));
#3778=CARTESIAN_POINT('',(35.699712111,-11.174008989,26.340596264));
#3779=CARTESIAN_POINT('',(35.737359039,-11.1454631,26.294290414));
#3780=CARTESIAN_POINT('',(35.801351343,-11.100660279,26.18949723));
#3781=CARTESIAN_POINT('',(35.827686438,-11.084410545,26.131026729));
#3782=CARTESIAN_POINT('',(35.847083593,-11.075100371,26.069317323));
#3783=CARTESIAN_POINT('',(36.582875761,-12.735597954,26.679135481));
#3784=CARTESIAN_POINT('',(36.630484198,-12.690851023,26.679325942));
#3785=CARTESIAN_POINT('',(36.678775874,-12.646802152,26.669233868));
#3786=CARTESIAN_POINT('',(36.77204507,-12.56436995,26.629462822));
#3787=CARTESIAN_POINT('',(36.817007624,-12.525999847,26.599790232));
#3788=CARTESIAN_POINT('',(36.899230688,-12.458670655,26.523746918));
#3789=CARTESIAN_POINT('',(36.936478004,-12.42972237,26.477388398));
#3790=CARTESIAN_POINT('',(36.999634047,-12.384064237,26.372490906));
#3791=CARTESIAN_POINT('',(37.025532639,-12.367361716,26.313968767));
#3792=CARTESIAN_POINT('',(37.04449671,-12.357595193,26.25220935));
#3793=CARTESIAN_POINT('',(37.791862971,-14.018605379,26.838862488));
#3794=CARTESIAN_POINT('',(37.839307164,-13.97370819,26.839010966));
#3795=CARTESIAN_POINT('',(37.887357825,-13.929432272,26.828872122));
#3796=CARTESIAN_POINT('',(37.980017176,-13.84641224,26.789001993));
#3797=CARTESIAN_POINT('',(38.024611011,-13.807681433,26.7592771));
#3798=CARTESIAN_POINT('',(38.106006978,-13.739530321,26.68312727));
#3799=CARTESIAN_POINT('',(38.142796062,-13.710120941,26.63671454));
#3800=CARTESIAN_POINT('',(38.2049925,-13.663483601,26.531709702));
#3801=CARTESIAN_POINT('',(38.230389885,-13.646263118,26.473134426));
#3802=CARTESIAN_POINT('',(38.248856258,-13.635974957,26.411323546));
#3803=CARTESIAN_POINT('',(39.62158086,-15.93600908,27.028213244));
#3804=CARTESIAN_POINT('',(39.668724531,-15.890831008,27.028302685));
#3805=CARTESIAN_POINT('',(39.71633372,-15.846133231,27.018098095));
#3806=CARTESIAN_POINT('',(39.807874261,-15.762025303,26.978088724));
#3807=CARTESIAN_POINT('',(39.851790961,-15.722628615,26.948290348));
#3808=CARTESIAN_POINT('',(39.931665803,-15.65296365,26.871990888));
#3809=CARTESIAN_POINT('',(39.967611161,-15.622706523,26.825502019));
#3810=CARTESIAN_POINT('',(40.028038014,-15.574272073,26.720346419));
#3811=CARTESIAN_POINT('',(40.052509837,-15.556102503,26.661696523));
#3812=CARTESIAN_POINT('',(40.070055546,-15.544860057,26.599813373));
#3813=CARTESIAN_POINT('',(40.234218413,-16.573950952,27.082884019));
#3814=CARTESIAN_POINT('',(40.281252742,-16.528669842,27.082954489));
#3815=CARTESIAN_POINT('',(40.328701234,-16.483817665,27.072728778));
#3816=CARTESIAN_POINT('',(40.41983428,-16.399312166,27.032674681));
#3817=CARTESIAN_POINT('',(40.463504252,-16.359672366,27.002852704));
#3818=CARTESIAN_POINT('',(40.542824535,-16.289455176,26.926505192));
#3819=CARTESIAN_POINT('',(40.578462155,-16.258889021,26.879991872));
#3820=CARTESIAN_POINT('',(40.638243197,-16.209799922,26.774787863));
#3821=CARTESIAN_POINT('',(40.662377053,-16.191284832,26.716114007));
#3822=CARTESIAN_POINT('',(40.679586361,-16.17969519,26.654207652));
#3823=CARTESIAN_POINT('',(41.466285864,-17.847002566,27.171476166));
#3824=CARTESIAN_POINT('',(41.513076217,-17.801488706,27.17151284));
#3825=CARTESIAN_POINT('',(41.560165773,-17.756288806,27.161249507));
#3826=CARTESIAN_POINT('',(41.650387625,-17.670889786,27.121115749));
#3827=CARTESIAN_POINT('',(41.693505497,-17.630704319,27.091251742));
#3828=CARTESIAN_POINT('',(41.771583707,-17.559249213,27.014818657));
#3829=CARTESIAN_POINT('',(41.806531563,-17.527990997,26.9682618));
#3830=CARTESIAN_POINT('',(41.864863758,-17.477437318,26.862971591));
#3831=CARTESIAN_POINT('',(41.888238773,-17.458149936,26.804255072));
#3832=CARTESIAN_POINT('',(41.904692001,-17.445784994,26.742307398));
#3833=CARTESIAN_POINT('',(42.08575439,-18.482159723,27.20541763));
#3834=CARTESIAN_POINT('',(42.132410162,-18.436516231,27.205439395));
#3835=CARTESIAN_POINT('',(42.179301569,-18.391123124,27.195159468));
#3836=CARTESIAN_POINT('',(42.269019968,-18.305228442,27.154990581));
#3837=CARTESIAN_POINT('',(42.311832623,-18.264740595,27.125108041));
#3838=CARTESIAN_POINT('',(42.389223688,-18.192600176,27.048637228));
#3839=CARTESIAN_POINT('',(42.423789729,-18.160959133,27.002061177));
#3840=CARTESIAN_POINT('',(42.481319353,-18.109595945,26.896732967));
#3841=CARTESIAN_POINT('',(42.50427374,-18.089882008,26.837997641));
#3842=CARTESIAN_POINT('',(42.520307546,-18.07708917,26.776031753));
#3843=CARTESIAN_POINT('',(43.331569618,-19.747185102,27.247002872));
#3844=CARTESIAN_POINT('',(43.377920526,-19.701243378,27.24700465));
#3845=CARTESIAN_POINT('',(43.424362216,-19.655407178,27.236702479));
#3846=CARTESIAN_POINT('',(43.512936058,-19.56837838,27.196486502));
#3847=CARTESIAN_POINT('',(43.555054061,-19.527199683,27.16657912));
#3848=CARTESIAN_POINT('',(43.630879253,-19.453495847,27.090057737));
#3849=CARTESIAN_POINT('',(43.664574329,-19.420982482,27.043455959));
#3850=CARTESIAN_POINT('',(43.720270992,-19.367777039,26.938076815));
#3851=CARTESIAN_POINT('',(43.742263684,-19.347093459,26.879316282));
#3852=CARTESIAN_POINT('',(43.757337345,-19.333329119,26.817325982));
#3853=CARTESIAN_POINT('',(43.958090474,-20.377260551,27.254721193));
#3854=CARTESIAN_POINT('',(44.004271222,-20.331150429,27.254717656));
#3855=CARTESIAN_POINT('',(44.05046156,-20.285064639,27.244409571));
#3856=CARTESIAN_POINT('',(44.138394906,-20.197398119,27.204181077));
#3857=CARTESIAN_POINT('',(44.180123869,-20.155831391,27.174267091));
#3858=CARTESIAN_POINT('',(44.255071267,-20.081250415,27.097732267));
#3859=CARTESIAN_POINT('',(44.288277731,-20.048248078,27.051123651));
#3860=CARTESIAN_POINT('',(44.34294519,-19.994010959,26.945730971));
#3861=CARTESIAN_POINT('',(44.364397454,-19.97278484,26.886963739));
#3862=CARTESIAN_POINT('',(44.378931054,-19.958477421,26.82496695));
#3863=CARTESIAN_POINT('',(44.905196936,-21.317773185,27.240416003));
#3864=CARTESIAN_POINT('',(44.951082202,-21.271364595,27.24042147));
#3865=CARTESIAN_POINT('',(44.996834524,-21.224837804,27.230123404));
#3866=CARTESIAN_POINT('',(45.083648642,-21.136047356,27.189916119));
#3867=CARTESIAN_POINT('',(45.124696571,-21.093797882,27.160013322));
#3868=CARTESIAN_POINT('',(45.198104485,-21.017676315,27.083501274));
#3869=CARTESIAN_POINT('',(45.230452743,-20.983816382,27.036904245));
#3870=CARTESIAN_POINT('',(45.283309511,-20.927772759,26.931534503));
#3871=CARTESIAN_POINT('',(45.303809577,-20.905598022,26.872778623));
#3872=CARTESIAN_POINT('',(45.31739006,-20.8903426,26.810792829));
#3873=CARTESIAN_POINT('',(45.222128545,-21.63050722,27.231306969));
#3874=CARTESIAN_POINT('',(45.26790854,-21.583991402,27.231318338));
#3875=CARTESIAN_POINT('',(45.31350458,-21.537306373,27.22102684));
#3876=CARTESIAN_POINT('',(45.399918909,-21.448113053,27.180833457));
#3877=CARTESIAN_POINT('',(45.440723393,-21.405619012,27.150937993));
#3878=CARTESIAN_POINT('',(45.513580575,-21.328945988,27.074440873));
#3879=CARTESIAN_POINT('',(45.545621633,-21.294779257,27.027851438));
#3880=CARTESIAN_POINT('',(45.597829818,-21.238089795,26.922496731));
#3881=CARTESIAN_POINT('',(45.617988604,-21.215576122,26.863748292));
#3882=CARTESIAN_POINT('',(45.631227249,-21.199982214,26.801769704));
#3883=CARTESIAN_POINT('',(45.858920547,-22.25422272,27.202894012));
#3884=CARTESIAN_POINT('',(45.904472953,-22.207472391,27.202926232));
#3885=CARTESIAN_POINT('',(45.9497303,-22.160441758,27.192657942));
#3886=CARTESIAN_POINT('',(46.035276697,-22.07036961,27.152513691));
#3887=CARTESIAN_POINT('',(46.075552071,-22.027342493,27.122644148));
#3888=CARTESIAN_POINT('',(46.147210943,-21.949468596,27.046199795));
#3889=CARTESIAN_POINT('',(46.178582986,-21.914634265,26.999637205));
#3890=CARTESIAN_POINT('',(46.229377362,-21.856540694,26.894335645));
#3891=CARTESIAN_POINT('',(46.248791575,-21.833290741,26.835613509));
#3892=CARTESIAN_POINT('',(46.261283749,-21.816962213,26.773660395));
#3893=CARTESIAN_POINT('',(46.17877631,-22.565198151,27.18358752));
#3894=CARTESIAN_POINT('',(46.224206398,-22.518320551,27.183634661));
#3895=CARTESIAN_POINT('',(46.269281344,-22.471102571,27.173382977));
#3896=CARTESIAN_POINT('',(46.354359628,-22.380554514,27.133273883));
#3897=CARTESIAN_POINT('',(46.394349362,-22.337238917,27.103422888));
#3898=CARTESIAN_POINT('',(46.465360715,-22.258715667,27.027016295));
#3899=CARTESIAN_POINT('',(46.496370979,-22.22352057,26.980472915));
#3900=CARTESIAN_POINT('',(46.546400211,-22.164668797,26.875209389));
#3901=CARTESIAN_POINT('',(46.565411178,-22.141021531,26.816506075));
#3902=CARTESIAN_POINT('',(46.577498769,-22.124296901,26.754571191));
#3903=CARTESIAN_POINT('',(47.141381723,-23.492905719,27.10760839));
#3904=CARTESIAN_POINT('',(47.186413192,-23.445607552,27.10772158));
#3905=CARTESIAN_POINT('',(47.230891654,-23.397771167,27.09754343));
#3906=CARTESIAN_POINT('',(47.314435513,-23.305654133,27.057590048));
#3907=CARTESIAN_POINT('',(47.353487528,-23.261388238,27.027821215));
#3908=CARTESIAN_POINT('',(47.42237013,-23.18072811,26.951581905));
#3909=CARTESIAN_POINT('',(47.452189684,-23.144346795,26.905123639));
#3910=CARTESIAN_POINT('',(47.499697708,-23.083004576,26.800028634));
#3911=CARTESIAN_POINT('',(47.517378568,-23.058053497,26.741408729));
#3912=CARTESIAN_POINT('',(47.528130197,-23.040030484,26.679554624));
#3913=CARTESIAN_POINT('',(47.787698293,-24.105174145,27.033418249));
#3914=CARTESIAN_POINT('',(47.832422809,-24.057546242,27.033600124));
#3915=CARTESIAN_POINT('',(47.876440175,-24.009226004,27.023498417));
#3916=CARTESIAN_POINT('',(47.958794603,-23.915883673,26.983706863));
#3917=CARTESIAN_POINT('',(47.997118453,-23.870876553,26.9540234));
#3918=CARTESIAN_POINT('',(48.064345145,-23.788552075,26.877957882));
#3919=CARTESIAN_POINT('',(48.093237199,-23.751247922,26.83158803));
#3920=CARTESIAN_POINT('',(48.138778479,-23.687970894,26.726668066));
#3921=CARTESIAN_POINT('',(48.155420396,-23.662008169,26.668134788));
#3922=CARTESIAN_POINT('',(48.16512706,-23.642979204,26.60636458));
#3923=CARTESIAN_POINT('',(48.768371937,-25.010494699,26.868308859));
#3924=CARTESIAN_POINT('',(48.812530052,-24.962228863,26.868704624));
#3925=CARTESIAN_POINT('',(48.855682786,-24.91297255,26.858841446));
#3926=CARTESIAN_POINT('',(48.935784529,-24.817264937,26.819555566));
#3927=CARTESIAN_POINT('',(48.97272062,-24.770829072,26.7901392));
#3928=CARTESIAN_POINT('',(49.036774306,-24.685305125,26.714617866));
#3929=CARTESIAN_POINT('',(49.06388157,-24.646230837,26.668525078));
#3930=CARTESIAN_POINT('',(49.105623012,-24.579254236,26.564153873));
#3931=CARTESIAN_POINT('',(49.120250458,-24.551362724,26.505892289));
#3932=CARTESIAN_POINT('',(49.127923963,-24.530423014,26.444385223));
#3933=CARTESIAN_POINT('',(49.097155795,-25.310069378,26.804197678));
#3934=CARTESIAN_POINT('',(49.141107157,-25.261566533,26.804683767));
#3935=CARTESIAN_POINT('',(49.183942332,-25.211962444,26.794921355));
#3936=CARTESIAN_POINT('',(49.263213627,-25.11537676,26.755849151));
#3937=CARTESIAN_POINT('',(49.299636935,-25.068410777,26.726545675));
#3938=CARTESIAN_POINT('',(49.362515847,-24.981700869,26.651254376));
#3939=CARTESIAN_POINT('',(49.388961289,-24.941970959,26.605278724));
#3940=CARTESIAN_POINT('',(49.429291652,-24.873625688,26.50113954));
#3941=CARTESIAN_POINT('',(49.443170055,-24.845021373,26.44299284));
#3942=CARTESIAN_POINT('',(49.450086631,-24.823376505,26.381597042));
#3943=CARTESIAN_POINT('',(49.759855495,-25.903811626,26.652289726));
#3944=CARTESIAN_POINT('',(49.803345832,-25.854763517,26.653025881));
#3945=CARTESIAN_POINT('',(49.845463599,-25.804357887,26.643542874));
#3946=CARTESIAN_POINT('',(49.922844676,-25.705749402,26.605063778));
#3947=CARTESIAN_POINT('',(49.958095401,-25.657562584,26.576073947));
#3948=CARTESIAN_POINT('',(50.018277866,-25.568125102,26.501422165));
#3949=CARTESIAN_POINT('',(50.043199817,-25.526888983,26.455772354));
#3950=CARTESIAN_POINT('',(50.080273508,-25.455405121,26.352278788));
#3951=CARTESIAN_POINT('',(50.092419219,-25.425169003,26.294451863));
#3952=CARTESIAN_POINT('',(50.097581226,-25.401913647,26.233365782));
#3953=CARTESIAN_POINT('',(50.09375036,-26.197989541,26.564577274));
#3954=CARTESIAN_POINT('',(50.136986317,-26.148633466,26.565472121));
#3955=CARTESIAN_POINT('',(50.178704409,-26.097774644,26.556166534));
#3956=CARTESIAN_POINT('',(50.255026649,-25.998022991,26.518064211));
#3957=CARTESIAN_POINT('',(50.289618336,-25.949146444,26.489273697));
#3958=CARTESIAN_POINT('',(50.348281176,-25.858169546,26.415028415));
#3959=CARTESIAN_POINT('',(50.37234275,-25.816084047,26.369585769));
#3960=CARTESIAN_POINT('',(50.407573828,-25.742832684,26.266502727));
#3961=CARTESIAN_POINT('',(50.418737577,-25.711678777,26.208879161));
#3962=CARTESIAN_POINT('',(50.422903732,-25.687519203,26.147990043));
#3963=CARTESIAN_POINT('',(50.43132303,-26.488720237,26.460538182));
#3964=CARTESIAN_POINT('',(50.474273901,-26.439002034,26.461658766));
#3965=CARTESIAN_POINT('',(50.515533219,-26.387607491,26.452606276));
#3966=CARTESIAN_POINT('',(50.590624404,-26.286503549,26.415042494));
#3967=CARTESIAN_POINT('',(50.624443944,-26.236810748,26.386537369));
#3968=CARTESIAN_POINT('',(50.681315842,-26.144014501,26.312874795));
#3969=CARTESIAN_POINT('',(50.704358863,-26.100926289,26.26772944));
#3970=CARTESIAN_POINT('',(50.737400315,-26.025593305,26.165235854));
#3971=CARTESIAN_POINT('',(50.74739332,-25.9933609,26.107904451));
#3972=CARTESIAN_POINT('',(50.750368836,-25.968142334,26.047298321));
#3973=B_SPLINE_SURFACE_WITH_KNOTS('',3,3,((#3773,#3774,#3775,#3776,#3777,#3778,#3779,#3780,#3781,#3782),(#3783,#3784,#3785,#3786,#3787,#3788,#3789,#3790,#3791,#3792),(#3793,#3794,#3795,#3796,#3797,#3798,#3799,#3800,#3801,#3802),(#3803,#3804,#3805,#3806,#3807,#3808,#3809,#3810,#3811,#3812),(#3813,#3814,#3815,#3816,#3817,#3818,#3819,#3820,#3821,#3822),(#3823,#3824,#3825,#3826,#3827,#3828,#3829,#3830,#3831,#3832),(#3833,#3834,#3835,#3836,#3837,#3838,#3839,#3840,#3841,#3842),(#3843,#3844,#3845,#3846,#3847,#3848,#3849,#3850,#3851,#3852),(#3853,#3854,#3855,#3856,#3857,#3858,#3859,#3860,#3861,#3862),(#3863,#3864,#3865,#3866,#3867,#3868,#3869,#3870,#3871,#3872),(#3873,#3874,#3875,#3876,#3877,#3878,#3879,#3880,#3881,#3882),(#3883,#3884,#3885,#3886,#3887,#3888,#3889,#3890,#3891,#3892),(#3893,#3894,#3895,#3896,#3897,#3898,#3899,#3900,#3901,#3902),(#3903,#3904,#3905,#3906,#3907,#3908,#3909,#3910,#3911,#3912),(#3913,#3914,#3915,#3916,#3917,#3918,#3919,#3920,#3921,#3922),(#3923,#3924,#3925,#3926,#3927,#3928,#3929,#3930,#3931,#3932),(#3933,#3934,#3935,#3936,#3937,#3938,#3939,#3940,#3941,#3942),(#3943,#3944,#3945,#3946,#3947,#3948,#3949,#3950,#3951,#3952),(#3953,#3954,#3955,#3956,#3957,#3958,#3959,#3960,#3961,#3962),(#3963,#3964,#3965,#3966,#3967,#3968,#3969,#3970,#3971,#3972)),.UNSPECIFIED.,.F.,.F.,.U.,(4,2,2,2,2,2,2,2,2,4),(4,2,2,2,4),(0.,0.005289984,0.007934975,0.010579967,0.013224959,0.014547455,0.015869951,0.018514942,0.019837438,0.021159934),(0.,0.25,0.5,0.75,1.),.UNSPECIFIED.);
#3974=ORIENTED_EDGE('',*,*,#3533,.T.);
#3975=ORIENTED_EDGE('',*,*,#1467,.F.);
#3976=ORIENTED_EDGE('',*,*,#3767,.T.);
#3977=ORIENTED_EDGE('',*,*,#64,.F.);
#3978=EDGE_LOOP('',(#3974,#3975,#3976,#3977));
#3979=FACE_BOUND('',#3978,.T.);
#3980=ADVANCED_FACE('',(#3979),#3973,.T.);
#3981=CARTESIAN_POINT('',(14.382948967,-6.327137453,-28.859411141));
#3982=DIRECTION('',(0.288255791,-0.288255791,0.913135914));
#3983=DIRECTION('',(0.645684597,-0.645684597,-0.407655249));
#3984=AXIS2_PLACEMENT_3D('',#3981,#3982,#3983);
#3985=CYLINDRICAL_SURFACE('',#3984,2.);
#3986=ORIENTED_EDGE('',*,*,#1305,.T.);
#3987=ORIENTED_EDGE('',*,*,#1888,.F.);
#3988=ORIENTED_EDGE('',*,*,#375,.F.);
#3989=ORIENTED_EDGE('',*,*,#2938,.T.);
#3990=EDGE_LOOP('',(#3986,#3987,#3988,#3989));
#3991=FACE_BOUND('',#3990,.T.);
#3992=ADVANCED_FACE('',(#3991),#3985,.F.);
#3993=CARTESIAN_POINT('',(36.414429994,-15.395096936,30.135718944));
#3994=DIRECTION('',(-0.24144478,0.597253524,-0.76484812));
#3995=DIRECTION('',(-0.558804545,0.558804545,0.612760118));
#3996=AXIS2_PLACEMENT_3D('',#3993,#3994,#3995);
#3997=CYLINDRICAL_SURFACE('',#3996,1.25);
#3998=ORIENTED_EDGE('',*,*,#1969,.F.);
#3999=ORIENTED_EDGE('',*,*,#2068,.F.);
#4000=ORIENTED_EDGE('',*,*,#1915,.F.);
#4001=ORIENTED_EDGE('',*,*,#331,.F.);
#4002=ORIENTED_EDGE('',*,*,#3574,.T.);
#4003=EDGE_LOOP('',(#3998,#3999,#4000,#4001,#4002));
#4004=FACE_BOUND('',#4003,.T.);
#4005=ADVANCED_FACE('',(#4004),#3997,.T.);
#4006=CARTESIAN_POINT('',(-12.805076621,-13.692295415,-16.290433078));
#4007=DIRECTION('',(-0.597354482,0.241606121,-0.764718318));
#4008=DIRECTION('',(-0.558703303,0.558703303,0.612944726));
#4009=AXIS2_PLACEMENT_3D('',#4006,#4007,#4008);
#4010=CYLINDRICAL_SURFACE('',#4009,1.25);
#4011=ORIENTED_EDGE('',*,*,#2088,.F.);
#4012=ORIENTED_EDGE('',*,*,#1213,.F.);
#4013=ORIENTED_EDGE('',*,*,#144,.F.);
#4014=CARTESIAN_POINT('',(18.685870151,-25.237204099,24.400070836));
#4015=CARTESIAN_POINT('',(18.595236617,-25.257539266,24.46443458));
#4016=CARTESIAN_POINT('',(18.50665942,-25.2917634,24.522806044));
#4017=CARTESIAN_POINT('',(18.420081842,-25.339493431,24.575350498));
#4018=CARTESIAN_POINT('',(18.333504264,-25.387223462,24.627894952));
#4019=CARTESIAN_POINT('',(18.249711713,-25.448538004,24.673974158));
#4020=CARTESIAN_POINT('',(18.172912914,-25.520151865,24.71133855));
#4021=CARTESIAN_POINT('',(18.096114115,-25.591765727,24.748702942));
#4022=CARTESIAN_POINT('',(18.024385404,-25.675649945,24.77823245));
#4023=CARTESIAN_POINT('',(17.962489611,-25.766245981,24.797962691));
#4024=CARTESIAN_POINT('',(17.900593818,-25.856842017,24.817692931));
#4025=CARTESIAN_POINT('',(17.846916253,-25.956248941,24.828222087));
#4026=CARTESIAN_POINT('',(17.804166432,-26.059800776,24.828907557));
#4027=CARTESIAN_POINT('',(17.71866679,-26.266904446,24.830278496));
#4028=CARTESIAN_POINT('',(17.676936083,-26.490874744,24.792138788));
#4029=CARTESIAN_POINT('',(17.684258189,-26.70244777,24.719603471));
#4030=CARTESIAN_POINT('',(17.687919241,-26.808234283,24.683335813));
#4031=CARTESIAN_POINT('',(17.704107831,-26.912583848,24.637738415));
#4032=CARTESIAN_POINT('',(17.731381155,-27.007504233,24.586461425));
#4033=CARTESIAN_POINT('',(17.758654478,-27.102424618,24.535184435));
#4034=CARTESIAN_POINT('',(17.796795481,-27.189639197,24.477852395));
#4035=CARTESIAN_POINT('',(17.846318478,-27.268783291,24.41417875));
#4036=B_SPLINE_CURVE_WITH_KNOTS('',3,(#4014,#4015,#4016,#4017,#4018,#4019,#4020,#4021,#4022,#4023,#4024,#4025,#4026,#4027,#4028,#4029,#4030,#4031,#4032,#4033,#4034,#4035),.UNSPECIFIED.,.F.,.F.,(4,3,3,3,3,3,3,4),(0.,0.00033421,0.00066842,0.00100263,0.00133684,0.00200526,0.00233947,0.00267368),.UNSPECIFIED.);
#4037=EDGE_CURVE('',#2083,#131,#4036,.T.);
#4038=ORIENTED_EDGE('',*,*,#4037,.F.);
#4039=EDGE_LOOP('',(#4011,#4012,#4013,#4038));
#4040=FACE_BOUND('',#4039,.T.);
#4041=ADVANCED_FACE('',(#4040),#4010,.T.);
#4042=CARTESIAN_POINT('',(-20.474946281,-10.598039802,-26.126194144));
#4043=DIRECTION('',(-0.597253524,0.24144478,-0.76484812));
#4044=DIRECTION('',(-0.558804545,0.558804545,0.612760118));
#4045=AXIS2_PLACEMENT_3D('',#4042,#4043,#4044);
#4046=CYLINDRICAL_SURFACE('',#4045,1.25);
#4047=ORIENTED_EDGE('',*,*,#2131,.F.);
#4048=ORIENTED_EDGE('',*,*,#4037,.T.);
#4049=ORIENTED_EDGE('',*,*,#136,.F.);
#4050=ORIENTED_EDGE('',*,*,#2508,.T.);
#4051=EDGE_LOOP('',(#4047,#4048,#4049,#4050));
#4052=FACE_BOUND('',#4051,.T.);
#4053=ADVANCED_FACE('',(#4052),#4046,.T.);
#4054=CLOSED_SHELL('',(#90,#154,#235,#266,#297,#341,#385,#425,#529,#560,#584,#608,#632,#656,#680,#704,#728,#752,#776,#800,#817,#848,#872,#896,#920,#944,
#968,#992,#1016,#1040,#1064,#1088,#1105,#1136,#1153,#1279,#1291,#1414,#1636,#1666,#1699,#1716,#1733,#1764,#1901,#1927,#1955,#2039,#2076,#2119,#2175,
#2512,#2562,#2756,#2942,#3136,#3186,#3204,#3578,#3772,#3980,#3992,#4005,#4041,#4053));
#4055=MANIFOLD_SOLID_BREP('Spacebar',#4054);
#4056=COLOUR_RGB('',0.309803933,0.356862754,0.384313732);
#4057=FILL_AREA_STYLE_COLOUR('',#4056);
#4058=FILL_AREA_STYLE('',(#4057));
#4059=SURFACE_STYLE_FILL_AREA(#4058);
#4060=SURFACE_SIDE_STYLE('',(#4059));
#4061=SURFACE_STYLE_USAGE(.BOTH.,#4060);
#4062=PRESENTATION_STYLE_ASSIGNMENT((#4061));
#26=STYLED_ITEM('',(#4062),#4055);
#16=SHAPE_REPRESENTATION('Spacebar',(#15),#10);
#17=ADVANCED_BREP_SHAPE_REPRESENTATION('Spacebar',(#4055),#10);
#4070=SHAPE_REPRESENTATION_RELATIONSHIP('','',#16,#17);
#4071=CARTESIAN_POINT('',(0.,0.,0.));
#4072=DIRECTION('',(0.,0.,1.));
#4073=DIRECTION('',(1.,0.,0.));
#4074=AXIS2_PLACEMENT_3D('',#4071,#4072,#4073);
#4076=MAPPED_ITEM('',#4075,#4074);
#4075=REPRESENTATION_MAP(#4074,#16);
#4077=APPLICATION_CONTEXT('Managed model based 3d engineering');
#4078=APPLICATION_PROTOCOL_DEFINITION('international standard','ap242_managed_model_based_3d_engineering',2014,#4077);
#4079=PRODUCT_CONTEXT('',#4077,'mechanical');
#4080=PRODUCT_DEFINITION_CONTEXT('part definition',#4077,'design');
#24=PRODUCT('Spacebar','Spacebar','',(#4079));
#4081=PRODUCT_RELATED_PRODUCT_CATEGORY('part','',(#24));
#4082=PRODUCT_DEFINITION_FORMATION_WITH_SPECIFIED_SOURCE('','',#24,.NOT_KNOWN.);
#25=PRODUCT_DEFINITION('design','',#4082,#4080);
#23=PRODUCT_DEFINITION_SHAPE('','',#25);
#4083=SHAPE_DEFINITION_REPRESENTATION(#23,#16);
#11=DRAUGHTING_MODEL('',(#4076),#10);
#4084=DESCRIPTIVE_REPRESENTATION_ITEM('KEY','/Users/jscotto/Library/Containers/com.shapr3d.shapr/Data/tmp/414ECAB7-B341-433F-B508-11DE55990DA3.tmp');
#4085=PROPERTY_DEFINITION('KEY','',#25);
#4086=REPRESENTATION('',(#4084),#10);
#4087=PROPERTY_DEFINITION_REPRESENTATION(#4085,#4086);
#4088=GENERAL_PROPERTY('','KEY','');
#4089=GENERAL_PROPERTY_ASSOCIATION('','',#4088,#4085);
#1=MECHANICAL_DESIGN_GEOMETRIC_PRESENTATION_REPRESENTATION('',(#26),#10);
ENDSEC;
END-ISO-10303-21;
