ISO-10303-21;
HEADER;

/* File generated by Shapr3D Version 26.161.0.11733 */

FILE_DESCRIPTION(('HOOPS Exchange Step'),'2;1');

FILE_NAME('/Users/jscotto/Library/Containers/com.shapr3d.shapr/Data/tmp/export/temp_export',
'2026-09-17T12:38:34-04:00',
('jscotto'),
('Shapr3D Limited'),
'HOOPS Exchange 2026.3',
'Shapr3D',
'Authorized');

FILE_SCHEMA( ('AP242_MANAGED_MODEL_BASED_3D_ENGINEERING_MIM_LF {1 0 10303 442 1 1 4}') );

ENDSEC;

DATA;
#3=(NAMED_UNIT(*)PLANE_ANGLE_UNIT()SI_UNIT($,.RADIAN.));
#4=PLANE_ANGLE_MEASURE_WITH_UNIT(PLANE_ANGLE_MEASURE(0.0174532925),#3);
#5=(CONVERSION_BASED_UNIT('DEGREE',#4)NAMED_UNIT(#6)PLANE_ANGLE_UNIT());
#6=DIMENSIONAL_EXPONENTS(0.,0.,0.,0.,0.,0.,0.);
#7=(NAMED_UNIT(*)SI_UNIT($,.STERADIAN.)SOLID_ANGLE_UNIT());
#8=(LENGTH_UNIT()NAMED_UNIT(*)SI_UNIT(.MILLI.,.METRE.));
#9=UNCERTAINTY_MEASURE_WITH_UNIT(LENGTH_MEASURE(1.000000E-05),#8,'DISTANCE_ACCURACY_VALUE','Maximum Tolerance applied to model');
#10=(GEOMETRIC_REPRESENTATION_CONTEXT(3)GLOBAL_UNCERTAINTY_ASSIGNED_CONTEXT((#9))GLOBAL_UNIT_ASSIGNED_CONTEXT((#8,#5,#7))REPRESENTATION_CONTEXT('','Plate'));
#12=CARTESIAN_POINT('',(0.,0.,0.));
#13=DIRECTION('',(0.,0.,1.));
#14=DIRECTION('',(1.,0.,0.));
#15=AXIS2_PLACEMENT_3D('TS3D_PRODUCT_CSYS',#12,#13,#14);
#27=CARTESIAN_POINT('',(-148.264150223,110.61313257,11.));
#28=DIRECTION('',(0.,0.,1.));
#29=DIRECTION('',(1.,0.,0.));
#30=AXIS2_PLACEMENT_3D('',#27,#28,#29);
#31=PLANE('',#30);
#32=CARTESIAN_POINT('',(-24.609150223,24.25313257,11.));
#33=VERTEX_POINT('',#32);
#34=CARTESIAN_POINT('',(-25.709150223,24.25313257,11.));
#35=DIRECTION('',(0.,0.,1.));
#36=DIRECTION('',(1.,0.,-0.));
#37=AXIS2_PLACEMENT_3D('',#34,#35,#36);
#38=CIRCLE('',#37,1.1);
#39=EDGE_CURVE('',#33,#33,#38,.T.);
#40=ORIENTED_EDGE('',*,*,#39,.T.);
#41=EDGE_LOOP('',(#40));
#42=FACE_BOUND('',#41,.T.);
#43=CARTESIAN_POINT('',(13.490849777,24.25313257,11.));
#44=VERTEX_POINT('',#43);
#45=CARTESIAN_POINT('',(12.390849777,24.25313257,11.));
#46=DIRECTION('',(0.,0.,1.));
#47=DIRECTION('',(1.,0.,-0.));
#48=AXIS2_PLACEMENT_3D('',#45,#46,#47);
#49=CIRCLE('',#48,1.1);
#50=EDGE_CURVE('',#44,#44,#49,.T.);
#51=ORIENTED_EDGE('',*,*,#50,.T.);
#52=EDGE_LOOP('',(#51));
#53=FACE_BOUND('',#52,.T.);
#54=CARTESIAN_POINT('',(-24.609150223,-13.84686743,11.));
#55=VERTEX_POINT('',#54);
#56=CARTESIAN_POINT('',(-25.709150223,-13.84686743,11.));
#57=DIRECTION('',(0.,0.,1.));
#58=DIRECTION('',(1.,0.,-0.));
#59=AXIS2_PLACEMENT_3D('',#56,#57,#58);
#60=CIRCLE('',#59,1.1);
#61=EDGE_CURVE('',#55,#55,#60,.T.);
#62=ORIENTED_EDGE('',*,*,#61,.T.);
#63=EDGE_LOOP('',(#62));
#64=FACE_BOUND('',#63,.T.);
#65=CARTESIAN_POINT('',(46.581845671,-22.360327823,11.));
#66=VERTEX_POINT('',#65);
#67=CARTESIAN_POINT('',(45.481845671,-22.360327823,11.));
#68=DIRECTION('',(0.,0.,1.));
#69=DIRECTION('',(1.,0.,-0.));
#70=AXIS2_PLACEMENT_3D('',#67,#68,#69);
#71=CIRCLE('',#70,1.1);
#72=EDGE_CURVE('',#66,#66,#71,.T.);
#73=ORIENTED_EDGE('',*,*,#72,.T.);
#74=EDGE_LOOP('',(#73));
#75=FACE_BOUND('',#74,.T.);
#76=CARTESIAN_POINT('',(31.529310171,-37.412863323,11.));
#77=VERTEX_POINT('',#76);
#78=CARTESIAN_POINT('',(30.429310171,-37.412863323,11.));
#79=DIRECTION('',(0.,0.,1.));
#80=DIRECTION('',(1.,0.,-0.));
#81=AXIS2_PLACEMENT_3D('',#78,#79,#80);
#82=CIRCLE('',#81,1.1);
#83=EDGE_CURVE('',#77,#77,#82,.T.);
#84=ORIENTED_EDGE('',*,*,#83,.T.);
#85=EDGE_LOOP('',(#84));
#86=FACE_BOUND('',#85,.T.);
#87=CARTESIAN_POINT('',(13.490849777,-13.84686743,11.));
#88=VERTEX_POINT('',#87);
#89=CARTESIAN_POINT('',(12.390849777,-13.84686743,11.));
#90=DIRECTION('',(0.,0.,1.));
#91=DIRECTION('',(1.,0.,-0.));
#92=AXIS2_PLACEMENT_3D('',#89,#90,#91);
#93=CIRCLE('',#92,1.1);
#94=EDGE_CURVE('',#88,#88,#93,.T.);
#95=ORIENTED_EDGE('',*,*,#94,.T.);
#96=EDGE_LOOP('',(#95));
#97=FACE_BOUND('',#96,.T.);
#98=CARTESIAN_POINT('',(-4.634150223,-6.34686743,11.));
#99=VERTEX_POINT('',#98);
#100=CARTESIAN_POINT('',(-4.634150223,-21.34686743,11.));
#101=VERTEX_POINT('',#100);
#102=CARTESIAN_POINT('',(-4.634150223,-6.34686743,11.));
#103=DIRECTION('',(0.,-1.,0.));
#104=VECTOR('',#103,15.);
#105=LINE('',#102,#104);
#106=EDGE_CURVE('',#99,#101,#105,.T.);
#107=ORIENTED_EDGE('',*,*,#106,.T.);
#108=CARTESIAN_POINT('',(10.365849777,-21.34686743,11.));
#109=VERTEX_POINT('',#108);
#110=CARTESIAN_POINT('',(-4.634150223,-21.34686743,11.));
#111=DIRECTION('',(1.,0.,-0.));
#112=VECTOR('',#111,15.);
#113=LINE('',#110,#112);
#114=EDGE_CURVE('',#101,#109,#113,.T.);
#115=ORIENTED_EDGE('',*,*,#114,.T.);
#116=CARTESIAN_POINT('',(10.365849777,-6.34686743,11.));
#117=VERTEX_POINT('',#116);
#118=CARTESIAN_POINT('',(10.365849777,-21.34686743,11.));
#119=DIRECTION('',(0.,1.,0.));
#120=VECTOR('',#119,15.);
#121=LINE('',#118,#120);
#122=EDGE_CURVE('',#109,#117,#121,.T.);
#123=ORIENTED_EDGE('',*,*,#122,.T.);
#124=CARTESIAN_POINT('',(10.365849777,-6.34686743,11.));
#125=DIRECTION('',(-1.,0.,0.));
#126=VECTOR('',#125,15.);
#127=LINE('',#124,#126);
#128=EDGE_CURVE('',#117,#99,#127,.T.);
#129=ORIENTED_EDGE('',*,*,#128,.T.);
#130=EDGE_LOOP('',(#107,#115,#123,#129));
#131=FACE_BOUND('',#130,.T.);
#132=CARTESIAN_POINT('',(-42.734150223,12.70313257,11.));
#133=VERTEX_POINT('',#132);
#134=CARTESIAN_POINT('',(-42.734150223,-2.29686743,11.));
#135=VERTEX_POINT('',#134);
#136=CARTESIAN_POINT('',(-42.734150223,12.70313257,11.));
#137=DIRECTION('',(0.,-1.,0.));
#138=VECTOR('',#137,15.);
#139=LINE('',#136,#138);
#140=EDGE_CURVE('',#133,#135,#139,.T.);
#141=ORIENTED_EDGE('',*,*,#140,.T.);
#142=CARTESIAN_POINT('',(-27.734150223,-2.29686743,11.));
#143=VERTEX_POINT('',#142);
#144=CARTESIAN_POINT('',(-42.734150223,-2.29686743,11.));
#145=DIRECTION('',(1.,0.,-0.));
#146=VECTOR('',#145,15.);
#147=LINE('',#144,#146);
#148=EDGE_CURVE('',#135,#143,#147,.T.);
#149=ORIENTED_EDGE('',*,*,#148,.T.);
#150=CARTESIAN_POINT('',(-27.734150223,12.70313257,11.));
#151=VERTEX_POINT('',#150);
#152=CARTESIAN_POINT('',(-27.734150223,-2.29686743,11.));
#153=DIRECTION('',(0.,1.,0.));
#154=VECTOR('',#153,15.);
#155=LINE('',#152,#154);
#156=EDGE_CURVE('',#143,#151,#155,.T.);
#157=ORIENTED_EDGE('',*,*,#156,.T.);
#158=CARTESIAN_POINT('',(-27.734150223,12.70313257,11.));
#159=DIRECTION('',(-1.,0.,0.));
#160=VECTOR('',#159,15.);
#161=LINE('',#158,#160);
#162=EDGE_CURVE('',#151,#133,#161,.T.);
#163=ORIENTED_EDGE('',*,*,#162,.T.);
#164=EDGE_LOOP('',(#141,#149,#157,#163));
#165=FACE_BOUND('',#164,.T.);
#166=CARTESIAN_POINT('',(-23.684150223,31.75313257,11.));
#167=VERTEX_POINT('',#166);
#168=CARTESIAN_POINT('',(-23.684150223,16.75313257,11.));
#169=VERTEX_POINT('',#168);
#170=CARTESIAN_POINT('',(-23.684150223,31.75313257,11.));
#171=DIRECTION('',(0.,-1.,0.));
#172=VECTOR('',#171,15.);
#173=LINE('',#170,#172);
#174=EDGE_CURVE('',#167,#169,#173,.T.);
#175=ORIENTED_EDGE('',*,*,#174,.T.);
#176=CARTESIAN_POINT('',(-8.684150223,16.75313257,11.));
#177=VERTEX_POINT('',#176);
#178=CARTESIAN_POINT('',(-23.684150223,16.75313257,11.));
#179=DIRECTION('',(1.,0.,-0.));
#180=VECTOR('',#179,15.);
#181=LINE('',#178,#180);
#182=EDGE_CURVE('',#169,#177,#181,.T.);
#183=ORIENTED_EDGE('',*,*,#182,.T.);
#184=CARTESIAN_POINT('',(-8.684150223,31.75313257,11.));
#185=VERTEX_POINT('',#184);
#186=CARTESIAN_POINT('',(-8.684150223,16.75313257,11.));
#187=DIRECTION('',(0.,1.,0.));
#188=VECTOR('',#187,15.);
#189=LINE('',#186,#188);
#190=EDGE_CURVE('',#177,#185,#189,.T.);
#191=ORIENTED_EDGE('',*,*,#190,.T.);
#192=CARTESIAN_POINT('',(-8.684150223,31.75313257,11.));
#193=DIRECTION('',(-1.,0.,0.));
#194=VECTOR('',#193,15.);
#195=LINE('',#192,#194);
#196=EDGE_CURVE('',#185,#167,#195,.T.);
#197=ORIENTED_EDGE('',*,*,#196,.T.);
#198=EDGE_LOOP('',(#175,#183,#191,#197));
#199=FACE_BOUND('',#198,.T.);
#200=CARTESIAN_POINT('',(-23.684150223,-6.34686743,11.));
#201=VERTEX_POINT('',#200);
#202=CARTESIAN_POINT('',(-23.684150223,-21.34686743,11.));
#203=VERTEX_POINT('',#202);
#204=CARTESIAN_POINT('',(-23.684150223,-6.34686743,11.));
#205=DIRECTION('',(0.,-1.,0.));
#206=VECTOR('',#205,15.);
#207=LINE('',#204,#206);
#208=EDGE_CURVE('',#201,#203,#207,.T.);
#209=ORIENTED_EDGE('',*,*,#208,.T.);
#210=CARTESIAN_POINT('',(-8.684150223,-21.34686743,11.));
#211=VERTEX_POINT('',#210);
#212=CARTESIAN_POINT('',(-23.684150223,-21.34686743,11.));
#213=DIRECTION('',(1.,0.,-0.));
#214=VECTOR('',#213,15.);
#215=LINE('',#212,#214);
#216=EDGE_CURVE('',#203,#211,#215,.T.);
#217=ORIENTED_EDGE('',*,*,#216,.T.);
#218=CARTESIAN_POINT('',(-8.684150223,-6.34686743,11.));
#219=VERTEX_POINT('',#218);
#220=CARTESIAN_POINT('',(-8.684150223,-21.34686743,11.));
#221=DIRECTION('',(0.,1.,0.));
#222=VECTOR('',#221,15.);
#223=LINE('',#220,#222);
#224=EDGE_CURVE('',#211,#219,#223,.T.);
#225=ORIENTED_EDGE('',*,*,#224,.T.);
#226=CARTESIAN_POINT('',(-8.684150223,-6.34686743,11.));
#227=DIRECTION('',(-1.,0.,0.));
#228=VECTOR('',#227,15.);
#229=LINE('',#226,#228);
#230=EDGE_CURVE('',#219,#201,#229,.T.);
#231=ORIENTED_EDGE('',*,*,#230,.T.);
#232=EDGE_LOOP('',(#209,#217,#225,#231));
#233=FACE_BOUND('',#232,.T.);
#234=CARTESIAN_POINT('',(-4.634150223,12.70313257,11.));
#235=VERTEX_POINT('',#234);
#236=CARTESIAN_POINT('',(-4.634150223,-2.29686743,11.));
#237=VERTEX_POINT('',#236);
#238=CARTESIAN_POINT('',(-4.634150223,12.70313257,11.));
#239=DIRECTION('',(0.,-1.,0.));
#240=VECTOR('',#239,15.);
#241=LINE('',#238,#240);
#242=EDGE_CURVE('',#235,#237,#241,.T.);
#243=ORIENTED_EDGE('',*,*,#242,.T.);
#244=CARTESIAN_POINT('',(10.365849777,-2.29686743,11.));
#245=VERTEX_POINT('',#244);
#246=CARTESIAN_POINT('',(-4.634150223,-2.29686743,11.));
#247=DIRECTION('',(1.,0.,-0.));
#248=VECTOR('',#247,15.);
#249=LINE('',#246,#248);
#250=EDGE_CURVE('',#237,#245,#249,.T.);
#251=ORIENTED_EDGE('',*,*,#250,.T.);
#252=CARTESIAN_POINT('',(10.365849777,12.70313257,11.));
#253=VERTEX_POINT('',#252);
#254=CARTESIAN_POINT('',(10.365849777,-2.29686743,11.));
#255=DIRECTION('',(0.,1.,0.));
#256=VECTOR('',#255,15.);
#257=LINE('',#254,#256);
#258=EDGE_CURVE('',#245,#253,#257,.T.);
#259=ORIENTED_EDGE('',*,*,#258,.T.);
#260=CARTESIAN_POINT('',(10.365849777,12.70313257,11.));
#261=DIRECTION('',(-1.,0.,0.));
#262=VECTOR('',#261,15.);
#263=LINE('',#260,#262);
#264=EDGE_CURVE('',#253,#235,#263,.T.);
#265=ORIENTED_EDGE('',*,*,#264,.T.);
#266=EDGE_LOOP('',(#243,#251,#259,#265));
#267=FACE_BOUND('',#266,.T.);
#268=CARTESIAN_POINT('',(38.176041777,-19.500457649,11.));
#269=VERTEX_POINT('',#268);
#270=CARTESIAN_POINT('',(27.569439996,-30.10705943,11.));
#271=VERTEX_POINT('',#270);
#272=CARTESIAN_POINT('',(38.176041777,-19.500457649,11.));
#273=DIRECTION('',(-0.707106781,-0.707106781,0.));
#274=VECTOR('',#273,15.00000009);
#275=LINE('',#272,#274);
#276=EDGE_CURVE('',#269,#271,#275,.T.);
#277=ORIENTED_EDGE('',*,*,#276,.T.);
#278=CARTESIAN_POINT('',(38.176041777,-40.713661211,11.));
#279=VERTEX_POINT('',#278);
#280=CARTESIAN_POINT('',(27.569439996,-30.10705943,11.));
#281=DIRECTION('',(0.707106781,-0.707106781,0.));
#282=VECTOR('',#281,15.00000009);
#283=LINE('',#280,#282);
#284=EDGE_CURVE('',#271,#279,#283,.T.);
#285=ORIENTED_EDGE('',*,*,#284,.T.);
#286=CARTESIAN_POINT('',(48.782643559,-30.10705943,11.));
#287=VERTEX_POINT('',#286);
#288=CARTESIAN_POINT('',(38.176041777,-40.713661211,11.));
#289=DIRECTION('',(0.707106781,0.707106781,0.));
#290=VECTOR('',#289,15.00000009);
#291=LINE('',#288,#290);
#292=EDGE_CURVE('',#279,#287,#291,.T.);
#293=ORIENTED_EDGE('',*,*,#292,.T.);
#294=CARTESIAN_POINT('',(48.782643559,-30.10705943,11.));
#295=DIRECTION('',(-0.707106781,0.707106781,0.));
#296=VECTOR('',#295,15.00000009);
#297=LINE('',#294,#296);
#298=EDGE_CURVE('',#287,#269,#297,.T.);
#299=ORIENTED_EDGE('',*,*,#298,.T.);
#300=EDGE_LOOP('',(#277,#285,#293,#299));
#301=FACE_BOUND('',#300,.T.);
#302=CARTESIAN_POINT('',(-43.509150223,33.77813257,11.));
#303=VERTEX_POINT('',#302);
#304=CARTESIAN_POINT('',(30.190849777,33.77813257,11.));
#305=VERTEX_POINT('',#304);
#306=CARTESIAN_POINT('',(-43.509150223,33.77813257,11.));
#307=DIRECTION('',(1.,0.,-0.));
#308=VECTOR('',#307,73.7);
#309=LINE('',#306,#308);
#310=EDGE_CURVE('',#303,#305,#309,.T.);
#311=ORIENTED_EDGE('',*,*,#310,.T.);
#312=CARTESIAN_POINT('',(31.440849777,32.52813257,11.));
#313=VERTEX_POINT('',#312);
#314=CARTESIAN_POINT('',(30.190849777,32.52813257,11.));
#315=DIRECTION('',(-0.,-0.,-1.));
#316=DIRECTION('',(1.,0.,-0.));
#317=AXIS2_PLACEMENT_3D('',#314,#315,#316);
#318=CIRCLE('',#317,1.25);
#319=EDGE_CURVE('',#305,#313,#318,.T.);
#320=ORIENTED_EDGE('',*,*,#319,.T.);
#321=CARTESIAN_POINT('',(31.440849777,11.124076472,11.));
#322=VERTEX_POINT('',#321);
#323=CARTESIAN_POINT('',(31.440849777,32.52813257,11.));
#324=DIRECTION('',(0.,-1.,0.));
#325=VECTOR('',#324,21.404056098);
#326=LINE('',#323,#325);
#327=EDGE_CURVE('',#313,#322,#326,.T.);
#328=ORIENTED_EDGE('',*,*,#327,.T.);
#329=CARTESIAN_POINT('',(41.545665826,-13.271107479,11.));
#330=VERTEX_POINT('',#329);
#331=CARTESIAN_POINT('',(65.940849777,11.124076472,11.));
#332=DIRECTION('',(0.,0.,1.));
#333=DIRECTION('',(1.,0.,-0.));
#334=AXIS2_PLACEMENT_3D('',#331,#332,#333);
#335=CIRCLE('',#334,34.5);
#336=EDGE_CURVE('',#322,#330,#335,.T.);
#337=ORIENTED_EDGE('',*,*,#336,.T.);
#338=CARTESIAN_POINT('',(54.130138301,-25.855579953,11.));
#339=VERTEX_POINT('',#338);
#340=CARTESIAN_POINT('',(41.545665826,-13.271107479,11.));
#341=DIRECTION('',(0.707106781,-0.707106781,0.));
#342=VECTOR('',#341,17.797131649);
#343=LINE('',#340,#342);
#344=EDGE_CURVE('',#330,#339,#343,.T.);
#345=ORIENTED_EDGE('',*,*,#344,.T.);
#346=CARTESIAN_POINT('',(54.496254824,-26.73946343,11.));
#347=VERTEX_POINT('',#346);
#348=CARTESIAN_POINT('',(53.246254824,-26.73946343,11.));
#349=DIRECTION('',(-0.,-0.,-1.));
#350=DIRECTION('',(1.,0.,-0.));
#351=AXIS2_PLACEMENT_3D('',#348,#349,#350);
#352=CIRCLE('',#351,1.25);
#353=EDGE_CURVE('',#339,#347,#352,.T.);
#354=ORIENTED_EDGE('',*,*,#353,.T.);
#355=CARTESIAN_POINT('',(54.130138301,-27.623346906,11.));
#356=VERTEX_POINT('',#355);
#357=CARTESIAN_POINT('',(53.246254824,-26.73946343,11.));
#358=DIRECTION('',(-0.,-0.,-1.));
#359=DIRECTION('',(1.,0.,-0.));
#360=AXIS2_PLACEMENT_3D('',#357,#358,#359);
#361=CIRCLE('',#360,1.25);
#362=EDGE_CURVE('',#347,#356,#361,.T.);
#363=ORIENTED_EDGE('',*,*,#362,.T.);
#364=CARTESIAN_POINT('',(35.692329254,-46.061155953,11.));
#365=VERTEX_POINT('',#364);
#366=CARTESIAN_POINT('',(54.130138301,-27.623346906,11.));
#367=DIRECTION('',(-0.707106781,-0.707106781,0.));
#368=VECTOR('',#367,26.074999615);
#369=LINE('',#366,#368);
#370=EDGE_CURVE('',#356,#365,#369,.T.);
#371=ORIENTED_EDGE('',*,*,#370,.T.);
#372=CARTESIAN_POINT('',(33.924562301,-46.061155953,11.));
#373=VERTEX_POINT('',#372);
#374=CARTESIAN_POINT('',(34.808445777,-45.177272477,11.));
#375=DIRECTION('',(-0.,-0.,-1.));
#376=DIRECTION('',(1.,0.,-0.));
#377=AXIS2_PLACEMENT_3D('',#374,#375,#376);
#378=CIRCLE('',#377,1.25);
#379=EDGE_CURVE('',#365,#373,#378,.T.);
#380=ORIENTED_EDGE('',*,*,#379,.T.);
#381=CARTESIAN_POINT('',(21.340089826,-33.476683479,11.));
#382=VERTEX_POINT('',#381);
#383=CARTESIAN_POINT('',(33.924562301,-46.061155953,11.));
#384=DIRECTION('',(-0.707106781,0.707106781,0.));
#385=VECTOR('',#384,17.797131649);
#386=LINE('',#383,#385);
#387=EDGE_CURVE('',#373,#382,#386,.T.);
#388=ORIENTED_EDGE('',*,*,#387,.T.);
#389=CARTESIAN_POINT('',(-3.055094125,-23.37186743,11.));
#390=VERTEX_POINT('',#389);
#391=CARTESIAN_POINT('',(-3.055094125,-57.87186743,11.));
#392=DIRECTION('',(0.,0.,1.));
#393=DIRECTION('',(1.,0.,-0.));
#394=AXIS2_PLACEMENT_3D('',#391,#392,#393);
#395=CIRCLE('',#394,34.5);
#396=EDGE_CURVE('',#382,#390,#395,.T.);
#397=ORIENTED_EDGE('',*,*,#396,.T.);
#398=CARTESIAN_POINT('',(-43.509150223,-23.37186743,11.));
#399=VERTEX_POINT('',#398);
#400=CARTESIAN_POINT('',(-3.055094125,-23.37186743,11.));
#401=DIRECTION('',(-1.,0.,0.));
#402=VECTOR('',#401,40.454056098);
#403=LINE('',#400,#402);
#404=EDGE_CURVE('',#390,#399,#403,.T.);
#405=ORIENTED_EDGE('',*,*,#404,.T.);
#406=CARTESIAN_POINT('',(-44.759150223,-22.12186743,11.));
#407=VERTEX_POINT('',#406);
#408=CARTESIAN_POINT('',(-43.509150223,-22.12186743,11.));
#409=DIRECTION('',(-0.,-0.,-1.));
#410=DIRECTION('',(1.,0.,-0.));
#411=AXIS2_PLACEMENT_3D('',#408,#409,#410);
#412=CIRCLE('',#411,1.25);
#413=EDGE_CURVE('',#399,#407,#412,.T.);
#414=ORIENTED_EDGE('',*,*,#413,.T.);
#415=CARTESIAN_POINT('',(-44.759150223,32.52813257,11.));
#416=VERTEX_POINT('',#415);
#417=CARTESIAN_POINT('',(-44.759150223,-22.12186743,11.));
#418=DIRECTION('',(0.,1.,0.));
#419=VECTOR('',#418,54.65);
#420=LINE('',#417,#419);
#421=EDGE_CURVE('',#407,#416,#420,.T.);
#422=ORIENTED_EDGE('',*,*,#421,.T.);
#423=CARTESIAN_POINT('',(-43.509150223,32.52813257,11.));
#424=DIRECTION('',(-0.,-0.,-1.));
#425=DIRECTION('',(1.,0.,-0.));
#426=AXIS2_PLACEMENT_3D('',#423,#424,#425);
#427=CIRCLE('',#426,1.25);
#428=EDGE_CURVE('',#416,#303,#427,.T.);
#429=ORIENTED_EDGE('',*,*,#428,.T.);
#430=EDGE_LOOP('',(#311,#320,#328,#337,#345,#354,#363,#371,#380,#388,#397,#405,#414,#422,#429));
#431=FACE_BOUND('',#430,.T.);
#432=CARTESIAN_POINT('',(14.415849777,-6.34686743,11.));
#433=VERTEX_POINT('',#432);
#434=CARTESIAN_POINT('',(14.415849777,-21.34686743,11.));
#435=VERTEX_POINT('',#434);
#436=CARTESIAN_POINT('',(14.415849777,-6.34686743,11.));
#437=DIRECTION('',(0.,-1.,0.));
#438=VECTOR('',#437,15.);
#439=LINE('',#436,#438);
#440=EDGE_CURVE('',#433,#435,#439,.T.);
#441=ORIENTED_EDGE('',*,*,#440,.T.);
#442=CARTESIAN_POINT('',(29.415849777,-21.34686743,11.));
#443=VERTEX_POINT('',#442);
#444=CARTESIAN_POINT('',(14.415849777,-21.34686743,11.));
#445=DIRECTION('',(1.,0.,-0.));
#446=VECTOR('',#445,15.);
#447=LINE('',#444,#446);
#448=EDGE_CURVE('',#435,#443,#447,.T.);
#449=ORIENTED_EDGE('',*,*,#448,.T.);
#450=CARTESIAN_POINT('',(29.415849777,-6.34686743,11.));
#451=VERTEX_POINT('',#450);
#452=CARTESIAN_POINT('',(29.415849777,-21.34686743,11.));
#453=DIRECTION('',(0.,1.,0.));
#454=VECTOR('',#453,15.);
#455=LINE('',#452,#454);
#456=EDGE_CURVE('',#443,#451,#455,.T.);
#457=ORIENTED_EDGE('',*,*,#456,.T.);
#458=CARTESIAN_POINT('',(29.415849777,-6.34686743,11.));
#459=DIRECTION('',(-1.,0.,0.));
#460=VECTOR('',#459,15.);
#461=LINE('',#458,#460);
#462=EDGE_CURVE('',#451,#433,#461,.T.);
#463=ORIENTED_EDGE('',*,*,#462,.T.);
#464=EDGE_LOOP('',(#441,#449,#457,#463));
#465=FACE_BOUND('',#464,.T.);
#466=CARTESIAN_POINT('',(14.415849777,31.75313257,11.));
#467=VERTEX_POINT('',#466);
#468=CARTESIAN_POINT('',(14.415849777,16.75313257,11.));
#469=VERTEX_POINT('',#468);
#470=CARTESIAN_POINT('',(14.415849777,31.75313257,11.));
#471=DIRECTION('',(0.,-1.,0.));
#472=VECTOR('',#471,15.);
#473=LINE('',#470,#472);
#474=EDGE_CURVE('',#467,#469,#473,.T.);
#475=ORIENTED_EDGE('',*,*,#474,.T.);
#476=CARTESIAN_POINT('',(29.415849777,16.75313257,11.));
#477=VERTEX_POINT('',#476);
#478=CARTESIAN_POINT('',(14.415849777,16.75313257,11.));
#479=DIRECTION('',(1.,0.,-0.));
#480=VECTOR('',#479,15.);
#481=LINE('',#478,#480);
#482=EDGE_CURVE('',#469,#477,#481,.T.);
#483=ORIENTED_EDGE('',*,*,#482,.T.);
#484=CARTESIAN_POINT('',(29.415849777,31.75313257,11.));
#485=VERTEX_POINT('',#484);
#486=CARTESIAN_POINT('',(29.415849777,16.75313257,11.));
#487=DIRECTION('',(0.,1.,0.));
#488=VECTOR('',#487,15.);
#489=LINE('',#486,#488);
#490=EDGE_CURVE('',#477,#485,#489,.T.);
#491=ORIENTED_EDGE('',*,*,#490,.T.);
#492=CARTESIAN_POINT('',(29.415849777,31.75313257,11.));
#493=DIRECTION('',(-1.,0.,0.));
#494=VECTOR('',#493,15.);
#495=LINE('',#492,#494);
#496=EDGE_CURVE('',#485,#467,#495,.T.);
#497=ORIENTED_EDGE('',*,*,#496,.T.);
#498=EDGE_LOOP('',(#475,#483,#491,#497));
#499=FACE_BOUND('',#498,.T.);
#500=CARTESIAN_POINT('',(-42.734150223,31.75313257,11.));
#501=VERTEX_POINT('',#500);
#502=CARTESIAN_POINT('',(-42.734150223,16.75313257,11.));
#503=VERTEX_POINT('',#502);
#504=CARTESIAN_POINT('',(-42.734150223,31.75313257,11.));
#505=DIRECTION('',(0.,-1.,0.));
#506=VECTOR('',#505,15.);
#507=LINE('',#504,#506);
#508=EDGE_CURVE('',#501,#503,#507,.T.);
#509=ORIENTED_EDGE('',*,*,#508,.T.);
#510=CARTESIAN_POINT('',(-27.734150223,16.75313257,11.));
#511=VERTEX_POINT('',#510);
#512=CARTESIAN_POINT('',(-42.734150223,16.75313257,11.));
#513=DIRECTION('',(1.,0.,-0.));
#514=VECTOR('',#513,15.);
#515=LINE('',#512,#514);
#516=EDGE_CURVE('',#503,#511,#515,.T.);
#517=ORIENTED_EDGE('',*,*,#516,.T.);
#518=CARTESIAN_POINT('',(-27.734150223,31.75313257,11.));
#519=VERTEX_POINT('',#518);
#520=CARTESIAN_POINT('',(-27.734150223,16.75313257,11.));
#521=DIRECTION('',(0.,1.,0.));
#522=VECTOR('',#521,15.);
#523=LINE('',#520,#522);
#524=EDGE_CURVE('',#511,#519,#523,.T.);
#525=ORIENTED_EDGE('',*,*,#524,.T.);
#526=CARTESIAN_POINT('',(-27.734150223,31.75313257,11.));
#527=DIRECTION('',(-1.,0.,0.));
#528=VECTOR('',#527,15.);
#529=LINE('',#526,#528);
#530=EDGE_CURVE('',#519,#501,#529,.T.);
#531=ORIENTED_EDGE('',*,*,#530,.T.);
#532=EDGE_LOOP('',(#509,#517,#525,#531));
#533=FACE_BOUND('',#532,.T.);
#534=CARTESIAN_POINT('',(14.415849777,12.70313257,11.));
#535=VERTEX_POINT('',#534);
#536=CARTESIAN_POINT('',(14.415849777,-2.29686743,11.));
#537=VERTEX_POINT('',#536);
#538=CARTESIAN_POINT('',(14.415849777,12.70313257,11.));
#539=DIRECTION('',(0.,-1.,0.));
#540=VECTOR('',#539,15.);
#541=LINE('',#538,#540);
#542=EDGE_CURVE('',#535,#537,#541,.T.);
#543=ORIENTED_EDGE('',*,*,#542,.T.);
#544=CARTESIAN_POINT('',(29.415849777,-2.29686743,11.));
#545=VERTEX_POINT('',#544);
#546=CARTESIAN_POINT('',(14.415849777,-2.29686743,11.));
#547=DIRECTION('',(1.,0.,-0.));
#548=VECTOR('',#547,15.);
#549=LINE('',#546,#548);
#550=EDGE_CURVE('',#537,#545,#549,.T.);
#551=ORIENTED_EDGE('',*,*,#550,.T.);
#552=CARTESIAN_POINT('',(29.415849777,12.70313257,11.));
#553=VERTEX_POINT('',#552);
#554=CARTESIAN_POINT('',(29.415849777,-2.29686743,11.));
#555=DIRECTION('',(0.,1.,0.));
#556=VECTOR('',#555,15.);
#557=LINE('',#554,#556);
#558=EDGE_CURVE('',#545,#553,#557,.T.);
#559=ORIENTED_EDGE('',*,*,#558,.T.);
#560=CARTESIAN_POINT('',(29.415849777,12.70313257,11.));
#561=DIRECTION('',(-1.,0.,0.));
#562=VECTOR('',#561,15.);
#563=LINE('',#560,#562);
#564=EDGE_CURVE('',#553,#535,#563,.T.);
#565=ORIENTED_EDGE('',*,*,#564,.T.);
#566=EDGE_LOOP('',(#543,#551,#559,#565));
#567=FACE_BOUND('',#566,.T.);
#568=CARTESIAN_POINT('',(-4.634150223,31.75313257,11.));
#569=VERTEX_POINT('',#568);
#570=CARTESIAN_POINT('',(-4.634150223,16.75313257,11.));
#571=VERTEX_POINT('',#570);
#572=CARTESIAN_POINT('',(-4.634150223,31.75313257,11.));
#573=DIRECTION('',(0.,-1.,0.));
#574=VECTOR('',#573,15.);
#575=LINE('',#572,#574);
#576=EDGE_CURVE('',#569,#571,#575,.T.);
#577=ORIENTED_EDGE('',*,*,#576,.T.);
#578=CARTESIAN_POINT('',(10.365849777,16.75313257,11.));
#579=VERTEX_POINT('',#578);
#580=CARTESIAN_POINT('',(-4.634150223,16.75313257,11.));
#581=DIRECTION('',(1.,0.,-0.));
#582=VECTOR('',#581,15.);
#583=LINE('',#580,#582);
#584=EDGE_CURVE('',#571,#579,#583,.T.);
#585=ORIENTED_EDGE('',*,*,#584,.T.);
#586=CARTESIAN_POINT('',(10.365849777,31.75313257,11.));
#587=VERTEX_POINT('',#586);
#588=CARTESIAN_POINT('',(10.365849777,16.75313257,11.));
#589=DIRECTION('',(0.,1.,0.));
#590=VECTOR('',#589,15.);
#591=LINE('',#588,#590);
#592=EDGE_CURVE('',#579,#587,#591,.T.);
#593=ORIENTED_EDGE('',*,*,#592,.T.);
#594=CARTESIAN_POINT('',(10.365849777,31.75313257,11.));
#595=DIRECTION('',(-1.,0.,0.));
#596=VECTOR('',#595,15.);
#597=LINE('',#594,#596);
#598=EDGE_CURVE('',#587,#569,#597,.T.);
#599=ORIENTED_EDGE('',*,*,#598,.T.);
#600=EDGE_LOOP('',(#577,#585,#593,#599));
#601=FACE_BOUND('',#600,.T.);
#602=CARTESIAN_POINT('',(-42.734150223,-6.34686743,11.));
#603=VERTEX_POINT('',#602);
#604=CARTESIAN_POINT('',(-42.734150223,-21.34686743,11.));
#605=VERTEX_POINT('',#604);
#606=CARTESIAN_POINT('',(-42.734150223,-6.34686743,11.));
#607=DIRECTION('',(0.,-1.,0.));
#608=VECTOR('',#607,15.);
#609=LINE('',#606,#608);
#610=EDGE_CURVE('',#603,#605,#609,.T.);
#611=ORIENTED_EDGE('',*,*,#610,.T.);
#612=CARTESIAN_POINT('',(-27.734150223,-21.34686743,11.));
#613=VERTEX_POINT('',#612);
#614=CARTESIAN_POINT('',(-42.734150223,-21.34686743,11.));
#615=DIRECTION('',(1.,0.,-0.));
#616=VECTOR('',#615,15.);
#617=LINE('',#614,#616);
#618=EDGE_CURVE('',#605,#613,#617,.T.);
#619=ORIENTED_EDGE('',*,*,#618,.T.);
#620=CARTESIAN_POINT('',(-27.734150223,-6.34686743,11.));
#621=VERTEX_POINT('',#620);
#622=CARTESIAN_POINT('',(-27.734150223,-21.34686743,11.));
#623=DIRECTION('',(0.,1.,0.));
#624=VECTOR('',#623,15.);
#625=LINE('',#622,#624);
#626=EDGE_CURVE('',#613,#621,#625,.T.);
#627=ORIENTED_EDGE('',*,*,#626,.T.);
#628=CARTESIAN_POINT('',(-27.734150223,-6.34686743,11.));
#629=DIRECTION('',(-1.,0.,0.));
#630=VECTOR('',#629,15.);
#631=LINE('',#628,#630);
#632=EDGE_CURVE('',#621,#603,#631,.T.);
#633=ORIENTED_EDGE('',*,*,#632,.T.);
#634=EDGE_LOOP('',(#611,#619,#627,#633));
#635=FACE_BOUND('',#634,.T.);
#636=CARTESIAN_POINT('',(-23.684150223,12.70313257,11.));
#637=VERTEX_POINT('',#636);
#638=CARTESIAN_POINT('',(-23.684150223,-2.29686743,11.));
#639=VERTEX_POINT('',#638);
#640=CARTESIAN_POINT('',(-23.684150223,12.70313257,11.));
#641=DIRECTION('',(0.,-1.,0.));
#642=VECTOR('',#641,15.);
#643=LINE('',#640,#642);
#644=EDGE_CURVE('',#637,#639,#643,.T.);
#645=ORIENTED_EDGE('',*,*,#644,.T.);
#646=CARTESIAN_POINT('',(-8.684150223,-2.29686743,11.));
#647=VERTEX_POINT('',#646);
#648=CARTESIAN_POINT('',(-23.684150223,-2.29686743,11.));
#649=DIRECTION('',(1.,0.,-0.));
#650=VECTOR('',#649,15.);
#651=LINE('',#648,#650);
#652=EDGE_CURVE('',#639,#647,#651,.T.);
#653=ORIENTED_EDGE('',*,*,#652,.T.);
#654=CARTESIAN_POINT('',(-8.684150223,12.70313257,11.));
#655=VERTEX_POINT('',#654);
#656=CARTESIAN_POINT('',(-8.684150223,-2.29686743,11.));
#657=DIRECTION('',(0.,1.,0.));
#658=VECTOR('',#657,15.);
#659=LINE('',#656,#658);
#660=EDGE_CURVE('',#647,#655,#659,.T.);
#661=ORIENTED_EDGE('',*,*,#660,.T.);
#662=CARTESIAN_POINT('',(-8.684150223,12.70313257,11.));
#663=DIRECTION('',(-1.,0.,0.));
#664=VECTOR('',#663,15.);
#665=LINE('',#662,#664);
#666=EDGE_CURVE('',#655,#637,#665,.T.);
#667=ORIENTED_EDGE('',*,*,#666,.T.);
#668=EDGE_LOOP('',(#645,#653,#661,#667));
#669=FACE_BOUND('',#668,.T.);
#670=ADVANCED_FACE('',(#42,#53,#64,#75,#86,#97,#131,#165,#199,#233,#267,#301,#431,#465,#499,#533,#567,#601,#635,#669),#31,.F.);
#671=CARTESIAN_POINT('',(-9.184150223,5.20313257,11.8));
#672=DIRECTION('',(1.,0.,0.));
#673=DIRECTION('',(0.,0.,-1.));
#674=AXIS2_PLACEMENT_3D('',#671,#672,#673);
#675=PLANE('',#674);
#676=CARTESIAN_POINT('',(-9.184150223,-1.79686743,12.6));
#677=VERTEX_POINT('',#676);
#678=CARTESIAN_POINT('',(-9.184150223,12.20313257,12.6));
#679=VERTEX_POINT('',#678);
#680=CARTESIAN_POINT('',(-9.184150223,-1.79686743,12.6));
#681=DIRECTION('',(0.,1.,0.));
#682=VECTOR('',#681,14.);
#683=LINE('',#680,#682);
#684=EDGE_CURVE('',#677,#679,#683,.T.);
#685=ORIENTED_EDGE('',*,*,#684,.F.);
#686=CARTESIAN_POINT('',(-9.184150223,-1.79686743,14.));
#687=VERTEX_POINT('',#686);
#688=CARTESIAN_POINT('',(-9.184150223,-1.79686743,12.6));
#689=DIRECTION('',(0.,0.,1.));
#690=VECTOR('',#689,1.4);
#691=LINE('',#688,#690);
#692=EDGE_CURVE('',#677,#687,#691,.T.);
#693=ORIENTED_EDGE('',*,*,#692,.T.);
#694=CARTESIAN_POINT('',(-9.184150223,12.20313257,14.));
#695=VERTEX_POINT('',#694);
#696=CARTESIAN_POINT('',(-9.184150223,-1.79686743,14.));
#697=DIRECTION('',(0.,1.,0.));
#698=VECTOR('',#697,14.);
#699=LINE('',#696,#698);
#700=EDGE_CURVE('',#687,#695,#699,.T.);
#701=ORIENTED_EDGE('',*,*,#700,.T.);
#702=CARTESIAN_POINT('',(-9.184150223,12.20313257,12.6));
#703=DIRECTION('',(0.,0.,1.));
#704=VECTOR('',#703,1.4);
#705=LINE('',#702,#704);
#706=EDGE_CURVE('',#679,#695,#705,.T.);
#707=ORIENTED_EDGE('',*,*,#706,.F.);
#708=EDGE_LOOP('',(#685,#693,#701,#707));
#709=FACE_BOUND('',#708,.T.);
#710=ADVANCED_FACE('',(#709),#675,.F.);
#711=CARTESIAN_POINT('',(-16.184150223,-1.79686743,11.8));
#712=DIRECTION('',(0.,-1.,0.));
#713=DIRECTION('',(0.,0.,-1.));
#714=AXIS2_PLACEMENT_3D('',#711,#712,#713);
#715=PLANE('',#714);
#716=CARTESIAN_POINT('',(-23.184150223,-1.79686743,12.6));
#717=VERTEX_POINT('',#716);
#718=CARTESIAN_POINT('',(-23.184150223,-1.79686743,12.6));
#719=DIRECTION('',(1.,0.,-0.));
#720=VECTOR('',#719,14.);
#721=LINE('',#718,#720);
#722=EDGE_CURVE('',#717,#677,#721,.T.);
#723=ORIENTED_EDGE('',*,*,#722,.F.);
#724=CARTESIAN_POINT('',(-23.184150223,-1.79686743,14.));
#725=VERTEX_POINT('',#724);
#726=CARTESIAN_POINT('',(-23.184150223,-1.79686743,12.6));
#727=DIRECTION('',(0.,0.,1.));
#728=VECTOR('',#727,1.4);
#729=LINE('',#726,#728);
#730=EDGE_CURVE('',#717,#725,#729,.T.);
#731=ORIENTED_EDGE('',*,*,#730,.T.);
#732=CARTESIAN_POINT('',(-23.184150223,-1.79686743,14.));
#733=DIRECTION('',(1.,0.,-0.));
#734=VECTOR('',#733,14.);
#735=LINE('',#732,#734);
#736=EDGE_CURVE('',#725,#687,#735,.T.);
#737=ORIENTED_EDGE('',*,*,#736,.T.);
#738=ORIENTED_EDGE('',*,*,#692,.F.);
#739=EDGE_LOOP('',(#723,#731,#737,#738));
#740=FACE_BOUND('',#739,.T.);
#741=ADVANCED_FACE('',(#740),#715,.F.);
#742=CARTESIAN_POINT('',(-23.184150223,5.20313257,11.8));
#743=DIRECTION('',(-1.,0.,0.));
#744=DIRECTION('',(0.,0.,1.));
#745=AXIS2_PLACEMENT_3D('',#742,#743,#744);
#746=PLANE('',#745);
#747=CARTESIAN_POINT('',(-23.184150223,12.20313257,12.6));
#748=VERTEX_POINT('',#747);
#749=CARTESIAN_POINT('',(-23.184150223,12.20313257,12.6));
#750=DIRECTION('',(0.,-1.,0.));
#751=VECTOR('',#750,14.);
#752=LINE('',#749,#751);
#753=EDGE_CURVE('',#748,#717,#752,.T.);
#754=ORIENTED_EDGE('',*,*,#753,.F.);
#755=CARTESIAN_POINT('',(-23.184150223,12.20313257,14.));
#756=VERTEX_POINT('',#755);
#757=CARTESIAN_POINT('',(-23.184150223,12.20313257,12.6));
#758=DIRECTION('',(0.,0.,1.));
#759=VECTOR('',#758,1.4);
#760=LINE('',#757,#759);
#761=EDGE_CURVE('',#748,#756,#760,.T.);
#762=ORIENTED_EDGE('',*,*,#761,.T.);
#763=CARTESIAN_POINT('',(-23.184150223,12.20313257,14.));
#764=DIRECTION('',(0.,-1.,0.));
#765=VECTOR('',#764,14.);
#766=LINE('',#763,#765);
#767=EDGE_CURVE('',#756,#725,#766,.T.);
#768=ORIENTED_EDGE('',*,*,#767,.T.);
#769=ORIENTED_EDGE('',*,*,#730,.F.);
#770=EDGE_LOOP('',(#754,#762,#768,#769));
#771=FACE_BOUND('',#770,.T.);
#772=ADVANCED_FACE('',(#771),#746,.F.);
#773=CARTESIAN_POINT('',(-16.184150223,12.20313257,11.8));
#774=DIRECTION('',(0.,1.,0.));
#775=DIRECTION('',(0.,0.,1.));
#776=AXIS2_PLACEMENT_3D('',#773,#774,#775);
#777=PLANE('',#776);
#778=CARTESIAN_POINT('',(-9.184150223,12.20313257,12.6));
#779=DIRECTION('',(-1.,0.,0.));
#780=VECTOR('',#779,14.);
#781=LINE('',#778,#780);
#782=EDGE_CURVE('',#679,#748,#781,.T.);
#783=ORIENTED_EDGE('',*,*,#782,.F.);
#784=ORIENTED_EDGE('',*,*,#706,.T.);
#785=CARTESIAN_POINT('',(-9.184150223,12.20313257,14.));
#786=DIRECTION('',(-1.,0.,0.));
#787=VECTOR('',#786,14.);
#788=LINE('',#785,#787);
#789=EDGE_CURVE('',#695,#756,#788,.T.);
#790=ORIENTED_EDGE('',*,*,#789,.T.);
#791=ORIENTED_EDGE('',*,*,#761,.F.);
#792=EDGE_LOOP('',(#783,#784,#790,#791));
#793=FACE_BOUND('',#792,.T.);
#794=ADVANCED_FACE('',(#793),#777,.F.);
#795=CARTESIAN_POINT('',(9.865849777,-13.84686743,11.8));
#796=DIRECTION('',(1.,0.,0.));
#797=DIRECTION('',(0.,0.,-1.));
#798=AXIS2_PLACEMENT_3D('',#795,#796,#797);
#799=PLANE('',#798);
#800=CARTESIAN_POINT('',(9.865849777,-20.84686743,12.6));
#801=VERTEX_POINT('',#800);
#802=CARTESIAN_POINT('',(9.865849777,-6.84686743,12.6));
#803=VERTEX_POINT('',#802);
#804=CARTESIAN_POINT('',(9.865849777,-20.84686743,12.6));
#805=DIRECTION('',(0.,1.,0.));
#806=VECTOR('',#805,14.);
#807=LINE('',#804,#806);
#808=EDGE_CURVE('',#801,#803,#807,.T.);
#809=ORIENTED_EDGE('',*,*,#808,.F.);
#810=CARTESIAN_POINT('',(9.865849777,-20.84686743,14.));
#811=VERTEX_POINT('',#810);
#812=CARTESIAN_POINT('',(9.865849777,-20.84686743,12.6));
#813=DIRECTION('',(0.,0.,1.));
#814=VECTOR('',#813,1.4);
#815=LINE('',#812,#814);
#816=EDGE_CURVE('',#801,#811,#815,.T.);
#817=ORIENTED_EDGE('',*,*,#816,.T.);
#818=CARTESIAN_POINT('',(9.865849777,-6.84686743,14.));
#819=VERTEX_POINT('',#818);
#820=CARTESIAN_POINT('',(9.865849777,-20.84686743,14.));
#821=DIRECTION('',(0.,1.,0.));
#822=VECTOR('',#821,14.);
#823=LINE('',#820,#822);
#824=EDGE_CURVE('',#811,#819,#823,.T.);
#825=ORIENTED_EDGE('',*,*,#824,.T.);
#826=CARTESIAN_POINT('',(9.865849777,-6.84686743,12.6));
#827=DIRECTION('',(0.,0.,1.));
#828=VECTOR('',#827,1.4);
#829=LINE('',#826,#828);
#830=EDGE_CURVE('',#803,#819,#829,.T.);
#831=ORIENTED_EDGE('',*,*,#830,.F.);
#832=EDGE_LOOP('',(#809,#817,#825,#831));
#833=FACE_BOUND('',#832,.T.);
#834=ADVANCED_FACE('',(#833),#799,.F.);
#835=CARTESIAN_POINT('',(2.865849777,-20.84686743,11.8));
#836=DIRECTION('',(0.,-1.,0.));
#837=DIRECTION('',(0.,0.,-1.));
#838=AXIS2_PLACEMENT_3D('',#835,#836,#837);
#839=PLANE('',#838);
#840=CARTESIAN_POINT('',(-4.134150223,-20.84686743,12.6));
#841=VERTEX_POINT('',#840);
#842=CARTESIAN_POINT('',(-4.134150223,-20.84686743,12.6));
#843=DIRECTION('',(1.,0.,-0.));
#844=VECTOR('',#843,14.);
#845=LINE('',#842,#844);
#846=EDGE_CURVE('',#841,#801,#845,.T.);
#847=ORIENTED_EDGE('',*,*,#846,.F.);
#848=CARTESIAN_POINT('',(-4.134150223,-20.84686743,14.));
#849=VERTEX_POINT('',#848);
#850=CARTESIAN_POINT('',(-4.134150223,-20.84686743,12.6));
#851=DIRECTION('',(0.,0.,1.));
#852=VECTOR('',#851,1.4);
#853=LINE('',#850,#852);
#854=EDGE_CURVE('',#841,#849,#853,.T.);
#855=ORIENTED_EDGE('',*,*,#854,.T.);
#856=CARTESIAN_POINT('',(-4.134150223,-20.84686743,14.));
#857=DIRECTION('',(1.,0.,-0.));
#858=VECTOR('',#857,14.);
#859=LINE('',#856,#858);
#860=EDGE_CURVE('',#849,#811,#859,.T.);
#861=ORIENTED_EDGE('',*,*,#860,.T.);
#862=ORIENTED_EDGE('',*,*,#816,.F.);
#863=EDGE_LOOP('',(#847,#855,#861,#862));
#864=FACE_BOUND('',#863,.T.);
#865=ADVANCED_FACE('',(#864),#839,.F.);
#866=CARTESIAN_POINT('',(-4.134150223,-13.84686743,11.8));
#867=DIRECTION('',(-1.,0.,0.));
#868=DIRECTION('',(0.,0.,1.));
#869=AXIS2_PLACEMENT_3D('',#866,#867,#868);
#870=PLANE('',#869);
#871=CARTESIAN_POINT('',(-4.134150223,-6.84686743,12.6));
#872=VERTEX_POINT('',#871);
#873=CARTESIAN_POINT('',(-4.134150223,-6.84686743,12.6));
#874=DIRECTION('',(0.,-1.,0.));
#875=VECTOR('',#874,14.);
#876=LINE('',#873,#875);
#877=EDGE_CURVE('',#872,#841,#876,.T.);
#878=ORIENTED_EDGE('',*,*,#877,.F.);
#879=CARTESIAN_POINT('',(-4.134150223,-6.84686743,14.));
#880=VERTEX_POINT('',#879);
#881=CARTESIAN_POINT('',(-4.134150223,-6.84686743,12.6));
#882=DIRECTION('',(0.,0.,1.));
#883=VECTOR('',#882,1.4);
#884=LINE('',#881,#883);
#885=EDGE_CURVE('',#872,#880,#884,.T.);
#886=ORIENTED_EDGE('',*,*,#885,.T.);
#887=CARTESIAN_POINT('',(-4.134150223,-6.84686743,14.));
#888=DIRECTION('',(0.,-1.,0.));
#889=VECTOR('',#888,14.);
#890=LINE('',#887,#889);
#891=EDGE_CURVE('',#880,#849,#890,.T.);
#892=ORIENTED_EDGE('',*,*,#891,.T.);
#893=ORIENTED_EDGE('',*,*,#854,.F.);
#894=EDGE_LOOP('',(#878,#886,#892,#893));
#895=FACE_BOUND('',#894,.T.);
#896=ADVANCED_FACE('',(#895),#870,.F.);
#897=CARTESIAN_POINT('',(2.865849777,-6.84686743,11.8));
#898=DIRECTION('',(0.,1.,0.));
#899=DIRECTION('',(0.,0.,1.));
#900=AXIS2_PLACEMENT_3D('',#897,#898,#899);
#901=PLANE('',#900);
#902=CARTESIAN_POINT('',(9.865849777,-6.84686743,12.6));
#903=DIRECTION('',(-1.,0.,0.));
#904=VECTOR('',#903,14.);
#905=LINE('',#902,#904);
#906=EDGE_CURVE('',#803,#872,#905,.T.);
#907=ORIENTED_EDGE('',*,*,#906,.F.);
#908=ORIENTED_EDGE('',*,*,#830,.T.);
#909=CARTESIAN_POINT('',(9.865849777,-6.84686743,14.));
#910=DIRECTION('',(-1.,0.,0.));
#911=VECTOR('',#910,14.);
#912=LINE('',#909,#911);
#913=EDGE_CURVE('',#819,#880,#912,.T.);
#914=ORIENTED_EDGE('',*,*,#913,.T.);
#915=ORIENTED_EDGE('',*,*,#885,.F.);
#916=EDGE_LOOP('',(#907,#908,#914,#915));
#917=FACE_BOUND('',#916,.T.);
#918=ADVANCED_FACE('',(#917),#901,.F.);
#919=CARTESIAN_POINT('',(-28.234150223,-13.84686743,11.8));
#920=DIRECTION('',(1.,0.,0.));
#921=DIRECTION('',(0.,0.,-1.));
#922=AXIS2_PLACEMENT_3D('',#919,#920,#921);
#923=PLANE('',#922);
#924=CARTESIAN_POINT('',(-28.234150223,-20.84686743,12.6));
#925=VERTEX_POINT('',#924);
#926=CARTESIAN_POINT('',(-28.234150223,-6.84686743,12.6));
#927=VERTEX_POINT('',#926);
#928=CARTESIAN_POINT('',(-28.234150223,-20.84686743,12.6));
#929=DIRECTION('',(0.,1.,0.));
#930=VECTOR('',#929,14.);
#931=LINE('',#928,#930);
#932=EDGE_CURVE('',#925,#927,#931,.T.);
#933=ORIENTED_EDGE('',*,*,#932,.F.);
#934=CARTESIAN_POINT('',(-28.234150223,-20.84686743,14.));
#935=VERTEX_POINT('',#934);
#936=CARTESIAN_POINT('',(-28.234150223,-20.84686743,12.6));
#937=DIRECTION('',(0.,0.,1.));
#938=VECTOR('',#937,1.4);
#939=LINE('',#936,#938);
#940=EDGE_CURVE('',#925,#935,#939,.T.);
#941=ORIENTED_EDGE('',*,*,#940,.T.);
#942=CARTESIAN_POINT('',(-28.234150223,-6.84686743,14.));
#943=VERTEX_POINT('',#942);
#944=CARTESIAN_POINT('',(-28.234150223,-20.84686743,14.));
#945=DIRECTION('',(0.,1.,0.));
#946=VECTOR('',#945,14.);
#947=LINE('',#944,#946);
#948=EDGE_CURVE('',#935,#943,#947,.T.);
#949=ORIENTED_EDGE('',*,*,#948,.T.);
#950=CARTESIAN_POINT('',(-28.234150223,-6.84686743,12.6));
#951=DIRECTION('',(0.,0.,1.));
#952=VECTOR('',#951,1.4);
#953=LINE('',#950,#952);
#954=EDGE_CURVE('',#927,#943,#953,.T.);
#955=ORIENTED_EDGE('',*,*,#954,.F.);
#956=EDGE_LOOP('',(#933,#941,#949,#955));
#957=FACE_BOUND('',#956,.T.);
#958=ADVANCED_FACE('',(#957),#923,.F.);
#959=CARTESIAN_POINT('',(-35.234150223,-20.84686743,11.8));
#960=DIRECTION('',(0.,-1.,0.));
#961=DIRECTION('',(0.,0.,-1.));
#962=AXIS2_PLACEMENT_3D('',#959,#960,#961);
#963=PLANE('',#962);
#964=CARTESIAN_POINT('',(-42.234150223,-20.84686743,12.6));
#965=VERTEX_POINT('',#964);
#966=CARTESIAN_POINT('',(-42.234150223,-20.84686743,12.6));
#967=DIRECTION('',(1.,0.,-0.));
#968=VECTOR('',#967,14.);
#969=LINE('',#966,#968);
#970=EDGE_CURVE('',#965,#925,#969,.T.);
#971=ORIENTED_EDGE('',*,*,#970,.F.);
#972=CARTESIAN_POINT('',(-42.234150223,-20.84686743,14.));
#973=VERTEX_POINT('',#972);
#974=CARTESIAN_POINT('',(-42.234150223,-20.84686743,12.6));
#975=DIRECTION('',(0.,0.,1.));
#976=VECTOR('',#975,1.4);
#977=LINE('',#974,#976);
#978=EDGE_CURVE('',#965,#973,#977,.T.);
#979=ORIENTED_EDGE('',*,*,#978,.T.);
#980=CARTESIAN_POINT('',(-42.234150223,-20.84686743,14.));
#981=DIRECTION('',(1.,0.,-0.));
#982=VECTOR('',#981,14.);
#983=LINE('',#980,#982);
#984=EDGE_CURVE('',#973,#935,#983,.T.);
#985=ORIENTED_EDGE('',*,*,#984,.T.);
#986=ORIENTED_EDGE('',*,*,#940,.F.);
#987=EDGE_LOOP('',(#971,#979,#985,#986));
#988=FACE_BOUND('',#987,.T.);
#989=ADVANCED_FACE('',(#988),#963,.F.);
#990=CARTESIAN_POINT('',(-42.234150223,-13.84686743,11.8));
#991=DIRECTION('',(-1.,0.,0.));
#992=DIRECTION('',(0.,0.,1.));
#993=AXIS2_PLACEMENT_3D('',#990,#991,#992);
#994=PLANE('',#993);
#995=CARTESIAN_POINT('',(-42.234150223,-6.84686743,12.6));
#996=VERTEX_POINT('',#995);
#997=CARTESIAN_POINT('',(-42.234150223,-6.84686743,12.6));
#998=DIRECTION('',(0.,-1.,0.));
#999=VECTOR('',#998,14.);
#1000=LINE('',#997,#999);
#1001=EDGE_CURVE('',#996,#965,#1000,.T.);
#1002=ORIENTED_EDGE('',*,*,#1001,.F.);
#1003=CARTESIAN_POINT('',(-42.234150223,-6.84686743,14.));
#1004=VERTEX_POINT('',#1003);
#1005=CARTESIAN_POINT('',(-42.234150223,-6.84686743,12.6));
#1006=DIRECTION('',(0.,0.,1.));
#1007=VECTOR('',#1006,1.4);
#1008=LINE('',#1005,#1007);
#1009=EDGE_CURVE('',#996,#1004,#1008,.T.);
#1010=ORIENTED_EDGE('',*,*,#1009,.T.);
#1011=CARTESIAN_POINT('',(-42.234150223,-6.84686743,14.));
#1012=DIRECTION('',(0.,-1.,0.));
#1013=VECTOR('',#1012,14.);
#1014=LINE('',#1011,#1013);
#1015=EDGE_CURVE('',#1004,#973,#1014,.T.);
#1016=ORIENTED_EDGE('',*,*,#1015,.T.);
#1017=ORIENTED_EDGE('',*,*,#978,.F.);
#1018=EDGE_LOOP('',(#1002,#1010,#1016,#1017));
#1019=FACE_BOUND('',#1018,.T.);
#1020=ADVANCED_FACE('',(#1019),#994,.F.);
#1021=CARTESIAN_POINT('',(-35.234150223,-6.84686743,11.8));
#1022=DIRECTION('',(0.,1.,0.));
#1023=DIRECTION('',(0.,0.,1.));
#1024=AXIS2_PLACEMENT_3D('',#1021,#1022,#1023);
#1025=PLANE('',#1024);
#1026=CARTESIAN_POINT('',(-28.234150223,-6.84686743,12.6));
#1027=DIRECTION('',(-1.,0.,0.));
#1028=VECTOR('',#1027,14.);
#1029=LINE('',#1026,#1028);
#1030=EDGE_CURVE('',#927,#996,#1029,.T.);
#1031=ORIENTED_EDGE('',*,*,#1030,.F.);
#1032=ORIENTED_EDGE('',*,*,#954,.T.);
#1033=CARTESIAN_POINT('',(-28.234150223,-6.84686743,14.));
#1034=DIRECTION('',(-1.,0.,0.));
#1035=VECTOR('',#1034,14.);
#1036=LINE('',#1033,#1035);
#1037=EDGE_CURVE('',#943,#1004,#1036,.T.);
#1038=ORIENTED_EDGE('',*,*,#1037,.T.);
#1039=ORIENTED_EDGE('',*,*,#1009,.F.);
#1040=EDGE_LOOP('',(#1031,#1032,#1038,#1039));
#1041=FACE_BOUND('',#1040,.T.);
#1042=ADVANCED_FACE('',(#1041),#1025,.F.);
#1043=CARTESIAN_POINT('',(-28.234150223,5.20313257,11.8));
#1044=DIRECTION('',(1.,0.,0.));
#1045=DIRECTION('',(0.,0.,-1.));
#1046=AXIS2_PLACEMENT_3D('',#1043,#1044,#1045);
#1047=PLANE('',#1046);
#1048=CARTESIAN_POINT('',(-28.234150223,-1.79686743,12.6));
#1049=VERTEX_POINT('',#1048);
#1050=CARTESIAN_POINT('',(-28.234150223,12.20313257,12.6));
#1051=VERTEX_POINT('',#1050);
#1052=CARTESIAN_POINT('',(-28.234150223,-1.79686743,12.6));
#1053=DIRECTION('',(0.,1.,0.));
#1054=VECTOR('',#1053,14.);
#1055=LINE('',#1052,#1054);
#1056=EDGE_CURVE('',#1049,#1051,#1055,.T.);
#1057=ORIENTED_EDGE('',*,*,#1056,.F.);
#1058=CARTESIAN_POINT('',(-28.234150223,-1.79686743,14.));
#1059=VERTEX_POINT('',#1058);
#1060=CARTESIAN_POINT('',(-28.234150223,-1.79686743,12.6));
#1061=DIRECTION('',(0.,0.,1.));
#1062=VECTOR('',#1061,1.4);
#1063=LINE('',#1060,#1062);
#1064=EDGE_CURVE('',#1049,#1059,#1063,.T.);
#1065=ORIENTED_EDGE('',*,*,#1064,.T.);
#1066=CARTESIAN_POINT('',(-28.234150223,12.20313257,14.));
#1067=VERTEX_POINT('',#1066);
#1068=CARTESIAN_POINT('',(-28.234150223,-1.79686743,14.));
#1069=DIRECTION('',(0.,1.,0.));
#1070=VECTOR('',#1069,14.);
#1071=LINE('',#1068,#1070);
#1072=EDGE_CURVE('',#1059,#1067,#1071,.T.);
#1073=ORIENTED_EDGE('',*,*,#1072,.T.);
#1074=CARTESIAN_POINT('',(-28.234150223,12.20313257,12.6));
#1075=DIRECTION('',(0.,0.,1.));
#1076=VECTOR('',#1075,1.4);
#1077=LINE('',#1074,#1076);
#1078=EDGE_CURVE('',#1051,#1067,#1077,.T.);
#1079=ORIENTED_EDGE('',*,*,#1078,.F.);
#1080=EDGE_LOOP('',(#1057,#1065,#1073,#1079));
#1081=FACE_BOUND('',#1080,.T.);
#1082=ADVANCED_FACE('',(#1081),#1047,.F.);
#1083=CARTESIAN_POINT('',(-35.234150223,-1.79686743,11.8));
#1084=DIRECTION('',(0.,-1.,0.));
#1085=DIRECTION('',(0.,0.,-1.));
#1086=AXIS2_PLACEMENT_3D('',#1083,#1084,#1085);
#1087=PLANE('',#1086);
#1088=CARTESIAN_POINT('',(-42.234150223,-1.79686743,12.6));
#1089=VERTEX_POINT('',#1088);
#1090=CARTESIAN_POINT('',(-42.234150223,-1.79686743,12.6));
#1091=DIRECTION('',(1.,0.,-0.));
#1092=VECTOR('',#1091,14.);
#1093=LINE('',#1090,#1092);
#1094=EDGE_CURVE('',#1089,#1049,#1093,.T.);
#1095=ORIENTED_EDGE('',*,*,#1094,.F.);
#1096=CARTESIAN_POINT('',(-42.234150223,-1.79686743,14.));
#1097=VERTEX_POINT('',#1096);
#1098=CARTESIAN_POINT('',(-42.234150223,-1.79686743,12.6));
#1099=DIRECTION('',(0.,0.,1.));
#1100=VECTOR('',#1099,1.4);
#1101=LINE('',#1098,#1100);
#1102=EDGE_CURVE('',#1089,#1097,#1101,.T.);
#1103=ORIENTED_EDGE('',*,*,#1102,.T.);
#1104=CARTESIAN_POINT('',(-42.234150223,-1.79686743,14.));
#1105=DIRECTION('',(1.,0.,-0.));
#1106=VECTOR('',#1105,14.);
#1107=LINE('',#1104,#1106);
#1108=EDGE_CURVE('',#1097,#1059,#1107,.T.);
#1109=ORIENTED_EDGE('',*,*,#1108,.T.);
#1110=ORIENTED_EDGE('',*,*,#1064,.F.);
#1111=EDGE_LOOP('',(#1095,#1103,#1109,#1110));
#1112=FACE_BOUND('',#1111,.T.);
#1113=ADVANCED_FACE('',(#1112),#1087,.F.);
#1114=CARTESIAN_POINT('',(-42.234150223,5.20313257,11.8));
#1115=DIRECTION('',(-1.,0.,0.));
#1116=DIRECTION('',(0.,0.,1.));
#1117=AXIS2_PLACEMENT_3D('',#1114,#1115,#1116);
#1118=PLANE('',#1117);
#1119=CARTESIAN_POINT('',(-42.234150223,12.20313257,12.6));
#1120=VERTEX_POINT('',#1119);
#1121=CARTESIAN_POINT('',(-42.234150223,12.20313257,12.6));
#1122=DIRECTION('',(0.,-1.,0.));
#1123=VECTOR('',#1122,14.);
#1124=LINE('',#1121,#1123);
#1125=EDGE_CURVE('',#1120,#1089,#1124,.T.);
#1126=ORIENTED_EDGE('',*,*,#1125,.F.);
#1127=CARTESIAN_POINT('',(-42.234150223,12.20313257,14.));
#1128=VERTEX_POINT('',#1127);
#1129=CARTESIAN_POINT('',(-42.234150223,12.20313257,12.6));
#1130=DIRECTION('',(0.,0.,1.));
#1131=VECTOR('',#1130,1.4);
#1132=LINE('',#1129,#1131);
#1133=EDGE_CURVE('',#1120,#1128,#1132,.T.);
#1134=ORIENTED_EDGE('',*,*,#1133,.T.);
#1135=CARTESIAN_POINT('',(-42.234150223,12.20313257,14.));
#1136=DIRECTION('',(0.,-1.,0.));
#1137=VECTOR('',#1136,14.);
#1138=LINE('',#1135,#1137);
#1139=EDGE_CURVE('',#1128,#1097,#1138,.T.);
#1140=ORIENTED_EDGE('',*,*,#1139,.T.);
#1141=ORIENTED_EDGE('',*,*,#1102,.F.);
#1142=EDGE_LOOP('',(#1126,#1134,#1140,#1141));
#1143=FACE_BOUND('',#1142,.T.);
#1144=ADVANCED_FACE('',(#1143),#1118,.F.);
#1145=CARTESIAN_POINT('',(-35.234150223,12.20313257,11.8));
#1146=DIRECTION('',(0.,1.,0.));
#1147=DIRECTION('',(0.,0.,1.));
#1148=AXIS2_PLACEMENT_3D('',#1145,#1146,#1147);
#1149=PLANE('',#1148);
#1150=CARTESIAN_POINT('',(-28.234150223,12.20313257,12.6));
#1151=DIRECTION('',(-1.,0.,0.));
#1152=VECTOR('',#1151,14.);
#1153=LINE('',#1150,#1152);
#1154=EDGE_CURVE('',#1051,#1120,#1153,.T.);
#1155=ORIENTED_EDGE('',*,*,#1154,.F.);
#1156=ORIENTED_EDGE('',*,*,#1078,.T.);
#1157=CARTESIAN_POINT('',(-28.234150223,12.20313257,14.));
#1158=DIRECTION('',(-1.,0.,0.));
#1159=VECTOR('',#1158,14.);
#1160=LINE('',#1157,#1159);
#1161=EDGE_CURVE('',#1067,#1128,#1160,.T.);
#1162=ORIENTED_EDGE('',*,*,#1161,.T.);
#1163=ORIENTED_EDGE('',*,*,#1133,.F.);
#1164=EDGE_LOOP('',(#1155,#1156,#1162,#1163));
#1165=FACE_BOUND('',#1164,.T.);
#1166=ADVANCED_FACE('',(#1165),#1149,.F.);
#1167=CARTESIAN_POINT('',(9.865849777,24.25313257,11.8));
#1168=DIRECTION('',(1.,0.,0.));
#1169=DIRECTION('',(0.,0.,-1.));
#1170=AXIS2_PLACEMENT_3D('',#1167,#1168,#1169);
#1171=PLANE('',#1170);
#1172=CARTESIAN_POINT('',(9.865849777,17.25313257,12.6));
#1173=VERTEX_POINT('',#1172);
#1174=CARTESIAN_POINT('',(9.865849777,31.25313257,12.6));
#1175=VERTEX_POINT('',#1174);
#1176=CARTESIAN_POINT('',(9.865849777,17.25313257,12.6));
#1177=DIRECTION('',(0.,1.,0.));
#1178=VECTOR('',#1177,14.);
#1179=LINE('',#1176,#1178);
#1180=EDGE_CURVE('',#1173,#1175,#1179,.T.);
#1181=ORIENTED_EDGE('',*,*,#1180,.F.);
#1182=CARTESIAN_POINT('',(9.865849777,17.25313257,14.));
#1183=VERTEX_POINT('',#1182);
#1184=CARTESIAN_POINT('',(9.865849777,17.25313257,12.6));
#1185=DIRECTION('',(0.,0.,1.));
#1186=VECTOR('',#1185,1.4);
#1187=LINE('',#1184,#1186);
#1188=EDGE_CURVE('',#1173,#1183,#1187,.T.);
#1189=ORIENTED_EDGE('',*,*,#1188,.T.);
#1190=CARTESIAN_POINT('',(9.865849777,31.25313257,14.));
#1191=VERTEX_POINT('',#1190);
#1192=CARTESIAN_POINT('',(9.865849777,17.25313257,14.));
#1193=DIRECTION('',(0.,1.,0.));
#1194=VECTOR('',#1193,14.);
#1195=LINE('',#1192,#1194);
#1196=EDGE_CURVE('',#1183,#1191,#1195,.T.);
#1197=ORIENTED_EDGE('',*,*,#1196,.T.);
#1198=CARTESIAN_POINT('',(9.865849777,31.25313257,12.6));
#1199=DIRECTION('',(0.,0.,1.));
#1200=VECTOR('',#1199,1.4);
#1201=LINE('',#1198,#1200);
#1202=EDGE_CURVE('',#1175,#1191,#1201,.T.);
#1203=ORIENTED_EDGE('',*,*,#1202,.F.);
#1204=EDGE_LOOP('',(#1181,#1189,#1197,#1203));
#1205=FACE_BOUND('',#1204,.T.);
#1206=ADVANCED_FACE('',(#1205),#1171,.F.);
#1207=CARTESIAN_POINT('',(2.865849777,17.25313257,11.8));
#1208=DIRECTION('',(0.,-1.,0.));
#1209=DIRECTION('',(0.,0.,-1.));
#1210=AXIS2_PLACEMENT_3D('',#1207,#1208,#1209);
#1211=PLANE('',#1210);
#1212=CARTESIAN_POINT('',(-4.134150223,17.25313257,12.6));
#1213=VERTEX_POINT('',#1212);
#1214=CARTESIAN_POINT('',(-4.134150223,17.25313257,12.6));
#1215=DIRECTION('',(1.,0.,-0.));
#1216=VECTOR('',#1215,14.);
#1217=LINE('',#1214,#1216);
#1218=EDGE_CURVE('',#1213,#1173,#1217,.T.);
#1219=ORIENTED_EDGE('',*,*,#1218,.F.);
#1220=CARTESIAN_POINT('',(-4.134150223,17.25313257,14.));
#1221=VERTEX_POINT('',#1220);
#1222=CARTESIAN_POINT('',(-4.134150223,17.25313257,12.6));
#1223=DIRECTION('',(0.,0.,1.));
#1224=VECTOR('',#1223,1.4);
#1225=LINE('',#1222,#1224);
#1226=EDGE_CURVE('',#1213,#1221,#1225,.T.);
#1227=ORIENTED_EDGE('',*,*,#1226,.T.);
#1228=CARTESIAN_POINT('',(-4.134150223,17.25313257,14.));
#1229=DIRECTION('',(1.,0.,-0.));
#1230=VECTOR('',#1229,14.);
#1231=LINE('',#1228,#1230);
#1232=EDGE_CURVE('',#1221,#1183,#1231,.T.);
#1233=ORIENTED_EDGE('',*,*,#1232,.T.);
#1234=ORIENTED_EDGE('',*,*,#1188,.F.);
#1235=EDGE_LOOP('',(#1219,#1227,#1233,#1234));
#1236=FACE_BOUND('',#1235,.T.);
#1237=ADVANCED_FACE('',(#1236),#1211,.F.);
#1238=CARTESIAN_POINT('',(-4.134150223,24.25313257,11.8));
#1239=DIRECTION('',(-1.,0.,0.));
#1240=DIRECTION('',(0.,0.,1.));
#1241=AXIS2_PLACEMENT_3D('',#1238,#1239,#1240);
#1242=PLANE('',#1241);
#1243=CARTESIAN_POINT('',(-4.134150223,31.25313257,12.6));
#1244=VERTEX_POINT('',#1243);
#1245=CARTESIAN_POINT('',(-4.134150223,31.25313257,12.6));
#1246=DIRECTION('',(0.,-1.,0.));
#1247=VECTOR('',#1246,14.);
#1248=LINE('',#1245,#1247);
#1249=EDGE_CURVE('',#1244,#1213,#1248,.T.);
#1250=ORIENTED_EDGE('',*,*,#1249,.F.);
#1251=CARTESIAN_POINT('',(-4.134150223,31.25313257,14.));
#1252=VERTEX_POINT('',#1251);
#1253=CARTESIAN_POINT('',(-4.134150223,31.25313257,12.6));
#1254=DIRECTION('',(0.,0.,1.));
#1255=VECTOR('',#1254,1.4);
#1256=LINE('',#1253,#1255);
#1257=EDGE_CURVE('',#1244,#1252,#1256,.T.);
#1258=ORIENTED_EDGE('',*,*,#1257,.T.);
#1259=CARTESIAN_POINT('',(-4.134150223,31.25313257,14.));
#1260=DIRECTION('',(0.,-1.,0.));
#1261=VECTOR('',#1260,14.);
#1262=LINE('',#1259,#1261);
#1263=EDGE_CURVE('',#1252,#1221,#1262,.T.);
#1264=ORIENTED_EDGE('',*,*,#1263,.T.);
#1265=ORIENTED_EDGE('',*,*,#1226,.F.);
#1266=EDGE_LOOP('',(#1250,#1258,#1264,#1265));
#1267=FACE_BOUND('',#1266,.T.);
#1268=ADVANCED_FACE('',(#1267),#1242,.F.);
#1269=CARTESIAN_POINT('',(2.865849777,31.25313257,11.8));
#1270=DIRECTION('',(0.,1.,0.));
#1271=DIRECTION('',(0.,0.,1.));
#1272=AXIS2_PLACEMENT_3D('',#1269,#1270,#1271);
#1273=PLANE('',#1272);
#1274=CARTESIAN_POINT('',(9.865849777,31.25313257,12.6));
#1275=DIRECTION('',(-1.,0.,0.));
#1276=VECTOR('',#1275,14.);
#1277=LINE('',#1274,#1276);
#1278=EDGE_CURVE('',#1175,#1244,#1277,.T.);
#1279=ORIENTED_EDGE('',*,*,#1278,.F.);
#1280=ORIENTED_EDGE('',*,*,#1202,.T.);
#1281=CARTESIAN_POINT('',(9.865849777,31.25313257,14.));
#1282=DIRECTION('',(-1.,0.,0.));
#1283=VECTOR('',#1282,14.);
#1284=LINE('',#1281,#1283);
#1285=EDGE_CURVE('',#1191,#1252,#1284,.T.);
#1286=ORIENTED_EDGE('',*,*,#1285,.T.);
#1287=ORIENTED_EDGE('',*,*,#1257,.F.);
#1288=EDGE_LOOP('',(#1279,#1280,#1286,#1287));
#1289=FACE_BOUND('',#1288,.T.);
#1290=ADVANCED_FACE('',(#1289),#1273,.F.);
#1291=CARTESIAN_POINT('',(-9.184150223,24.25313257,11.8));
#1292=DIRECTION('',(1.,0.,0.));
#1293=DIRECTION('',(0.,0.,-1.));
#1294=AXIS2_PLACEMENT_3D('',#1291,#1292,#1293);
#1295=PLANE('',#1294);
#1296=CARTESIAN_POINT('',(-9.184150223,17.25313257,12.6));
#1297=VERTEX_POINT('',#1296);
#1298=CARTESIAN_POINT('',(-9.184150223,31.25313257,12.6));
#1299=VERTEX_POINT('',#1298);
#1300=CARTESIAN_POINT('',(-9.184150223,17.25313257,12.6));
#1301=DIRECTION('',(0.,1.,0.));
#1302=VECTOR('',#1301,14.);
#1303=LINE('',#1300,#1302);
#1304=EDGE_CURVE('',#1297,#1299,#1303,.T.);
#1305=ORIENTED_EDGE('',*,*,#1304,.F.);
#1306=CARTESIAN_POINT('',(-9.184150223,17.25313257,14.));
#1307=VERTEX_POINT('',#1306);
#1308=CARTESIAN_POINT('',(-9.184150223,17.25313257,12.6));
#1309=DIRECTION('',(0.,0.,1.));
#1310=VECTOR('',#1309,1.4);
#1311=LINE('',#1308,#1310);
#1312=EDGE_CURVE('',#1297,#1307,#1311,.T.);
#1313=ORIENTED_EDGE('',*,*,#1312,.T.);
#1314=CARTESIAN_POINT('',(-9.184150223,31.25313257,14.));
#1315=VERTEX_POINT('',#1314);
#1316=CARTESIAN_POINT('',(-9.184150223,17.25313257,14.));
#1317=DIRECTION('',(0.,1.,0.));
#1318=VECTOR('',#1317,14.);
#1319=LINE('',#1316,#1318);
#1320=EDGE_CURVE('',#1307,#1315,#1319,.T.);
#1321=ORIENTED_EDGE('',*,*,#1320,.T.);
#1322=CARTESIAN_POINT('',(-9.184150223,31.25313257,12.6));
#1323=DIRECTION('',(0.,0.,1.));
#1324=VECTOR('',#1323,1.4);
#1325=LINE('',#1322,#1324);
#1326=EDGE_CURVE('',#1299,#1315,#1325,.T.);
#1327=ORIENTED_EDGE('',*,*,#1326,.F.);
#1328=EDGE_LOOP('',(#1305,#1313,#1321,#1327));
#1329=FACE_BOUND('',#1328,.T.);
#1330=ADVANCED_FACE('',(#1329),#1295,.F.);
#1331=CARTESIAN_POINT('',(-16.184150223,17.25313257,11.8));
#1332=DIRECTION('',(0.,-1.,0.));
#1333=DIRECTION('',(0.,0.,-1.));
#1334=AXIS2_PLACEMENT_3D('',#1331,#1332,#1333);
#1335=PLANE('',#1334);
#1336=CARTESIAN_POINT('',(-23.184150223,17.25313257,12.6));
#1337=VERTEX_POINT('',#1336);
#1338=CARTESIAN_POINT('',(-23.184150223,17.25313257,12.6));
#1339=DIRECTION('',(1.,0.,-0.));
#1340=VECTOR('',#1339,14.);
#1341=LINE('',#1338,#1340);
#1342=EDGE_CURVE('',#1337,#1297,#1341,.T.);
#1343=ORIENTED_EDGE('',*,*,#1342,.F.);
#1344=CARTESIAN_POINT('',(-23.184150223,17.25313257,14.));
#1345=VERTEX_POINT('',#1344);
#1346=CARTESIAN_POINT('',(-23.184150223,17.25313257,12.6));
#1347=DIRECTION('',(0.,0.,1.));
#1348=VECTOR('',#1347,1.4);
#1349=LINE('',#1346,#1348);
#1350=EDGE_CURVE('',#1337,#1345,#1349,.T.);
#1351=ORIENTED_EDGE('',*,*,#1350,.T.);
#1352=CARTESIAN_POINT('',(-23.184150223,17.25313257,14.));
#1353=DIRECTION('',(1.,0.,-0.));
#1354=VECTOR('',#1353,14.);
#1355=LINE('',#1352,#1354);
#1356=EDGE_CURVE('',#1345,#1307,#1355,.T.);
#1357=ORIENTED_EDGE('',*,*,#1356,.T.);
#1358=ORIENTED_EDGE('',*,*,#1312,.F.);
#1359=EDGE_LOOP('',(#1343,#1351,#1357,#1358));
#1360=FACE_BOUND('',#1359,.T.);
#1361=ADVANCED_FACE('',(#1360),#1335,.F.);
#1362=CARTESIAN_POINT('',(-23.184150223,24.25313257,11.8));
#1363=DIRECTION('',(-1.,0.,0.));
#1364=DIRECTION('',(0.,0.,1.));
#1365=AXIS2_PLACEMENT_3D('',#1362,#1363,#1364);
#1366=PLANE('',#1365);
#1367=CARTESIAN_POINT('',(-23.184150223,31.25313257,12.6));
#1368=VERTEX_POINT('',#1367);
#1369=CARTESIAN_POINT('',(-23.184150223,31.25313257,12.6));
#1370=DIRECTION('',(0.,-1.,0.));
#1371=VECTOR('',#1370,14.);
#1372=LINE('',#1369,#1371);
#1373=EDGE_CURVE('',#1368,#1337,#1372,.T.);
#1374=ORIENTED_EDGE('',*,*,#1373,.F.);
#1375=CARTESIAN_POINT('',(-23.184150223,31.25313257,14.));
#1376=VERTEX_POINT('',#1375);
#1377=CARTESIAN_POINT('',(-23.184150223,31.25313257,12.6));
#1378=DIRECTION('',(0.,0.,1.));
#1379=VECTOR('',#1378,1.4);
#1380=LINE('',#1377,#1379);
#1381=EDGE_CURVE('',#1368,#1376,#1380,.T.);
#1382=ORIENTED_EDGE('',*,*,#1381,.T.);
#1383=CARTESIAN_POINT('',(-23.184150223,31.25313257,14.));
#1384=DIRECTION('',(0.,-1.,0.));
#1385=VECTOR('',#1384,14.);
#1386=LINE('',#1383,#1385);
#1387=EDGE_CURVE('',#1376,#1345,#1386,.T.);
#1388=ORIENTED_EDGE('',*,*,#1387,.T.);
#1389=ORIENTED_EDGE('',*,*,#1350,.F.);
#1390=EDGE_LOOP('',(#1374,#1382,#1388,#1389));
#1391=FACE_BOUND('',#1390,.T.);
#1392=ADVANCED_FACE('',(#1391),#1366,.F.);
#1393=CARTESIAN_POINT('',(-16.184150223,31.25313257,11.8));
#1394=DIRECTION('',(0.,1.,0.));
#1395=DIRECTION('',(0.,0.,1.));
#1396=AXIS2_PLACEMENT_3D('',#1393,#1394,#1395);
#1397=PLANE('',#1396);
#1398=CARTESIAN_POINT('',(-9.184150223,31.25313257,12.6));
#1399=DIRECTION('',(-1.,0.,0.));
#1400=VECTOR('',#1399,14.);
#1401=LINE('',#1398,#1400);
#1402=EDGE_CURVE('',#1299,#1368,#1401,.T.);
#1403=ORIENTED_EDGE('',*,*,#1402,.F.);
#1404=ORIENTED_EDGE('',*,*,#1326,.T.);
#1405=CARTESIAN_POINT('',(-9.184150223,31.25313257,14.));
#1406=DIRECTION('',(-1.,0.,0.));
#1407=VECTOR('',#1406,14.);
#1408=LINE('',#1405,#1407);
#1409=EDGE_CURVE('',#1315,#1376,#1408,.T.);
#1410=ORIENTED_EDGE('',*,*,#1409,.T.);
#1411=ORIENTED_EDGE('',*,*,#1381,.F.);
#1412=EDGE_LOOP('',(#1403,#1404,#1410,#1411));
#1413=FACE_BOUND('',#1412,.T.);
#1414=ADVANCED_FACE('',(#1413),#1397,.F.);
#1415=CARTESIAN_POINT('',(28.915849777,5.20313257,11.8));
#1416=DIRECTION('',(1.,0.,0.));
#1417=DIRECTION('',(0.,0.,-1.));
#1418=AXIS2_PLACEMENT_3D('',#1415,#1416,#1417);
#1419=PLANE('',#1418);
#1420=CARTESIAN_POINT('',(28.915849777,-1.79686743,12.6));
#1421=VERTEX_POINT('',#1420);
#1422=CARTESIAN_POINT('',(28.915849777,12.20313257,12.6));
#1423=VERTEX_POINT('',#1422);
#1424=CARTESIAN_POINT('',(28.915849777,-1.79686743,12.6));
#1425=DIRECTION('',(0.,1.,0.));
#1426=VECTOR('',#1425,14.);
#1427=LINE('',#1424,#1426);
#1428=EDGE_CURVE('',#1421,#1423,#1427,.T.);
#1429=ORIENTED_EDGE('',*,*,#1428,.F.);
#1430=CARTESIAN_POINT('',(28.915849777,-1.79686743,14.));
#1431=VERTEX_POINT('',#1430);
#1432=CARTESIAN_POINT('',(28.915849777,-1.79686743,12.6));
#1433=DIRECTION('',(0.,0.,1.));
#1434=VECTOR('',#1433,1.4);
#1435=LINE('',#1432,#1434);
#1436=EDGE_CURVE('',#1421,#1431,#1435,.T.);
#1437=ORIENTED_EDGE('',*,*,#1436,.T.);
#1438=CARTESIAN_POINT('',(28.915849777,12.20313257,14.));
#1439=VERTEX_POINT('',#1438);
#1440=CARTESIAN_POINT('',(28.915849777,-1.79686743,14.));
#1441=DIRECTION('',(0.,1.,0.));
#1442=VECTOR('',#1441,14.);
#1443=LINE('',#1440,#1442);
#1444=EDGE_CURVE('',#1431,#1439,#1443,.T.);
#1445=ORIENTED_EDGE('',*,*,#1444,.T.);
#1446=CARTESIAN_POINT('',(28.915849777,12.20313257,12.6));
#1447=DIRECTION('',(0.,0.,1.));
#1448=VECTOR('',#1447,1.4);
#1449=LINE('',#1446,#1448);
#1450=EDGE_CURVE('',#1423,#1439,#1449,.T.);
#1451=ORIENTED_EDGE('',*,*,#1450,.F.);
#1452=EDGE_LOOP('',(#1429,#1437,#1445,#1451));
#1453=FACE_BOUND('',#1452,.T.);
#1454=ADVANCED_FACE('',(#1453),#1419,.F.);
#1455=CARTESIAN_POINT('',(21.915849777,-1.79686743,11.8));
#1456=DIRECTION('',(0.,-1.,0.));
#1457=DIRECTION('',(0.,0.,-1.));
#1458=AXIS2_PLACEMENT_3D('',#1455,#1456,#1457);
#1459=PLANE('',#1458);
#1460=CARTESIAN_POINT('',(14.915849777,-1.79686743,12.6));
#1461=VERTEX_POINT('',#1460);
#1462=CARTESIAN_POINT('',(14.915849777,-1.79686743,12.6));
#1463=DIRECTION('',(1.,0.,-0.));
#1464=VECTOR('',#1463,14.);
#1465=LINE('',#1462,#1464);
#1466=EDGE_CURVE('',#1461,#1421,#1465,.T.);
#1467=ORIENTED_EDGE('',*,*,#1466,.F.);
#1468=CARTESIAN_POINT('',(14.915849777,-1.79686743,14.));
#1469=VERTEX_POINT('',#1468);
#1470=CARTESIAN_POINT('',(14.915849777,-1.79686743,12.6));
#1471=DIRECTION('',(0.,0.,1.));
#1472=VECTOR('',#1471,1.4);
#1473=LINE('',#1470,#1472);
#1474=EDGE_CURVE('',#1461,#1469,#1473,.T.);
#1475=ORIENTED_EDGE('',*,*,#1474,.T.);
#1476=CARTESIAN_POINT('',(14.915849777,-1.79686743,14.));
#1477=DIRECTION('',(1.,0.,-0.));
#1478=VECTOR('',#1477,14.);
#1479=LINE('',#1476,#1478);
#1480=EDGE_CURVE('',#1469,#1431,#1479,.T.);
#1481=ORIENTED_EDGE('',*,*,#1480,.T.);
#1482=ORIENTED_EDGE('',*,*,#1436,.F.);
#1483=EDGE_LOOP('',(#1467,#1475,#1481,#1482));
#1484=FACE_BOUND('',#1483,.T.);
#1485=ADVANCED_FACE('',(#1484),#1459,.F.);
#1486=CARTESIAN_POINT('',(14.915849777,5.20313257,11.8));
#1487=DIRECTION('',(-1.,0.,0.));
#1488=DIRECTION('',(0.,0.,1.));
#1489=AXIS2_PLACEMENT_3D('',#1486,#1487,#1488);
#1490=PLANE('',#1489);
#1491=CARTESIAN_POINT('',(14.915849777,12.20313257,12.6));
#1492=VERTEX_POINT('',#1491);
#1493=CARTESIAN_POINT('',(14.915849777,12.20313257,12.6));
#1494=DIRECTION('',(0.,-1.,0.));
#1495=VECTOR('',#1494,14.);
#1496=LINE('',#1493,#1495);
#1497=EDGE_CURVE('',#1492,#1461,#1496,.T.);
#1498=ORIENTED_EDGE('',*,*,#1497,.F.);
#1499=CARTESIAN_POINT('',(14.915849777,12.20313257,14.));
#1500=VERTEX_POINT('',#1499);
#1501=CARTESIAN_POINT('',(14.915849777,12.20313257,12.6));
#1502=DIRECTION('',(0.,0.,1.));
#1503=VECTOR('',#1502,1.4);
#1504=LINE('',#1501,#1503);
#1505=EDGE_CURVE('',#1492,#1500,#1504,.T.);
#1506=ORIENTED_EDGE('',*,*,#1505,.T.);
#1507=CARTESIAN_POINT('',(14.915849777,12.20313257,14.));
#1508=DIRECTION('',(0.,-1.,0.));
#1509=VECTOR('',#1508,14.);
#1510=LINE('',#1507,#1509);
#1511=EDGE_CURVE('',#1500,#1469,#1510,.T.);
#1512=ORIENTED_EDGE('',*,*,#1511,.T.);
#1513=ORIENTED_EDGE('',*,*,#1474,.F.);
#1514=EDGE_LOOP('',(#1498,#1506,#1512,#1513));
#1515=FACE_BOUND('',#1514,.T.);
#1516=ADVANCED_FACE('',(#1515),#1490,.F.);
#1517=CARTESIAN_POINT('',(21.915849777,12.20313257,11.8));
#1518=DIRECTION('',(0.,1.,0.));
#1519=DIRECTION('',(0.,0.,1.));
#1520=AXIS2_PLACEMENT_3D('',#1517,#1518,#1519);
#1521=PLANE('',#1520);
#1522=CARTESIAN_POINT('',(28.915849777,12.20313257,12.6));
#1523=DIRECTION('',(-1.,0.,0.));
#1524=VECTOR('',#1523,14.);
#1525=LINE('',#1522,#1524);
#1526=EDGE_CURVE('',#1423,#1492,#1525,.T.);
#1527=ORIENTED_EDGE('',*,*,#1526,.F.);
#1528=ORIENTED_EDGE('',*,*,#1450,.T.);
#1529=CARTESIAN_POINT('',(28.915849777,12.20313257,14.));
#1530=DIRECTION('',(-1.,0.,0.));
#1531=VECTOR('',#1530,14.);
#1532=LINE('',#1529,#1531);
#1533=EDGE_CURVE('',#1439,#1500,#1532,.T.);
#1534=ORIENTED_EDGE('',*,*,#1533,.T.);
#1535=ORIENTED_EDGE('',*,*,#1505,.F.);
#1536=EDGE_LOOP('',(#1527,#1528,#1534,#1535));
#1537=FACE_BOUND('',#1536,.T.);
#1538=ADVANCED_FACE('',(#1537),#1521,.F.);
#1539=CARTESIAN_POINT('',(-9.184150223,-13.84686743,11.8));
#1540=DIRECTION('',(1.,0.,0.));
#1541=DIRECTION('',(0.,0.,-1.));
#1542=AXIS2_PLACEMENT_3D('',#1539,#1540,#1541);
#1543=PLANE('',#1542);
#1544=CARTESIAN_POINT('',(-9.184150223,-20.84686743,12.6));
#1545=VERTEX_POINT('',#1544);
#1546=CARTESIAN_POINT('',(-9.184150223,-6.84686743,12.6));
#1547=VERTEX_POINT('',#1546);
#1548=CARTESIAN_POINT('',(-9.184150223,-20.84686743,12.6));
#1549=DIRECTION('',(0.,1.,0.));
#1550=VECTOR('',#1549,14.);
#1551=LINE('',#1548,#1550);
#1552=EDGE_CURVE('',#1545,#1547,#1551,.T.);
#1553=ORIENTED_EDGE('',*,*,#1552,.F.);
#1554=CARTESIAN_POINT('',(-9.184150223,-20.84686743,14.));
#1555=VERTEX_POINT('',#1554);
#1556=CARTESIAN_POINT('',(-9.184150223,-20.84686743,12.6));
#1557=DIRECTION('',(0.,0.,1.));
#1558=VECTOR('',#1557,1.4);
#1559=LINE('',#1556,#1558);
#1560=EDGE_CURVE('',#1545,#1555,#1559,.T.);
#1561=ORIENTED_EDGE('',*,*,#1560,.T.);
#1562=CARTESIAN_POINT('',(-9.184150223,-6.84686743,14.));
#1563=VERTEX_POINT('',#1562);
#1564=CARTESIAN_POINT('',(-9.184150223,-20.84686743,14.));
#1565=DIRECTION('',(0.,1.,0.));
#1566=VECTOR('',#1565,14.);
#1567=LINE('',#1564,#1566);
#1568=EDGE_CURVE('',#1555,#1563,#1567,.T.);
#1569=ORIENTED_EDGE('',*,*,#1568,.T.);
#1570=CARTESIAN_POINT('',(-9.184150223,-6.84686743,12.6));
#1571=DIRECTION('',(0.,0.,1.));
#1572=VECTOR('',#1571,1.4);
#1573=LINE('',#1570,#1572);
#1574=EDGE_CURVE('',#1547,#1563,#1573,.T.);
#1575=ORIENTED_EDGE('',*,*,#1574,.F.);
#1576=EDGE_LOOP('',(#1553,#1561,#1569,#1575));
#1577=FACE_BOUND('',#1576,.T.);
#1578=ADVANCED_FACE('',(#1577),#1543,.F.);
#1579=CARTESIAN_POINT('',(-16.184150223,-20.84686743,11.8));
#1580=DIRECTION('',(0.,-1.,0.));
#1581=DIRECTION('',(0.,0.,-1.));
#1582=AXIS2_PLACEMENT_3D('',#1579,#1580,#1581);
#1583=PLANE('',#1582);
#1584=CARTESIAN_POINT('',(-23.184150223,-20.84686743,12.6));
#1585=VERTEX_POINT('',#1584);
#1586=CARTESIAN_POINT('',(-23.184150223,-20.84686743,12.6));
#1587=DIRECTION('',(1.,0.,-0.));
#1588=VECTOR('',#1587,14.);
#1589=LINE('',#1586,#1588);
#1590=EDGE_CURVE('',#1585,#1545,#1589,.T.);
#1591=ORIENTED_EDGE('',*,*,#1590,.F.);
#1592=CARTESIAN_POINT('',(-23.184150223,-20.84686743,14.));
#1593=VERTEX_POINT('',#1592);
#1594=CARTESIAN_POINT('',(-23.184150223,-20.84686743,12.6));
#1595=DIRECTION('',(0.,0.,1.));
#1596=VECTOR('',#1595,1.4);
#1597=LINE('',#1594,#1596);
#1598=EDGE_CURVE('',#1585,#1593,#1597,.T.);
#1599=ORIENTED_EDGE('',*,*,#1598,.T.);
#1600=CARTESIAN_POINT('',(-23.184150223,-20.84686743,14.));
#1601=DIRECTION('',(1.,0.,-0.));
#1602=VECTOR('',#1601,14.);
#1603=LINE('',#1600,#1602);
#1604=EDGE_CURVE('',#1593,#1555,#1603,.T.);
#1605=ORIENTED_EDGE('',*,*,#1604,.T.);
#1606=ORIENTED_EDGE('',*,*,#1560,.F.);
#1607=EDGE_LOOP('',(#1591,#1599,#1605,#1606));
#1608=FACE_BOUND('',#1607,.T.);
#1609=ADVANCED_FACE('',(#1608),#1583,.F.);
#1610=CARTESIAN_POINT('',(-23.184150223,-13.84686743,11.8));
#1611=DIRECTION('',(-1.,0.,0.));
#1612=DIRECTION('',(0.,0.,1.));
#1613=AXIS2_PLACEMENT_3D('',#1610,#1611,#1612);
#1614=PLANE('',#1613);
#1615=CARTESIAN_POINT('',(-23.184150223,-6.84686743,12.6));
#1616=VERTEX_POINT('',#1615);
#1617=CARTESIAN_POINT('',(-23.184150223,-6.84686743,12.6));
#1618=DIRECTION('',(0.,-1.,0.));
#1619=VECTOR('',#1618,14.);
#1620=LINE('',#1617,#1619);
#1621=EDGE_CURVE('',#1616,#1585,#1620,.T.);
#1622=ORIENTED_EDGE('',*,*,#1621,.F.);
#1623=CARTESIAN_POINT('',(-23.184150223,-6.84686743,14.));
#1624=VERTEX_POINT('',#1623);
#1625=CARTESIAN_POINT('',(-23.184150223,-6.84686743,12.6));
#1626=DIRECTION('',(0.,0.,1.));
#1627=VECTOR('',#1626,1.4);
#1628=LINE('',#1625,#1627);
#1629=EDGE_CURVE('',#1616,#1624,#1628,.T.);
#1630=ORIENTED_EDGE('',*,*,#1629,.T.);
#1631=CARTESIAN_POINT('',(-23.184150223,-6.84686743,14.));
#1632=DIRECTION('',(0.,-1.,0.));
#1633=VECTOR('',#1632,14.);
#1634=LINE('',#1631,#1633);
#1635=EDGE_CURVE('',#1624,#1593,#1634,.T.);
#1636=ORIENTED_EDGE('',*,*,#1635,.T.);
#1637=ORIENTED_EDGE('',*,*,#1598,.F.);
#1638=EDGE_LOOP('',(#1622,#1630,#1636,#1637));
#1639=FACE_BOUND('',#1638,.T.);
#1640=ADVANCED_FACE('',(#1639),#1614,.F.);
#1641=CARTESIAN_POINT('',(-16.184150223,-6.84686743,11.8));
#1642=DIRECTION('',(0.,1.,0.));
#1643=DIRECTION('',(0.,0.,1.));
#1644=AXIS2_PLACEMENT_3D('',#1641,#1642,#1643);
#1645=PLANE('',#1644);
#1646=CARTESIAN_POINT('',(-9.184150223,-6.84686743,12.6));
#1647=DIRECTION('',(-1.,0.,0.));
#1648=VECTOR('',#1647,14.);
#1649=LINE('',#1646,#1648);
#1650=EDGE_CURVE('',#1547,#1616,#1649,.T.);
#1651=ORIENTED_EDGE('',*,*,#1650,.F.);
#1652=ORIENTED_EDGE('',*,*,#1574,.T.);
#1653=CARTESIAN_POINT('',(-9.184150223,-6.84686743,14.));
#1654=DIRECTION('',(-1.,0.,0.));
#1655=VECTOR('',#1654,14.);
#1656=LINE('',#1653,#1655);
#1657=EDGE_CURVE('',#1563,#1624,#1656,.T.);
#1658=ORIENTED_EDGE('',*,*,#1657,.T.);
#1659=ORIENTED_EDGE('',*,*,#1629,.F.);
#1660=EDGE_LOOP('',(#1651,#1652,#1658,#1659));
#1661=FACE_BOUND('',#1660,.T.);
#1662=ADVANCED_FACE('',(#1661),#1645,.F.);
#1663=CARTESIAN_POINT('',(-28.234150223,24.25313257,11.8));
#1664=DIRECTION('',(1.,0.,0.));
#1665=DIRECTION('',(0.,0.,-1.));
#1666=AXIS2_PLACEMENT_3D('',#1663,#1664,#1665);
#1667=PLANE('',#1666);
#1668=CARTESIAN_POINT('',(-28.234150223,17.25313257,12.6));
#1669=VERTEX_POINT('',#1668);
#1670=CARTESIAN_POINT('',(-28.234150223,31.25313257,12.6));
#1671=VERTEX_POINT('',#1670);
#1672=CARTESIAN_POINT('',(-28.234150223,17.25313257,12.6));
#1673=DIRECTION('',(0.,1.,0.));
#1674=VECTOR('',#1673,14.);
#1675=LINE('',#1672,#1674);
#1676=EDGE_CURVE('',#1669,#1671,#1675,.T.);
#1677=ORIENTED_EDGE('',*,*,#1676,.F.);
#1678=CARTESIAN_POINT('',(-28.234150223,17.25313257,14.));
#1679=VERTEX_POINT('',#1678);
#1680=CARTESIAN_POINT('',(-28.234150223,17.25313257,12.6));
#1681=DIRECTION('',(0.,0.,1.));
#1682=VECTOR('',#1681,1.4);
#1683=LINE('',#1680,#1682);
#1684=EDGE_CURVE('',#1669,#1679,#1683,.T.);
#1685=ORIENTED_EDGE('',*,*,#1684,.T.);
#1686=CARTESIAN_POINT('',(-28.234150223,31.25313257,14.));
#1687=VERTEX_POINT('',#1686);
#1688=CARTESIAN_POINT('',(-28.234150223,17.25313257,14.));
#1689=DIRECTION('',(0.,1.,0.));
#1690=VECTOR('',#1689,14.);
#1691=LINE('',#1688,#1690);
#1692=EDGE_CURVE('',#1679,#1687,#1691,.T.);
#1693=ORIENTED_EDGE('',*,*,#1692,.T.);
#1694=CARTESIAN_POINT('',(-28.234150223,31.25313257,12.6));
#1695=DIRECTION('',(0.,0.,1.));
#1696=VECTOR('',#1695,1.4);
#1697=LINE('',#1694,#1696);
#1698=EDGE_CURVE('',#1671,#1687,#1697,.T.);
#1699=ORIENTED_EDGE('',*,*,#1698,.F.);
#1700=EDGE_LOOP('',(#1677,#1685,#1693,#1699));
#1701=FACE_BOUND('',#1700,.T.);
#1702=ADVANCED_FACE('',(#1701),#1667,.F.);
#1703=CARTESIAN_POINT('',(-35.234150223,17.25313257,11.8));
#1704=DIRECTION('',(0.,-1.,0.));
#1705=DIRECTION('',(0.,0.,-1.));
#1706=AXIS2_PLACEMENT_3D('',#1703,#1704,#1705);
#1707=PLANE('',#1706);
#1708=CARTESIAN_POINT('',(-42.234150223,17.25313257,12.6));
#1709=VERTEX_POINT('',#1708);
#1710=CARTESIAN_POINT('',(-42.234150223,17.25313257,12.6));
#1711=DIRECTION('',(1.,0.,-0.));
#1712=VECTOR('',#1711,14.);
#1713=LINE('',#1710,#1712);
#1714=EDGE_CURVE('',#1709,#1669,#1713,.T.);
#1715=ORIENTED_EDGE('',*,*,#1714,.F.);
#1716=CARTESIAN_POINT('',(-42.234150223,17.25313257,14.));
#1717=VERTEX_POINT('',#1716);
#1718=CARTESIAN_POINT('',(-42.234150223,17.25313257,12.6));
#1719=DIRECTION('',(0.,0.,1.));
#1720=VECTOR('',#1719,1.4);
#1721=LINE('',#1718,#1720);
#1722=EDGE_CURVE('',#1709,#1717,#1721,.T.);
#1723=ORIENTED_EDGE('',*,*,#1722,.T.);
#1724=CARTESIAN_POINT('',(-42.234150223,17.25313257,14.));
#1725=DIRECTION('',(1.,0.,-0.));
#1726=VECTOR('',#1725,14.);
#1727=LINE('',#1724,#1726);
#1728=EDGE_CURVE('',#1717,#1679,#1727,.T.);
#1729=ORIENTED_EDGE('',*,*,#1728,.T.);
#1730=ORIENTED_EDGE('',*,*,#1684,.F.);
#1731=EDGE_LOOP('',(#1715,#1723,#1729,#1730));
#1732=FACE_BOUND('',#1731,.T.);
#1733=ADVANCED_FACE('',(#1732),#1707,.F.);
#1734=CARTESIAN_POINT('',(-42.234150223,24.25313257,11.8));
#1735=DIRECTION('',(-1.,0.,0.));
#1736=DIRECTION('',(0.,0.,1.));
#1737=AXIS2_PLACEMENT_3D('',#1734,#1735,#1736);
#1738=PLANE('',#1737);
#1739=CARTESIAN_POINT('',(-42.234150223,31.25313257,12.6));
#1740=VERTEX_POINT('',#1739);
#1741=CARTESIAN_POINT('',(-42.234150223,31.25313257,12.6));
#1742=DIRECTION('',(0.,-1.,0.));
#1743=VECTOR('',#1742,14.);
#1744=LINE('',#1741,#1743);
#1745=EDGE_CURVE('',#1740,#1709,#1744,.T.);
#1746=ORIENTED_EDGE('',*,*,#1745,.F.);
#1747=CARTESIAN_POINT('',(-42.234150223,31.25313257,14.));
#1748=VERTEX_POINT('',#1747);
#1749=CARTESIAN_POINT('',(-42.234150223,31.25313257,12.6));
#1750=DIRECTION('',(0.,0.,1.));
#1751=VECTOR('',#1750,1.4);
#1752=LINE('',#1749,#1751);
#1753=EDGE_CURVE('',#1740,#1748,#1752,.T.);
#1754=ORIENTED_EDGE('',*,*,#1753,.T.);
#1755=CARTESIAN_POINT('',(-42.234150223,31.25313257,14.));
#1756=DIRECTION('',(0.,-1.,0.));
#1757=VECTOR('',#1756,14.);
#1758=LINE('',#1755,#1757);
#1759=EDGE_CURVE('',#1748,#1717,#1758,.T.);
#1760=ORIENTED_EDGE('',*,*,#1759,.T.);
#1761=ORIENTED_EDGE('',*,*,#1722,.F.);
#1762=EDGE_LOOP('',(#1746,#1754,#1760,#1761));
#1763=FACE_BOUND('',#1762,.T.);
#1764=ADVANCED_FACE('',(#1763),#1738,.F.);
#1765=CARTESIAN_POINT('',(-35.234150223,31.25313257,11.8));
#1766=DIRECTION('',(0.,1.,0.));
#1767=DIRECTION('',(0.,0.,1.));
#1768=AXIS2_PLACEMENT_3D('',#1765,#1766,#1767);
#1769=PLANE('',#1768);
#1770=CARTESIAN_POINT('',(-28.234150223,31.25313257,12.6));
#1771=DIRECTION('',(-1.,0.,0.));
#1772=VECTOR('',#1771,14.);
#1773=LINE('',#1770,#1772);
#1774=EDGE_CURVE('',#1671,#1740,#1773,.T.);
#1775=ORIENTED_EDGE('',*,*,#1774,.F.);
#1776=ORIENTED_EDGE('',*,*,#1698,.T.);
#1777=CARTESIAN_POINT('',(-28.234150223,31.25313257,14.));
#1778=DIRECTION('',(-1.,0.,0.));
#1779=VECTOR('',#1778,14.);
#1780=LINE('',#1777,#1779);
#1781=EDGE_CURVE('',#1687,#1748,#1780,.T.);
#1782=ORIENTED_EDGE('',*,*,#1781,.T.);
#1783=ORIENTED_EDGE('',*,*,#1753,.F.);
#1784=EDGE_LOOP('',(#1775,#1776,#1782,#1783));
#1785=FACE_BOUND('',#1784,.T.);
#1786=ADVANCED_FACE('',(#1785),#1769,.F.);
#1787=CARTESIAN_POINT('',(9.865849777,5.20313257,11.8));
#1788=DIRECTION('',(1.,0.,0.));
#1789=DIRECTION('',(0.,0.,-1.));
#1790=AXIS2_PLACEMENT_3D('',#1787,#1788,#1789);
#1791=PLANE('',#1790);
#1792=CARTESIAN_POINT('',(9.865849777,-1.79686743,12.6));
#1793=VERTEX_POINT('',#1792);
#1794=CARTESIAN_POINT('',(9.865849777,12.20313257,12.6));
#1795=VERTEX_POINT('',#1794);
#1796=CARTESIAN_POINT('',(9.865849777,-1.79686743,12.6));
#1797=DIRECTION('',(0.,1.,0.));
#1798=VECTOR('',#1797,14.);
#1799=LINE('',#1796,#1798);
#1800=EDGE_CURVE('',#1793,#1795,#1799,.T.);
#1801=ORIENTED_EDGE('',*,*,#1800,.F.);
#1802=CARTESIAN_POINT('',(9.865849777,-1.79686743,14.));
#1803=VERTEX_POINT('',#1802);
#1804=CARTESIAN_POINT('',(9.865849777,-1.79686743,12.6));
#1805=DIRECTION('',(0.,0.,1.));
#1806=VECTOR('',#1805,1.4);
#1807=LINE('',#1804,#1806);
#1808=EDGE_CURVE('',#1793,#1803,#1807,.T.);
#1809=ORIENTED_EDGE('',*,*,#1808,.T.);
#1810=CARTESIAN_POINT('',(9.865849777,12.20313257,14.));
#1811=VERTEX_POINT('',#1810);
#1812=CARTESIAN_POINT('',(9.865849777,-1.79686743,14.));
#1813=DIRECTION('',(0.,1.,0.));
#1814=VECTOR('',#1813,14.);
#1815=LINE('',#1812,#1814);
#1816=EDGE_CURVE('',#1803,#1811,#1815,.T.);
#1817=ORIENTED_EDGE('',*,*,#1816,.T.);
#1818=CARTESIAN_POINT('',(9.865849777,12.20313257,12.6));
#1819=DIRECTION('',(0.,0.,1.));
#1820=VECTOR('',#1819,1.4);
#1821=LINE('',#1818,#1820);
#1822=EDGE_CURVE('',#1795,#1811,#1821,.T.);
#1823=ORIENTED_EDGE('',*,*,#1822,.F.);
#1824=EDGE_LOOP('',(#1801,#1809,#1817,#1823));
#1825=FACE_BOUND('',#1824,.T.);
#1826=ADVANCED_FACE('',(#1825),#1791,.F.);
#1827=CARTESIAN_POINT('',(2.865849777,-1.79686743,11.8));
#1828=DIRECTION('',(0.,-1.,0.));
#1829=DIRECTION('',(0.,0.,-1.));
#1830=AXIS2_PLACEMENT_3D('',#1827,#1828,#1829);
#1831=PLANE('',#1830);
#1832=CARTESIAN_POINT('',(-4.134150223,-1.79686743,12.6));
#1833=VERTEX_POINT('',#1832);
#1834=CARTESIAN_POINT('',(-4.134150223,-1.79686743,12.6));
#1835=DIRECTION('',(1.,0.,-0.));
#1836=VECTOR('',#1835,14.);
#1837=LINE('',#1834,#1836);
#1838=EDGE_CURVE('',#1833,#1793,#1837,.T.);
#1839=ORIENTED_EDGE('',*,*,#1838,.F.);
#1840=CARTESIAN_POINT('',(-4.134150223,-1.79686743,14.));
#1841=VERTEX_POINT('',#1840);
#1842=CARTESIAN_POINT('',(-4.134150223,-1.79686743,12.6));
#1843=DIRECTION('',(0.,0.,1.));
#1844=VECTOR('',#1843,1.4);
#1845=LINE('',#1842,#1844);
#1846=EDGE_CURVE('',#1833,#1841,#1845,.T.);
#1847=ORIENTED_EDGE('',*,*,#1846,.T.);
#1848=CARTESIAN_POINT('',(-4.134150223,-1.79686743,14.));
#1849=DIRECTION('',(1.,0.,-0.));
#1850=VECTOR('',#1849,14.);
#1851=LINE('',#1848,#1850);
#1852=EDGE_CURVE('',#1841,#1803,#1851,.T.);
#1853=ORIENTED_EDGE('',*,*,#1852,.T.);
#1854=ORIENTED_EDGE('',*,*,#1808,.F.);
#1855=EDGE_LOOP('',(#1839,#1847,#1853,#1854));
#1856=FACE_BOUND('',#1855,.T.);
#1857=ADVANCED_FACE('',(#1856),#1831,.F.);
#1858=CARTESIAN_POINT('',(-4.134150223,5.20313257,11.8));
#1859=DIRECTION('',(-1.,0.,0.));
#1860=DIRECTION('',(0.,0.,1.));
#1861=AXIS2_PLACEMENT_3D('',#1858,#1859,#1860);
#1862=PLANE('',#1861);
#1863=CARTESIAN_POINT('',(-4.134150223,12.20313257,12.6));
#1864=VERTEX_POINT('',#1863);
#1865=CARTESIAN_POINT('',(-4.134150223,12.20313257,12.6));
#1866=DIRECTION('',(0.,-1.,0.));
#1867=VECTOR('',#1866,14.);
#1868=LINE('',#1865,#1867);
#1869=EDGE_CURVE('',#1864,#1833,#1868,.T.);
#1870=ORIENTED_EDGE('',*,*,#1869,.F.);
#1871=CARTESIAN_POINT('',(-4.134150223,12.20313257,14.));
#1872=VERTEX_POINT('',#1871);
#1873=CARTESIAN_POINT('',(-4.134150223,12.20313257,12.6));
#1874=DIRECTION('',(0.,0.,1.));
#1875=VECTOR('',#1874,1.4);
#1876=LINE('',#1873,#1875);
#1877=EDGE_CURVE('',#1864,#1872,#1876,.T.);
#1878=ORIENTED_EDGE('',*,*,#1877,.T.);
#1879=CARTESIAN_POINT('',(-4.134150223,12.20313257,14.));
#1880=DIRECTION('',(0.,-1.,0.));
#1881=VECTOR('',#1880,14.);
#1882=LINE('',#1879,#1881);
#1883=EDGE_CURVE('',#1872,#1841,#1882,.T.);
#1884=ORIENTED_EDGE('',*,*,#1883,.T.);
#1885=ORIENTED_EDGE('',*,*,#1846,.F.);
#1886=EDGE_LOOP('',(#1870,#1878,#1884,#1885));
#1887=FACE_BOUND('',#1886,.T.);
#1888=ADVANCED_FACE('',(#1887),#1862,.F.);
#1889=CARTESIAN_POINT('',(2.865849777,12.20313257,11.8));
#1890=DIRECTION('',(0.,1.,0.));
#1891=DIRECTION('',(0.,0.,1.));
#1892=AXIS2_PLACEMENT_3D('',#1889,#1890,#1891);
#1893=PLANE('',#1892);
#1894=CARTESIAN_POINT('',(9.865849777,12.20313257,12.6));
#1895=DIRECTION('',(-1.,0.,0.));
#1896=VECTOR('',#1895,14.);
#1897=LINE('',#1894,#1896);
#1898=EDGE_CURVE('',#1795,#1864,#1897,.T.);
#1899=ORIENTED_EDGE('',*,*,#1898,.F.);
#1900=ORIENTED_EDGE('',*,*,#1822,.T.);
#1901=CARTESIAN_POINT('',(9.865849777,12.20313257,14.));
#1902=DIRECTION('',(-1.,0.,0.));
#1903=VECTOR('',#1902,14.);
#1904=LINE('',#1901,#1903);
#1905=EDGE_CURVE('',#1811,#1872,#1904,.T.);
#1906=ORIENTED_EDGE('',*,*,#1905,.T.);
#1907=ORIENTED_EDGE('',*,*,#1877,.F.);
#1908=EDGE_LOOP('',(#1899,#1900,#1906,#1907));
#1909=FACE_BOUND('',#1908,.T.);
#1910=ADVANCED_FACE('',(#1909),#1893,.F.);
#1911=CARTESIAN_POINT('',(28.915849777,24.25313257,11.8));
#1912=DIRECTION('',(1.,0.,0.));
#1913=DIRECTION('',(0.,0.,-1.));
#1914=AXIS2_PLACEMENT_3D('',#1911,#1912,#1913);
#1915=PLANE('',#1914);
#1916=CARTESIAN_POINT('',(28.915849777,17.25313257,12.6));
#1917=VERTEX_POINT('',#1916);
#1918=CARTESIAN_POINT('',(28.915849777,31.25313257,12.6));
#1919=VERTEX_POINT('',#1918);
#1920=CARTESIAN_POINT('',(28.915849777,17.25313257,12.6));
#1921=DIRECTION('',(0.,1.,0.));
#1922=VECTOR('',#1921,14.);
#1923=LINE('',#1920,#1922);
#1924=EDGE_CURVE('',#1917,#1919,#1923,.T.);
#1925=ORIENTED_EDGE('',*,*,#1924,.F.);
#1926=CARTESIAN_POINT('',(28.915849777,17.25313257,14.));
#1927=VERTEX_POINT('',#1926);
#1928=CARTESIAN_POINT('',(28.915849777,17.25313257,12.6));
#1929=DIRECTION('',(0.,0.,1.));
#1930=VECTOR('',#1929,1.4);
#1931=LINE('',#1928,#1930);
#1932=EDGE_CURVE('',#1917,#1927,#1931,.T.);
#1933=ORIENTED_EDGE('',*,*,#1932,.T.);
#1934=CARTESIAN_POINT('',(28.915849777,31.25313257,14.));
#1935=VERTEX_POINT('',#1934);
#1936=CARTESIAN_POINT('',(28.915849777,17.25313257,14.));
#1937=DIRECTION('',(0.,1.,0.));
#1938=VECTOR('',#1937,14.);
#1939=LINE('',#1936,#1938);
#1940=EDGE_CURVE('',#1927,#1935,#1939,.T.);
#1941=ORIENTED_EDGE('',*,*,#1940,.T.);
#1942=CARTESIAN_POINT('',(28.915849777,31.25313257,12.6));
#1943=DIRECTION('',(0.,0.,1.));
#1944=VECTOR('',#1943,1.4);
#1945=LINE('',#1942,#1944);
#1946=EDGE_CURVE('',#1919,#1935,#1945,.T.);
#1947=ORIENTED_EDGE('',*,*,#1946,.F.);
#1948=EDGE_LOOP('',(#1925,#1933,#1941,#1947));
#1949=FACE_BOUND('',#1948,.T.);
#1950=ADVANCED_FACE('',(#1949),#1915,.F.);
#1951=CARTESIAN_POINT('',(21.915849777,17.25313257,11.8));
#1952=DIRECTION('',(0.,-1.,0.));
#1953=DIRECTION('',(0.,0.,-1.));
#1954=AXIS2_PLACEMENT_3D('',#1951,#1952,#1953);
#1955=PLANE('',#1954);
#1956=CARTESIAN_POINT('',(14.915849777,17.25313257,12.6));
#1957=VERTEX_POINT('',#1956);
#1958=CARTESIAN_POINT('',(14.915849777,17.25313257,12.6));
#1959=DIRECTION('',(1.,0.,-0.));
#1960=VECTOR('',#1959,14.);
#1961=LINE('',#1958,#1960);
#1962=EDGE_CURVE('',#1957,#1917,#1961,.T.);
#1963=ORIENTED_EDGE('',*,*,#1962,.F.);
#1964=CARTESIAN_POINT('',(14.915849777,17.25313257,14.));
#1965=VERTEX_POINT('',#1964);
#1966=CARTESIAN_POINT('',(14.915849777,17.25313257,12.6));
#1967=DIRECTION('',(0.,0.,1.));
#1968=VECTOR('',#1967,1.4);
#1969=LINE('',#1966,#1968);
#1970=EDGE_CURVE('',#1957,#1965,#1969,.T.);
#1971=ORIENTED_EDGE('',*,*,#1970,.T.);
#1972=CARTESIAN_POINT('',(14.915849777,17.25313257,14.));
#1973=DIRECTION('',(1.,0.,-0.));
#1974=VECTOR('',#1973,14.);
#1975=LINE('',#1972,#1974);
#1976=EDGE_CURVE('',#1965,#1927,#1975,.T.);
#1977=ORIENTED_EDGE('',*,*,#1976,.T.);
#1978=ORIENTED_EDGE('',*,*,#1932,.F.);
#1979=EDGE_LOOP('',(#1963,#1971,#1977,#1978));
#1980=FACE_BOUND('',#1979,.T.);
#1981=ADVANCED_FACE('',(#1980),#1955,.F.);
#1982=CARTESIAN_POINT('',(14.915849777,24.25313257,11.8));
#1983=DIRECTION('',(-1.,0.,0.));
#1984=DIRECTION('',(0.,0.,1.));
#1985=AXIS2_PLACEMENT_3D('',#1982,#1983,#1984);
#1986=PLANE('',#1985);
#1987=CARTESIAN_POINT('',(14.915849777,31.25313257,12.6));
#1988=VERTEX_POINT('',#1987);
#1989=CARTESIAN_POINT('',(14.915849777,31.25313257,12.6));
#1990=DIRECTION('',(0.,-1.,0.));
#1991=VECTOR('',#1990,14.);
#1992=LINE('',#1989,#1991);
#1993=EDGE_CURVE('',#1988,#1957,#1992,.T.);
#1994=ORIENTED_EDGE('',*,*,#1993,.F.);
#1995=CARTESIAN_POINT('',(14.915849777,31.25313257,14.));
#1996=VERTEX_POINT('',#1995);
#1997=CARTESIAN_POINT('',(14.915849777,31.25313257,12.6));
#1998=DIRECTION('',(0.,0.,1.));
#1999=VECTOR('',#1998,1.4);
#2000=LINE('',#1997,#1999);
#2001=EDGE_CURVE('',#1988,#1996,#2000,.T.);
#2002=ORIENTED_EDGE('',*,*,#2001,.T.);
#2003=CARTESIAN_POINT('',(14.915849777,31.25313257,14.));
#2004=DIRECTION('',(0.,-1.,0.));
#2005=VECTOR('',#2004,14.);
#2006=LINE('',#2003,#2005);
#2007=EDGE_CURVE('',#1996,#1965,#2006,.T.);
#2008=ORIENTED_EDGE('',*,*,#2007,.T.);
#2009=ORIENTED_EDGE('',*,*,#1970,.F.);
#2010=EDGE_LOOP('',(#1994,#2002,#2008,#2009));
#2011=FACE_BOUND('',#2010,.T.);
#2012=ADVANCED_FACE('',(#2011),#1986,.F.);
#2013=CARTESIAN_POINT('',(21.915849777,31.25313257,11.8));
#2014=DIRECTION('',(0.,1.,0.));
#2015=DIRECTION('',(0.,0.,1.));
#2016=AXIS2_PLACEMENT_3D('',#2013,#2014,#2015);
#2017=PLANE('',#2016);
#2018=CARTESIAN_POINT('',(28.915849777,31.25313257,12.6));
#2019=DIRECTION('',(-1.,0.,0.));
#2020=VECTOR('',#2019,14.);
#2021=LINE('',#2018,#2020);
#2022=EDGE_CURVE('',#1919,#1988,#2021,.T.);
#2023=ORIENTED_EDGE('',*,*,#2022,.F.);
#2024=ORIENTED_EDGE('',*,*,#1946,.T.);
#2025=CARTESIAN_POINT('',(28.915849777,31.25313257,14.));
#2026=DIRECTION('',(-1.,0.,0.));
#2027=VECTOR('',#2026,14.);
#2028=LINE('',#2025,#2027);
#2029=EDGE_CURVE('',#1935,#1996,#2028,.T.);
#2030=ORIENTED_EDGE('',*,*,#2029,.T.);
#2031=ORIENTED_EDGE('',*,*,#2001,.F.);
#2032=EDGE_LOOP('',(#2023,#2024,#2030,#2031));
#2033=FACE_BOUND('',#2032,.T.);
#2034=ADVANCED_FACE('',(#2033),#2017,.F.);
#2035=CARTESIAN_POINT('',(43.125789277,-25.15731193,11.8));
#2036=DIRECTION('',(0.707106781,0.707106781,0.));
#2037=DIRECTION('',(-0.707106781,0.707106781,0.));
#2038=AXIS2_PLACEMENT_3D('',#2035,#2036,#2037);
#2039=PLANE('',#2038);
#2040=CARTESIAN_POINT('',(48.075536777,-30.10705943,12.6));
#2041=VERTEX_POINT('',#2040);
#2042=CARTESIAN_POINT('',(38.176041777,-20.20756443,12.6));
#2043=VERTEX_POINT('',#2042);
#2044=CARTESIAN_POINT('',(48.075536777,-30.10705943,12.6));
#2045=DIRECTION('',(-0.707106781,0.707106781,0.));
#2046=VECTOR('',#2045,14.00000009);
#2047=LINE('',#2044,#2046);
#2048=EDGE_CURVE('',#2041,#2043,#2047,.T.);
#2049=ORIENTED_EDGE('',*,*,#2048,.F.);
#2050=CARTESIAN_POINT('',(48.075536777,-30.10705943,14.));
#2051=VERTEX_POINT('',#2050);
#2052=CARTESIAN_POINT('',(48.075536777,-30.10705943,12.6));
#2053=DIRECTION('',(0.,0.,1.));
#2054=VECTOR('',#2053,1.4);
#2055=LINE('',#2052,#2054);
#2056=EDGE_CURVE('',#2041,#2051,#2055,.T.);
#2057=ORIENTED_EDGE('',*,*,#2056,.T.);
#2058=CARTESIAN_POINT('',(38.176041777,-20.20756443,14.));
#2059=VERTEX_POINT('',#2058);
#2060=CARTESIAN_POINT('',(48.075536777,-30.10705943,14.));
#2061=DIRECTION('',(-0.707106781,0.707106781,0.));
#2062=VECTOR('',#2061,14.00000009);
#2063=LINE('',#2060,#2062);
#2064=EDGE_CURVE('',#2051,#2059,#2063,.T.);
#2065=ORIENTED_EDGE('',*,*,#2064,.T.);
#2066=CARTESIAN_POINT('',(38.176041777,-20.20756443,12.6));
#2067=DIRECTION('',(0.,0.,1.));
#2068=VECTOR('',#2067,1.4);
#2069=LINE('',#2066,#2068);
#2070=EDGE_CURVE('',#2043,#2059,#2069,.T.);
#2071=ORIENTED_EDGE('',*,*,#2070,.F.);
#2072=EDGE_LOOP('',(#2049,#2057,#2065,#2071));
#2073=FACE_BOUND('',#2072,.T.);
#2074=ADVANCED_FACE('',(#2073),#2039,.F.);
#2075=CARTESIAN_POINT('',(43.125789277,-35.05680693,11.8));
#2076=DIRECTION('',(0.707106781,-0.707106781,0.));
#2077=DIRECTION('',(0.707106781,0.707106781,0.));
#2078=AXIS2_PLACEMENT_3D('',#2075,#2076,#2077);
#2079=PLANE('',#2078);
#2080=CARTESIAN_POINT('',(38.176041777,-40.00655443,12.6));
#2081=VERTEX_POINT('',#2080);
#2082=CARTESIAN_POINT('',(38.176041777,-40.00655443,12.6));
#2083=DIRECTION('',(0.707106781,0.707106781,0.));
#2084=VECTOR('',#2083,14.00000009);
#2085=LINE('',#2082,#2084);
#2086=EDGE_CURVE('',#2081,#2041,#2085,.T.);
#2087=ORIENTED_EDGE('',*,*,#2086,.F.);
#2088=CARTESIAN_POINT('',(38.176041777,-40.00655443,14.));
#2089=VERTEX_POINT('',#2088);
#2090=CARTESIAN_POINT('',(38.176041777,-40.00655443,12.6));
#2091=DIRECTION('',(0.,0.,1.));
#2092=VECTOR('',#2091,1.4);
#2093=LINE('',#2090,#2092);
#2094=EDGE_CURVE('',#2081,#2089,#2093,.T.);
#2095=ORIENTED_EDGE('',*,*,#2094,.T.);
#2096=CARTESIAN_POINT('',(38.176041777,-40.00655443,14.));
#2097=DIRECTION('',(0.707106781,0.707106781,0.));
#2098=VECTOR('',#2097,14.00000009);
#2099=LINE('',#2096,#2098);
#2100=EDGE_CURVE('',#2089,#2051,#2099,.T.);
#2101=ORIENTED_EDGE('',*,*,#2100,.T.);
#2102=ORIENTED_EDGE('',*,*,#2056,.F.);
#2103=EDGE_LOOP('',(#2087,#2095,#2101,#2102));
#2104=FACE_BOUND('',#2103,.T.);
#2105=ADVANCED_FACE('',(#2104),#2079,.F.);
#2106=CARTESIAN_POINT('',(33.226294277,-35.05680693,11.8));
#2107=DIRECTION('',(-0.707106781,-0.707106781,0.));
#2108=DIRECTION('',(0.707106781,-0.707106781,0.));
#2109=AXIS2_PLACEMENT_3D('',#2106,#2107,#2108);
#2110=PLANE('',#2109);
#2111=CARTESIAN_POINT('',(28.276546777,-30.10705943,12.6));
#2112=VERTEX_POINT('',#2111);
#2113=CARTESIAN_POINT('',(28.276546777,-30.10705943,12.6));
#2114=DIRECTION('',(0.707106781,-0.707106781,0.));
#2115=VECTOR('',#2114,14.00000009);
#2116=LINE('',#2113,#2115);
#2117=EDGE_CURVE('',#2112,#2081,#2116,.T.);
#2118=ORIENTED_EDGE('',*,*,#2117,.F.);
#2119=CARTESIAN_POINT('',(28.276546777,-30.10705943,14.));
#2120=VERTEX_POINT('',#2119);
#2121=CARTESIAN_POINT('',(28.276546777,-30.10705943,12.6));
#2122=DIRECTION('',(0.,0.,1.));
#2123=VECTOR('',#2122,1.4);
#2124=LINE('',#2121,#2123);
#2125=EDGE_CURVE('',#2112,#2120,#2124,.T.);
#2126=ORIENTED_EDGE('',*,*,#2125,.T.);
#2127=CARTESIAN_POINT('',(28.276546777,-30.10705943,14.));
#2128=DIRECTION('',(0.707106781,-0.707106781,0.));
#2129=VECTOR('',#2128,14.00000009);
#2130=LINE('',#2127,#2129);
#2131=EDGE_CURVE('',#2120,#2089,#2130,.T.);
#2132=ORIENTED_EDGE('',*,*,#2131,.T.);
#2133=ORIENTED_EDGE('',*,*,#2094,.F.);
#2134=EDGE_LOOP('',(#2118,#2126,#2132,#2133));
#2135=FACE_BOUND('',#2134,.T.);
#2136=ADVANCED_FACE('',(#2135),#2110,.F.);
#2137=CARTESIAN_POINT('',(33.226294277,-25.15731193,11.8));
#2138=DIRECTION('',(-0.707106781,0.707106781,0.));
#2139=DIRECTION('',(-0.707106781,-0.707106781,0.));
#2140=AXIS2_PLACEMENT_3D('',#2137,#2138,#2139);
#2141=PLANE('',#2140);
#2142=CARTESIAN_POINT('',(38.176041777,-20.20756443,12.6));
#2143=DIRECTION('',(-0.707106781,-0.707106781,0.));
#2144=VECTOR('',#2143,14.00000009);
#2145=LINE('',#2142,#2144);
#2146=EDGE_CURVE('',#2043,#2112,#2145,.T.);
#2147=ORIENTED_EDGE('',*,*,#2146,.F.);
#2148=ORIENTED_EDGE('',*,*,#2070,.T.);
#2149=CARTESIAN_POINT('',(38.176041777,-20.20756443,14.));
#2150=DIRECTION('',(-0.707106781,-0.707106781,0.));
#2151=VECTOR('',#2150,14.00000009);
#2152=LINE('',#2149,#2151);
#2153=EDGE_CURVE('',#2059,#2120,#2152,.T.);
#2154=ORIENTED_EDGE('',*,*,#2153,.T.);
#2155=ORIENTED_EDGE('',*,*,#2125,.F.);
#2156=EDGE_LOOP('',(#2147,#2148,#2154,#2155));
#2157=FACE_BOUND('',#2156,.T.);
#2158=ADVANCED_FACE('',(#2157),#2141,.F.);
#2159=CARTESIAN_POINT('',(28.915849777,-13.84686743,11.8));
#2160=DIRECTION('',(1.,0.,0.));
#2161=DIRECTION('',(0.,0.,-1.));
#2162=AXIS2_PLACEMENT_3D('',#2159,#2160,#2161);
#2163=PLANE('',#2162);
#2164=CARTESIAN_POINT('',(28.915849777,-20.84686743,12.6));
#2165=VERTEX_POINT('',#2164);
#2166=CARTESIAN_POINT('',(28.915849777,-6.84686743,12.6));
#2167=VERTEX_POINT('',#2166);
#2168=CARTESIAN_POINT('',(28.915849777,-20.84686743,12.6));
#2169=DIRECTION('',(0.,1.,0.));
#2170=VECTOR('',#2169,14.);
#2171=LINE('',#2168,#2170);
#2172=EDGE_CURVE('',#2165,#2167,#2171,.T.);
#2173=ORIENTED_EDGE('',*,*,#2172,.F.);
#2174=CARTESIAN_POINT('',(28.915849777,-20.84686743,14.));
#2175=VERTEX_POINT('',#2174);
#2176=CARTESIAN_POINT('',(28.915849777,-20.84686743,12.6));
#2177=DIRECTION('',(0.,0.,1.));
#2178=VECTOR('',#2177,1.4);
#2179=LINE('',#2176,#2178);
#2180=EDGE_CURVE('',#2165,#2175,#2179,.T.);
#2181=ORIENTED_EDGE('',*,*,#2180,.T.);
#2182=CARTESIAN_POINT('',(28.915849777,-6.84686743,14.));
#2183=VERTEX_POINT('',#2182);
#2184=CARTESIAN_POINT('',(28.915849777,-20.84686743,14.));
#2185=DIRECTION('',(0.,1.,0.));
#2186=VECTOR('',#2185,14.);
#2187=LINE('',#2184,#2186);
#2188=EDGE_CURVE('',#2175,#2183,#2187,.T.);
#2189=ORIENTED_EDGE('',*,*,#2188,.T.);
#2190=CARTESIAN_POINT('',(28.915849777,-6.84686743,12.6));
#2191=DIRECTION('',(0.,0.,1.));
#2192=VECTOR('',#2191,1.4);
#2193=LINE('',#2190,#2192);
#2194=EDGE_CURVE('',#2167,#2183,#2193,.T.);
#2195=ORIENTED_EDGE('',*,*,#2194,.F.);
#2196=EDGE_LOOP('',(#2173,#2181,#2189,#2195));
#2197=FACE_BOUND('',#2196,.T.);
#2198=ADVANCED_FACE('',(#2197),#2163,.F.);
#2199=CARTESIAN_POINT('',(21.915849777,-20.84686743,11.8));
#2200=DIRECTION('',(0.,-1.,0.));
#2201=DIRECTION('',(0.,0.,-1.));
#2202=AXIS2_PLACEMENT_3D('',#2199,#2200,#2201);
#2203=PLANE('',#2202);
#2204=CARTESIAN_POINT('',(14.915849777,-20.84686743,12.6));
#2205=VERTEX_POINT('',#2204);
#2206=CARTESIAN_POINT('',(14.915849777,-20.84686743,12.6));
#2207=DIRECTION('',(1.,0.,-0.));
#2208=VECTOR('',#2207,14.);
#2209=LINE('',#2206,#2208);
#2210=EDGE_CURVE('',#2205,#2165,#2209,.T.);
#2211=ORIENTED_EDGE('',*,*,#2210,.F.);
#2212=CARTESIAN_POINT('',(14.915849777,-20.84686743,14.));
#2213=VERTEX_POINT('',#2212);
#2214=CARTESIAN_POINT('',(14.915849777,-20.84686743,12.6));
#2215=DIRECTION('',(0.,0.,1.));
#2216=VECTOR('',#2215,1.4);
#2217=LINE('',#2214,#2216);
#2218=EDGE_CURVE('',#2205,#2213,#2217,.T.);
#2219=ORIENTED_EDGE('',*,*,#2218,.T.);
#2220=CARTESIAN_POINT('',(14.915849777,-20.84686743,14.));
#2221=DIRECTION('',(1.,0.,-0.));
#2222=VECTOR('',#2221,14.);
#2223=LINE('',#2220,#2222);
#2224=EDGE_CURVE('',#2213,#2175,#2223,.T.);
#2225=ORIENTED_EDGE('',*,*,#2224,.T.);
#2226=ORIENTED_EDGE('',*,*,#2180,.F.);
#2227=EDGE_LOOP('',(#2211,#2219,#2225,#2226));
#2228=FACE_BOUND('',#2227,.T.);
#2229=ADVANCED_FACE('',(#2228),#2203,.F.);
#2230=CARTESIAN_POINT('',(14.915849777,-13.84686743,11.8));
#2231=DIRECTION('',(-1.,0.,0.));
#2232=DIRECTION('',(0.,0.,1.));
#2233=AXIS2_PLACEMENT_3D('',#2230,#2231,#2232);
#2234=PLANE('',#2233);
#2235=CARTESIAN_POINT('',(14.915849777,-6.84686743,12.6));
#2236=VERTEX_POINT('',#2235);
#2237=CARTESIAN_POINT('',(14.915849777,-6.84686743,12.6));
#2238=DIRECTION('',(0.,-1.,0.));
#2239=VECTOR('',#2238,14.);
#2240=LINE('',#2237,#2239);
#2241=EDGE_CURVE('',#2236,#2205,#2240,.T.);
#2242=ORIENTED_EDGE('',*,*,#2241,.F.);
#2243=CARTESIAN_POINT('',(14.915849777,-6.84686743,14.));
#2244=VERTEX_POINT('',#2243);
#2245=CARTESIAN_POINT('',(14.915849777,-6.84686743,12.6));
#2246=DIRECTION('',(0.,0.,1.));
#2247=VECTOR('',#2246,1.4);
#2248=LINE('',#2245,#2247);
#2249=EDGE_CURVE('',#2236,#2244,#2248,.T.);
#2250=ORIENTED_EDGE('',*,*,#2249,.T.);
#2251=CARTESIAN_POINT('',(14.915849777,-6.84686743,14.));
#2252=DIRECTION('',(0.,-1.,0.));
#2253=VECTOR('',#2252,14.);
#2254=LINE('',#2251,#2253);
#2255=EDGE_CURVE('',#2244,#2213,#2254,.T.);
#2256=ORIENTED_EDGE('',*,*,#2255,.T.);
#2257=ORIENTED_EDGE('',*,*,#2218,.F.);
#2258=EDGE_LOOP('',(#2242,#2250,#2256,#2257));
#2259=FACE_BOUND('',#2258,.T.);
#2260=ADVANCED_FACE('',(#2259),#2234,.F.);
#2261=CARTESIAN_POINT('',(21.915849777,-6.84686743,11.8));
#2262=DIRECTION('',(0.,1.,0.));
#2263=DIRECTION('',(0.,0.,1.));
#2264=AXIS2_PLACEMENT_3D('',#2261,#2262,#2263);
#2265=PLANE('',#2264);
#2266=CARTESIAN_POINT('',(28.915849777,-6.84686743,12.6));
#2267=DIRECTION('',(-1.,0.,0.));
#2268=VECTOR('',#2267,14.);
#2269=LINE('',#2266,#2268);
#2270=EDGE_CURVE('',#2167,#2236,#2269,.T.);
#2271=ORIENTED_EDGE('',*,*,#2270,.F.);
#2272=ORIENTED_EDGE('',*,*,#2194,.T.);
#2273=CARTESIAN_POINT('',(28.915849777,-6.84686743,14.));
#2274=DIRECTION('',(-1.,0.,0.));
#2275=VECTOR('',#2274,14.);
#2276=LINE('',#2273,#2275);
#2277=EDGE_CURVE('',#2183,#2244,#2276,.T.);
#2278=ORIENTED_EDGE('',*,*,#2277,.T.);
#2279=ORIENTED_EDGE('',*,*,#2249,.F.);
#2280=EDGE_LOOP('',(#2271,#2272,#2278,#2279));
#2281=FACE_BOUND('',#2280,.T.);
#2282=ADVANCED_FACE('',(#2281),#2265,.F.);
#2283=CARTESIAN_POINT('',(48.278829777,-20.00427143,11.8));
#2284=DIRECTION('',(-0.707106781,-0.707106781,0.));
#2285=DIRECTION('',(0.707106781,-0.707106781,0.));
#2286=AXIS2_PLACEMENT_3D('',#2283,#2284,#2285);
#2287=PLANE('',#2286);
#2288=CARTESIAN_POINT('',(41.545665826,-13.271107479,14.));
#2289=VERTEX_POINT('',#2288);
#2290=CARTESIAN_POINT('',(54.130138301,-25.855579953,14.));
#2291=VERTEX_POINT('',#2290);
#2292=CARTESIAN_POINT('',(41.545665826,-13.271107479,14.));
#2293=DIRECTION('',(0.707106781,-0.707106781,0.));
#2294=VECTOR('',#2293,17.797131649);
#2295=LINE('',#2292,#2294);
#2296=EDGE_CURVE('',#2289,#2291,#2295,.T.);
#2297=ORIENTED_EDGE('',*,*,#2296,.T.);
#2298=CARTESIAN_POINT('',(54.130138301,-25.855579953,14.));
#2299=DIRECTION('',(-0.,-0.,-1.));
#2300=VECTOR('',#2299,3.);
#2301=LINE('',#2298,#2300);
#2302=EDGE_CURVE('',#2291,#339,#2301,.T.);
#2303=ORIENTED_EDGE('',*,*,#2302,.T.);
#2304=ORIENTED_EDGE('',*,*,#344,.F.);
#2305=CARTESIAN_POINT('',(41.545665826,-13.271107479,11.));
#2306=DIRECTION('',(-0.,-0.,1.));
#2307=VECTOR('',#2306,3.);
#2308=LINE('',#2305,#2307);
#2309=EDGE_CURVE('',#330,#2289,#2308,.T.);
#2310=ORIENTED_EDGE('',*,*,#2309,.T.);
#2311=EDGE_LOOP('',(#2297,#2303,#2304,#2310));
#2312=FACE_BOUND('',#2311,.T.);
#2313=ADVANCED_FACE('',(#2312),#2287,.F.);
#2314=CARTESIAN_POINT('',(28.073253777,-40.20984743,11.8));
#2315=DIRECTION('',(0.707106781,0.707106781,0.));
#2316=DIRECTION('',(-0.707106781,0.707106781,0.));
#2317=AXIS2_PLACEMENT_3D('',#2314,#2315,#2316);
#2318=PLANE('',#2317);
#2319=ORIENTED_EDGE('',*,*,#387,.F.);
#2320=CARTESIAN_POINT('',(33.924562301,-46.061155953,14.));
#2321=VERTEX_POINT('',#2320);
#2322=CARTESIAN_POINT('',(33.924562301,-46.061155953,11.));
#2323=DIRECTION('',(0.,0.,1.));
#2324=VECTOR('',#2323,3.);
#2325=LINE('',#2322,#2324);
#2326=EDGE_CURVE('',#373,#2321,#2325,.T.);
#2327=ORIENTED_EDGE('',*,*,#2326,.T.);
#2328=CARTESIAN_POINT('',(21.340089826,-33.476683479,14.));
#2329=VERTEX_POINT('',#2328);
#2330=CARTESIAN_POINT('',(33.924562301,-46.061155953,14.));
#2331=DIRECTION('',(-0.707106781,0.707106781,0.));
#2332=VECTOR('',#2331,17.797131649);
#2333=LINE('',#2330,#2332);
#2334=EDGE_CURVE('',#2321,#2329,#2333,.T.);
#2335=ORIENTED_EDGE('',*,*,#2334,.T.);
#2336=CARTESIAN_POINT('',(21.340089826,-33.476683479,14.));
#2337=DIRECTION('',(0.,0.,-1.));
#2338=VECTOR('',#2337,3.);
#2339=LINE('',#2336,#2338);
#2340=EDGE_CURVE('',#2329,#382,#2339,.T.);
#2341=ORIENTED_EDGE('',*,*,#2340,.T.);
#2342=EDGE_LOOP('',(#2319,#2327,#2335,#2341));
#2343=FACE_BOUND('',#2342,.T.);
#2344=ADVANCED_FACE('',(#2343),#2318,.F.);
#2345=CARTESIAN_POINT('',(44.911233777,-36.84225143,11.8));
#2346=DIRECTION('',(-0.707106781,0.707106781,0.));
#2347=DIRECTION('',(-0.707106781,-0.707106781,0.));
#2348=AXIS2_PLACEMENT_3D('',#2345,#2346,#2347);
#2349=PLANE('',#2348);
#2350=CARTESIAN_POINT('',(54.130138301,-27.623346906,14.));
#2351=VERTEX_POINT('',#2350);
#2352=CARTESIAN_POINT('',(35.692329254,-46.061155953,14.));
#2353=VERTEX_POINT('',#2352);
#2354=CARTESIAN_POINT('',(54.130138301,-27.623346906,14.));
#2355=DIRECTION('',(-0.707106781,-0.707106781,0.));
#2356=VECTOR('',#2355,26.074999615);
#2357=LINE('',#2354,#2356);
#2358=EDGE_CURVE('',#2351,#2353,#2357,.T.);
#2359=ORIENTED_EDGE('',*,*,#2358,.T.);
#2360=CARTESIAN_POINT('',(35.692329254,-46.061155953,14.));
#2361=DIRECTION('',(-0.,-0.,-1.));
#2362=VECTOR('',#2361,3.);
#2363=LINE('',#2360,#2362);
#2364=EDGE_CURVE('',#2353,#365,#2363,.T.);
#2365=ORIENTED_EDGE('',*,*,#2364,.T.);
#2366=ORIENTED_EDGE('',*,*,#370,.F.);
#2367=CARTESIAN_POINT('',(54.130138301,-27.623346906,11.));
#2368=DIRECTION('',(0.,0.,1.));
#2369=VECTOR('',#2368,3.);
#2370=LINE('',#2367,#2369);
#2371=EDGE_CURVE('',#356,#2351,#2370,.T.);
#2372=ORIENTED_EDGE('',*,*,#2371,.T.);
#2373=EDGE_LOOP('',(#2359,#2365,#2366,#2372));
#2374=FACE_BOUND('',#2373,.T.);
#2375=ADVANCED_FACE('',(#2374),#2349,.F.);
#2376=CARTESIAN_POINT('',(-148.264150223,110.61313257,14.));
#2377=DIRECTION('',(0.,0.,1.));
#2378=DIRECTION('',(1.,0.,0.));
#2379=AXIS2_PLACEMENT_3D('',#2376,#2377,#2378);
#2380=PLANE('',#2379);
#2381=CARTESIAN_POINT('',(-24.609150223,24.25313257,14.));
#2382=VERTEX_POINT('',#2381);
#2383=CARTESIAN_POINT('',(-25.709150223,24.25313257,14.));
#2384=DIRECTION('',(0.,0.,1.));
#2385=DIRECTION('',(1.,0.,-0.));
#2386=AXIS2_PLACEMENT_3D('',#2383,#2384,#2385);
#2387=CIRCLE('',#2386,1.1);
#2388=EDGE_CURVE('',#2382,#2382,#2387,.T.);
#2389=ORIENTED_EDGE('',*,*,#2388,.F.);
#2390=EDGE_LOOP('',(#2389));
#2391=FACE_BOUND('',#2390,.T.);
#2392=CARTESIAN_POINT('',(13.490849777,24.25313257,14.));
#2393=VERTEX_POINT('',#2392);
#2394=CARTESIAN_POINT('',(12.390849777,24.25313257,14.));
#2395=DIRECTION('',(0.,0.,1.));
#2396=DIRECTION('',(1.,0.,-0.));
#2397=AXIS2_PLACEMENT_3D('',#2394,#2395,#2396);
#2398=CIRCLE('',#2397,1.1);
#2399=EDGE_CURVE('',#2393,#2393,#2398,.T.);
#2400=ORIENTED_EDGE('',*,*,#2399,.F.);
#2401=EDGE_LOOP('',(#2400));
#2402=FACE_BOUND('',#2401,.T.);
#2403=CARTESIAN_POINT('',(-24.609150223,-13.84686743,14.));
#2404=VERTEX_POINT('',#2403);
#2405=CARTESIAN_POINT('',(-25.709150223,-13.84686743,14.));
#2406=DIRECTION('',(0.,0.,1.));
#2407=DIRECTION('',(1.,0.,-0.));
#2408=AXIS2_PLACEMENT_3D('',#2405,#2406,#2407);
#2409=CIRCLE('',#2408,1.1);
#2410=EDGE_CURVE('',#2404,#2404,#2409,.T.);
#2411=ORIENTED_EDGE('',*,*,#2410,.F.);
#2412=EDGE_LOOP('',(#2411));
#2413=FACE_BOUND('',#2412,.T.);
#2414=CARTESIAN_POINT('',(46.581845671,-22.360327823,14.));
#2415=VERTEX_POINT('',#2414);
#2416=CARTESIAN_POINT('',(45.481845671,-22.360327823,14.));
#2417=DIRECTION('',(0.,0.,1.));
#2418=DIRECTION('',(1.,0.,-0.));
#2419=AXIS2_PLACEMENT_3D('',#2416,#2417,#2418);
#2420=CIRCLE('',#2419,1.1);
#2421=EDGE_CURVE('',#2415,#2415,#2420,.T.);
#2422=ORIENTED_EDGE('',*,*,#2421,.F.);
#2423=EDGE_LOOP('',(#2422));
#2424=FACE_BOUND('',#2423,.T.);
#2425=CARTESIAN_POINT('',(31.529310171,-37.412863323,14.));
#2426=VERTEX_POINT('',#2425);
#2427=CARTESIAN_POINT('',(30.429310171,-37.412863323,14.));
#2428=DIRECTION('',(0.,0.,1.));
#2429=DIRECTION('',(1.,0.,-0.));
#2430=AXIS2_PLACEMENT_3D('',#2427,#2428,#2429);
#2431=CIRCLE('',#2430,1.1);
#2432=EDGE_CURVE('',#2426,#2426,#2431,.T.);
#2433=ORIENTED_EDGE('',*,*,#2432,.F.);
#2434=EDGE_LOOP('',(#2433));
#2435=FACE_BOUND('',#2434,.T.);
#2436=CARTESIAN_POINT('',(13.490849777,-13.84686743,14.));
#2437=VERTEX_POINT('',#2436);
#2438=CARTESIAN_POINT('',(12.390849777,-13.84686743,14.));
#2439=DIRECTION('',(0.,0.,1.));
#2440=DIRECTION('',(1.,0.,-0.));
#2441=AXIS2_PLACEMENT_3D('',#2438,#2439,#2440);
#2442=CIRCLE('',#2441,1.1);
#2443=EDGE_CURVE('',#2437,#2437,#2442,.T.);
#2444=ORIENTED_EDGE('',*,*,#2443,.F.);
#2445=EDGE_LOOP('',(#2444));
#2446=FACE_BOUND('',#2445,.T.);
#2447=CARTESIAN_POINT('',(31.440849777,32.52813257,14.));
#2448=VERTEX_POINT('',#2447);
#2449=CARTESIAN_POINT('',(31.440849777,11.124076472,14.));
#2450=VERTEX_POINT('',#2449);
#2451=CARTESIAN_POINT('',(31.440849777,32.52813257,14.));
#2452=DIRECTION('',(0.,-1.,0.));
#2453=VECTOR('',#2452,21.404056098);
#2454=LINE('',#2451,#2453);
#2455=EDGE_CURVE('',#2448,#2450,#2454,.T.);
#2456=ORIENTED_EDGE('',*,*,#2455,.F.);
#2457=CARTESIAN_POINT('',(30.190849777,33.77813257,14.));
#2458=VERTEX_POINT('',#2457);
#2459=CARTESIAN_POINT('',(30.190849777,32.52813257,14.));
#2460=DIRECTION('',(0.,0.,1.));
#2461=DIRECTION('',(1.,0.,-0.));
#2462=AXIS2_PLACEMENT_3D('',#2459,#2460,#2461);
#2463=CIRCLE('',#2462,1.25);
#2464=EDGE_CURVE('',#2448,#2458,#2463,.T.);
#2465=ORIENTED_EDGE('',*,*,#2464,.T.);
#2466=CARTESIAN_POINT('',(-43.509150223,33.77813257,14.));
#2467=VERTEX_POINT('',#2466);
#2468=CARTESIAN_POINT('',(-43.509150223,33.77813257,14.));
#2469=DIRECTION('',(1.,0.,-0.));
#2470=VECTOR('',#2469,73.7);
#2471=LINE('',#2468,#2470);
#2472=EDGE_CURVE('',#2467,#2458,#2471,.T.);
#2473=ORIENTED_EDGE('',*,*,#2472,.F.);
#2474=CARTESIAN_POINT('',(-44.759150223,32.52813257,14.));
#2475=VERTEX_POINT('',#2474);
#2476=CARTESIAN_POINT('',(-43.509150223,32.52813257,14.));
#2477=DIRECTION('',(0.,0.,1.));
#2478=DIRECTION('',(1.,0.,-0.));
#2479=AXIS2_PLACEMENT_3D('',#2476,#2477,#2478);
#2480=CIRCLE('',#2479,1.25);
#2481=EDGE_CURVE('',#2467,#2475,#2480,.T.);
#2482=ORIENTED_EDGE('',*,*,#2481,.T.);
#2483=CARTESIAN_POINT('',(-44.759150223,-22.12186743,14.));
#2484=VERTEX_POINT('',#2483);
#2485=CARTESIAN_POINT('',(-44.759150223,-22.12186743,14.));
#2486=DIRECTION('',(0.,1.,0.));
#2487=VECTOR('',#2486,54.65);
#2488=LINE('',#2485,#2487);
#2489=EDGE_CURVE('',#2484,#2475,#2488,.T.);
#2490=ORIENTED_EDGE('',*,*,#2489,.F.);
#2491=CARTESIAN_POINT('',(-43.509150223,-23.37186743,14.));
#2492=VERTEX_POINT('',#2491);
#2493=CARTESIAN_POINT('',(-43.509150223,-22.12186743,14.));
#2494=DIRECTION('',(0.,0.,1.));
#2495=DIRECTION('',(1.,0.,-0.));
#2496=AXIS2_PLACEMENT_3D('',#2493,#2494,#2495);
#2497=CIRCLE('',#2496,1.25);
#2498=EDGE_CURVE('',#2484,#2492,#2497,.T.);
#2499=ORIENTED_EDGE('',*,*,#2498,.T.);
#2500=CARTESIAN_POINT('',(-3.055094125,-23.37186743,14.));
#2501=VERTEX_POINT('',#2500);
#2502=CARTESIAN_POINT('',(-3.055094125,-23.37186743,14.));
#2503=DIRECTION('',(-1.,0.,0.));
#2504=VECTOR('',#2503,40.454056098);
#2505=LINE('',#2502,#2504);
#2506=EDGE_CURVE('',#2501,#2492,#2505,.T.);
#2507=ORIENTED_EDGE('',*,*,#2506,.F.);
#2508=CARTESIAN_POINT('',(-3.055094125,-57.87186743,14.));
#2509=DIRECTION('',(-0.,-0.,-1.));
#2510=DIRECTION('',(1.,0.,-0.));
#2511=AXIS2_PLACEMENT_3D('',#2508,#2509,#2510);
#2512=CIRCLE('',#2511,34.5);
#2513=EDGE_CURVE('',#2501,#2329,#2512,.T.);
#2514=ORIENTED_EDGE('',*,*,#2513,.T.);
#2515=ORIENTED_EDGE('',*,*,#2334,.F.);
#2516=CARTESIAN_POINT('',(34.808445777,-45.177272477,14.));
#2517=DIRECTION('',(0.,0.,1.));
#2518=DIRECTION('',(1.,0.,-0.));
#2519=AXIS2_PLACEMENT_3D('',#2516,#2517,#2518);
#2520=CIRCLE('',#2519,1.25);
#2521=EDGE_CURVE('',#2321,#2353,#2520,.T.);
#2522=ORIENTED_EDGE('',*,*,#2521,.T.);
#2523=ORIENTED_EDGE('',*,*,#2358,.F.);
#2524=CARTESIAN_POINT('',(54.496254824,-26.73946343,14.));
#2525=VERTEX_POINT('',#2524);
#2526=CARTESIAN_POINT('',(53.246254824,-26.73946343,14.));
#2527=DIRECTION('',(0.,0.,1.));
#2528=DIRECTION('',(1.,0.,-0.));
#2529=AXIS2_PLACEMENT_3D('',#2526,#2527,#2528);
#2530=CIRCLE('',#2529,1.25);
#2531=EDGE_CURVE('',#2351,#2525,#2530,.T.);
#2532=ORIENTED_EDGE('',*,*,#2531,.T.);
#2533=CARTESIAN_POINT('',(53.246254824,-26.73946343,14.));
#2534=DIRECTION('',(0.,0.,1.));
#2535=DIRECTION('',(1.,0.,-0.));
#2536=AXIS2_PLACEMENT_3D('',#2533,#2534,#2535);
#2537=CIRCLE('',#2536,1.25);
#2538=EDGE_CURVE('',#2525,#2291,#2537,.T.);
#2539=ORIENTED_EDGE('',*,*,#2538,.T.);
#2540=ORIENTED_EDGE('',*,*,#2296,.F.);
#2541=CARTESIAN_POINT('',(65.940849777,11.124076472,14.));
#2542=DIRECTION('',(-0.,-0.,-1.));
#2543=DIRECTION('',(1.,0.,-0.));
#2544=AXIS2_PLACEMENT_3D('',#2541,#2542,#2543);
#2545=CIRCLE('',#2544,34.5);
#2546=EDGE_CURVE('',#2289,#2450,#2545,.T.);
#2547=ORIENTED_EDGE('',*,*,#2546,.T.);
#2548=EDGE_LOOP('',(#2456,#2465,#2473,#2482,#2490,#2499,#2507,#2514,#2515,#2522,#2523,#2532,#2539,#2540,#2547));
#2549=FACE_BOUND('',#2548,.T.);
#2550=ORIENTED_EDGE('',*,*,#824,.F.);
#2551=ORIENTED_EDGE('',*,*,#860,.F.);
#2552=ORIENTED_EDGE('',*,*,#891,.F.);
#2553=ORIENTED_EDGE('',*,*,#913,.F.);
#2554=EDGE_LOOP('',(#2550,#2551,#2552,#2553));
#2555=FACE_BOUND('',#2554,.T.);
#2556=ORIENTED_EDGE('',*,*,#2064,.F.);
#2557=ORIENTED_EDGE('',*,*,#2100,.F.);
#2558=ORIENTED_EDGE('',*,*,#2131,.F.);
#2559=ORIENTED_EDGE('',*,*,#2153,.F.);
#2560=EDGE_LOOP('',(#2556,#2557,#2558,#2559));
#2561=FACE_BOUND('',#2560,.T.);
#2562=ORIENTED_EDGE('',*,*,#1940,.F.);
#2563=ORIENTED_EDGE('',*,*,#1976,.F.);
#2564=ORIENTED_EDGE('',*,*,#2007,.F.);
#2565=ORIENTED_EDGE('',*,*,#2029,.F.);
#2566=EDGE_LOOP('',(#2562,#2563,#2564,#2565));
#2567=FACE_BOUND('',#2566,.T.);
#2568=ORIENTED_EDGE('',*,*,#1444,.F.);
#2569=ORIENTED_EDGE('',*,*,#1480,.F.);
#2570=ORIENTED_EDGE('',*,*,#1511,.F.);
#2571=ORIENTED_EDGE('',*,*,#1533,.F.);
#2572=EDGE_LOOP('',(#2568,#2569,#2570,#2571));
#2573=FACE_BOUND('',#2572,.T.);
#2574=ORIENTED_EDGE('',*,*,#2188,.F.);
#2575=ORIENTED_EDGE('',*,*,#2224,.F.);
#2576=ORIENTED_EDGE('',*,*,#2255,.F.);
#2577=ORIENTED_EDGE('',*,*,#2277,.F.);
#2578=EDGE_LOOP('',(#2574,#2575,#2576,#2577));
#2579=FACE_BOUND('',#2578,.T.);
#2580=ORIENTED_EDGE('',*,*,#1196,.F.);
#2581=ORIENTED_EDGE('',*,*,#1232,.F.);
#2582=ORIENTED_EDGE('',*,*,#1263,.F.);
#2583=ORIENTED_EDGE('',*,*,#1285,.F.);
#2584=EDGE_LOOP('',(#2580,#2581,#2582,#2583));
#2585=FACE_BOUND('',#2584,.T.);
#2586=ORIENTED_EDGE('',*,*,#1816,.F.);
#2587=ORIENTED_EDGE('',*,*,#1852,.F.);
#2588=ORIENTED_EDGE('',*,*,#1883,.F.);
#2589=ORIENTED_EDGE('',*,*,#1905,.F.);
#2590=EDGE_LOOP('',(#2586,#2587,#2588,#2589));
#2591=FACE_BOUND('',#2590,.T.);
#2592=ORIENTED_EDGE('',*,*,#1320,.F.);
#2593=ORIENTED_EDGE('',*,*,#1356,.F.);
#2594=ORIENTED_EDGE('',*,*,#1387,.F.);
#2595=ORIENTED_EDGE('',*,*,#1409,.F.);
#2596=EDGE_LOOP('',(#2592,#2593,#2594,#2595));
#2597=FACE_BOUND('',#2596,.T.);
#2598=ORIENTED_EDGE('',*,*,#700,.F.);
#2599=ORIENTED_EDGE('',*,*,#736,.F.);
#2600=ORIENTED_EDGE('',*,*,#767,.F.);
#2601=ORIENTED_EDGE('',*,*,#789,.F.);
#2602=EDGE_LOOP('',(#2598,#2599,#2600,#2601));
#2603=FACE_BOUND('',#2602,.T.);
#2604=ORIENTED_EDGE('',*,*,#1568,.F.);
#2605=ORIENTED_EDGE('',*,*,#1604,.F.);
#2606=ORIENTED_EDGE('',*,*,#1635,.F.);
#2607=ORIENTED_EDGE('',*,*,#1657,.F.);
#2608=EDGE_LOOP('',(#2604,#2605,#2606,#2607));
#2609=FACE_BOUND('',#2608,.T.);
#2610=ORIENTED_EDGE('',*,*,#1692,.F.);
#2611=ORIENTED_EDGE('',*,*,#1728,.F.);
#2612=ORIENTED_EDGE('',*,*,#1759,.F.);
#2613=ORIENTED_EDGE('',*,*,#1781,.F.);
#2614=EDGE_LOOP('',(#2610,#2611,#2612,#2613));
#2615=FACE_BOUND('',#2614,.T.);
#2616=ORIENTED_EDGE('',*,*,#1072,.F.);
#2617=ORIENTED_EDGE('',*,*,#1108,.F.);
#2618=ORIENTED_EDGE('',*,*,#1139,.F.);
#2619=ORIENTED_EDGE('',*,*,#1161,.F.);
#2620=EDGE_LOOP('',(#2616,#2617,#2618,#2619));
#2621=FACE_BOUND('',#2620,.T.);
#2622=ORIENTED_EDGE('',*,*,#948,.F.);
#2623=ORIENTED_EDGE('',*,*,#984,.F.);
#2624=ORIENTED_EDGE('',*,*,#1015,.F.);
#2625=ORIENTED_EDGE('',*,*,#1037,.F.);
#2626=EDGE_LOOP('',(#2622,#2623,#2624,#2625));
#2627=FACE_BOUND('',#2626,.T.);
#2628=ADVANCED_FACE('',(#2391,#2402,#2413,#2424,#2435,#2446,#2549,#2555,#2561,#2567,#2573,#2579,#2585,#2591,#2597,#2603,#2609,#2615,#2621,#2627),#2380,.T.);
#2629=CARTESIAN_POINT('',(31.440849777,5.20313257,11.8));
#2630=DIRECTION('',(-1.,0.,0.));
#2631=DIRECTION('',(0.,0.,1.));
#2632=AXIS2_PLACEMENT_3D('',#2629,#2630,#2631);
#2633=PLANE('',#2632);
#2634=ORIENTED_EDGE('',*,*,#327,.F.);
#2635=CARTESIAN_POINT('',(31.440849777,32.52813257,11.));
#2636=DIRECTION('',(0.,0.,1.));
#2637=VECTOR('',#2636,3.);
#2638=LINE('',#2635,#2637);
#2639=EDGE_CURVE('',#313,#2448,#2638,.T.);
#2640=ORIENTED_EDGE('',*,*,#2639,.T.);
#2641=ORIENTED_EDGE('',*,*,#2455,.T.);
#2642=CARTESIAN_POINT('',(31.440849777,11.124076472,14.));
#2643=DIRECTION('',(0.,0.,-1.));
#2644=VECTOR('',#2643,3.);
#2645=LINE('',#2642,#2644);
#2646=EDGE_CURVE('',#2450,#322,#2645,.T.);
#2647=ORIENTED_EDGE('',*,*,#2646,.T.);
#2648=EDGE_LOOP('',(#2634,#2640,#2641,#2647));
#2649=FACE_BOUND('',#2648,.T.);
#2650=ADVANCED_FACE('',(#2649),#2633,.F.);
#2651=CARTESIAN_POINT('',(-6.659150223,-23.37186743,11.8));
#2652=DIRECTION('',(0.,1.,0.));
#2653=DIRECTION('',(0.,0.,1.));
#2654=AXIS2_PLACEMENT_3D('',#2651,#2652,#2653);
#2655=PLANE('',#2654);
#2656=ORIENTED_EDGE('',*,*,#2506,.T.);
#2657=CARTESIAN_POINT('',(-43.509150223,-23.37186743,14.));
#2658=DIRECTION('',(-0.,-0.,-1.));
#2659=VECTOR('',#2658,3.);
#2660=LINE('',#2657,#2659);
#2661=EDGE_CURVE('',#2492,#399,#2660,.T.);
#2662=ORIENTED_EDGE('',*,*,#2661,.T.);
#2663=ORIENTED_EDGE('',*,*,#404,.F.);
#2664=CARTESIAN_POINT('',(-3.055094125,-23.37186743,11.));
#2665=DIRECTION('',(-0.,-0.,1.));
#2666=VECTOR('',#2665,3.);
#2667=LINE('',#2664,#2666);
#2668=EDGE_CURVE('',#390,#2501,#2667,.T.);
#2669=ORIENTED_EDGE('',*,*,#2668,.T.);
#2670=EDGE_LOOP('',(#2656,#2662,#2663,#2669));
#2671=FACE_BOUND('',#2670,.T.);
#2672=ADVANCED_FACE('',(#2671),#2655,.F.);
#2673=CARTESIAN_POINT('',(-6.659150223,33.77813257,11.8));
#2674=DIRECTION('',(0.,-1.,0.));
#2675=DIRECTION('',(0.,0.,-1.));
#2676=AXIS2_PLACEMENT_3D('',#2673,#2674,#2675);
#2677=PLANE('',#2676);
#2678=ORIENTED_EDGE('',*,*,#2472,.T.);
#2679=CARTESIAN_POINT('',(30.190849777,33.77813257,14.));
#2680=DIRECTION('',(-0.,-0.,-1.));
#2681=VECTOR('',#2680,3.);
#2682=LINE('',#2679,#2681);
#2683=EDGE_CURVE('',#2458,#305,#2682,.T.);
#2684=ORIENTED_EDGE('',*,*,#2683,.T.);
#2685=ORIENTED_EDGE('',*,*,#310,.F.);
#2686=CARTESIAN_POINT('',(-43.509150223,33.77813257,11.));
#2687=DIRECTION('',(0.,0.,1.));
#2688=VECTOR('',#2687,3.);
#2689=LINE('',#2686,#2688);
#2690=EDGE_CURVE('',#303,#2467,#2689,.T.);
#2691=ORIENTED_EDGE('',*,*,#2690,.T.);
#2692=EDGE_LOOP('',(#2678,#2684,#2685,#2691));
#2693=FACE_BOUND('',#2692,.T.);
#2694=ADVANCED_FACE('',(#2693),#2677,.F.);
#2695=CARTESIAN_POINT('',(-44.759150223,5.20313257,11.8));
#2696=DIRECTION('',(1.,0.,0.));
#2697=DIRECTION('',(0.,0.,-1.));
#2698=AXIS2_PLACEMENT_3D('',#2695,#2696,#2697);
#2699=PLANE('',#2698);
#2700=ORIENTED_EDGE('',*,*,#2489,.T.);
#2701=CARTESIAN_POINT('',(-44.759150223,32.52813257,14.));
#2702=DIRECTION('',(-0.,-0.,-1.));
#2703=VECTOR('',#2702,3.);
#2704=LINE('',#2701,#2703);
#2705=EDGE_CURVE('',#2475,#416,#2704,.T.);
#2706=ORIENTED_EDGE('',*,*,#2705,.T.);
#2707=ORIENTED_EDGE('',*,*,#421,.F.);
#2708=CARTESIAN_POINT('',(-44.759150223,-22.12186743,11.));
#2709=DIRECTION('',(0.,0.,1.));
#2710=VECTOR('',#2709,3.);
#2711=LINE('',#2708,#2710);
#2712=EDGE_CURVE('',#407,#2484,#2711,.T.);
#2713=ORIENTED_EDGE('',*,*,#2712,.T.);
#2714=EDGE_LOOP('',(#2700,#2706,#2707,#2713));
#2715=FACE_BOUND('',#2714,.T.);
#2716=ADVANCED_FACE('',(#2715),#2699,.F.);
#2717=CARTESIAN_POINT('',(-3.055094125,-57.87186743,11.8));
#2718=DIRECTION('',(0.,0.,1.));
#2719=DIRECTION('',(1.,0.,-0.));
#2720=AXIS2_PLACEMENT_3D('',#2717,#2718,#2719);
#2721=CYLINDRICAL_SURFACE('',#2720,34.5);
#2722=ORIENTED_EDGE('',*,*,#396,.F.);
#2723=ORIENTED_EDGE('',*,*,#2340,.F.);
#2724=ORIENTED_EDGE('',*,*,#2513,.F.);
#2725=ORIENTED_EDGE('',*,*,#2668,.F.);
#2726=EDGE_LOOP('',(#2722,#2723,#2724,#2725));
#2727=FACE_BOUND('',#2726,.T.);
#2728=ADVANCED_FACE('',(#2727),#2721,.F.);
#2729=CARTESIAN_POINT('',(65.940849777,11.124076472,11.8));
#2730=DIRECTION('',(0.,0.,1.));
#2731=DIRECTION('',(1.,0.,-0.));
#2732=AXIS2_PLACEMENT_3D('',#2729,#2730,#2731);
#2733=CYLINDRICAL_SURFACE('',#2732,34.5);
#2734=ORIENTED_EDGE('',*,*,#2546,.F.);
#2735=ORIENTED_EDGE('',*,*,#2309,.F.);
#2736=ORIENTED_EDGE('',*,*,#336,.F.);
#2737=ORIENTED_EDGE('',*,*,#2646,.F.);
#2738=EDGE_LOOP('',(#2734,#2735,#2736,#2737));
#2739=FACE_BOUND('',#2738,.T.);
#2740=ADVANCED_FACE('',(#2739),#2733,.F.);
#2741=CARTESIAN_POINT('',(30.190849777,32.52813257,11.8));
#2742=DIRECTION('',(0.,0.,1.));
#2743=DIRECTION('',(1.,0.,-0.));
#2744=AXIS2_PLACEMENT_3D('',#2741,#2742,#2743);
#2745=CYLINDRICAL_SURFACE('',#2744,1.25);
#2746=ORIENTED_EDGE('',*,*,#319,.F.);
#2747=ORIENTED_EDGE('',*,*,#2683,.F.);
#2748=ORIENTED_EDGE('',*,*,#2464,.F.);
#2749=ORIENTED_EDGE('',*,*,#2639,.F.);
#2750=EDGE_LOOP('',(#2746,#2747,#2748,#2749));
#2751=FACE_BOUND('',#2750,.T.);
#2752=ADVANCED_FACE('',(#2751),#2745,.T.);
#2753=CARTESIAN_POINT('',(-43.509150223,32.52813257,11.8));
#2754=DIRECTION('',(0.,0.,1.));
#2755=DIRECTION('',(1.,0.,-0.));
#2756=AXIS2_PLACEMENT_3D('',#2753,#2754,#2755);
#2757=CYLINDRICAL_SURFACE('',#2756,1.25);
#2758=ORIENTED_EDGE('',*,*,#428,.F.);
#2759=ORIENTED_EDGE('',*,*,#2705,.F.);
#2760=ORIENTED_EDGE('',*,*,#2481,.F.);
#2761=ORIENTED_EDGE('',*,*,#2690,.F.);
#2762=EDGE_LOOP('',(#2758,#2759,#2760,#2761));
#2763=FACE_BOUND('',#2762,.T.);
#2764=ADVANCED_FACE('',(#2763),#2757,.T.);
#2765=CARTESIAN_POINT('',(34.808445777,-45.177272477,11.8));
#2766=DIRECTION('',(0.,0.,1.));
#2767=DIRECTION('',(1.,0.,-0.));
#2768=AXIS2_PLACEMENT_3D('',#2765,#2766,#2767);
#2769=CYLINDRICAL_SURFACE('',#2768,1.25);
#2770=ORIENTED_EDGE('',*,*,#379,.F.);
#2771=ORIENTED_EDGE('',*,*,#2364,.F.);
#2772=ORIENTED_EDGE('',*,*,#2521,.F.);
#2773=ORIENTED_EDGE('',*,*,#2326,.F.);
#2774=EDGE_LOOP('',(#2770,#2771,#2772,#2773));
#2775=FACE_BOUND('',#2774,.T.);
#2776=ADVANCED_FACE('',(#2775),#2769,.T.);
#2777=CARTESIAN_POINT('',(-43.509150223,-22.12186743,11.8));
#2778=DIRECTION('',(0.,0.,1.));
#2779=DIRECTION('',(1.,0.,-0.));
#2780=AXIS2_PLACEMENT_3D('',#2777,#2778,#2779);
#2781=CYLINDRICAL_SURFACE('',#2780,1.25);
#2782=ORIENTED_EDGE('',*,*,#413,.F.);
#2783=ORIENTED_EDGE('',*,*,#2661,.F.);
#2784=ORIENTED_EDGE('',*,*,#2498,.F.);
#2785=ORIENTED_EDGE('',*,*,#2712,.F.);
#2786=EDGE_LOOP('',(#2782,#2783,#2784,#2785));
#2787=FACE_BOUND('',#2786,.T.);
#2788=ADVANCED_FACE('',(#2787),#2781,.T.);
#2789=CARTESIAN_POINT('',(53.246254824,-26.73946343,11.8));
#2790=DIRECTION('',(0.,0.,1.));
#2791=DIRECTION('',(1.,0.,-0.));
#2792=AXIS2_PLACEMENT_3D('',#2789,#2790,#2791);
#2793=CYLINDRICAL_SURFACE('',#2792,1.25);
#2794=CARTESIAN_POINT('',(54.496254824,-26.73946343,14.));
#2795=DIRECTION('',(-0.,-0.,-1.));
#2796=VECTOR('',#2795,3.);
#2797=LINE('',#2794,#2796);
#2798=EDGE_CURVE('',#2525,#347,#2797,.T.);
#2799=ORIENTED_EDGE('',*,*,#2798,.T.);
#2800=ORIENTED_EDGE('',*,*,#353,.F.);
#2801=ORIENTED_EDGE('',*,*,#2302,.F.);
#2802=ORIENTED_EDGE('',*,*,#2538,.F.);
#2803=EDGE_LOOP('',(#2799,#2800,#2801,#2802));
#2804=FACE_BOUND('',#2803,.T.);
#2805=ADVANCED_FACE('',(#2804),#2793,.T.);
#2806=CARTESIAN_POINT('',(14.415849777,-13.84686743,12.6));
#2807=DIRECTION('',(1.,0.,0.));
#2808=DIRECTION('',(0.,0.,-1.));
#2809=AXIS2_PLACEMENT_3D('',#2806,#2807,#2808);
#2810=PLANE('',#2809);
#2811=ORIENTED_EDGE('',*,*,#440,.F.);
#2812=CARTESIAN_POINT('',(14.415849777,-6.34686743,12.6));
#2813=VERTEX_POINT('',#2812);
#2814=CARTESIAN_POINT('',(14.415849777,-6.34686743,12.6));
#2815=DIRECTION('',(0.,0.,-1.));
#2816=VECTOR('',#2815,1.6);
#2817=LINE('',#2814,#2816);
#2818=EDGE_CURVE('',#2813,#433,#2817,.T.);
#2819=ORIENTED_EDGE('',*,*,#2818,.F.);
#2820=CARTESIAN_POINT('',(14.415849777,-21.34686743,12.6));
#2821=VERTEX_POINT('',#2820);
#2822=CARTESIAN_POINT('',(14.415849777,-6.34686743,12.6));
#2823=DIRECTION('',(0.,-1.,0.));
#2824=VECTOR('',#2823,15.);
#2825=LINE('',#2822,#2824);
#2826=EDGE_CURVE('',#2813,#2821,#2825,.T.);
#2827=ORIENTED_EDGE('',*,*,#2826,.T.);
#2828=CARTESIAN_POINT('',(14.415849777,-21.34686743,12.6));
#2829=DIRECTION('',(0.,0.,-1.));
#2830=VECTOR('',#2829,1.6);
#2831=LINE('',#2828,#2830);
#2832=EDGE_CURVE('',#2821,#435,#2831,.T.);
#2833=ORIENTED_EDGE('',*,*,#2832,.T.);
#2834=EDGE_LOOP('',(#2811,#2819,#2827,#2833));
#2835=FACE_BOUND('',#2834,.T.);
#2836=ADVANCED_FACE('',(#2835),#2810,.T.);
#2837=CARTESIAN_POINT('',(21.915849777,-6.34686743,12.6));
#2838=DIRECTION('',(0.,-1.,0.));
#2839=DIRECTION('',(0.,0.,-1.));
#2840=AXIS2_PLACEMENT_3D('',#2837,#2838,#2839);
#2841=PLANE('',#2840);
#2842=ORIENTED_EDGE('',*,*,#462,.F.);
#2843=CARTESIAN_POINT('',(29.415849777,-6.34686743,12.6));
#2844=VERTEX_POINT('',#2843);
#2845=CARTESIAN_POINT('',(29.415849777,-6.34686743,12.6));
#2846=DIRECTION('',(0.,0.,-1.));
#2847=VECTOR('',#2846,1.6);
#2848=LINE('',#2845,#2847);
#2849=EDGE_CURVE('',#2844,#451,#2848,.T.);
#2850=ORIENTED_EDGE('',*,*,#2849,.F.);
#2851=CARTESIAN_POINT('',(29.415849777,-6.34686743,12.6));
#2852=DIRECTION('',(-1.,0.,0.));
#2853=VECTOR('',#2852,15.);
#2854=LINE('',#2851,#2853);
#2855=EDGE_CURVE('',#2844,#2813,#2854,.T.);
#2856=ORIENTED_EDGE('',*,*,#2855,.T.);
#2857=ORIENTED_EDGE('',*,*,#2818,.T.);
#2858=EDGE_LOOP('',(#2842,#2850,#2856,#2857));
#2859=FACE_BOUND('',#2858,.T.);
#2860=ADVANCED_FACE('',(#2859),#2841,.T.);
#2861=CARTESIAN_POINT('',(29.415849777,-13.84686743,12.6));
#2862=DIRECTION('',(-1.,0.,0.));
#2863=DIRECTION('',(0.,0.,1.));
#2864=AXIS2_PLACEMENT_3D('',#2861,#2862,#2863);
#2865=PLANE('',#2864);
#2866=ORIENTED_EDGE('',*,*,#456,.F.);
#2867=CARTESIAN_POINT('',(29.415849777,-21.34686743,12.6));
#2868=VERTEX_POINT('',#2867);
#2869=CARTESIAN_POINT('',(29.415849777,-21.34686743,12.6));
#2870=DIRECTION('',(0.,0.,-1.));
#2871=VECTOR('',#2870,1.6);
#2872=LINE('',#2869,#2871);
#2873=EDGE_CURVE('',#2868,#443,#2872,.T.);
#2874=ORIENTED_EDGE('',*,*,#2873,.F.);
#2875=CARTESIAN_POINT('',(29.415849777,-21.34686743,12.6));
#2876=DIRECTION('',(0.,1.,0.));
#2877=VECTOR('',#2876,15.);
#2878=LINE('',#2875,#2877);
#2879=EDGE_CURVE('',#2868,#2844,#2878,.T.);
#2880=ORIENTED_EDGE('',*,*,#2879,.T.);
#2881=ORIENTED_EDGE('',*,*,#2849,.T.);
#2882=EDGE_LOOP('',(#2866,#2874,#2880,#2881));
#2883=FACE_BOUND('',#2882,.T.);
#2884=ADVANCED_FACE('',(#2883),#2865,.T.);
#2885=CARTESIAN_POINT('',(21.915849777,-21.34686743,12.6));
#2886=DIRECTION('',(0.,1.,0.));
#2887=DIRECTION('',(0.,0.,1.));
#2888=AXIS2_PLACEMENT_3D('',#2885,#2886,#2887);
#2889=PLANE('',#2888);
#2890=ORIENTED_EDGE('',*,*,#448,.F.);
#2891=ORIENTED_EDGE('',*,*,#2832,.F.);
#2892=CARTESIAN_POINT('',(14.415849777,-21.34686743,12.6));
#2893=DIRECTION('',(1.,0.,-0.));
#2894=VECTOR('',#2893,15.);
#2895=LINE('',#2892,#2894);
#2896=EDGE_CURVE('',#2821,#2868,#2895,.T.);
#2897=ORIENTED_EDGE('',*,*,#2896,.T.);
#2898=ORIENTED_EDGE('',*,*,#2873,.T.);
#2899=EDGE_LOOP('',(#2890,#2891,#2897,#2898));
#2900=FACE_BOUND('',#2899,.T.);
#2901=ADVANCED_FACE('',(#2900),#2889,.T.);
#2902=CARTESIAN_POINT('',(-148.264150223,110.61313257,12.6));
#2903=DIRECTION('',(0.,0.,-1.));
#2904=DIRECTION('',(-1.,0.,0.));
#2905=AXIS2_PLACEMENT_3D('',#2902,#2903,#2904);
#2906=PLANE('',#2905);
#2907=ORIENTED_EDGE('',*,*,#2826,.F.);
#2908=ORIENTED_EDGE('',*,*,#2855,.F.);
#2909=ORIENTED_EDGE('',*,*,#2879,.F.);
#2910=ORIENTED_EDGE('',*,*,#2896,.F.);
#2911=EDGE_LOOP('',(#2907,#2908,#2909,#2910));
#2912=FACE_BOUND('',#2911,.T.);
#2913=ORIENTED_EDGE('',*,*,#2270,.T.);
#2914=ORIENTED_EDGE('',*,*,#2241,.T.);
#2915=ORIENTED_EDGE('',*,*,#2210,.T.);
#2916=ORIENTED_EDGE('',*,*,#2172,.T.);
#2917=EDGE_LOOP('',(#2913,#2914,#2915,#2916));
#2918=FACE_BOUND('',#2917,.T.);
#2919=ADVANCED_FACE('',(#2912,#2918),#2906,.T.);
#2920=CARTESIAN_POINT('',(32.872740887,-24.803758539,12.6));
#2921=DIRECTION('',(0.707106781,-0.707106781,0.));
#2922=DIRECTION('',(0.707106781,0.707106781,0.));
#2923=AXIS2_PLACEMENT_3D('',#2920,#2921,#2922);
#2924=PLANE('',#2923);
#2925=ORIENTED_EDGE('',*,*,#276,.F.);
#2926=CARTESIAN_POINT('',(38.176041777,-19.500457649,12.6));
#2927=VERTEX_POINT('',#2926);
#2928=CARTESIAN_POINT('',(38.176041777,-19.500457649,12.6));
#2929=DIRECTION('',(0.,0.,-1.));
#2930=VECTOR('',#2929,1.6);
#2931=LINE('',#2928,#2930);
#2932=EDGE_CURVE('',#2927,#269,#2931,.T.);
#2933=ORIENTED_EDGE('',*,*,#2932,.F.);
#2934=CARTESIAN_POINT('',(27.569439996,-30.10705943,12.6));
#2935=VERTEX_POINT('',#2934);
#2936=CARTESIAN_POINT('',(38.176041777,-19.500457649,12.6));
#2937=DIRECTION('',(-0.707106781,-0.707106781,0.));
#2938=VECTOR('',#2937,15.00000009);
#2939=LINE('',#2936,#2938);
#2940=EDGE_CURVE('',#2927,#2935,#2939,.T.);
#2941=ORIENTED_EDGE('',*,*,#2940,.T.);
#2942=CARTESIAN_POINT('',(27.569439996,-30.10705943,12.6));
#2943=DIRECTION('',(0.,0.,-1.));
#2944=VECTOR('',#2943,1.6);
#2945=LINE('',#2942,#2944);
#2946=EDGE_CURVE('',#2935,#271,#2945,.T.);
#2947=ORIENTED_EDGE('',*,*,#2946,.T.);
#2948=EDGE_LOOP('',(#2925,#2933,#2941,#2947));
#2949=FACE_BOUND('',#2948,.T.);
#2950=ADVANCED_FACE('',(#2949),#2924,.T.);
#2951=CARTESIAN_POINT('',(43.479342668,-24.803758539,12.6));
#2952=DIRECTION('',(-0.707106781,-0.707106781,0.));
#2953=DIRECTION('',(0.707106781,-0.707106781,0.));
#2954=AXIS2_PLACEMENT_3D('',#2951,#2952,#2953);
#2955=PLANE('',#2954);
#2956=ORIENTED_EDGE('',*,*,#298,.F.);
#2957=CARTESIAN_POINT('',(48.782643559,-30.10705943,12.6));
#2958=VERTEX_POINT('',#2957);
#2959=CARTESIAN_POINT('',(48.782643559,-30.10705943,12.6));
#2960=DIRECTION('',(0.,0.,-1.));
#2961=VECTOR('',#2960,1.6);
#2962=LINE('',#2959,#2961);
#2963=EDGE_CURVE('',#2958,#287,#2962,.T.);
#2964=ORIENTED_EDGE('',*,*,#2963,.F.);
#2965=CARTESIAN_POINT('',(48.782643559,-30.10705943,12.6));
#2966=DIRECTION('',(-0.707106781,0.707106781,0.));
#2967=VECTOR('',#2966,15.00000009);
#2968=LINE('',#2965,#2967);
#2969=EDGE_CURVE('',#2958,#2927,#2968,.T.);
#2970=ORIENTED_EDGE('',*,*,#2969,.T.);
#2971=ORIENTED_EDGE('',*,*,#2932,.T.);
#2972=EDGE_LOOP('',(#2956,#2964,#2970,#2971));
#2973=FACE_BOUND('',#2972,.T.);
#2974=ADVANCED_FACE('',(#2973),#2955,.T.);
#2975=CARTESIAN_POINT('',(43.479342668,-35.410360321,12.6));
#2976=DIRECTION('',(-0.707106781,0.707106781,0.));
#2977=DIRECTION('',(-0.707106781,-0.707106781,0.));
#2978=AXIS2_PLACEMENT_3D('',#2975,#2976,#2977);
#2979=PLANE('',#2978);
#2980=ORIENTED_EDGE('',*,*,#292,.F.);
#2981=CARTESIAN_POINT('',(38.176041777,-40.713661211,12.6));
#2982=VERTEX_POINT('',#2981);
#2983=CARTESIAN_POINT('',(38.176041777,-40.713661211,12.6));
#2984=DIRECTION('',(0.,0.,-1.));
#2985=VECTOR('',#2984,1.6);
#2986=LINE('',#2983,#2985);
#2987=EDGE_CURVE('',#2982,#279,#2986,.T.);
#2988=ORIENTED_EDGE('',*,*,#2987,.F.);
#2989=CARTESIAN_POINT('',(38.176041777,-40.713661211,12.6));
#2990=DIRECTION('',(0.707106781,0.707106781,0.));
#2991=VECTOR('',#2990,15.00000009);
#2992=LINE('',#2989,#2991);
#2993=EDGE_CURVE('',#2982,#2958,#2992,.T.);
#2994=ORIENTED_EDGE('',*,*,#2993,.T.);
#2995=ORIENTED_EDGE('',*,*,#2963,.T.);
#2996=EDGE_LOOP('',(#2980,#2988,#2994,#2995));
#2997=FACE_BOUND('',#2996,.T.);
#2998=ADVANCED_FACE('',(#2997),#2979,.T.);
#2999=CARTESIAN_POINT('',(32.872740887,-35.410360321,12.6));
#3000=DIRECTION('',(0.707106781,0.707106781,0.));
#3001=DIRECTION('',(-0.707106781,0.707106781,0.));
#3002=AXIS2_PLACEMENT_3D('',#2999,#3000,#3001);
#3003=PLANE('',#3002);
#3004=ORIENTED_EDGE('',*,*,#284,.F.);
#3005=ORIENTED_EDGE('',*,*,#2946,.F.);
#3006=CARTESIAN_POINT('',(27.569439996,-30.10705943,12.6));
#3007=DIRECTION('',(0.707106781,-0.707106781,0.));
#3008=VECTOR('',#3007,15.00000009);
#3009=LINE('',#3006,#3008);
#3010=EDGE_CURVE('',#2935,#2982,#3009,.T.);
#3011=ORIENTED_EDGE('',*,*,#3010,.T.);
#3012=ORIENTED_EDGE('',*,*,#2987,.T.);
#3013=EDGE_LOOP('',(#3004,#3005,#3011,#3012));
#3014=FACE_BOUND('',#3013,.T.);
#3015=ADVANCED_FACE('',(#3014),#3003,.T.);
#3016=CARTESIAN_POINT('',(-148.264150223,110.61313257,12.6));
#3017=DIRECTION('',(0.,0.,-1.));
#3018=DIRECTION('',(-1.,0.,0.));
#3019=AXIS2_PLACEMENT_3D('',#3016,#3017,#3018);
#3020=PLANE('',#3019);
#3021=ORIENTED_EDGE('',*,*,#2940,.F.);
#3022=ORIENTED_EDGE('',*,*,#2969,.F.);
#3023=ORIENTED_EDGE('',*,*,#2993,.F.);
#3024=ORIENTED_EDGE('',*,*,#3010,.F.);
#3025=EDGE_LOOP('',(#3021,#3022,#3023,#3024));
#3026=FACE_BOUND('',#3025,.T.);
#3027=ORIENTED_EDGE('',*,*,#2048,.T.);
#3028=ORIENTED_EDGE('',*,*,#2146,.T.);
#3029=ORIENTED_EDGE('',*,*,#2117,.T.);
#3030=ORIENTED_EDGE('',*,*,#2086,.T.);
#3031=EDGE_LOOP('',(#3027,#3028,#3029,#3030));
#3032=FACE_BOUND('',#3031,.T.);
#3033=ADVANCED_FACE('',(#3026,#3032),#3020,.T.);
#3034=CARTESIAN_POINT('',(14.415849777,24.25313257,12.6));
#3035=DIRECTION('',(1.,0.,0.));
#3036=DIRECTION('',(0.,0.,-1.));
#3037=AXIS2_PLACEMENT_3D('',#3034,#3035,#3036);
#3038=PLANE('',#3037);
#3039=ORIENTED_EDGE('',*,*,#474,.F.);
#3040=CARTESIAN_POINT('',(14.415849777,31.75313257,12.6));
#3041=VERTEX_POINT('',#3040);
#3042=CARTESIAN_POINT('',(14.415849777,31.75313257,12.6));
#3043=DIRECTION('',(0.,0.,-1.));
#3044=VECTOR('',#3043,1.6);
#3045=LINE('',#3042,#3044);
#3046=EDGE_CURVE('',#3041,#467,#3045,.T.);
#3047=ORIENTED_EDGE('',*,*,#3046,.F.);
#3048=CARTESIAN_POINT('',(14.415849777,16.75313257,12.6));
#3049=VERTEX_POINT('',#3048);
#3050=CARTESIAN_POINT('',(14.415849777,31.75313257,12.6));
#3051=DIRECTION('',(0.,-1.,0.));
#3052=VECTOR('',#3051,15.);
#3053=LINE('',#3050,#3052);
#3054=EDGE_CURVE('',#3041,#3049,#3053,.T.);
#3055=ORIENTED_EDGE('',*,*,#3054,.T.);
#3056=CARTESIAN_POINT('',(14.415849777,16.75313257,12.6));
#3057=DIRECTION('',(0.,0.,-1.));
#3058=VECTOR('',#3057,1.6);
#3059=LINE('',#3056,#3058);
#3060=EDGE_CURVE('',#3049,#469,#3059,.T.);
#3061=ORIENTED_EDGE('',*,*,#3060,.T.);
#3062=EDGE_LOOP('',(#3039,#3047,#3055,#3061));
#3063=FACE_BOUND('',#3062,.T.);
#3064=ADVANCED_FACE('',(#3063),#3038,.T.);
#3065=CARTESIAN_POINT('',(21.915849777,31.75313257,12.6));
#3066=DIRECTION('',(0.,-1.,0.));
#3067=DIRECTION('',(0.,0.,-1.));
#3068=AXIS2_PLACEMENT_3D('',#3065,#3066,#3067);
#3069=PLANE('',#3068);
#3070=ORIENTED_EDGE('',*,*,#496,.F.);
#3071=CARTESIAN_POINT('',(29.415849777,31.75313257,12.6));
#3072=VERTEX_POINT('',#3071);
#3073=CARTESIAN_POINT('',(29.415849777,31.75313257,12.6));
#3074=DIRECTION('',(0.,0.,-1.));
#3075=VECTOR('',#3074,1.6);
#3076=LINE('',#3073,#3075);
#3077=EDGE_CURVE('',#3072,#485,#3076,.T.);
#3078=ORIENTED_EDGE('',*,*,#3077,.F.);
#3079=CARTESIAN_POINT('',(29.415849777,31.75313257,12.6));
#3080=DIRECTION('',(-1.,0.,0.));
#3081=VECTOR('',#3080,15.);
#3082=LINE('',#3079,#3081);
#3083=EDGE_CURVE('',#3072,#3041,#3082,.T.);
#3084=ORIENTED_EDGE('',*,*,#3083,.T.);
#3085=ORIENTED_EDGE('',*,*,#3046,.T.);
#3086=EDGE_LOOP('',(#3070,#3078,#3084,#3085));
#3087=FACE_BOUND('',#3086,.T.);
#3088=ADVANCED_FACE('',(#3087),#3069,.T.);
#3089=CARTESIAN_POINT('',(29.415849777,24.25313257,12.6));
#3090=DIRECTION('',(-1.,0.,0.));
#3091=DIRECTION('',(0.,0.,1.));
#3092=AXIS2_PLACEMENT_3D('',#3089,#3090,#3091);
#3093=PLANE('',#3092);
#3094=ORIENTED_EDGE('',*,*,#490,.F.);
#3095=CARTESIAN_POINT('',(29.415849777,16.75313257,12.6));
#3096=VERTEX_POINT('',#3095);
#3097=CARTESIAN_POINT('',(29.415849777,16.75313257,12.6));
#3098=DIRECTION('',(0.,0.,-1.));
#3099=VECTOR('',#3098,1.6);
#3100=LINE('',#3097,#3099);
#3101=EDGE_CURVE('',#3096,#477,#3100,.T.);
#3102=ORIENTED_EDGE('',*,*,#3101,.F.);
#3103=CARTESIAN_POINT('',(29.415849777,16.75313257,12.6));
#3104=DIRECTION('',(0.,1.,0.));
#3105=VECTOR('',#3104,15.);
#3106=LINE('',#3103,#3105);
#3107=EDGE_CURVE('',#3096,#3072,#3106,.T.);
#3108=ORIENTED_EDGE('',*,*,#3107,.T.);
#3109=ORIENTED_EDGE('',*,*,#3077,.T.);
#3110=EDGE_LOOP('',(#3094,#3102,#3108,#3109));
#3111=FACE_BOUND('',#3110,.T.);
#3112=ADVANCED_FACE('',(#3111),#3093,.T.);
#3113=CARTESIAN_POINT('',(21.915849777,16.75313257,12.6));
#3114=DIRECTION('',(0.,1.,0.));
#3115=DIRECTION('',(0.,0.,1.));
#3116=AXIS2_PLACEMENT_3D('',#3113,#3114,#3115);
#3117=PLANE('',#3116);
#3118=ORIENTED_EDGE('',*,*,#482,.F.);
#3119=ORIENTED_EDGE('',*,*,#3060,.F.);
#3120=CARTESIAN_POINT('',(14.415849777,16.75313257,12.6));
#3121=DIRECTION('',(1.,0.,-0.));
#3122=VECTOR('',#3121,15.);
#3123=LINE('',#3120,#3122);
#3124=EDGE_CURVE('',#3049,#3096,#3123,.T.);
#3125=ORIENTED_EDGE('',*,*,#3124,.T.);
#3126=ORIENTED_EDGE('',*,*,#3101,.T.);
#3127=EDGE_LOOP('',(#3118,#3119,#3125,#3126));
#3128=FACE_BOUND('',#3127,.T.);
#3129=ADVANCED_FACE('',(#3128),#3117,.T.);
#3130=CARTESIAN_POINT('',(-148.264150223,110.61313257,12.6));
#3131=DIRECTION('',(0.,0.,-1.));
#3132=DIRECTION('',(-1.,0.,0.));
#3133=AXIS2_PLACEMENT_3D('',#3130,#3131,#3132);
#3134=PLANE('',#3133);
#3135=ORIENTED_EDGE('',*,*,#3054,.F.);
#3136=ORIENTED_EDGE('',*,*,#3083,.F.);
#3137=ORIENTED_EDGE('',*,*,#3107,.F.);
#3138=ORIENTED_EDGE('',*,*,#3124,.F.);
#3139=EDGE_LOOP('',(#3135,#3136,#3137,#3138));
#3140=FACE_BOUND('',#3139,.T.);
#3141=ORIENTED_EDGE('',*,*,#2022,.T.);
#3142=ORIENTED_EDGE('',*,*,#1993,.T.);
#3143=ORIENTED_EDGE('',*,*,#1962,.T.);
#3144=ORIENTED_EDGE('',*,*,#1924,.T.);
#3145=EDGE_LOOP('',(#3141,#3142,#3143,#3144));
#3146=FACE_BOUND('',#3145,.T.);
#3147=ADVANCED_FACE('',(#3140,#3146),#3134,.T.);
#3148=CARTESIAN_POINT('',(-4.634150223,5.20313257,12.6));
#3149=DIRECTION('',(1.,0.,0.));
#3150=DIRECTION('',(0.,0.,-1.));
#3151=AXIS2_PLACEMENT_3D('',#3148,#3149,#3150);
#3152=PLANE('',#3151);
#3153=ORIENTED_EDGE('',*,*,#242,.F.);
#3154=CARTESIAN_POINT('',(-4.634150223,12.70313257,12.6));
#3155=VERTEX_POINT('',#3154);
#3156=CARTESIAN_POINT('',(-4.634150223,12.70313257,12.6));
#3157=DIRECTION('',(0.,0.,-1.));
#3158=VECTOR('',#3157,1.6);
#3159=LINE('',#3156,#3158);
#3160=EDGE_CURVE('',#3155,#235,#3159,.T.);
#3161=ORIENTED_EDGE('',*,*,#3160,.F.);
#3162=CARTESIAN_POINT('',(-4.634150223,-2.29686743,12.6));
#3163=VERTEX_POINT('',#3162);
#3164=CARTESIAN_POINT('',(-4.634150223,12.70313257,12.6));
#3165=DIRECTION('',(0.,-1.,0.));
#3166=VECTOR('',#3165,15.);
#3167=LINE('',#3164,#3166);
#3168=EDGE_CURVE('',#3155,#3163,#3167,.T.);
#3169=ORIENTED_EDGE('',*,*,#3168,.T.);
#3170=CARTESIAN_POINT('',(-4.634150223,-2.29686743,12.6));
#3171=DIRECTION('',(0.,0.,-1.));
#3172=VECTOR('',#3171,1.6);
#3173=LINE('',#3170,#3172);
#3174=EDGE_CURVE('',#3163,#237,#3173,.T.);
#3175=ORIENTED_EDGE('',*,*,#3174,.T.);
#3176=EDGE_LOOP('',(#3153,#3161,#3169,#3175));
#3177=FACE_BOUND('',#3176,.T.);
#3178=ADVANCED_FACE('',(#3177),#3152,.T.);
#3179=CARTESIAN_POINT('',(2.865849777,12.70313257,12.6));
#3180=DIRECTION('',(0.,-1.,0.));
#3181=DIRECTION('',(0.,0.,-1.));
#3182=AXIS2_PLACEMENT_3D('',#3179,#3180,#3181);
#3183=PLANE('',#3182);
#3184=ORIENTED_EDGE('',*,*,#264,.F.);
#3185=CARTESIAN_POINT('',(10.365849777,12.70313257,12.6));
#3186=VERTEX_POINT('',#3185);
#3187=CARTESIAN_POINT('',(10.365849777,12.70313257,12.6));
#3188=DIRECTION('',(0.,0.,-1.));
#3189=VECTOR('',#3188,1.6);
#3190=LINE('',#3187,#3189);
#3191=EDGE_CURVE('',#3186,#253,#3190,.T.);
#3192=ORIENTED_EDGE('',*,*,#3191,.F.);
#3193=CARTESIAN_POINT('',(10.365849777,12.70313257,12.6));
#3194=DIRECTION('',(-1.,0.,0.));
#3195=VECTOR('',#3194,15.);
#3196=LINE('',#3193,#3195);
#3197=EDGE_CURVE('',#3186,#3155,#3196,.T.);
#3198=ORIENTED_EDGE('',*,*,#3197,.T.);
#3199=ORIENTED_EDGE('',*,*,#3160,.T.);
#3200=EDGE_LOOP('',(#3184,#3192,#3198,#3199));
#3201=FACE_BOUND('',#3200,.T.);
#3202=ADVANCED_FACE('',(#3201),#3183,.T.);
#3203=CARTESIAN_POINT('',(10.365849777,5.20313257,12.6));
#3204=DIRECTION('',(-1.,0.,0.));
#3205=DIRECTION('',(0.,0.,1.));
#3206=AXIS2_PLACEMENT_3D('',#3203,#3204,#3205);
#3207=PLANE('',#3206);
#3208=ORIENTED_EDGE('',*,*,#258,.F.);
#3209=CARTESIAN_POINT('',(10.365849777,-2.29686743,12.6));
#3210=VERTEX_POINT('',#3209);
#3211=CARTESIAN_POINT('',(10.365849777,-2.29686743,12.6));
#3212=DIRECTION('',(0.,0.,-1.));
#3213=VECTOR('',#3212,1.6);
#3214=LINE('',#3211,#3213);
#3215=EDGE_CURVE('',#3210,#245,#3214,.T.);
#3216=ORIENTED_EDGE('',*,*,#3215,.F.);
#3217=CARTESIAN_POINT('',(10.365849777,-2.29686743,12.6));
#3218=DIRECTION('',(0.,1.,0.));
#3219=VECTOR('',#3218,15.);
#3220=LINE('',#3217,#3219);
#3221=EDGE_CURVE('',#3210,#3186,#3220,.T.);
#3222=ORIENTED_EDGE('',*,*,#3221,.T.);
#3223=ORIENTED_EDGE('',*,*,#3191,.T.);
#3224=EDGE_LOOP('',(#3208,#3216,#3222,#3223));
#3225=FACE_BOUND('',#3224,.T.);
#3226=ADVANCED_FACE('',(#3225),#3207,.T.);
#3227=CARTESIAN_POINT('',(2.865849777,-2.29686743,12.6));
#3228=DIRECTION('',(0.,1.,0.));
#3229=DIRECTION('',(0.,0.,1.));
#3230=AXIS2_PLACEMENT_3D('',#3227,#3228,#3229);
#3231=PLANE('',#3230);
#3232=ORIENTED_EDGE('',*,*,#250,.F.);
#3233=ORIENTED_EDGE('',*,*,#3174,.F.);
#3234=CARTESIAN_POINT('',(-4.634150223,-2.29686743,12.6));
#3235=DIRECTION('',(1.,0.,-0.));
#3236=VECTOR('',#3235,15.);
#3237=LINE('',#3234,#3236);
#3238=EDGE_CURVE('',#3163,#3210,#3237,.T.);
#3239=ORIENTED_EDGE('',*,*,#3238,.T.);
#3240=ORIENTED_EDGE('',*,*,#3215,.T.);
#3241=EDGE_LOOP('',(#3232,#3233,#3239,#3240));
#3242=FACE_BOUND('',#3241,.T.);
#3243=ADVANCED_FACE('',(#3242),#3231,.T.);
#3244=CARTESIAN_POINT('',(-148.264150223,110.61313257,12.6));
#3245=DIRECTION('',(0.,0.,-1.));
#3246=DIRECTION('',(-1.,0.,0.));
#3247=AXIS2_PLACEMENT_3D('',#3244,#3245,#3246);
#3248=PLANE('',#3247);
#3249=ORIENTED_EDGE('',*,*,#3168,.F.);
#3250=ORIENTED_EDGE('',*,*,#3197,.F.);
#3251=ORIENTED_EDGE('',*,*,#3221,.F.);
#3252=ORIENTED_EDGE('',*,*,#3238,.F.);
#3253=EDGE_LOOP('',(#3249,#3250,#3251,#3252));
#3254=FACE_BOUND('',#3253,.T.);
#3255=ORIENTED_EDGE('',*,*,#1898,.T.);
#3256=ORIENTED_EDGE('',*,*,#1869,.T.);
#3257=ORIENTED_EDGE('',*,*,#1838,.T.);
#3258=ORIENTED_EDGE('',*,*,#1800,.T.);
#3259=EDGE_LOOP('',(#3255,#3256,#3257,#3258));
#3260=FACE_BOUND('',#3259,.T.);
#3261=ADVANCED_FACE('',(#3254,#3260),#3248,.T.);
#3262=CARTESIAN_POINT('',(-42.734150223,24.25313257,12.6));
#3263=DIRECTION('',(1.,0.,0.));
#3264=DIRECTION('',(0.,0.,-1.));
#3265=AXIS2_PLACEMENT_3D('',#3262,#3263,#3264);
#3266=PLANE('',#3265);
#3267=ORIENTED_EDGE('',*,*,#508,.F.);
#3268=CARTESIAN_POINT('',(-42.734150223,31.75313257,12.6));
#3269=VERTEX_POINT('',#3268);
#3270=CARTESIAN_POINT('',(-42.734150223,31.75313257,12.6));
#3271=DIRECTION('',(0.,0.,-1.));
#3272=VECTOR('',#3271,1.6);
#3273=LINE('',#3270,#3272);
#3274=EDGE_CURVE('',#3269,#501,#3273,.T.);
#3275=ORIENTED_EDGE('',*,*,#3274,.F.);
#3276=CARTESIAN_POINT('',(-42.734150223,16.75313257,12.6));
#3277=VERTEX_POINT('',#3276);
#3278=CARTESIAN_POINT('',(-42.734150223,31.75313257,12.6));
#3279=DIRECTION('',(0.,-1.,0.));
#3280=VECTOR('',#3279,15.);
#3281=LINE('',#3278,#3280);
#3282=EDGE_CURVE('',#3269,#3277,#3281,.T.);
#3283=ORIENTED_EDGE('',*,*,#3282,.T.);
#3284=CARTESIAN_POINT('',(-42.734150223,16.75313257,12.6));
#3285=DIRECTION('',(0.,0.,-1.));
#3286=VECTOR('',#3285,1.6);
#3287=LINE('',#3284,#3286);
#3288=EDGE_CURVE('',#3277,#503,#3287,.T.);
#3289=ORIENTED_EDGE('',*,*,#3288,.T.);
#3290=EDGE_LOOP('',(#3267,#3275,#3283,#3289));
#3291=FACE_BOUND('',#3290,.T.);
#3292=ADVANCED_FACE('',(#3291),#3266,.T.);
#3293=CARTESIAN_POINT('',(-35.234150223,31.75313257,12.6));
#3294=DIRECTION('',(0.,-1.,0.));
#3295=DIRECTION('',(0.,0.,-1.));
#3296=AXIS2_PLACEMENT_3D('',#3293,#3294,#3295);
#3297=PLANE('',#3296);
#3298=ORIENTED_EDGE('',*,*,#530,.F.);
#3299=CARTESIAN_POINT('',(-27.734150223,31.75313257,12.6));
#3300=VERTEX_POINT('',#3299);
#3301=CARTESIAN_POINT('',(-27.734150223,31.75313257,12.6));
#3302=DIRECTION('',(0.,0.,-1.));
#3303=VECTOR('',#3302,1.6);
#3304=LINE('',#3301,#3303);
#3305=EDGE_CURVE('',#3300,#519,#3304,.T.);
#3306=ORIENTED_EDGE('',*,*,#3305,.F.);
#3307=CARTESIAN_POINT('',(-27.734150223,31.75313257,12.6));
#3308=DIRECTION('',(-1.,0.,0.));
#3309=VECTOR('',#3308,15.);
#3310=LINE('',#3307,#3309);
#3311=EDGE_CURVE('',#3300,#3269,#3310,.T.);
#3312=ORIENTED_EDGE('',*,*,#3311,.T.);
#3313=ORIENTED_EDGE('',*,*,#3274,.T.);
#3314=EDGE_LOOP('',(#3298,#3306,#3312,#3313));
#3315=FACE_BOUND('',#3314,.T.);
#3316=ADVANCED_FACE('',(#3315),#3297,.T.);
#3317=CARTESIAN_POINT('',(-27.734150223,24.25313257,12.6));
#3318=DIRECTION('',(-1.,0.,0.));
#3319=DIRECTION('',(0.,0.,1.));
#3320=AXIS2_PLACEMENT_3D('',#3317,#3318,#3319);
#3321=PLANE('',#3320);
#3322=ORIENTED_EDGE('',*,*,#524,.F.);
#3323=CARTESIAN_POINT('',(-27.734150223,16.75313257,12.6));
#3324=VERTEX_POINT('',#3323);
#3325=CARTESIAN_POINT('',(-27.734150223,16.75313257,12.6));
#3326=DIRECTION('',(0.,0.,-1.));
#3327=VECTOR('',#3326,1.6);
#3328=LINE('',#3325,#3327);
#3329=EDGE_CURVE('',#3324,#511,#3328,.T.);
#3330=ORIENTED_EDGE('',*,*,#3329,.F.);
#3331=CARTESIAN_POINT('',(-27.734150223,16.75313257,12.6));
#3332=DIRECTION('',(0.,1.,0.));
#3333=VECTOR('',#3332,15.);
#3334=LINE('',#3331,#3333);
#3335=EDGE_CURVE('',#3324,#3300,#3334,.T.);
#3336=ORIENTED_EDGE('',*,*,#3335,.T.);
#3337=ORIENTED_EDGE('',*,*,#3305,.T.);
#3338=EDGE_LOOP('',(#3322,#3330,#3336,#3337));
#3339=FACE_BOUND('',#3338,.T.);
#3340=ADVANCED_FACE('',(#3339),#3321,.T.);
#3341=CARTESIAN_POINT('',(-35.234150223,16.75313257,12.6));
#3342=DIRECTION('',(0.,1.,0.));
#3343=DIRECTION('',(0.,0.,1.));
#3344=AXIS2_PLACEMENT_3D('',#3341,#3342,#3343);
#3345=PLANE('',#3344);
#3346=ORIENTED_EDGE('',*,*,#516,.F.);
#3347=ORIENTED_EDGE('',*,*,#3288,.F.);
#3348=CARTESIAN_POINT('',(-42.734150223,16.75313257,12.6));
#3349=DIRECTION('',(1.,0.,-0.));
#3350=VECTOR('',#3349,15.);
#3351=LINE('',#3348,#3350);
#3352=EDGE_CURVE('',#3277,#3324,#3351,.T.);
#3353=ORIENTED_EDGE('',*,*,#3352,.T.);
#3354=ORIENTED_EDGE('',*,*,#3329,.T.);
#3355=EDGE_LOOP('',(#3346,#3347,#3353,#3354));
#3356=FACE_BOUND('',#3355,.T.);
#3357=ADVANCED_FACE('',(#3356),#3345,.T.);
#3358=CARTESIAN_POINT('',(-148.264150223,110.61313257,12.6));
#3359=DIRECTION('',(0.,0.,-1.));
#3360=DIRECTION('',(-1.,0.,0.));
#3361=AXIS2_PLACEMENT_3D('',#3358,#3359,#3360);
#3362=PLANE('',#3361);
#3363=ORIENTED_EDGE('',*,*,#3282,.F.);
#3364=ORIENTED_EDGE('',*,*,#3311,.F.);
#3365=ORIENTED_EDGE('',*,*,#3335,.F.);
#3366=ORIENTED_EDGE('',*,*,#3352,.F.);
#3367=EDGE_LOOP('',(#3363,#3364,#3365,#3366));
#3368=FACE_BOUND('',#3367,.T.);
#3369=ORIENTED_EDGE('',*,*,#1774,.T.);
#3370=ORIENTED_EDGE('',*,*,#1745,.T.);
#3371=ORIENTED_EDGE('',*,*,#1714,.T.);
#3372=ORIENTED_EDGE('',*,*,#1676,.T.);
#3373=EDGE_LOOP('',(#3369,#3370,#3371,#3372));
#3374=FACE_BOUND('',#3373,.T.);
#3375=ADVANCED_FACE('',(#3368,#3374),#3362,.T.);
#3376=CARTESIAN_POINT('',(-23.684150223,-13.84686743,12.6));
#3377=DIRECTION('',(1.,0.,0.));
#3378=DIRECTION('',(0.,0.,-1.));
#3379=AXIS2_PLACEMENT_3D('',#3376,#3377,#3378);
#3380=PLANE('',#3379);
#3381=ORIENTED_EDGE('',*,*,#208,.F.);
#3382=CARTESIAN_POINT('',(-23.684150223,-6.34686743,12.6));
#3383=VERTEX_POINT('',#3382);
#3384=CARTESIAN_POINT('',(-23.684150223,-6.34686743,12.6));
#3385=DIRECTION('',(0.,0.,-1.));
#3386=VECTOR('',#3385,1.6);
#3387=LINE('',#3384,#3386);
#3388=EDGE_CURVE('',#3383,#201,#3387,.T.);
#3389=ORIENTED_EDGE('',*,*,#3388,.F.);
#3390=CARTESIAN_POINT('',(-23.684150223,-21.34686743,12.6));
#3391=VERTEX_POINT('',#3390);
#3392=CARTESIAN_POINT('',(-23.684150223,-6.34686743,12.6));
#3393=DIRECTION('',(0.,-1.,0.));
#3394=VECTOR('',#3393,15.);
#3395=LINE('',#3392,#3394);
#3396=EDGE_CURVE('',#3383,#3391,#3395,.T.);
#3397=ORIENTED_EDGE('',*,*,#3396,.T.);
#3398=CARTESIAN_POINT('',(-23.684150223,-21.34686743,12.6));
#3399=DIRECTION('',(0.,0.,-1.));
#3400=VECTOR('',#3399,1.6);
#3401=LINE('',#3398,#3400);
#3402=EDGE_CURVE('',#3391,#203,#3401,.T.);
#3403=ORIENTED_EDGE('',*,*,#3402,.T.);
#3404=EDGE_LOOP('',(#3381,#3389,#3397,#3403));
#3405=FACE_BOUND('',#3404,.T.);
#3406=ADVANCED_FACE('',(#3405),#3380,.T.);
#3407=CARTESIAN_POINT('',(-16.184150223,-6.34686743,12.6));
#3408=DIRECTION('',(0.,-1.,0.));
#3409=DIRECTION('',(0.,0.,-1.));
#3410=AXIS2_PLACEMENT_3D('',#3407,#3408,#3409);
#3411=PLANE('',#3410);
#3412=ORIENTED_EDGE('',*,*,#230,.F.);
#3413=CARTESIAN_POINT('',(-8.684150223,-6.34686743,12.6));
#3414=VERTEX_POINT('',#3413);
#3415=CARTESIAN_POINT('',(-8.684150223,-6.34686743,12.6));
#3416=DIRECTION('',(0.,0.,-1.));
#3417=VECTOR('',#3416,1.6);
#3418=LINE('',#3415,#3417);
#3419=EDGE_CURVE('',#3414,#219,#3418,.T.);
#3420=ORIENTED_EDGE('',*,*,#3419,.F.);
#3421=CARTESIAN_POINT('',(-8.684150223,-6.34686743,12.6));
#3422=DIRECTION('',(-1.,0.,0.));
#3423=VECTOR('',#3422,15.);
#3424=LINE('',#3421,#3423);
#3425=EDGE_CURVE('',#3414,#3383,#3424,.T.);
#3426=ORIENTED_EDGE('',*,*,#3425,.T.);
#3427=ORIENTED_EDGE('',*,*,#3388,.T.);
#3428=EDGE_LOOP('',(#3412,#3420,#3426,#3427));
#3429=FACE_BOUND('',#3428,.T.);
#3430=ADVANCED_FACE('',(#3429),#3411,.T.);
#3431=CARTESIAN_POINT('',(-8.684150223,-13.84686743,12.6));
#3432=DIRECTION('',(-1.,0.,0.));
#3433=DIRECTION('',(0.,0.,1.));
#3434=AXIS2_PLACEMENT_3D('',#3431,#3432,#3433);
#3435=PLANE('',#3434);
#3436=ORIENTED_EDGE('',*,*,#224,.F.);
#3437=CARTESIAN_POINT('',(-8.684150223,-21.34686743,12.6));
#3438=VERTEX_POINT('',#3437);
#3439=CARTESIAN_POINT('',(-8.684150223,-21.34686743,12.6));
#3440=DIRECTION('',(0.,0.,-1.));
#3441=VECTOR('',#3440,1.6);
#3442=LINE('',#3439,#3441);
#3443=EDGE_CURVE('',#3438,#211,#3442,.T.);
#3444=ORIENTED_EDGE('',*,*,#3443,.F.);
#3445=CARTESIAN_POINT('',(-8.684150223,-21.34686743,12.6));
#3446=DIRECTION('',(0.,1.,0.));
#3447=VECTOR('',#3446,15.);
#3448=LINE('',#3445,#3447);
#3449=EDGE_CURVE('',#3438,#3414,#3448,.T.);
#3450=ORIENTED_EDGE('',*,*,#3449,.T.);
#3451=ORIENTED_EDGE('',*,*,#3419,.T.);
#3452=EDGE_LOOP('',(#3436,#3444,#3450,#3451));
#3453=FACE_BOUND('',#3452,.T.);
#3454=ADVANCED_FACE('',(#3453),#3435,.T.);
#3455=CARTESIAN_POINT('',(-16.184150223,-21.34686743,12.6));
#3456=DIRECTION('',(0.,1.,0.));
#3457=DIRECTION('',(0.,0.,1.));
#3458=AXIS2_PLACEMENT_3D('',#3455,#3456,#3457);
#3459=PLANE('',#3458);
#3460=ORIENTED_EDGE('',*,*,#216,.F.);
#3461=ORIENTED_EDGE('',*,*,#3402,.F.);
#3462=CARTESIAN_POINT('',(-23.684150223,-21.34686743,12.6));
#3463=DIRECTION('',(1.,0.,-0.));
#3464=VECTOR('',#3463,15.);
#3465=LINE('',#3462,#3464);
#3466=EDGE_CURVE('',#3391,#3438,#3465,.T.);
#3467=ORIENTED_EDGE('',*,*,#3466,.T.);
#3468=ORIENTED_EDGE('',*,*,#3443,.T.);
#3469=EDGE_LOOP('',(#3460,#3461,#3467,#3468));
#3470=FACE_BOUND('',#3469,.T.);
#3471=ADVANCED_FACE('',(#3470),#3459,.T.);
#3472=CARTESIAN_POINT('',(-148.264150223,110.61313257,12.6));
#3473=DIRECTION('',(0.,0.,-1.));
#3474=DIRECTION('',(-1.,0.,0.));
#3475=AXIS2_PLACEMENT_3D('',#3472,#3473,#3474);
#3476=PLANE('',#3475);
#3477=ORIENTED_EDGE('',*,*,#3396,.F.);
#3478=ORIENTED_EDGE('',*,*,#3425,.F.);
#3479=ORIENTED_EDGE('',*,*,#3449,.F.);
#3480=ORIENTED_EDGE('',*,*,#3466,.F.);
#3481=EDGE_LOOP('',(#3477,#3478,#3479,#3480));
#3482=FACE_BOUND('',#3481,.T.);
#3483=ORIENTED_EDGE('',*,*,#1650,.T.);
#3484=ORIENTED_EDGE('',*,*,#1621,.T.);
#3485=ORIENTED_EDGE('',*,*,#1590,.T.);
#3486=ORIENTED_EDGE('',*,*,#1552,.T.);
#3487=EDGE_LOOP('',(#3483,#3484,#3485,#3486));
#3488=FACE_BOUND('',#3487,.T.);
#3489=ADVANCED_FACE('',(#3482,#3488),#3476,.T.);
#3490=CARTESIAN_POINT('',(14.415849777,5.20313257,12.6));
#3491=DIRECTION('',(1.,0.,0.));
#3492=DIRECTION('',(0.,0.,-1.));
#3493=AXIS2_PLACEMENT_3D('',#3490,#3491,#3492);
#3494=PLANE('',#3493);
#3495=ORIENTED_EDGE('',*,*,#542,.F.);
#3496=CARTESIAN_POINT('',(14.415849777,12.70313257,12.6));
#3497=VERTEX_POINT('',#3496);
#3498=CARTESIAN_POINT('',(14.415849777,12.70313257,12.6));
#3499=DIRECTION('',(0.,0.,-1.));
#3500=VECTOR('',#3499,1.6);
#3501=LINE('',#3498,#3500);
#3502=EDGE_CURVE('',#3497,#535,#3501,.T.);
#3503=ORIENTED_EDGE('',*,*,#3502,.F.);
#3504=CARTESIAN_POINT('',(14.415849777,-2.29686743,12.6));
#3505=VERTEX_POINT('',#3504);
#3506=CARTESIAN_POINT('',(14.415849777,12.70313257,12.6));
#3507=DIRECTION('',(0.,-1.,0.));
#3508=VECTOR('',#3507,15.);
#3509=LINE('',#3506,#3508);
#3510=EDGE_CURVE('',#3497,#3505,#3509,.T.);
#3511=ORIENTED_EDGE('',*,*,#3510,.T.);
#3512=CARTESIAN_POINT('',(14.415849777,-2.29686743,12.6));
#3513=DIRECTION('',(0.,0.,-1.));
#3514=VECTOR('',#3513,1.6);
#3515=LINE('',#3512,#3514);
#3516=EDGE_CURVE('',#3505,#537,#3515,.T.);
#3517=ORIENTED_EDGE('',*,*,#3516,.T.);
#3518=EDGE_LOOP('',(#3495,#3503,#3511,#3517));
#3519=FACE_BOUND('',#3518,.T.);
#3520=ADVANCED_FACE('',(#3519),#3494,.T.);
#3521=CARTESIAN_POINT('',(21.915849777,12.70313257,12.6));
#3522=DIRECTION('',(0.,-1.,0.));
#3523=DIRECTION('',(0.,0.,-1.));
#3524=AXIS2_PLACEMENT_3D('',#3521,#3522,#3523);
#3525=PLANE('',#3524);
#3526=ORIENTED_EDGE('',*,*,#564,.F.);
#3527=CARTESIAN_POINT('',(29.415849777,12.70313257,12.6));
#3528=VERTEX_POINT('',#3527);
#3529=CARTESIAN_POINT('',(29.415849777,12.70313257,12.6));
#3530=DIRECTION('',(0.,0.,-1.));
#3531=VECTOR('',#3530,1.6);
#3532=LINE('',#3529,#3531);
#3533=EDGE_CURVE('',#3528,#553,#3532,.T.);
#3534=ORIENTED_EDGE('',*,*,#3533,.F.);
#3535=CARTESIAN_POINT('',(29.415849777,12.70313257,12.6));
#3536=DIRECTION('',(-1.,0.,0.));
#3537=VECTOR('',#3536,15.);
#3538=LINE('',#3535,#3537);
#3539=EDGE_CURVE('',#3528,#3497,#3538,.T.);
#3540=ORIENTED_EDGE('',*,*,#3539,.T.);
#3541=ORIENTED_EDGE('',*,*,#3502,.T.);
#3542=EDGE_LOOP('',(#3526,#3534,#3540,#3541));
#3543=FACE_BOUND('',#3542,.T.);
#3544=ADVANCED_FACE('',(#3543),#3525,.T.);
#3545=CARTESIAN_POINT('',(29.415849777,5.20313257,12.6));
#3546=DIRECTION('',(-1.,0.,0.));
#3547=DIRECTION('',(0.,0.,1.));
#3548=AXIS2_PLACEMENT_3D('',#3545,#3546,#3547);
#3549=PLANE('',#3548);
#3550=ORIENTED_EDGE('',*,*,#558,.F.);
#3551=CARTESIAN_POINT('',(29.415849777,-2.29686743,12.6));
#3552=VERTEX_POINT('',#3551);
#3553=CARTESIAN_POINT('',(29.415849777,-2.29686743,12.6));
#3554=DIRECTION('',(0.,0.,-1.));
#3555=VECTOR('',#3554,1.6);
#3556=LINE('',#3553,#3555);
#3557=EDGE_CURVE('',#3552,#545,#3556,.T.);
#3558=ORIENTED_EDGE('',*,*,#3557,.F.);
#3559=CARTESIAN_POINT('',(29.415849777,-2.29686743,12.6));
#3560=DIRECTION('',(0.,1.,0.));
#3561=VECTOR('',#3560,15.);
#3562=LINE('',#3559,#3561);
#3563=EDGE_CURVE('',#3552,#3528,#3562,.T.);
#3564=ORIENTED_EDGE('',*,*,#3563,.T.);
#3565=ORIENTED_EDGE('',*,*,#3533,.T.);
#3566=EDGE_LOOP('',(#3550,#3558,#3564,#3565));
#3567=FACE_BOUND('',#3566,.T.);
#3568=ADVANCED_FACE('',(#3567),#3549,.T.);
#3569=CARTESIAN_POINT('',(21.915849777,-2.29686743,12.6));
#3570=DIRECTION('',(0.,1.,0.));
#3571=DIRECTION('',(0.,0.,1.));
#3572=AXIS2_PLACEMENT_3D('',#3569,#3570,#3571);
#3573=PLANE('',#3572);
#3574=ORIENTED_EDGE('',*,*,#550,.F.);
#3575=ORIENTED_EDGE('',*,*,#3516,.F.);
#3576=CARTESIAN_POINT('',(14.415849777,-2.29686743,12.6));
#3577=DIRECTION('',(1.,0.,-0.));
#3578=VECTOR('',#3577,15.);
#3579=LINE('',#3576,#3578);
#3580=EDGE_CURVE('',#3505,#3552,#3579,.T.);
#3581=ORIENTED_EDGE('',*,*,#3580,.T.);
#3582=ORIENTED_EDGE('',*,*,#3557,.T.);
#3583=EDGE_LOOP('',(#3574,#3575,#3581,#3582));
#3584=FACE_BOUND('',#3583,.T.);
#3585=ADVANCED_FACE('',(#3584),#3573,.T.);
#3586=CARTESIAN_POINT('',(-148.264150223,110.61313257,12.6));
#3587=DIRECTION('',(0.,0.,-1.));
#3588=DIRECTION('',(-1.,0.,0.));
#3589=AXIS2_PLACEMENT_3D('',#3586,#3587,#3588);
#3590=PLANE('',#3589);
#3591=ORIENTED_EDGE('',*,*,#3510,.F.);
#3592=ORIENTED_EDGE('',*,*,#3539,.F.);
#3593=ORIENTED_EDGE('',*,*,#3563,.F.);
#3594=ORIENTED_EDGE('',*,*,#3580,.F.);
#3595=EDGE_LOOP('',(#3591,#3592,#3593,#3594));
#3596=FACE_BOUND('',#3595,.T.);
#3597=ORIENTED_EDGE('',*,*,#1526,.T.);
#3598=ORIENTED_EDGE('',*,*,#1497,.T.);
#3599=ORIENTED_EDGE('',*,*,#1466,.T.);
#3600=ORIENTED_EDGE('',*,*,#1428,.T.);
#3601=EDGE_LOOP('',(#3597,#3598,#3599,#3600));
#3602=FACE_BOUND('',#3601,.T.);
#3603=ADVANCED_FACE('',(#3596,#3602),#3590,.T.);
#3604=CARTESIAN_POINT('',(-23.684150223,24.25313257,12.6));
#3605=DIRECTION('',(1.,0.,0.));
#3606=DIRECTION('',(0.,0.,-1.));
#3607=AXIS2_PLACEMENT_3D('',#3604,#3605,#3606);
#3608=PLANE('',#3607);
#3609=ORIENTED_EDGE('',*,*,#174,.F.);
#3610=CARTESIAN_POINT('',(-23.684150223,31.75313257,12.6));
#3611=VERTEX_POINT('',#3610);
#3612=CARTESIAN_POINT('',(-23.684150223,31.75313257,12.6));
#3613=DIRECTION('',(0.,0.,-1.));
#3614=VECTOR('',#3613,1.6);
#3615=LINE('',#3612,#3614);
#3616=EDGE_CURVE('',#3611,#167,#3615,.T.);
#3617=ORIENTED_EDGE('',*,*,#3616,.F.);
#3618=CARTESIAN_POINT('',(-23.684150223,16.75313257,12.6));
#3619=VERTEX_POINT('',#3618);
#3620=CARTESIAN_POINT('',(-23.684150223,31.75313257,12.6));
#3621=DIRECTION('',(0.,-1.,0.));
#3622=VECTOR('',#3621,15.);
#3623=LINE('',#3620,#3622);
#3624=EDGE_CURVE('',#3611,#3619,#3623,.T.);
#3625=ORIENTED_EDGE('',*,*,#3624,.T.);
#3626=CARTESIAN_POINT('',(-23.684150223,16.75313257,12.6));
#3627=DIRECTION('',(0.,0.,-1.));
#3628=VECTOR('',#3627,1.6);
#3629=LINE('',#3626,#3628);
#3630=EDGE_CURVE('',#3619,#169,#3629,.T.);
#3631=ORIENTED_EDGE('',*,*,#3630,.T.);
#3632=EDGE_LOOP('',(#3609,#3617,#3625,#3631));
#3633=FACE_BOUND('',#3632,.T.);
#3634=ADVANCED_FACE('',(#3633),#3608,.T.);
#3635=CARTESIAN_POINT('',(-16.184150223,31.75313257,12.6));
#3636=DIRECTION('',(0.,-1.,0.));
#3637=DIRECTION('',(0.,0.,-1.));
#3638=AXIS2_PLACEMENT_3D('',#3635,#3636,#3637);
#3639=PLANE('',#3638);
#3640=ORIENTED_EDGE('',*,*,#196,.F.);
#3641=CARTESIAN_POINT('',(-8.684150223,31.75313257,12.6));
#3642=VERTEX_POINT('',#3641);
#3643=CARTESIAN_POINT('',(-8.684150223,31.75313257,12.6));
#3644=DIRECTION('',(0.,0.,-1.));
#3645=VECTOR('',#3644,1.6);
#3646=LINE('',#3643,#3645);
#3647=EDGE_CURVE('',#3642,#185,#3646,.T.);
#3648=ORIENTED_EDGE('',*,*,#3647,.F.);
#3649=CARTESIAN_POINT('',(-8.684150223,31.75313257,12.6));
#3650=DIRECTION('',(-1.,0.,0.));
#3651=VECTOR('',#3650,15.);
#3652=LINE('',#3649,#3651);
#3653=EDGE_CURVE('',#3642,#3611,#3652,.T.);
#3654=ORIENTED_EDGE('',*,*,#3653,.T.);
#3655=ORIENTED_EDGE('',*,*,#3616,.T.);
#3656=EDGE_LOOP('',(#3640,#3648,#3654,#3655));
#3657=FACE_BOUND('',#3656,.T.);
#3658=ADVANCED_FACE('',(#3657),#3639,.T.);
#3659=CARTESIAN_POINT('',(-8.684150223,24.25313257,12.6));
#3660=DIRECTION('',(-1.,0.,0.));
#3661=DIRECTION('',(0.,0.,1.));
#3662=AXIS2_PLACEMENT_3D('',#3659,#3660,#3661);
#3663=PLANE('',#3662);
#3664=ORIENTED_EDGE('',*,*,#190,.F.);
#3665=CARTESIAN_POINT('',(-8.684150223,16.75313257,12.6));
#3666=VERTEX_POINT('',#3665);
#3667=CARTESIAN_POINT('',(-8.684150223,16.75313257,12.6));
#3668=DIRECTION('',(0.,0.,-1.));
#3669=VECTOR('',#3668,1.6);
#3670=LINE('',#3667,#3669);
#3671=EDGE_CURVE('',#3666,#177,#3670,.T.);
#3672=ORIENTED_EDGE('',*,*,#3671,.F.);
#3673=CARTESIAN_POINT('',(-8.684150223,16.75313257,12.6));
#3674=DIRECTION('',(0.,1.,0.));
#3675=VECTOR('',#3674,15.);
#3676=LINE('',#3673,#3675);
#3677=EDGE_CURVE('',#3666,#3642,#3676,.T.);
#3678=ORIENTED_EDGE('',*,*,#3677,.T.);
#3679=ORIENTED_EDGE('',*,*,#3647,.T.);
#3680=EDGE_LOOP('',(#3664,#3672,#3678,#3679));
#3681=FACE_BOUND('',#3680,.T.);
#3682=ADVANCED_FACE('',(#3681),#3663,.T.);
#3683=CARTESIAN_POINT('',(-16.184150223,16.75313257,12.6));
#3684=DIRECTION('',(0.,1.,0.));
#3685=DIRECTION('',(0.,0.,1.));
#3686=AXIS2_PLACEMENT_3D('',#3683,#3684,#3685);
#3687=PLANE('',#3686);
#3688=ORIENTED_EDGE('',*,*,#182,.F.);
#3689=ORIENTED_EDGE('',*,*,#3630,.F.);
#3690=CARTESIAN_POINT('',(-23.684150223,16.75313257,12.6));
#3691=DIRECTION('',(1.,0.,-0.));
#3692=VECTOR('',#3691,15.);
#3693=LINE('',#3690,#3692);
#3694=EDGE_CURVE('',#3619,#3666,#3693,.T.);
#3695=ORIENTED_EDGE('',*,*,#3694,.T.);
#3696=ORIENTED_EDGE('',*,*,#3671,.T.);
#3697=EDGE_LOOP('',(#3688,#3689,#3695,#3696));
#3698=FACE_BOUND('',#3697,.T.);
#3699=ADVANCED_FACE('',(#3698),#3687,.T.);
#3700=CARTESIAN_POINT('',(-148.264150223,110.61313257,12.6));
#3701=DIRECTION('',(0.,0.,-1.));
#3702=DIRECTION('',(-1.,0.,0.));
#3703=AXIS2_PLACEMENT_3D('',#3700,#3701,#3702);
#3704=PLANE('',#3703);
#3705=ORIENTED_EDGE('',*,*,#3624,.F.);
#3706=ORIENTED_EDGE('',*,*,#3653,.F.);
#3707=ORIENTED_EDGE('',*,*,#3677,.F.);
#3708=ORIENTED_EDGE('',*,*,#3694,.F.);
#3709=EDGE_LOOP('',(#3705,#3706,#3707,#3708));
#3710=FACE_BOUND('',#3709,.T.);
#3711=ORIENTED_EDGE('',*,*,#1402,.T.);
#3712=ORIENTED_EDGE('',*,*,#1373,.T.);
#3713=ORIENTED_EDGE('',*,*,#1342,.T.);
#3714=ORIENTED_EDGE('',*,*,#1304,.T.);
#3715=EDGE_LOOP('',(#3711,#3712,#3713,#3714));
#3716=FACE_BOUND('',#3715,.T.);
#3717=ADVANCED_FACE('',(#3710,#3716),#3704,.T.);
#3718=CARTESIAN_POINT('',(-4.634150223,24.25313257,12.6));
#3719=DIRECTION('',(1.,0.,0.));
#3720=DIRECTION('',(0.,0.,-1.));
#3721=AXIS2_PLACEMENT_3D('',#3718,#3719,#3720);
#3722=PLANE('',#3721);
#3723=ORIENTED_EDGE('',*,*,#576,.F.);
#3724=CARTESIAN_POINT('',(-4.634150223,31.75313257,12.6));
#3725=VERTEX_POINT('',#3724);
#3726=CARTESIAN_POINT('',(-4.634150223,31.75313257,12.6));
#3727=DIRECTION('',(0.,0.,-1.));
#3728=VECTOR('',#3727,1.6);
#3729=LINE('',#3726,#3728);
#3730=EDGE_CURVE('',#3725,#569,#3729,.T.);
#3731=ORIENTED_EDGE('',*,*,#3730,.F.);
#3732=CARTESIAN_POINT('',(-4.634150223,16.75313257,12.6));
#3733=VERTEX_POINT('',#3732);
#3734=CARTESIAN_POINT('',(-4.634150223,31.75313257,12.6));
#3735=DIRECTION('',(0.,-1.,0.));
#3736=VECTOR('',#3735,15.);
#3737=LINE('',#3734,#3736);
#3738=EDGE_CURVE('',#3725,#3733,#3737,.T.);
#3739=ORIENTED_EDGE('',*,*,#3738,.T.);
#3740=CARTESIAN_POINT('',(-4.634150223,16.75313257,12.6));
#3741=DIRECTION('',(0.,0.,-1.));
#3742=VECTOR('',#3741,1.6);
#3743=LINE('',#3740,#3742);
#3744=EDGE_CURVE('',#3733,#571,#3743,.T.);
#3745=ORIENTED_EDGE('',*,*,#3744,.T.);
#3746=EDGE_LOOP('',(#3723,#3731,#3739,#3745));
#3747=FACE_BOUND('',#3746,.T.);
#3748=ADVANCED_FACE('',(#3747),#3722,.T.);
#3749=CARTESIAN_POINT('',(2.865849777,31.75313257,12.6));
#3750=DIRECTION('',(0.,-1.,0.));
#3751=DIRECTION('',(0.,0.,-1.));
#3752=AXIS2_PLACEMENT_3D('',#3749,#3750,#3751);
#3753=PLANE('',#3752);
#3754=ORIENTED_EDGE('',*,*,#598,.F.);
#3755=CARTESIAN_POINT('',(10.365849777,31.75313257,12.6));
#3756=VERTEX_POINT('',#3755);
#3757=CARTESIAN_POINT('',(10.365849777,31.75313257,12.6));
#3758=DIRECTION('',(0.,0.,-1.));
#3759=VECTOR('',#3758,1.6);
#3760=LINE('',#3757,#3759);
#3761=EDGE_CURVE('',#3756,#587,#3760,.T.);
#3762=ORIENTED_EDGE('',*,*,#3761,.F.);
#3763=CARTESIAN_POINT('',(10.365849777,31.75313257,12.6));
#3764=DIRECTION('',(-1.,0.,0.));
#3765=VECTOR('',#3764,15.);
#3766=LINE('',#3763,#3765);
#3767=EDGE_CURVE('',#3756,#3725,#3766,.T.);
#3768=ORIENTED_EDGE('',*,*,#3767,.T.);
#3769=ORIENTED_EDGE('',*,*,#3730,.T.);
#3770=EDGE_LOOP('',(#3754,#3762,#3768,#3769));
#3771=FACE_BOUND('',#3770,.T.);
#3772=ADVANCED_FACE('',(#3771),#3753,.T.);
#3773=CARTESIAN_POINT('',(10.365849777,24.25313257,12.6));
#3774=DIRECTION('',(-1.,0.,0.));
#3775=DIRECTION('',(0.,0.,1.));
#3776=AXIS2_PLACEMENT_3D('',#3773,#3774,#3775);
#3777=PLANE('',#3776);
#3778=ORIENTED_EDGE('',*,*,#592,.F.);
#3779=CARTESIAN_POINT('',(10.365849777,16.75313257,12.6));
#3780=VERTEX_POINT('',#3779);
#3781=CARTESIAN_POINT('',(10.365849777,16.75313257,12.6));
#3782=DIRECTION('',(0.,0.,-1.));
#3783=VECTOR('',#3782,1.6);
#3784=LINE('',#3781,#3783);
#3785=EDGE_CURVE('',#3780,#579,#3784,.T.);
#3786=ORIENTED_EDGE('',*,*,#3785,.F.);
#3787=CARTESIAN_POINT('',(10.365849777,16.75313257,12.6));
#3788=DIRECTION('',(0.,1.,0.));
#3789=VECTOR('',#3788,15.);
#3790=LINE('',#3787,#3789);
#3791=EDGE_CURVE('',#3780,#3756,#3790,.T.);
#3792=ORIENTED_EDGE('',*,*,#3791,.T.);
#3793=ORIENTED_EDGE('',*,*,#3761,.T.);
#3794=EDGE_LOOP('',(#3778,#3786,#3792,#3793));
#3795=FACE_BOUND('',#3794,.T.);
#3796=ADVANCED_FACE('',(#3795),#3777,.T.);
#3797=CARTESIAN_POINT('',(2.865849777,16.75313257,12.6));
#3798=DIRECTION('',(0.,1.,0.));
#3799=DIRECTION('',(0.,0.,1.));
#3800=AXIS2_PLACEMENT_3D('',#3797,#3798,#3799);
#3801=PLANE('',#3800);
#3802=ORIENTED_EDGE('',*,*,#584,.F.);
#3803=ORIENTED_EDGE('',*,*,#3744,.F.);
#3804=CARTESIAN_POINT('',(-4.634150223,16.75313257,12.6));
#3805=DIRECTION('',(1.,0.,-0.));
#3806=VECTOR('',#3805,15.);
#3807=LINE('',#3804,#3806);
#3808=EDGE_CURVE('',#3733,#3780,#3807,.T.);
#3809=ORIENTED_EDGE('',*,*,#3808,.T.);
#3810=ORIENTED_EDGE('',*,*,#3785,.T.);
#3811=EDGE_LOOP('',(#3802,#3803,#3809,#3810));
#3812=FACE_BOUND('',#3811,.T.);
#3813=ADVANCED_FACE('',(#3812),#3801,.T.);
#3814=CARTESIAN_POINT('',(-148.264150223,110.61313257,12.6));
#3815=DIRECTION('',(0.,0.,-1.));
#3816=DIRECTION('',(-1.,0.,0.));
#3817=AXIS2_PLACEMENT_3D('',#3814,#3815,#3816);
#3818=PLANE('',#3817);
#3819=ORIENTED_EDGE('',*,*,#3738,.F.);
#3820=ORIENTED_EDGE('',*,*,#3767,.F.);
#3821=ORIENTED_EDGE('',*,*,#3791,.F.);
#3822=ORIENTED_EDGE('',*,*,#3808,.F.);
#3823=EDGE_LOOP('',(#3819,#3820,#3821,#3822));
#3824=FACE_BOUND('',#3823,.T.);
#3825=ORIENTED_EDGE('',*,*,#1278,.T.);
#3826=ORIENTED_EDGE('',*,*,#1249,.T.);
#3827=ORIENTED_EDGE('',*,*,#1218,.T.);
#3828=ORIENTED_EDGE('',*,*,#1180,.T.);
#3829=EDGE_LOOP('',(#3825,#3826,#3827,#3828));
#3830=FACE_BOUND('',#3829,.T.);
#3831=ADVANCED_FACE('',(#3824,#3830),#3818,.T.);
#3832=CARTESIAN_POINT('',(-42.734150223,5.20313257,12.6));
#3833=DIRECTION('',(1.,0.,0.));
#3834=DIRECTION('',(0.,0.,-1.));
#3835=AXIS2_PLACEMENT_3D('',#3832,#3833,#3834);
#3836=PLANE('',#3835);
#3837=ORIENTED_EDGE('',*,*,#140,.F.);
#3838=CARTESIAN_POINT('',(-42.734150223,12.70313257,12.6));
#3839=VERTEX_POINT('',#3838);
#3840=CARTESIAN_POINT('',(-42.734150223,12.70313257,12.6));
#3841=DIRECTION('',(0.,0.,-1.));
#3842=VECTOR('',#3841,1.6);
#3843=LINE('',#3840,#3842);
#3844=EDGE_CURVE('',#3839,#133,#3843,.T.);
#3845=ORIENTED_EDGE('',*,*,#3844,.F.);
#3846=CARTESIAN_POINT('',(-42.734150223,-2.29686743,12.6));
#3847=VERTEX_POINT('',#3846);
#3848=CARTESIAN_POINT('',(-42.734150223,12.70313257,12.6));
#3849=DIRECTION('',(0.,-1.,0.));
#3850=VECTOR('',#3849,15.);
#3851=LINE('',#3848,#3850);
#3852=EDGE_CURVE('',#3839,#3847,#3851,.T.);
#3853=ORIENTED_EDGE('',*,*,#3852,.T.);
#3854=CARTESIAN_POINT('',(-42.734150223,-2.29686743,12.6));
#3855=DIRECTION('',(0.,0.,-1.));
#3856=VECTOR('',#3855,1.6);
#3857=LINE('',#3854,#3856);
#3858=EDGE_CURVE('',#3847,#135,#3857,.T.);
#3859=ORIENTED_EDGE('',*,*,#3858,.T.);
#3860=EDGE_LOOP('',(#3837,#3845,#3853,#3859));
#3861=FACE_BOUND('',#3860,.T.);
#3862=ADVANCED_FACE('',(#3861),#3836,.T.);
#3863=CARTESIAN_POINT('',(-35.234150223,12.70313257,12.6));
#3864=DIRECTION('',(0.,-1.,0.));
#3865=DIRECTION('',(0.,0.,-1.));
#3866=AXIS2_PLACEMENT_3D('',#3863,#3864,#3865);
#3867=PLANE('',#3866);
#3868=ORIENTED_EDGE('',*,*,#162,.F.);
#3869=CARTESIAN_POINT('',(-27.734150223,12.70313257,12.6));
#3870=VERTEX_POINT('',#3869);
#3871=CARTESIAN_POINT('',(-27.734150223,12.70313257,12.6));
#3872=DIRECTION('',(0.,0.,-1.));
#3873=VECTOR('',#3872,1.6);
#3874=LINE('',#3871,#3873);
#3875=EDGE_CURVE('',#3870,#151,#3874,.T.);
#3876=ORIENTED_EDGE('',*,*,#3875,.F.);
#3877=CARTESIAN_POINT('',(-27.734150223,12.70313257,12.6));
#3878=DIRECTION('',(-1.,0.,0.));
#3879=VECTOR('',#3878,15.);
#3880=LINE('',#3877,#3879);
#3881=EDGE_CURVE('',#3870,#3839,#3880,.T.);
#3882=ORIENTED_EDGE('',*,*,#3881,.T.);
#3883=ORIENTED_EDGE('',*,*,#3844,.T.);
#3884=EDGE_LOOP('',(#3868,#3876,#3882,#3883));
#3885=FACE_BOUND('',#3884,.T.);
#3886=ADVANCED_FACE('',(#3885),#3867,.T.);
#3887=CARTESIAN_POINT('',(-27.734150223,5.20313257,12.6));
#3888=DIRECTION('',(-1.,0.,0.));
#3889=DIRECTION('',(0.,0.,1.));
#3890=AXIS2_PLACEMENT_3D('',#3887,#3888,#3889);
#3891=PLANE('',#3890);
#3892=ORIENTED_EDGE('',*,*,#156,.F.);
#3893=CARTESIAN_POINT('',(-27.734150223,-2.29686743,12.6));
#3894=VERTEX_POINT('',#3893);
#3895=CARTESIAN_POINT('',(-27.734150223,-2.29686743,12.6));
#3896=DIRECTION('',(0.,0.,-1.));
#3897=VECTOR('',#3896,1.6);
#3898=LINE('',#3895,#3897);
#3899=EDGE_CURVE('',#3894,#143,#3898,.T.);
#3900=ORIENTED_EDGE('',*,*,#3899,.F.);
#3901=CARTESIAN_POINT('',(-27.734150223,-2.29686743,12.6));
#3902=DIRECTION('',(0.,1.,0.));
#3903=VECTOR('',#3902,15.);
#3904=LINE('',#3901,#3903);
#3905=EDGE_CURVE('',#3894,#3870,#3904,.T.);
#3906=ORIENTED_EDGE('',*,*,#3905,.T.);
#3907=ORIENTED_EDGE('',*,*,#3875,.T.);
#3908=EDGE_LOOP('',(#3892,#3900,#3906,#3907));
#3909=FACE_BOUND('',#3908,.T.);
#3910=ADVANCED_FACE('',(#3909),#3891,.T.);
#3911=CARTESIAN_POINT('',(-35.234150223,-2.29686743,12.6));
#3912=DIRECTION('',(0.,1.,0.));
#3913=DIRECTION('',(0.,0.,1.));
#3914=AXIS2_PLACEMENT_3D('',#3911,#3912,#3913);
#3915=PLANE('',#3914);
#3916=ORIENTED_EDGE('',*,*,#148,.F.);
#3917=ORIENTED_EDGE('',*,*,#3858,.F.);
#3918=CARTESIAN_POINT('',(-42.734150223,-2.29686743,12.6));
#3919=DIRECTION('',(1.,0.,-0.));
#3920=VECTOR('',#3919,15.);
#3921=LINE('',#3918,#3920);
#3922=EDGE_CURVE('',#3847,#3894,#3921,.T.);
#3923=ORIENTED_EDGE('',*,*,#3922,.T.);
#3924=ORIENTED_EDGE('',*,*,#3899,.T.);
#3925=EDGE_LOOP('',(#3916,#3917,#3923,#3924));
#3926=FACE_BOUND('',#3925,.T.);
#3927=ADVANCED_FACE('',(#3926),#3915,.T.);
#3928=CARTESIAN_POINT('',(-148.264150223,110.61313257,12.6));
#3929=DIRECTION('',(0.,0.,-1.));
#3930=DIRECTION('',(-1.,0.,0.));
#3931=AXIS2_PLACEMENT_3D('',#3928,#3929,#3930);
#3932=PLANE('',#3931);
#3933=ORIENTED_EDGE('',*,*,#3852,.F.);
#3934=ORIENTED_EDGE('',*,*,#3881,.F.);
#3935=ORIENTED_EDGE('',*,*,#3905,.F.);
#3936=ORIENTED_EDGE('',*,*,#3922,.F.);
#3937=EDGE_LOOP('',(#3933,#3934,#3935,#3936));
#3938=FACE_BOUND('',#3937,.T.);
#3939=ORIENTED_EDGE('',*,*,#1154,.T.);
#3940=ORIENTED_EDGE('',*,*,#1125,.T.);
#3941=ORIENTED_EDGE('',*,*,#1094,.T.);
#3942=ORIENTED_EDGE('',*,*,#1056,.T.);
#3943=EDGE_LOOP('',(#3939,#3940,#3941,#3942));
#3944=FACE_BOUND('',#3943,.T.);
#3945=ADVANCED_FACE('',(#3938,#3944),#3932,.T.);
#3946=CARTESIAN_POINT('',(-42.734150223,-13.84686743,12.6));
#3947=DIRECTION('',(1.,0.,0.));
#3948=DIRECTION('',(0.,0.,-1.));
#3949=AXIS2_PLACEMENT_3D('',#3946,#3947,#3948);
#3950=PLANE('',#3949);
#3951=ORIENTED_EDGE('',*,*,#610,.F.);
#3952=CARTESIAN_POINT('',(-42.734150223,-6.34686743,12.6));
#3953=VERTEX_POINT('',#3952);
#3954=CARTESIAN_POINT('',(-42.734150223,-6.34686743,12.6));
#3955=DIRECTION('',(0.,0.,-1.));
#3956=VECTOR('',#3955,1.6);
#3957=LINE('',#3954,#3956);
#3958=EDGE_CURVE('',#3953,#603,#3957,.T.);
#3959=ORIENTED_EDGE('',*,*,#3958,.F.);
#3960=CARTESIAN_POINT('',(-42.734150223,-21.34686743,12.6));
#3961=VERTEX_POINT('',#3960);
#3962=CARTESIAN_POINT('',(-42.734150223,-6.34686743,12.6));
#3963=DIRECTION('',(0.,-1.,0.));
#3964=VECTOR('',#3963,15.);
#3965=LINE('',#3962,#3964);
#3966=EDGE_CURVE('',#3953,#3961,#3965,.T.);
#3967=ORIENTED_EDGE('',*,*,#3966,.T.);
#3968=CARTESIAN_POINT('',(-42.734150223,-21.34686743,12.6));
#3969=DIRECTION('',(0.,0.,-1.));
#3970=VECTOR('',#3969,1.6);
#3971=LINE('',#3968,#3970);
#3972=EDGE_CURVE('',#3961,#605,#3971,.T.);
#3973=ORIENTED_EDGE('',*,*,#3972,.T.);
#3974=EDGE_LOOP('',(#3951,#3959,#3967,#3973));
#3975=FACE_BOUND('',#3974,.T.);
#3976=ADVANCED_FACE('',(#3975),#3950,.T.);
#3977=CARTESIAN_POINT('',(-35.234150223,-6.34686743,12.6));
#3978=DIRECTION('',(0.,-1.,0.));
#3979=DIRECTION('',(0.,0.,-1.));
#3980=AXIS2_PLACEMENT_3D('',#3977,#3978,#3979);
#3981=PLANE('',#3980);
#3982=ORIENTED_EDGE('',*,*,#632,.F.);
#3983=CARTESIAN_POINT('',(-27.734150223,-6.34686743,12.6));
#3984=VERTEX_POINT('',#3983);
#3985=CARTESIAN_POINT('',(-27.734150223,-6.34686743,12.6));
#3986=DIRECTION('',(0.,0.,-1.));
#3987=VECTOR('',#3986,1.6);
#3988=LINE('',#3985,#3987);
#3989=EDGE_CURVE('',#3984,#621,#3988,.T.);
#3990=ORIENTED_EDGE('',*,*,#3989,.F.);
#3991=CARTESIAN_POINT('',(-27.734150223,-6.34686743,12.6));
#3992=DIRECTION('',(-1.,0.,0.));
#3993=VECTOR('',#3992,15.);
#3994=LINE('',#3991,#3993);
#3995=EDGE_CURVE('',#3984,#3953,#3994,.T.);
#3996=ORIENTED_EDGE('',*,*,#3995,.T.);
#3997=ORIENTED_EDGE('',*,*,#3958,.T.);
#3998=EDGE_LOOP('',(#3982,#3990,#3996,#3997));
#3999=FACE_BOUND('',#3998,.T.);
#4000=ADVANCED_FACE('',(#3999),#3981,.T.);
#4001=CARTESIAN_POINT('',(-27.734150223,-13.84686743,12.6));
#4002=DIRECTION('',(-1.,0.,0.));
#4003=DIRECTION('',(0.,0.,1.));
#4004=AXIS2_PLACEMENT_3D('',#4001,#4002,#4003);
#4005=PLANE('',#4004);
#4006=ORIENTED_EDGE('',*,*,#626,.F.);
#4007=CARTESIAN_POINT('',(-27.734150223,-21.34686743,12.6));
#4008=VERTEX_POINT('',#4007);
#4009=CARTESIAN_POINT('',(-27.734150223,-21.34686743,12.6));
#4010=DIRECTION('',(0.,0.,-1.));
#4011=VECTOR('',#4010,1.6);
#4012=LINE('',#4009,#4011);
#4013=EDGE_CURVE('',#4008,#613,#4012,.T.);
#4014=ORIENTED_EDGE('',*,*,#4013,.F.);
#4015=CARTESIAN_POINT('',(-27.734150223,-21.34686743,12.6));
#4016=DIRECTION('',(0.,1.,0.));
#4017=VECTOR('',#4016,15.);
#4018=LINE('',#4015,#4017);
#4019=EDGE_CURVE('',#4008,#3984,#4018,.T.);
#4020=ORIENTED_EDGE('',*,*,#4019,.T.);
#4021=ORIENTED_EDGE('',*,*,#3989,.T.);
#4022=EDGE_LOOP('',(#4006,#4014,#4020,#4021));
#4023=FACE_BOUND('',#4022,.T.);
#4024=ADVANCED_FACE('',(#4023),#4005,.T.);
#4025=CARTESIAN_POINT('',(-35.234150223,-21.34686743,12.6));
#4026=DIRECTION('',(0.,1.,0.));
#4027=DIRECTION('',(0.,0.,1.));
#4028=AXIS2_PLACEMENT_3D('',#4025,#4026,#4027);
#4029=PLANE('',#4028);
#4030=ORIENTED_EDGE('',*,*,#618,.F.);
#4031=ORIENTED_EDGE('',*,*,#3972,.F.);
#4032=CARTESIAN_POINT('',(-42.734150223,-21.34686743,12.6));
#4033=DIRECTION('',(1.,0.,-0.));
#4034=VECTOR('',#4033,15.);
#4035=LINE('',#4032,#4034);
#4036=EDGE_CURVE('',#3961,#4008,#4035,.T.);
#4037=ORIENTED_EDGE('',*,*,#4036,.T.);
#4038=ORIENTED_EDGE('',*,*,#4013,.T.);
#4039=EDGE_LOOP('',(#4030,#4031,#4037,#4038));
#4040=FACE_BOUND('',#4039,.T.);
#4041=ADVANCED_FACE('',(#4040),#4029,.T.);
#4042=CARTESIAN_POINT('',(-148.264150223,110.61313257,12.6));
#4043=DIRECTION('',(0.,0.,-1.));
#4044=DIRECTION('',(-1.,0.,0.));
#4045=AXIS2_PLACEMENT_3D('',#4042,#4043,#4044);
#4046=PLANE('',#4045);
#4047=ORIENTED_EDGE('',*,*,#3966,.F.);
#4048=ORIENTED_EDGE('',*,*,#3995,.F.);
#4049=ORIENTED_EDGE('',*,*,#4019,.F.);
#4050=ORIENTED_EDGE('',*,*,#4036,.F.);
#4051=EDGE_LOOP('',(#4047,#4048,#4049,#4050));
#4052=FACE_BOUND('',#4051,.T.);
#4053=ORIENTED_EDGE('',*,*,#1030,.T.);
#4054=ORIENTED_EDGE('',*,*,#1001,.T.);
#4055=ORIENTED_EDGE('',*,*,#970,.T.);
#4056=ORIENTED_EDGE('',*,*,#932,.T.);
#4057=EDGE_LOOP('',(#4053,#4054,#4055,#4056));
#4058=FACE_BOUND('',#4057,.T.);
#4059=ADVANCED_FACE('',(#4052,#4058),#4046,.T.);
#4060=CARTESIAN_POINT('',(-4.634150223,-13.84686743,12.6));
#4061=DIRECTION('',(1.,0.,0.));
#4062=DIRECTION('',(0.,0.,-1.));
#4063=AXIS2_PLACEMENT_3D('',#4060,#4061,#4062);
#4064=PLANE('',#4063);
#4065=ORIENTED_EDGE('',*,*,#106,.F.);
#4066=CARTESIAN_POINT('',(-4.634150223,-6.34686743,12.6));
#4067=VERTEX_POINT('',#4066);
#4068=CARTESIAN_POINT('',(-4.634150223,-6.34686743,12.6));
#4069=DIRECTION('',(0.,0.,-1.));
#4070=VECTOR('',#4069,1.6);
#4071=LINE('',#4068,#4070);
#4072=EDGE_CURVE('',#4067,#99,#4071,.T.);
#4073=ORIENTED_EDGE('',*,*,#4072,.F.);
#4074=CARTESIAN_POINT('',(-4.634150223,-21.34686743,12.6));
#4075=VERTEX_POINT('',#4074);
#4076=CARTESIAN_POINT('',(-4.634150223,-6.34686743,12.6));
#4077=DIRECTION('',(0.,-1.,0.));
#4078=VECTOR('',#4077,15.);
#4079=LINE('',#4076,#4078);
#4080=EDGE_CURVE('',#4067,#4075,#4079,.T.);
#4081=ORIENTED_EDGE('',*,*,#4080,.T.);
#4082=CARTESIAN_POINT('',(-4.634150223,-21.34686743,12.6));
#4083=DIRECTION('',(0.,0.,-1.));
#4084=VECTOR('',#4083,1.6);
#4085=LINE('',#4082,#4084);
#4086=EDGE_CURVE('',#4075,#101,#4085,.T.);
#4087=ORIENTED_EDGE('',*,*,#4086,.T.);
#4088=EDGE_LOOP('',(#4065,#4073,#4081,#4087));
#4089=FACE_BOUND('',#4088,.T.);
#4090=ADVANCED_FACE('',(#4089),#4064,.T.);
#4091=CARTESIAN_POINT('',(2.865849777,-6.34686743,12.6));
#4092=DIRECTION('',(0.,-1.,0.));
#4093=DIRECTION('',(0.,0.,-1.));
#4094=AXIS2_PLACEMENT_3D('',#4091,#4092,#4093);
#4095=PLANE('',#4094);
#4096=ORIENTED_EDGE('',*,*,#128,.F.);
#4097=CARTESIAN_POINT('',(10.365849777,-6.34686743,12.6));
#4098=VERTEX_POINT('',#4097);
#4099=CARTESIAN_POINT('',(10.365849777,-6.34686743,12.6));
#4100=DIRECTION('',(0.,0.,-1.));
#4101=VECTOR('',#4100,1.6);
#4102=LINE('',#4099,#4101);
#4103=EDGE_CURVE('',#4098,#117,#4102,.T.);
#4104=ORIENTED_EDGE('',*,*,#4103,.F.);
#4105=CARTESIAN_POINT('',(10.365849777,-6.34686743,12.6));
#4106=DIRECTION('',(-1.,0.,0.));
#4107=VECTOR('',#4106,15.);
#4108=LINE('',#4105,#4107);
#4109=EDGE_CURVE('',#4098,#4067,#4108,.T.);
#4110=ORIENTED_EDGE('',*,*,#4109,.T.);
#4111=ORIENTED_EDGE('',*,*,#4072,.T.);
#4112=EDGE_LOOP('',(#4096,#4104,#4110,#4111));
#4113=FACE_BOUND('',#4112,.T.);
#4114=ADVANCED_FACE('',(#4113),#4095,.T.);
#4115=CARTESIAN_POINT('',(10.365849777,-13.84686743,12.6));
#4116=DIRECTION('',(-1.,0.,0.));
#4117=DIRECTION('',(0.,0.,1.));
#4118=AXIS2_PLACEMENT_3D('',#4115,#4116,#4117);
#4119=PLANE('',#4118);
#4120=ORIENTED_EDGE('',*,*,#122,.F.);
#4121=CARTESIAN_POINT('',(10.365849777,-21.34686743,12.6));
#4122=VERTEX_POINT('',#4121);
#4123=CARTESIAN_POINT('',(10.365849777,-21.34686743,12.6));
#4124=DIRECTION('',(0.,0.,-1.));
#4125=VECTOR('',#4124,1.6);
#4126=LINE('',#4123,#4125);
#4127=EDGE_CURVE('',#4122,#109,#4126,.T.);
#4128=ORIENTED_EDGE('',*,*,#4127,.F.);
#4129=CARTESIAN_POINT('',(10.365849777,-21.34686743,12.6));
#4130=DIRECTION('',(0.,1.,0.));
#4131=VECTOR('',#4130,15.);
#4132=LINE('',#4129,#4131);
#4133=EDGE_CURVE('',#4122,#4098,#4132,.T.);
#4134=ORIENTED_EDGE('',*,*,#4133,.T.);
#4135=ORIENTED_EDGE('',*,*,#4103,.T.);
#4136=EDGE_LOOP('',(#4120,#4128,#4134,#4135));
#4137=FACE_BOUND('',#4136,.T.);
#4138=ADVANCED_FACE('',(#4137),#4119,.T.);
#4139=CARTESIAN_POINT('',(2.865849777,-21.34686743,12.6));
#4140=DIRECTION('',(0.,1.,0.));
#4141=DIRECTION('',(0.,0.,1.));
#4142=AXIS2_PLACEMENT_3D('',#4139,#4140,#4141);
#4143=PLANE('',#4142);
#4144=ORIENTED_EDGE('',*,*,#114,.F.);
#4145=ORIENTED_EDGE('',*,*,#4086,.F.);
#4146=CARTESIAN_POINT('',(-4.634150223,-21.34686743,12.6));
#4147=DIRECTION('',(1.,0.,-0.));
#4148=VECTOR('',#4147,15.);
#4149=LINE('',#4146,#4148);
#4150=EDGE_CURVE('',#4075,#4122,#4149,.T.);
#4151=ORIENTED_EDGE('',*,*,#4150,.T.);
#4152=ORIENTED_EDGE('',*,*,#4127,.T.);
#4153=EDGE_LOOP('',(#4144,#4145,#4151,#4152));
#4154=FACE_BOUND('',#4153,.T.);
#4155=ADVANCED_FACE('',(#4154),#4143,.T.);
#4156=CARTESIAN_POINT('',(-148.264150223,110.61313257,12.6));
#4157=DIRECTION('',(0.,0.,-1.));
#4158=DIRECTION('',(-1.,0.,0.));
#4159=AXIS2_PLACEMENT_3D('',#4156,#4157,#4158);
#4160=PLANE('',#4159);
#4161=ORIENTED_EDGE('',*,*,#4080,.F.);
#4162=ORIENTED_EDGE('',*,*,#4109,.F.);
#4163=ORIENTED_EDGE('',*,*,#4133,.F.);
#4164=ORIENTED_EDGE('',*,*,#4150,.F.);
#4165=EDGE_LOOP('',(#4161,#4162,#4163,#4164));
#4166=FACE_BOUND('',#4165,.T.);
#4167=ORIENTED_EDGE('',*,*,#906,.T.);
#4168=ORIENTED_EDGE('',*,*,#877,.T.);
#4169=ORIENTED_EDGE('',*,*,#846,.T.);
#4170=ORIENTED_EDGE('',*,*,#808,.T.);
#4171=EDGE_LOOP('',(#4167,#4168,#4169,#4170));
#4172=FACE_BOUND('',#4171,.T.);
#4173=ADVANCED_FACE('',(#4166,#4172),#4160,.T.);
#4174=CARTESIAN_POINT('',(-23.684150223,5.20313257,12.6));
#4175=DIRECTION('',(1.,0.,0.));
#4176=DIRECTION('',(0.,0.,-1.));
#4177=AXIS2_PLACEMENT_3D('',#4174,#4175,#4176);
#4178=PLANE('',#4177);
#4179=ORIENTED_EDGE('',*,*,#644,.F.);
#4180=CARTESIAN_POINT('',(-23.684150223,12.70313257,12.6));
#4181=VERTEX_POINT('',#4180);
#4182=CARTESIAN_POINT('',(-23.684150223,12.70313257,12.6));
#4183=DIRECTION('',(0.,0.,-1.));
#4184=VECTOR('',#4183,1.6);
#4185=LINE('',#4182,#4184);
#4186=EDGE_CURVE('',#4181,#637,#4185,.T.);
#4187=ORIENTED_EDGE('',*,*,#4186,.F.);
#4188=CARTESIAN_POINT('',(-23.684150223,-2.29686743,12.6));
#4189=VERTEX_POINT('',#4188);
#4190=CARTESIAN_POINT('',(-23.684150223,12.70313257,12.6));
#4191=DIRECTION('',(0.,-1.,0.));
#4192=VECTOR('',#4191,15.);
#4193=LINE('',#4190,#4192);
#4194=EDGE_CURVE('',#4181,#4189,#4193,.T.);
#4195=ORIENTED_EDGE('',*,*,#4194,.T.);
#4196=CARTESIAN_POINT('',(-23.684150223,-2.29686743,12.6));
#4197=DIRECTION('',(0.,0.,-1.));
#4198=VECTOR('',#4197,1.6);
#4199=LINE('',#4196,#4198);
#4200=EDGE_CURVE('',#4189,#639,#4199,.T.);
#4201=ORIENTED_EDGE('',*,*,#4200,.T.);
#4202=EDGE_LOOP('',(#4179,#4187,#4195,#4201));
#4203=FACE_BOUND('',#4202,.T.);
#4204=ADVANCED_FACE('',(#4203),#4178,.T.);
#4205=CARTESIAN_POINT('',(-16.184150223,12.70313257,12.6));
#4206=DIRECTION('',(0.,-1.,0.));
#4207=DIRECTION('',(0.,0.,-1.));
#4208=AXIS2_PLACEMENT_3D('',#4205,#4206,#4207);
#4209=PLANE('',#4208);
#4210=ORIENTED_EDGE('',*,*,#666,.F.);
#4211=CARTESIAN_POINT('',(-8.684150223,12.70313257,12.6));
#4212=VERTEX_POINT('',#4211);
#4213=CARTESIAN_POINT('',(-8.684150223,12.70313257,12.6));
#4214=DIRECTION('',(0.,0.,-1.));
#4215=VECTOR('',#4214,1.6);
#4216=LINE('',#4213,#4215);
#4217=EDGE_CURVE('',#4212,#655,#4216,.T.);
#4218=ORIENTED_EDGE('',*,*,#4217,.F.);
#4219=CARTESIAN_POINT('',(-8.684150223,12.70313257,12.6));
#4220=DIRECTION('',(-1.,0.,0.));
#4221=VECTOR('',#4220,15.);
#4222=LINE('',#4219,#4221);
#4223=EDGE_CURVE('',#4212,#4181,#4222,.T.);
#4224=ORIENTED_EDGE('',*,*,#4223,.T.);
#4225=ORIENTED_EDGE('',*,*,#4186,.T.);
#4226=EDGE_LOOP('',(#4210,#4218,#4224,#4225));
#4227=FACE_BOUND('',#4226,.T.);
#4228=ADVANCED_FACE('',(#4227),#4209,.T.);
#4229=CARTESIAN_POINT('',(-8.684150223,5.20313257,12.6));
#4230=DIRECTION('',(-1.,0.,0.));
#4231=DIRECTION('',(0.,0.,1.));
#4232=AXIS2_PLACEMENT_3D('',#4229,#4230,#4231);
#4233=PLANE('',#4232);
#4234=ORIENTED_EDGE('',*,*,#660,.F.);
#4235=CARTESIAN_POINT('',(-8.684150223,-2.29686743,12.6));
#4236=VERTEX_POINT('',#4235);
#4237=CARTESIAN_POINT('',(-8.684150223,-2.29686743,12.6));
#4238=DIRECTION('',(0.,0.,-1.));
#4239=VECTOR('',#4238,1.6);
#4240=LINE('',#4237,#4239);
#4241=EDGE_CURVE('',#4236,#647,#4240,.T.);
#4242=ORIENTED_EDGE('',*,*,#4241,.F.);
#4243=CARTESIAN_POINT('',(-8.684150223,-2.29686743,12.6));
#4244=DIRECTION('',(0.,1.,0.));
#4245=VECTOR('',#4244,15.);
#4246=LINE('',#4243,#4245);
#4247=EDGE_CURVE('',#4236,#4212,#4246,.T.);
#4248=ORIENTED_EDGE('',*,*,#4247,.T.);
#4249=ORIENTED_EDGE('',*,*,#4217,.T.);
#4250=EDGE_LOOP('',(#4234,#4242,#4248,#4249));
#4251=FACE_BOUND('',#4250,.T.);
#4252=ADVANCED_FACE('',(#4251),#4233,.T.);
#4253=CARTESIAN_POINT('',(-16.184150223,-2.29686743,12.6));
#4254=DIRECTION('',(0.,1.,0.));
#4255=DIRECTION('',(0.,0.,1.));
#4256=AXIS2_PLACEMENT_3D('',#4253,#4254,#4255);
#4257=PLANE('',#4256);
#4258=ORIENTED_EDGE('',*,*,#652,.F.);
#4259=ORIENTED_EDGE('',*,*,#4200,.F.);
#4260=CARTESIAN_POINT('',(-23.684150223,-2.29686743,12.6));
#4261=DIRECTION('',(1.,0.,-0.));
#4262=VECTOR('',#4261,15.);
#4263=LINE('',#4260,#4262);
#4264=EDGE_CURVE('',#4189,#4236,#4263,.T.);
#4265=ORIENTED_EDGE('',*,*,#4264,.T.);
#4266=ORIENTED_EDGE('',*,*,#4241,.T.);
#4267=EDGE_LOOP('',(#4258,#4259,#4265,#4266));
#4268=FACE_BOUND('',#4267,.T.);
#4269=ADVANCED_FACE('',(#4268),#4257,.T.);
#4270=CARTESIAN_POINT('',(-148.264150223,110.61313257,12.6));
#4271=DIRECTION('',(0.,0.,-1.));
#4272=DIRECTION('',(-1.,0.,0.));
#4273=AXIS2_PLACEMENT_3D('',#4270,#4271,#4272);
#4274=PLANE('',#4273);
#4275=ORIENTED_EDGE('',*,*,#4194,.F.);
#4276=ORIENTED_EDGE('',*,*,#4223,.F.);
#4277=ORIENTED_EDGE('',*,*,#4247,.F.);
#4278=ORIENTED_EDGE('',*,*,#4264,.F.);
#4279=EDGE_LOOP('',(#4275,#4276,#4277,#4278));
#4280=FACE_BOUND('',#4279,.T.);
#4281=ORIENTED_EDGE('',*,*,#782,.T.);
#4282=ORIENTED_EDGE('',*,*,#753,.T.);
#4283=ORIENTED_EDGE('',*,*,#722,.T.);
#4284=ORIENTED_EDGE('',*,*,#684,.T.);
#4285=EDGE_LOOP('',(#4281,#4282,#4283,#4284));
#4286=FACE_BOUND('',#4285,.T.);
#4287=ADVANCED_FACE('',(#4280,#4286),#4274,.T.);
#4288=CARTESIAN_POINT('',(12.390849777,-13.84686743,6.6));
#4289=DIRECTION('',(0.,0.,1.));
#4290=DIRECTION('',(1.,0.,-0.));
#4291=AXIS2_PLACEMENT_3D('',#4288,#4289,#4290);
#4292=CYLINDRICAL_SURFACE('',#4291,1.1);
#4293=CARTESIAN_POINT('',(13.490849777,-13.84686743,14.));
#4294=DIRECTION('',(-0.,-0.,-1.));
#4295=VECTOR('',#4294,3.);
#4296=LINE('',#4293,#4295);
#4297=EDGE_CURVE('',#2437,#88,#4296,.T.);
#4298=ORIENTED_EDGE('',*,*,#4297,.F.);
#4299=ORIENTED_EDGE('',*,*,#2443,.T.);
#4300=ORIENTED_EDGE('',*,*,#4297,.T.);
#4301=ORIENTED_EDGE('',*,*,#94,.F.);
#4302=EDGE_LOOP('',(#4298,#4299,#4300,#4301));
#4303=FACE_BOUND('',#4302,.T.);
#4304=ADVANCED_FACE('',(#4303),#4292,.F.);
#4305=CARTESIAN_POINT('',(30.429310171,-37.412863323,6.6));
#4306=DIRECTION('',(0.,0.,1.));
#4307=DIRECTION('',(1.,0.,-0.));
#4308=AXIS2_PLACEMENT_3D('',#4305,#4306,#4307);
#4309=CYLINDRICAL_SURFACE('',#4308,1.1);
#4310=CARTESIAN_POINT('',(31.529310171,-37.412863323,14.));
#4311=DIRECTION('',(-0.,-0.,-1.));
#4312=VECTOR('',#4311,3.);
#4313=LINE('',#4310,#4312);
#4314=EDGE_CURVE('',#2426,#77,#4313,.T.);
#4315=ORIENTED_EDGE('',*,*,#4314,.F.);
#4316=ORIENTED_EDGE('',*,*,#2432,.T.);
#4317=ORIENTED_EDGE('',*,*,#4314,.T.);
#4318=ORIENTED_EDGE('',*,*,#83,.F.);
#4319=EDGE_LOOP('',(#4315,#4316,#4317,#4318));
#4320=FACE_BOUND('',#4319,.T.);
#4321=ADVANCED_FACE('',(#4320),#4309,.F.);
#4322=CARTESIAN_POINT('',(45.481845671,-22.360327823,6.6));
#4323=DIRECTION('',(0.,0.,1.));
#4324=DIRECTION('',(1.,0.,-0.));
#4325=AXIS2_PLACEMENT_3D('',#4322,#4323,#4324);
#4326=CYLINDRICAL_SURFACE('',#4325,1.1);
#4327=CARTESIAN_POINT('',(46.581845671,-22.360327823,14.));
#4328=DIRECTION('',(-0.,-0.,-1.));
#4329=VECTOR('',#4328,3.);
#4330=LINE('',#4327,#4329);
#4331=EDGE_CURVE('',#2415,#66,#4330,.T.);
#4332=ORIENTED_EDGE('',*,*,#4331,.F.);
#4333=ORIENTED_EDGE('',*,*,#2421,.T.);
#4334=ORIENTED_EDGE('',*,*,#4331,.T.);
#4335=ORIENTED_EDGE('',*,*,#72,.F.);
#4336=EDGE_LOOP('',(#4332,#4333,#4334,#4335));
#4337=FACE_BOUND('',#4336,.T.);
#4338=ADVANCED_FACE('',(#4337),#4326,.F.);
#4339=CARTESIAN_POINT('',(-25.709150223,-13.84686743,6.6));
#4340=DIRECTION('',(0.,0.,1.));
#4341=DIRECTION('',(1.,0.,-0.));
#4342=AXIS2_PLACEMENT_3D('',#4339,#4340,#4341);
#4343=CYLINDRICAL_SURFACE('',#4342,1.1);
#4344=CARTESIAN_POINT('',(-24.609150223,-13.84686743,14.));
#4345=DIRECTION('',(-0.,-0.,-1.));
#4346=VECTOR('',#4345,3.);
#4347=LINE('',#4344,#4346);
#4348=EDGE_CURVE('',#2404,#55,#4347,.T.);
#4349=ORIENTED_EDGE('',*,*,#4348,.F.);
#4350=ORIENTED_EDGE('',*,*,#2410,.T.);
#4351=ORIENTED_EDGE('',*,*,#4348,.T.);
#4352=ORIENTED_EDGE('',*,*,#61,.F.);
#4353=EDGE_LOOP('',(#4349,#4350,#4351,#4352));
#4354=FACE_BOUND('',#4353,.T.);
#4355=ADVANCED_FACE('',(#4354),#4343,.F.);
#4356=CARTESIAN_POINT('',(12.390849777,24.25313257,6.6));
#4357=DIRECTION('',(0.,0.,1.));
#4358=DIRECTION('',(1.,0.,-0.));
#4359=AXIS2_PLACEMENT_3D('',#4356,#4357,#4358);
#4360=CYLINDRICAL_SURFACE('',#4359,1.1);
#4361=CARTESIAN_POINT('',(13.490849777,24.25313257,14.));
#4362=DIRECTION('',(-0.,-0.,-1.));
#4363=VECTOR('',#4362,3.);
#4364=LINE('',#4361,#4363);
#4365=EDGE_CURVE('',#2393,#44,#4364,.T.);
#4366=ORIENTED_EDGE('',*,*,#4365,.F.);
#4367=ORIENTED_EDGE('',*,*,#2399,.T.);
#4368=ORIENTED_EDGE('',*,*,#4365,.T.);
#4369=ORIENTED_EDGE('',*,*,#50,.F.);
#4370=EDGE_LOOP('',(#4366,#4367,#4368,#4369));
#4371=FACE_BOUND('',#4370,.T.);
#4372=ADVANCED_FACE('',(#4371),#4360,.F.);
#4373=CARTESIAN_POINT('',(-25.709150223,24.25313257,6.6));
#4374=DIRECTION('',(0.,0.,1.));
#4375=DIRECTION('',(1.,0.,-0.));
#4376=AXIS2_PLACEMENT_3D('',#4373,#4374,#4375);
#4377=CYLINDRICAL_SURFACE('',#4376,1.1);
#4378=CARTESIAN_POINT('',(-24.609150223,24.25313257,14.));
#4379=DIRECTION('',(-0.,-0.,-1.));
#4380=VECTOR('',#4379,3.);
#4381=LINE('',#4378,#4380);
#4382=EDGE_CURVE('',#2382,#33,#4381,.T.);
#4383=ORIENTED_EDGE('',*,*,#4382,.F.);
#4384=ORIENTED_EDGE('',*,*,#2388,.T.);
#4385=ORIENTED_EDGE('',*,*,#4382,.T.);
#4386=ORIENTED_EDGE('',*,*,#39,.F.);
#4387=EDGE_LOOP('',(#4383,#4384,#4385,#4386));
#4388=FACE_BOUND('',#4387,.T.);
#4389=ADVANCED_FACE('',(#4388),#4377,.F.);
#4390=CARTESIAN_POINT('',(53.246254824,-26.73946343,11.8));
#4391=DIRECTION('',(0.,0.,1.));
#4392=DIRECTION('',(1.,0.,-0.));
#4393=AXIS2_PLACEMENT_3D('',#4390,#4391,#4392);
#4394=CYLINDRICAL_SURFACE('',#4393,1.25);
#4395=ORIENTED_EDGE('',*,*,#2798,.F.);
#4396=ORIENTED_EDGE('',*,*,#2531,.F.);
#4397=ORIENTED_EDGE('',*,*,#2371,.F.);
#4398=ORIENTED_EDGE('',*,*,#362,.F.);
#4399=EDGE_LOOP('',(#4395,#4396,#4397,#4398));
#4400=FACE_BOUND('',#4399,.T.);
#4401=ADVANCED_FACE('',(#4400),#4394,.T.);
#4402=CLOSED_SHELL('',(#670,#710,#741,#772,#794,#834,#865,#896,#918,#958,#989,#1020,#1042,#1082,#1113,#1144,#1166,#1206,#1237,#1268,#1290,#1330,#1361,#1392,#1414,#1454,
#1485,#1516,#1538,#1578,#1609,#1640,#1662,#1702,#1733,#1764,#1786,#1826,#1857,#1888,#1910,#1950,#1981,#2012,#2034,#2074,#2105,#2136,#2158,#2198,#2229,
#2260,#2282,#2313,#2344,#2375,#2628,#2650,#2672,#2694,#2716,#2728,#2740,#2752,#2764,#2776,#2788,#2805,#2836,#2860,#2884,#2901,#2919,#2950,#2974,#2998,
#3015,#3033,#3064,#3088,#3112,#3129,#3147,#3178,#3202,#3226,#3243,#3261,#3292,#3316,#3340,#3357,#3375,#3406,#3430,#3454,#3471,#3489,#3520,#3544,#3568,
#3585,#3603,#3634,#3658,#3682,#3699,#3717,#3748,#3772,#3796,#3813,#3831,#3862,#3886,#3910,#3927,#3945,#3976,#4000,#4024,#4041,#4059,#4090,#4114,#4138,
#4155,#4173,#4204,#4228,#4252,#4269,#4287,#4304,#4321,#4338,#4355,#4372,#4389,#4401));
#4403=MANIFOLD_SOLID_BREP('Plate',#4402);
#4404=COLOUR_RGB('',0.309803933,0.309803933,0.384313732);
#4405=FILL_AREA_STYLE_COLOUR('',#4404);
#4406=FILL_AREA_STYLE('',(#4405));
#4407=SURFACE_STYLE_FILL_AREA(#4406);
#4408=SURFACE_SIDE_STYLE('',(#4407));
#4409=SURFACE_STYLE_USAGE(.BOTH.,#4408);
#4410=PRESENTATION_STYLE_ASSIGNMENT((#4409));
#26=STYLED_ITEM('',(#4410),#4403);
#16=SHAPE_REPRESENTATION('Plate',(#15),#10);
#17=ADVANCED_BREP_SHAPE_REPRESENTATION('Plate',(#4403),#10);
#4418=SHAPE_REPRESENTATION_RELATIONSHIP('','',#16,#17);
#4419=CARTESIAN_POINT('',(0.,0.,0.));
#4420=DIRECTION('',(0.,0.,1.));
#4421=DIRECTION('',(1.,0.,0.));
#4422=AXIS2_PLACEMENT_3D('',#4419,#4420,#4421);
#4424=MAPPED_ITEM('',#4423,#4422);
#4423=REPRESENTATION_MAP(#4422,#16);
#4425=APPLICATION_CONTEXT('Managed model based 3d engineering');
#4426=APPLICATION_PROTOCOL_DEFINITION('international standard','ap242_managed_model_based_3d_engineering',2014,#4425);
#4427=PRODUCT_CONTEXT('',#4425,'mechanical');
#4428=PRODUCT_DEFINITION_CONTEXT('part definition',#4425,'design');
#24=PRODUCT('Plate','Plate','',(#4427));
#4429=PRODUCT_RELATED_PRODUCT_CATEGORY('part','',(#24));
#4430=PRODUCT_DEFINITION_FORMATION_WITH_SPECIFIED_SOURCE('','',#24,.NOT_KNOWN.);
#25=PRODUCT_DEFINITION('design','',#4430,#4428);
#23=PRODUCT_DEFINITION_SHAPE('','',#25);
#4431=SHAPE_DEFINITION_REPRESENTATION(#23,#16);
#11=DRAUGHTING_MODEL('',(#4424),#10);
#4432=DESCRIPTIVE_REPRESENTATION_ITEM('KEY','/Users/jscotto/Library/Containers/com.shapr3d.shapr/Data/tmp/EE44D097-6DBB-4939-AD71-9FD6AEB4824E.tmp');
#4433=PROPERTY_DEFINITION('KEY','',#25);
#4434=REPRESENTATION('',(#4432),#10);
#4435=PROPERTY_DEFINITION_REPRESENTATION(#4433,#4434);
#4436=GENERAL_PROPERTY('','KEY','');
#4437=GENERAL_PROPERTY_ASSOCIATION('','',#4436,#4433);
#1=MECHANICAL_DESIGN_GEOMETRIC_PRESENTATION_REPRESENTATION('',(#26),#10);
ENDSEC;
END-ISO-10303-21;
