ISO-10303-21;
HEADER;

/* File generated by Shapr3D Version 26.121.0.11316 */

FILE_DESCRIPTION(('HOOPS Exchange Step'),'2;1');

FILE_NAME('/Users/jscotto/Library/Containers/com.shapr3d.shapr/Data/tmp/export/temp_export',
'2026-08-06T21:36:22+20:00',
('jscotto'),
('Shapr3D Limited'),
'HOOPS Exchange 2026.3',
'Shapr3D',
'Authorized');

FILE_SCHEMA( ('AP242_MANAGED_MODEL_BASED_3D_ENGINEERING_MIM_LF {1 0 10303 442 1 1 4}') );

ENDSEC;

DATA;
#3=(NAMED_UNIT(*)PLANE_ANGLE_UNIT()SI_UNIT($,.RADIAN.));
#4=PLANE_ANGLE_MEASURE_WITH_UNIT(PLANE_ANGLE_MEASURE(0.0174532925),#3);
#5=(CONVERSION_BASED_UNIT('DEGREE',#4)NAMED_UNIT(#6)PLANE_ANGLE_UNIT());
#6=DIMENSIONAL_EXPONENTS(0.,0.,0.,0.,0.,0.,0.);
#7=(NAMED_UNIT(*)SI_UNIT($,.STERADIAN.)SOLID_ANGLE_UNIT());
#8=(LENGTH_UNIT()NAMED_UNIT(*)SI_UNIT(.MILLI.,.METRE.));
#9=UNCERTAINTY_MEASURE_WITH_UNIT(LENGTH_MEASURE(1.000000E-05),#8,'DISTANCE_ACCURACY_VALUE','Maximum Tolerance applied to model');
#10=(GEOMETRIC_REPRESENTATION_CONTEXT(3)GLOBAL_UNCERTAINTY_ASSIGNED_CONTEXT((#9))GLOBAL_UNIT_ASSIGNED_CONTEXT((#8,#5,#7))REPRESENTATION_CONTEXT('','Top'));
#12=CARTESIAN_POINT('',(0.,0.,0.));
#13=DIRECTION('',(0.,0.,1.));
#14=DIRECTION('',(1.,0.,0.));
#15=AXIS2_PLACEMENT_3D('',#12,#13,#14);
#27=CARTESIAN_POINT('',(22.2365,-27.276355283,-7.5));
#28=DIRECTION('',(1.,0.,0.));
#29=DIRECTION('',(-0.,1.,0.));
#30=AXIS2_PLACEMENT_3D('',#27,#28,#29);
#31=PLANE('',#30);
#32=CARTESIAN_POINT('',(22.2365,-38.5202,-6.5));
#33=VERTEX_POINT('',#32);
#34=CARTESIAN_POINT('',(22.2365,-38.5202,-2.1));
#35=VERTEX_POINT('',#34);
#36=CARTESIAN_POINT('',(22.2365,-38.5202,-6.5));
#37=DIRECTION('',(0.,0.,1.));
#38=VECTOR('',#37,4.4);
#39=LINE('',#36,#38);
#40=EDGE_CURVE('',#33,#35,#39,.T.);
#41=ORIENTED_EDGE('',*,*,#40,.F.);
#42=CARTESIAN_POINT('',(22.2365,-33.3952,-6.5));
#43=VERTEX_POINT('',#42);
#44=CARTESIAN_POINT('',(22.2365,-38.5202,-6.5));
#45=DIRECTION('',(-0.,1.,0.));
#46=VECTOR('',#45,5.125);
#47=LINE('',#44,#46);
#48=EDGE_CURVE('',#33,#43,#47,.T.);
#49=ORIENTED_EDGE('',*,*,#48,.T.);
#50=CARTESIAN_POINT('',(22.2365,-33.3952,-2.75));
#51=VERTEX_POINT('',#50);
#52=CARTESIAN_POINT('',(22.2365,-33.3952,-4.625));
#53=DIRECTION('',(1.,0.,-0.));
#54=DIRECTION('',(0.,0.,1.));
#55=AXIS2_PLACEMENT_3D('',#52,#53,#54);
#56=CIRCLE('',#55,1.875);
#57=EDGE_CURVE('',#51,#43,#56,.T.);
#58=ORIENTED_EDGE('',*,*,#57,.F.);
#59=CARTESIAN_POINT('',(22.2365,-27.6452,-2.75));
#60=VERTEX_POINT('',#59);
#61=CARTESIAN_POINT('',(22.2365,-33.3952,-2.75));
#62=DIRECTION('',(-0.,1.,0.));
#63=VECTOR('',#62,5.75);
#64=LINE('',#61,#63);
#65=EDGE_CURVE('',#51,#60,#64,.T.);
#66=ORIENTED_EDGE('',*,*,#65,.T.);
#67=CARTESIAN_POINT('',(22.2365,-25.7702,-4.625));
#68=VERTEX_POINT('',#67);
#69=CARTESIAN_POINT('',(22.2365,-27.6452,-4.625));
#70=DIRECTION('',(1.,0.,0.));
#71=DIRECTION('',(0.,-0.,-1.));
#72=AXIS2_PLACEMENT_3D('',#69,#70,#71);
#73=CIRCLE('',#72,1.875);
#74=EDGE_CURVE('',#68,#60,#73,.T.);
#75=ORIENTED_EDGE('',*,*,#74,.F.);
#76=CARTESIAN_POINT('',(22.2365,-27.6452,-6.5));
#77=VERTEX_POINT('',#76);
#78=CARTESIAN_POINT('',(22.2365,-27.6452,-4.625));
#79=DIRECTION('',(1.,0.,0.));
#80=DIRECTION('',(0.,-0.,-1.));
#81=AXIS2_PLACEMENT_3D('',#78,#79,#80);
#82=CIRCLE('',#81,1.875);
#83=EDGE_CURVE('',#77,#68,#82,.T.);
#84=ORIENTED_EDGE('',*,*,#83,.F.);
#85=CARTESIAN_POINT('',(22.2365,-16.017384504,-6.5));
#86=VERTEX_POINT('',#85);
#87=CARTESIAN_POINT('',(22.2365,-27.6452,-6.5));
#88=DIRECTION('',(-0.,1.,0.));
#89=VECTOR('',#88,11.627815496);
#90=LINE('',#87,#89);
#91=EDGE_CURVE('',#77,#86,#90,.T.);
#92=ORIENTED_EDGE('',*,*,#91,.T.);
#93=CARTESIAN_POINT('',(22.2365,-16.017384504,-2.1));
#94=VERTEX_POINT('',#93);
#95=CARTESIAN_POINT('',(22.2365,-16.017384504,-6.5));
#96=DIRECTION('',(-0.,-0.,1.));
#97=VECTOR('',#96,4.4);
#98=LINE('',#95,#97);
#99=EDGE_CURVE('',#86,#94,#98,.T.);
#100=ORIENTED_EDGE('',*,*,#99,.T.);
#101=CARTESIAN_POINT('',(22.2365,-16.017384504,-2.1));
#102=DIRECTION('',(0.,-1.,-0.));
#103=VECTOR('',#102,22.502815496);
#104=LINE('',#101,#103);
#105=EDGE_CURVE('',#94,#35,#104,.T.);
#106=ORIENTED_EDGE('',*,*,#105,.T.);
#107=EDGE_LOOP('',(#41,#49,#58,#66,#75,#84,#92,#100,#106));
#108=FACE_BOUND('',#107,.T.);
#109=ADVANCED_FACE('',(#108),#31,.T.);
#110=CARTESIAN_POINT('',(20.6365,-27.275053674,-7.5));
#111=DIRECTION('',(1.,0.,0.));
#112=DIRECTION('',(-0.,1.,0.));
#113=AXIS2_PLACEMENT_3D('',#110,#111,#112);
#114=PLANE('',#113);
#115=CARTESIAN_POINT('',(20.6365,-38.5202,-7.3));
#116=VERTEX_POINT('',#115);
#117=CARTESIAN_POINT('',(20.6365,-38.5202,-2.5));
#118=VERTEX_POINT('',#117);
#119=CARTESIAN_POINT('',(20.6365,-38.5202,-7.3));
#120=DIRECTION('',(0.,0.,1.));
#121=VECTOR('',#120,4.8);
#122=LINE('',#119,#121);
#123=EDGE_CURVE('',#116,#118,#122,.T.);
#124=ORIENTED_EDGE('',*,*,#123,.T.);
#125=CARTESIAN_POINT('',(20.6365,-16.017384504,-2.5));
#126=VERTEX_POINT('',#125);
#127=CARTESIAN_POINT('',(20.6365,-38.5202,-2.5));
#128=DIRECTION('',(-0.,1.,0.));
#129=VECTOR('',#128,22.502815496);
#130=LINE('',#127,#129);
#131=EDGE_CURVE('',#118,#126,#130,.T.);
#132=ORIENTED_EDGE('',*,*,#131,.T.);
#133=CARTESIAN_POINT('',(20.6365,-16.017384504,-7.3));
#134=VERTEX_POINT('',#133);
#135=CARTESIAN_POINT('',(20.6365,-16.017384504,-7.3));
#136=DIRECTION('',(-0.,-0.,1.));
#137=VECTOR('',#136,4.8);
#138=LINE('',#135,#137);
#139=EDGE_CURVE('',#134,#126,#138,.T.);
#140=ORIENTED_EDGE('',*,*,#139,.F.);
#141=CARTESIAN_POINT('',(20.6365,-38.5202,-7.3));
#142=DIRECTION('',(-0.,1.,0.));
#143=VECTOR('',#142,22.502815496);
#144=LINE('',#141,#143);
#145=EDGE_CURVE('',#116,#134,#144,.T.);
#146=ORIENTED_EDGE('',*,*,#145,.F.);
#147=EDGE_LOOP('',(#124,#132,#140,#146));
#148=FACE_BOUND('',#147,.T.);
#149=CARTESIAN_POINT('',(20.6365,-33.3952,-2.75));
#150=VERTEX_POINT('',#149);
#151=CARTESIAN_POINT('',(20.6365,-27.6452,-2.75));
#152=VERTEX_POINT('',#151);
#153=CARTESIAN_POINT('',(20.6365,-33.3952,-2.75));
#154=DIRECTION('',(-0.,1.,0.));
#155=VECTOR('',#154,5.75);
#156=LINE('',#153,#155);
#157=EDGE_CURVE('',#150,#152,#156,.T.);
#158=ORIENTED_EDGE('',*,*,#157,.F.);
#159=CARTESIAN_POINT('',(20.6365,-33.3952,-6.5));
#160=VERTEX_POINT('',#159);
#161=CARTESIAN_POINT('',(20.6365,-33.3952,-4.625));
#162=DIRECTION('',(1.,0.,0.));
#163=DIRECTION('',(-0.,1.,0.));
#164=AXIS2_PLACEMENT_3D('',#161,#162,#163);
#165=CIRCLE('',#164,1.875);
#166=EDGE_CURVE('',#150,#160,#165,.T.);
#167=ORIENTED_EDGE('',*,*,#166,.T.);
#168=CARTESIAN_POINT('',(20.6365,-27.6452,-6.5));
#169=VERTEX_POINT('',#168);
#170=CARTESIAN_POINT('',(20.6365,-33.3952,-6.5));
#171=DIRECTION('',(-0.,1.,0.));
#172=VECTOR('',#171,5.75);
#173=LINE('',#170,#172);
#174=EDGE_CURVE('',#160,#169,#173,.T.);
#175=ORIENTED_EDGE('',*,*,#174,.T.);
#176=CARTESIAN_POINT('',(20.6365,-25.7702,-4.625));
#177=VERTEX_POINT('',#176);
#178=CARTESIAN_POINT('',(20.6365,-27.6452,-4.625));
#179=DIRECTION('',(1.,0.,0.));
#180=DIRECTION('',(-0.,1.,0.));
#181=AXIS2_PLACEMENT_3D('',#178,#179,#180);
#182=CIRCLE('',#181,1.875);
#183=EDGE_CURVE('',#169,#177,#182,.T.);
#184=ORIENTED_EDGE('',*,*,#183,.T.);
#185=CARTESIAN_POINT('',(20.6365,-27.6452,-4.625));
#186=DIRECTION('',(1.,0.,0.));
#187=DIRECTION('',(-0.,1.,0.));
#188=AXIS2_PLACEMENT_3D('',#185,#186,#187);
#189=CIRCLE('',#188,1.875);
#190=EDGE_CURVE('',#177,#152,#189,.T.);
#191=ORIENTED_EDGE('',*,*,#190,.T.);
#192=EDGE_LOOP('',(#158,#167,#175,#184,#191));
#193=FACE_BOUND('',#192,.T.);
#194=ADVANCED_FACE('',(#148,#193),#114,.F.);
#195=CARTESIAN_POINT('',(24.164787949,-11.704081484,-7.5));
#196=DIRECTION('',(0.,0.,1.));
#197=DIRECTION('',(1.,0.,-0.));
#198=AXIS2_PLACEMENT_3D('',#195,#196,#197);
#199=CYLINDRICAL_SURFACE('',#198,4.75);
#200=CARTESIAN_POINT('',(20.120335941,-14.195046751,-7.3));
#201=VERTEX_POINT('',#200);
#202=CARTESIAN_POINT('',(20.120335941,-14.195046751,-2.5));
#203=VERTEX_POINT('',#202);
#204=CARTESIAN_POINT('',(20.120335941,-14.195046751,-7.3));
#205=DIRECTION('',(0.,0.,1.));
#206=VECTOR('',#205,4.8);
#207=LINE('',#204,#206);
#208=EDGE_CURVE('',#201,#203,#207,.T.);
#209=ORIENTED_EDGE('',*,*,#208,.T.);
#210=CARTESIAN_POINT('',(19.889825462,-9.633527032,-2.5));
#211=VERTEX_POINT('',#210);
#212=CARTESIAN_POINT('',(24.164787949,-11.704081484,-2.5));
#213=DIRECTION('',(0.,0.,1.));
#214=DIRECTION('',(-0.899992102,0.435906201,0.));
#215=AXIS2_PLACEMENT_3D('',#212,#213,#214);
#216=CIRCLE('',#215,4.75);
#217=EDGE_CURVE('',#211,#203,#216,.T.);
#218=ORIENTED_EDGE('',*,*,#217,.F.);
#219=CARTESIAN_POINT('',(19.889825462,-9.633527032,-7.3));
#220=VERTEX_POINT('',#219);
#221=CARTESIAN_POINT('',(19.889825462,-9.633527032,-7.3));
#222=DIRECTION('',(0.,0.,1.));
#223=VECTOR('',#222,4.8);
#224=LINE('',#221,#223);
#225=EDGE_CURVE('',#220,#211,#224,.T.);
#226=ORIENTED_EDGE('',*,*,#225,.F.);
#227=CARTESIAN_POINT('',(24.164787949,-11.704081484,-7.3));
#228=DIRECTION('',(0.,0.,1.));
#229=DIRECTION('',(1.,0.,-0.));
#230=AXIS2_PLACEMENT_3D('',#227,#228,#229);
#231=CIRCLE('',#230,4.75);
#232=EDGE_CURVE('',#220,#201,#231,.T.);
#233=ORIENTED_EDGE('',*,*,#232,.T.);
#234=EDGE_LOOP('',(#209,#218,#226,#233));
#235=FACE_BOUND('',#234,.T.);
#236=ADVANCED_FACE('',(#235),#199,.T.);
#237=CARTESIAN_POINT('',(17.161499989,-16.017384504,-7.5));
#238=DIRECTION('',(0.,0.,1.));
#239=DIRECTION('',(1.,0.,-0.));
#240=AXIS2_PLACEMENT_3D('',#237,#238,#239);
#241=CYLINDRICAL_SURFACE('',#240,3.475000011);
#242=CARTESIAN_POINT('',(17.161499989,-16.017384504,-2.5));
#243=DIRECTION('',(0.,0.,1.));
#244=DIRECTION('',(1.,0.,-0.));
#245=AXIS2_PLACEMENT_3D('',#242,#243,#244);
#246=CIRCLE('',#245,3.475000011);
#247=EDGE_CURVE('',#126,#203,#246,.T.);
#248=ORIENTED_EDGE('',*,*,#247,.T.);
#249=ORIENTED_EDGE('',*,*,#208,.F.);
#250=CARTESIAN_POINT('',(17.161499989,-16.017384504,-7.3));
#251=DIRECTION('',(0.,0.,1.));
#252=DIRECTION('',(1.,0.,-0.));
#253=AXIS2_PLACEMENT_3D('',#250,#251,#252);
#254=CIRCLE('',#253,3.475000011);
#255=EDGE_CURVE('',#134,#201,#254,.T.);
#256=ORIENTED_EDGE('',*,*,#255,.F.);
#257=ORIENTED_EDGE('',*,*,#139,.T.);
#258=EDGE_LOOP('',(#248,#249,#256,#257));
#259=FACE_BOUND('',#258,.T.);
#260=ADVANCED_FACE('',(#259),#241,.F.);
#261=CARTESIAN_POINT('',(-17.161522422,-16.017420927,-7.5));
#262=DIRECTION('',(0.,0.,1.));
#263=DIRECTION('',(1.,0.,-0.));
#264=AXIS2_PLACEMENT_3D('',#261,#262,#263);
#265=CYLINDRICAL_SURFACE('',#264,3.475000011);
#266=CARTESIAN_POINT('',(-20.120348896,-14.195067785,-2.5));
#267=VERTEX_POINT('',#266);
#268=CARTESIAN_POINT('',(-20.636522433,-16.017420927,-2.5));
#269=VERTEX_POINT('',#268);
#270=CARTESIAN_POINT('',(-17.161522422,-16.017420927,-2.5));
#271=DIRECTION('',(0.,0.,1.));
#272=DIRECTION('',(-0.851460853,0.524418169,0.));
#273=AXIS2_PLACEMENT_3D('',#270,#271,#272);
#274=CIRCLE('',#273,3.475000011);
#275=EDGE_CURVE('',#267,#269,#274,.T.);
#276=ORIENTED_EDGE('',*,*,#275,.T.);
#277=CARTESIAN_POINT('',(-20.636522433,-16.017420927,-7.3));
#278=VERTEX_POINT('',#277);
#279=CARTESIAN_POINT('',(-20.636522433,-16.017420927,-7.3));
#280=DIRECTION('',(0.,0.,1.));
#281=VECTOR('',#280,4.8);
#282=LINE('',#279,#281);
#283=EDGE_CURVE('',#278,#269,#282,.T.);
#284=ORIENTED_EDGE('',*,*,#283,.F.);
#285=CARTESIAN_POINT('',(-20.120348896,-14.195067785,-7.3));
#286=VERTEX_POINT('',#285);
#287=CARTESIAN_POINT('',(-17.161522422,-16.017420927,-7.3));
#288=DIRECTION('',(0.,0.,1.));
#289=DIRECTION('',(1.,0.,-0.));
#290=AXIS2_PLACEMENT_3D('',#287,#288,#289);
#291=CIRCLE('',#290,3.475000011);
#292=EDGE_CURVE('',#286,#278,#291,.T.);
#293=ORIENTED_EDGE('',*,*,#292,.F.);
#294=CARTESIAN_POINT('',(-20.120348896,-14.195067785,-7.3));
#295=DIRECTION('',(0.,0.,1.));
#296=VECTOR('',#295,4.8);
#297=LINE('',#294,#296);
#298=EDGE_CURVE('',#286,#267,#297,.T.);
#299=ORIENTED_EDGE('',*,*,#298,.T.);
#300=EDGE_LOOP('',(#276,#284,#293,#299));
#301=FACE_BOUND('',#300,.T.);
#302=ADVANCED_FACE('',(#301),#265,.F.);
#303=CARTESIAN_POINT('',(-24.164787949,-11.704081484,-7.5));
#304=DIRECTION('',(0.,0.,1.));
#305=DIRECTION('',(1.,0.,-0.));
#306=AXIS2_PLACEMENT_3D('',#303,#304,#305);
#307=CYLINDRICAL_SURFACE('',#306,4.75);
#308=CARTESIAN_POINT('',(-19.414787949,-11.704081484,-2.5));
#309=VERTEX_POINT('',#308);
#310=CARTESIAN_POINT('',(-19.414787949,-11.704081484,-7.3));
#311=VERTEX_POINT('',#310);
#312=CARTESIAN_POINT('',(-19.414787949,-11.704081484,-2.5));
#313=DIRECTION('',(-0.,-0.,-1.));
#314=VECTOR('',#313,4.8);
#315=LINE('',#312,#314);
#316=EDGE_CURVE('',#309,#311,#315,.T.);
#317=ORIENTED_EDGE('',*,*,#316,.T.);
#318=CARTESIAN_POINT('',(-19.889825462,-9.633527032,-7.3));
#319=VERTEX_POINT('',#318);
#320=CARTESIAN_POINT('',(-24.164787949,-11.704081484,-7.3));
#321=DIRECTION('',(0.,0.,1.));
#322=DIRECTION('',(1.,0.,-0.));
#323=AXIS2_PLACEMENT_3D('',#320,#321,#322);
#324=CIRCLE('',#323,4.75);
#325=EDGE_CURVE('',#311,#319,#324,.T.);
#326=ORIENTED_EDGE('',*,*,#325,.T.);
#327=CARTESIAN_POINT('',(-19.889825462,-9.633527032,-2.5));
#328=VERTEX_POINT('',#327);
#329=CARTESIAN_POINT('',(-19.889825462,-9.633527032,-7.3));
#330=DIRECTION('',(0.,0.,1.));
#331=VECTOR('',#330,4.8);
#332=LINE('',#329,#331);
#333=EDGE_CURVE('',#319,#328,#332,.T.);
#334=ORIENTED_EDGE('',*,*,#333,.T.);
#335=CARTESIAN_POINT('',(-24.164787949,-11.704081484,-2.5));
#336=DIRECTION('',(0.,0.,1.));
#337=DIRECTION('',(0.851460853,-0.524418169,0.));
#338=AXIS2_PLACEMENT_3D('',#335,#336,#337);
#339=CIRCLE('',#338,4.75);
#340=EDGE_CURVE('',#309,#328,#339,.T.);
#341=ORIENTED_EDGE('',*,*,#340,.F.);
#342=EDGE_LOOP('',(#317,#326,#334,#341));
#343=FACE_BOUND('',#342,.T.);
#344=ADVANCED_FACE('',(#343),#307,.T.);
#345=CARTESIAN_POINT('',(13.340838656,23.301170013,-7.5));
#346=DIRECTION('',(0.,0.,1.));
#347=DIRECTION('',(1.,0.,-0.));
#348=AXIS2_PLACEMENT_3D('',#345,#346,#347);
#349=CYLINDRICAL_SURFACE('',#348,3.15);
#350=CARTESIAN_POINT('',(14.804079245,20.51164909,-6.5));
#351=VERTEX_POINT('',#350);
#352=CARTESIAN_POINT('',(14.804079245,20.51164909,-2.1));
#353=VERTEX_POINT('',#352);
#354=CARTESIAN_POINT('',(14.804079245,20.51164909,-6.5));
#355=DIRECTION('',(0.,0.,1.));
#356=VECTOR('',#355,4.4);
#357=LINE('',#354,#356);
#358=EDGE_CURVE('',#351,#353,#357,.T.);
#359=ORIENTED_EDGE('',*,*,#358,.F.);
#360=CARTESIAN_POINT('',(11.775712333,20.567513196,-6.5));
#361=VERTEX_POINT('',#360);
#362=CARTESIAN_POINT('',(13.340838656,23.301170013,-6.5));
#363=DIRECTION('',(-0.,-0.,-1.));
#364=DIRECTION('',(1.,0.,-0.));
#365=AXIS2_PLACEMENT_3D('',#362,#363,#364);
#366=CIRCLE('',#365,3.15);
#367=EDGE_CURVE('',#351,#361,#366,.T.);
#368=ORIENTED_EDGE('',*,*,#367,.T.);
#369=CARTESIAN_POINT('',(11.775712333,20.567513196,-2.1));
#370=VERTEX_POINT('',#369);
#371=CARTESIAN_POINT('',(11.775712333,20.567513196,-6.5));
#372=DIRECTION('',(0.,0.,1.));
#373=VECTOR('',#372,4.4);
#374=LINE('',#371,#373);
#375=EDGE_CURVE('',#361,#370,#374,.T.);
#376=ORIENTED_EDGE('',*,*,#375,.T.);
#377=CARTESIAN_POINT('',(13.340838656,23.301170013,-2.1));
#378=DIRECTION('',(0.,0.,1.));
#379=DIRECTION('',(1.,0.,-0.));
#380=AXIS2_PLACEMENT_3D('',#377,#378,#379);
#381=CIRCLE('',#380,3.15);
#382=EDGE_CURVE('',#370,#353,#381,.T.);
#383=ORIENTED_EDGE('',*,*,#382,.T.);
#384=EDGE_LOOP('',(#359,#368,#376,#383));
#385=FACE_BOUND('',#384,.T.);
#386=ADVANCED_FACE('',(#385),#349,.F.);
#387=CARTESIAN_POINT('',(-0.,0.,-7.5));
#388=DIRECTION('',(0.,0.,1.));
#389=DIRECTION('',(1.,0.,-0.));
#390=AXIS2_PLACEMENT_3D('',#387,#388,#389);
#391=CYLINDRICAL_SURFACE('',#390,23.7);
#392=ORIENTED_EDGE('',*,*,#375,.F.);
#393=CARTESIAN_POINT('',(-11.775712333,20.567513196,-6.5));
#394=VERTEX_POINT('',#393);
#395=CARTESIAN_POINT('',(-0.,0.,-6.5));
#396=DIRECTION('',(0.,0.,1.));
#397=DIRECTION('',(1.,0.,-0.));
#398=AXIS2_PLACEMENT_3D('',#395,#396,#397);
#399=CIRCLE('',#398,23.7);
#400=EDGE_CURVE('',#361,#394,#399,.T.);
#401=ORIENTED_EDGE('',*,*,#400,.T.);
#402=CARTESIAN_POINT('',(-11.775712333,20.567513196,-2.1));
#403=VERTEX_POINT('',#402);
#404=CARTESIAN_POINT('',(-11.775712333,20.567513196,-6.5));
#405=DIRECTION('',(0.,0.,1.));
#406=VECTOR('',#405,4.4);
#407=LINE('',#404,#406);
#408=EDGE_CURVE('',#394,#403,#407,.T.);
#409=ORIENTED_EDGE('',*,*,#408,.T.);
#410=CARTESIAN_POINT('',(-0.,0.,-2.1));
#411=DIRECTION('',(-0.,-0.,-1.));
#412=DIRECTION('',(1.,0.,-0.));
#413=AXIS2_PLACEMENT_3D('',#410,#411,#412);
#414=CIRCLE('',#413,23.7);
#415=EDGE_CURVE('',#403,#370,#414,.T.);
#416=ORIENTED_EDGE('',*,*,#415,.T.);
#417=EDGE_LOOP('',(#392,#401,#409,#416));
#418=FACE_BOUND('',#417,.T.);
#419=ADVANCED_FACE('',(#418),#391,.T.);
#420=CARTESIAN_POINT('',(-13.340838656,23.301170013,-7.5));
#421=DIRECTION('',(0.,0.,1.));
#422=DIRECTION('',(1.,0.,-0.));
#423=AXIS2_PLACEMENT_3D('',#420,#421,#422);
#424=CYLINDRICAL_SURFACE('',#423,3.15);
#425=ORIENTED_EDGE('',*,*,#408,.F.);
#426=CARTESIAN_POINT('',(-14.804079245,20.51164909,-6.5));
#427=VERTEX_POINT('',#426);
#428=CARTESIAN_POINT('',(-13.340838656,23.301170013,-6.5));
#429=DIRECTION('',(-0.,-0.,-1.));
#430=DIRECTION('',(1.,0.,-0.));
#431=AXIS2_PLACEMENT_3D('',#428,#429,#430);
#432=CIRCLE('',#431,3.15);
#433=EDGE_CURVE('',#394,#427,#432,.T.);
#434=ORIENTED_EDGE('',*,*,#433,.T.);
#435=CARTESIAN_POINT('',(-14.804079245,20.51164909,-2.1));
#436=VERTEX_POINT('',#435);
#437=CARTESIAN_POINT('',(-14.804079245,20.51164909,-6.5));
#438=DIRECTION('',(0.,0.,1.));
#439=VECTOR('',#438,4.4);
#440=LINE('',#437,#439);
#441=EDGE_CURVE('',#427,#436,#440,.T.);
#442=ORIENTED_EDGE('',*,*,#441,.T.);
#443=CARTESIAN_POINT('',(-13.340838656,23.301170013,-2.1));
#444=DIRECTION('',(0.,0.,1.));
#445=DIRECTION('',(1.,0.,-0.));
#446=AXIS2_PLACEMENT_3D('',#443,#444,#445);
#447=CIRCLE('',#446,3.15);
#448=EDGE_CURVE('',#436,#403,#447,.T.);
#449=ORIENTED_EDGE('',*,*,#448,.T.);
#450=EDGE_LOOP('',(#425,#434,#442,#449));
#451=FACE_BOUND('',#450,.T.);
#452=ADVANCED_FACE('',(#451),#424,.F.);
#453=CARTESIAN_POINT('',(-17.161522422,16.017420927,-7.5));
#454=DIRECTION('',(0.,0.,1.));
#455=DIRECTION('',(1.,0.,-0.));
#456=AXIS2_PLACEMENT_3D('',#453,#454,#455);
#457=CYLINDRICAL_SURFACE('',#456,5.075000011);
#458=ORIENTED_EDGE('',*,*,#441,.F.);
#459=CARTESIAN_POINT('',(-21.482686261,13.355998716,-6.5));
#460=VERTEX_POINT('',#459);
#461=CARTESIAN_POINT('',(-17.161522422,16.017420927,-6.5));
#462=DIRECTION('',(0.,0.,1.));
#463=DIRECTION('',(1.,0.,-0.));
#464=AXIS2_PLACEMENT_3D('',#461,#462,#463);
#465=CIRCLE('',#464,5.075000011);
#466=EDGE_CURVE('',#427,#460,#465,.T.);
#467=ORIENTED_EDGE('',*,*,#466,.T.);
#468=CARTESIAN_POINT('',(-21.482686261,13.355998716,-2.1));
#469=VERTEX_POINT('',#468);
#470=CARTESIAN_POINT('',(-21.482686261,13.355998716,-6.5));
#471=DIRECTION('',(0.,0.,1.));
#472=VECTOR('',#471,4.4);
#473=LINE('',#470,#472);
#474=EDGE_CURVE('',#460,#469,#473,.T.);
#475=ORIENTED_EDGE('',*,*,#474,.T.);
#476=CARTESIAN_POINT('',(-17.161522422,16.017420927,-2.1));
#477=DIRECTION('',(-0.,-0.,-1.));
#478=DIRECTION('',(1.,0.,-0.));
#479=AXIS2_PLACEMENT_3D('',#476,#477,#478);
#480=CIRCLE('',#479,5.075000011);
#481=EDGE_CURVE('',#469,#436,#480,.T.);
#482=ORIENTED_EDGE('',*,*,#481,.T.);
#483=EDGE_LOOP('',(#458,#467,#475,#482));
#484=FACE_BOUND('',#483,.T.);
#485=ADVANCED_FACE('',(#484),#457,.T.);
#486=CARTESIAN_POINT('',(-24.164787949,11.704081484,-7.5));
#487=DIRECTION('',(0.,0.,1.));
#488=DIRECTION('',(1.,0.,-0.));
#489=AXIS2_PLACEMENT_3D('',#486,#487,#488);
#490=CYLINDRICAL_SURFACE('',#489,3.15);
#491=CARTESIAN_POINT('',(-21.014787949,11.704081484,-2.1));
#492=VERTEX_POINT('',#491);
#493=CARTESIAN_POINT('',(-21.014787949,11.704081484,-6.5));
#494=VERTEX_POINT('',#493);
#495=CARTESIAN_POINT('',(-21.014787949,11.704081484,-2.1));
#496=DIRECTION('',(-0.,-0.,-1.));
#497=VECTOR('',#496,4.4);
#498=LINE('',#495,#497);
#499=EDGE_CURVE('',#492,#494,#498,.T.);
#500=ORIENTED_EDGE('',*,*,#499,.F.);
#501=CARTESIAN_POINT('',(-24.164787949,11.704081484,-2.1));
#502=DIRECTION('',(0.,0.,1.));
#503=DIRECTION('',(1.,0.,-0.));
#504=AXIS2_PLACEMENT_3D('',#501,#502,#503);
#505=CIRCLE('',#504,3.15);
#506=EDGE_CURVE('',#492,#469,#505,.T.);
#507=ORIENTED_EDGE('',*,*,#506,.T.);
#508=ORIENTED_EDGE('',*,*,#474,.F.);
#509=CARTESIAN_POINT('',(-24.164787949,11.704081484,-6.5));
#510=DIRECTION('',(-0.,-0.,-1.));
#511=DIRECTION('',(1.,0.,-0.));
#512=AXIS2_PLACEMENT_3D('',#509,#510,#511);
#513=CIRCLE('',#512,3.15);
#514=EDGE_CURVE('',#460,#494,#513,.T.);
#515=ORIENTED_EDGE('',*,*,#514,.T.);
#516=EDGE_LOOP('',(#500,#507,#508,#515));
#517=FACE_BOUND('',#516,.T.);
#518=ADVANCED_FACE('',(#517),#490,.F.);
#519=CARTESIAN_POINT('',(0.,0.,-7.5));
#520=DIRECTION('',(0.,0.,1.));
#521=DIRECTION('',(1.,0.,-0.));
#522=AXIS2_PLACEMENT_3D('',#519,#520,#521);
#523=CYLINDRICAL_SURFACE('',#522,23.7);
#524=CARTESIAN_POINT('',(-21.329812826,10.330976953,-6.5));
#525=VERTEX_POINT('',#524);
#526=CARTESIAN_POINT('',(-21.329812826,10.330976953,-2.1));
#527=VERTEX_POINT('',#526);
#528=CARTESIAN_POINT('',(-21.329812826,10.330976953,-6.5));
#529=DIRECTION('',(0.,0.,1.));
#530=VECTOR('',#529,4.4);
#531=LINE('',#528,#530);
#532=EDGE_CURVE('',#525,#527,#531,.T.);
#533=ORIENTED_EDGE('',*,*,#532,.F.);
#534=CARTESIAN_POINT('',(-21.329812826,-10.330976953,-6.5));
#535=VERTEX_POINT('',#534);
#536=CARTESIAN_POINT('',(0.,0.,-6.5));
#537=DIRECTION('',(0.,0.,1.));
#538=DIRECTION('',(1.,0.,-0.));
#539=AXIS2_PLACEMENT_3D('',#536,#537,#538);
#540=CIRCLE('',#539,23.7);
#541=EDGE_CURVE('',#525,#535,#540,.T.);
#542=ORIENTED_EDGE('',*,*,#541,.T.);
#543=CARTESIAN_POINT('',(-21.329812826,-10.330976953,-2.1));
#544=VERTEX_POINT('',#543);
#545=CARTESIAN_POINT('',(-21.329812826,-10.330976953,-6.5));
#546=DIRECTION('',(0.,0.,1.));
#547=VECTOR('',#546,4.4);
#548=LINE('',#545,#547);
#549=EDGE_CURVE('',#535,#544,#548,.T.);
#550=ORIENTED_EDGE('',*,*,#549,.T.);
#551=CARTESIAN_POINT('',(0.,0.,-2.1));
#552=DIRECTION('',(-0.,-0.,-1.));
#553=DIRECTION('',(1.,0.,-0.));
#554=AXIS2_PLACEMENT_3D('',#551,#552,#553);
#555=CIRCLE('',#554,23.7);
#556=EDGE_CURVE('',#544,#527,#555,.T.);
#557=ORIENTED_EDGE('',*,*,#556,.T.);
#558=EDGE_LOOP('',(#533,#542,#550,#557));
#559=FACE_BOUND('',#558,.T.);
#560=ADVANCED_FACE('',(#559),#523,.T.);
#561=CARTESIAN_POINT('',(-24.164787949,-11.704081484,-7.5));
#562=DIRECTION('',(0.,0.,1.));
#563=DIRECTION('',(1.,0.,-0.));
#564=AXIS2_PLACEMENT_3D('',#561,#562,#563);
#565=CYLINDRICAL_SURFACE('',#564,3.15);
#566=CARTESIAN_POINT('',(-21.014787949,-11.704081484,-2.1));
#567=VERTEX_POINT('',#566);
#568=CARTESIAN_POINT('',(-21.014787949,-11.704081484,-6.5));
#569=VERTEX_POINT('',#568);
#570=CARTESIAN_POINT('',(-21.014787949,-11.704081484,-2.1));
#571=DIRECTION('',(-0.,-0.,-1.));
#572=VECTOR('',#571,4.4);
#573=LINE('',#570,#572);
#574=EDGE_CURVE('',#567,#569,#573,.T.);
#575=ORIENTED_EDGE('',*,*,#574,.F.);
#576=CARTESIAN_POINT('',(-24.164787949,-11.704081484,-2.1));
#577=DIRECTION('',(0.,0.,1.));
#578=DIRECTION('',(1.,0.,-0.));
#579=AXIS2_PLACEMENT_3D('',#576,#577,#578);
#580=CIRCLE('',#579,3.15);
#581=EDGE_CURVE('',#567,#544,#580,.T.);
#582=ORIENTED_EDGE('',*,*,#581,.T.);
#583=ORIENTED_EDGE('',*,*,#549,.F.);
#584=CARTESIAN_POINT('',(-24.164787949,-11.704081484,-6.5));
#585=DIRECTION('',(-0.,-0.,-1.));
#586=DIRECTION('',(1.,0.,-0.));
#587=AXIS2_PLACEMENT_3D('',#584,#585,#586);
#588=CIRCLE('',#587,3.15);
#589=EDGE_CURVE('',#535,#569,#588,.T.);
#590=ORIENTED_EDGE('',*,*,#589,.T.);
#591=EDGE_LOOP('',(#575,#582,#583,#590));
#592=FACE_BOUND('',#591,.T.);
#593=ADVANCED_FACE('',(#592),#565,.F.);
#594=CARTESIAN_POINT('',(-17.161522422,-16.017420927,-7.5));
#595=DIRECTION('',(0.,0.,1.));
#596=DIRECTION('',(1.,0.,-0.));
#597=AXIS2_PLACEMENT_3D('',#594,#595,#596);
#598=CYLINDRICAL_SURFACE('',#597,5.075000011);
#599=CARTESIAN_POINT('',(-21.482686261,-13.355998716,-6.5));
#600=VERTEX_POINT('',#599);
#601=CARTESIAN_POINT('',(-21.482686261,-13.355998716,-2.1));
#602=VERTEX_POINT('',#601);
#603=CARTESIAN_POINT('',(-21.482686261,-13.355998716,-6.5));
#604=DIRECTION('',(0.,0.,1.));
#605=VECTOR('',#604,4.4);
#606=LINE('',#603,#605);
#607=EDGE_CURVE('',#600,#602,#606,.T.);
#608=ORIENTED_EDGE('',*,*,#607,.F.);
#609=CARTESIAN_POINT('',(-22.236522433,-16.017420927,-6.5));
#610=VERTEX_POINT('',#609);
#611=CARTESIAN_POINT('',(-17.161522422,-16.017420927,-6.5));
#612=DIRECTION('',(0.,0.,1.));
#613=DIRECTION('',(1.,0.,-0.));
#614=AXIS2_PLACEMENT_3D('',#611,#612,#613);
#615=CIRCLE('',#614,5.075000011);
#616=EDGE_CURVE('',#600,#610,#615,.T.);
#617=ORIENTED_EDGE('',*,*,#616,.T.);
#618=CARTESIAN_POINT('',(-22.236522433,-16.017420927,-2.1));
#619=VERTEX_POINT('',#618);
#620=CARTESIAN_POINT('',(-22.236522433,-16.017420927,-6.5));
#621=DIRECTION('',(0.,0.,1.));
#622=VECTOR('',#621,4.4);
#623=LINE('',#620,#622);
#624=EDGE_CURVE('',#610,#619,#623,.T.);
#625=ORIENTED_EDGE('',*,*,#624,.T.);
#626=CARTESIAN_POINT('',(-17.161522422,-16.017420927,-2.1));
#627=DIRECTION('',(-0.,-0.,-1.));
#628=DIRECTION('',(1.,0.,-0.));
#629=AXIS2_PLACEMENT_3D('',#626,#627,#628);
#630=CIRCLE('',#629,5.075000011);
#631=EDGE_CURVE('',#619,#602,#630,.T.);
#632=ORIENTED_EDGE('',*,*,#631,.T.);
#633=EDGE_LOOP('',(#608,#617,#625,#632));
#634=FACE_BOUND('',#633,.T.);
#635=ADVANCED_FACE('',(#634),#598,.T.);
#636=CARTESIAN_POINT('',(-22.236522433,-17.843810464,-7.5));
#637=DIRECTION('',(-1.,0.,0.));
#638=DIRECTION('',(0.,0.,1.));
#639=AXIS2_PLACEMENT_3D('',#636,#637,#638);
#640=PLANE('',#639);
#641=ORIENTED_EDGE('',*,*,#624,.F.);
#642=CARTESIAN_POINT('',(-22.236511217,-19.6702,-6.5));
#643=VERTEX_POINT('',#642);
#644=CARTESIAN_POINT('',(-22.236522433,-16.017420927,-6.5));
#645=DIRECTION('',(0.,-1.,0.));
#646=VECTOR('',#645,3.652779073);
#647=LINE('',#644,#646);
#648=EDGE_CURVE('',#610,#643,#647,.T.);
#649=ORIENTED_EDGE('',*,*,#648,.T.);
#650=CARTESIAN_POINT('',(-22.236511217,-19.6702,-2.1));
#651=VERTEX_POINT('',#650);
#652=CARTESIAN_POINT('',(-22.236522433,-19.6702,-6.5));
#653=DIRECTION('',(0.,0.,1.));
#654=VECTOR('',#653,4.4);
#655=LINE('',#652,#654);
#656=EDGE_CURVE('',#643,#651,#655,.T.);
#657=ORIENTED_EDGE('',*,*,#656,.T.);
#658=CARTESIAN_POINT('',(-22.236522433,-19.6702,-2.1));
#659=DIRECTION('',(-0.,1.,-0.));
#660=VECTOR('',#659,3.652779073);
#661=LINE('',#658,#660);
#662=EDGE_CURVE('',#651,#619,#661,.T.);
#663=ORIENTED_EDGE('',*,*,#662,.T.);
#664=EDGE_LOOP('',(#641,#649,#657,#663));
#665=FACE_BOUND('',#664,.T.);
#666=ADVANCED_FACE('',(#665),#640,.T.);
#667=CARTESIAN_POINT('',(-22.2365,-29.0952,-7.5));
#668=DIRECTION('',(1.,0.,0.));
#669=DIRECTION('',(0.,0.,-1.));
#670=AXIS2_PLACEMENT_3D('',#667,#668,#669);
#671=PLANE('',#670);
#672=ORIENTED_EDGE('',*,*,#656,.F.);
#673=CARTESIAN_POINT('',(-22.2365,-38.5202,-6.5));
#674=VERTEX_POINT('',#673);
#675=CARTESIAN_POINT('',(-22.2365,-19.6702,-6.5));
#676=DIRECTION('',(-0.,-1.,-0.));
#677=VECTOR('',#676,18.85);
#678=LINE('',#675,#677);
#679=EDGE_CURVE('',#643,#674,#678,.T.);
#680=ORIENTED_EDGE('',*,*,#679,.T.);
#681=CARTESIAN_POINT('',(-22.2365,-38.5202,-2.1));
#682=VERTEX_POINT('',#681);
#683=CARTESIAN_POINT('',(-22.2365,-38.5202,-6.5));
#684=DIRECTION('',(0.,0.,1.));
#685=VECTOR('',#684,4.4);
#686=LINE('',#683,#685);
#687=EDGE_CURVE('',#674,#682,#686,.T.);
#688=ORIENTED_EDGE('',*,*,#687,.T.);
#689=CARTESIAN_POINT('',(-22.2365,-38.5202,-2.1));
#690=DIRECTION('',(0.,1.,0.));
#691=VECTOR('',#690,18.85);
#692=LINE('',#689,#691);
#693=EDGE_CURVE('',#682,#651,#692,.T.);
#694=ORIENTED_EDGE('',*,*,#693,.T.);
#695=EDGE_LOOP('',(#672,#680,#688,#694));
#696=FACE_BOUND('',#695,.T.);
#697=ADVANCED_FACE('',(#696),#671,.F.);
#698=CARTESIAN_POINT('',(-17.5365,-38.5202,-7.5));
#699=DIRECTION('',(0.,0.,1.));
#700=DIRECTION('',(1.,0.,-0.));
#701=AXIS2_PLACEMENT_3D('',#698,#699,#700);
#702=CYLINDRICAL_SURFACE('',#701,4.7);
#703=ORIENTED_EDGE('',*,*,#687,.F.);
#704=CARTESIAN_POINT('',(-17.5365,-43.2202,-6.5));
#705=VERTEX_POINT('',#704);
#706=CARTESIAN_POINT('',(-17.5365,-38.5202,-6.5));
#707=DIRECTION('',(0.,0.,1.));
#708=DIRECTION('',(1.,0.,-0.));
#709=AXIS2_PLACEMENT_3D('',#706,#707,#708);
#710=CIRCLE('',#709,4.7);
#711=EDGE_CURVE('',#674,#705,#710,.T.);
#712=ORIENTED_EDGE('',*,*,#711,.T.);
#713=CARTESIAN_POINT('',(-17.5365,-43.2202,-2.1));
#714=VERTEX_POINT('',#713);
#715=CARTESIAN_POINT('',(-17.5365,-43.2202,-6.5));
#716=DIRECTION('',(0.,0.,1.));
#717=VECTOR('',#716,4.4);
#718=LINE('',#715,#717);
#719=EDGE_CURVE('',#705,#714,#718,.T.);
#720=ORIENTED_EDGE('',*,*,#719,.T.);
#721=CARTESIAN_POINT('',(-17.5365,-38.5202,-2.1));
#722=DIRECTION('',(-0.,-0.,-1.));
#723=DIRECTION('',(1.,0.,-0.));
#724=AXIS2_PLACEMENT_3D('',#721,#722,#723);
#725=CIRCLE('',#724,4.7);
#726=EDGE_CURVE('',#714,#682,#725,.T.);
#727=ORIENTED_EDGE('',*,*,#726,.T.);
#728=EDGE_LOOP('',(#703,#712,#720,#727));
#729=FACE_BOUND('',#728,.T.);
#730=ADVANCED_FACE('',(#729),#702,.T.);
#731=CARTESIAN_POINT('',(-0.,-43.2202,-7.5));
#732=DIRECTION('',(0.,-1.,0.));
#733=DIRECTION('',(1.,0.,0.));
#734=AXIS2_PLACEMENT_3D('',#731,#732,#733);
#735=PLANE('',#734);
#736=ORIENTED_EDGE('',*,*,#719,.F.);
#737=CARTESIAN_POINT('',(17.5365,-43.2202,-6.5));
#738=VERTEX_POINT('',#737);
#739=CARTESIAN_POINT('',(-17.5365,-43.2202,-6.5));
#740=DIRECTION('',(1.,0.,0.));
#741=VECTOR('',#740,35.073);
#742=LINE('',#739,#741);
#743=EDGE_CURVE('',#705,#738,#742,.T.);
#744=ORIENTED_EDGE('',*,*,#743,.T.);
#745=CARTESIAN_POINT('',(17.5365,-43.2202,-2.1));
#746=VERTEX_POINT('',#745);
#747=CARTESIAN_POINT('',(17.5365,-43.2202,-6.5));
#748=DIRECTION('',(0.,0.,1.));
#749=VECTOR('',#748,4.4);
#750=LINE('',#747,#749);
#751=EDGE_CURVE('',#738,#746,#750,.T.);
#752=ORIENTED_EDGE('',*,*,#751,.T.);
#753=CARTESIAN_POINT('',(17.5365,-43.2202,-2.1));
#754=DIRECTION('',(-1.,-0.,-0.));
#755=VECTOR('',#754,35.073);
#756=LINE('',#753,#755);
#757=EDGE_CURVE('',#746,#714,#756,.T.);
#758=ORIENTED_EDGE('',*,*,#757,.T.);
#759=EDGE_LOOP('',(#736,#744,#752,#758));
#760=FACE_BOUND('',#759,.T.);
#761=ADVANCED_FACE('',(#760),#735,.T.);
#762=CARTESIAN_POINT('',(17.5365,-38.5202,-7.5));
#763=DIRECTION('',(0.,0.,1.));
#764=DIRECTION('',(1.,0.,-0.));
#765=AXIS2_PLACEMENT_3D('',#762,#763,#764);
#766=CYLINDRICAL_SURFACE('',#765,4.7);
#767=ORIENTED_EDGE('',*,*,#751,.F.);
#768=CARTESIAN_POINT('',(17.5365,-38.5202,-6.5));
#769=DIRECTION('',(0.,0.,1.));
#770=DIRECTION('',(1.,0.,-0.));
#771=AXIS2_PLACEMENT_3D('',#768,#769,#770);
#772=CIRCLE('',#771,4.7);
#773=EDGE_CURVE('',#738,#33,#772,.T.);
#774=ORIENTED_EDGE('',*,*,#773,.T.);
#775=ORIENTED_EDGE('',*,*,#40,.T.);
#776=CARTESIAN_POINT('',(17.5365,-38.5202,-2.1));
#777=DIRECTION('',(-0.,-0.,-1.));
#778=DIRECTION('',(1.,0.,-0.));
#779=AXIS2_PLACEMENT_3D('',#776,#777,#778);
#780=CIRCLE('',#779,4.7);
#781=EDGE_CURVE('',#35,#746,#780,.T.);
#782=ORIENTED_EDGE('',*,*,#781,.T.);
#783=EDGE_LOOP('',(#767,#774,#775,#782));
#784=FACE_BOUND('',#783,.T.);
#785=ADVANCED_FACE('',(#784),#766,.T.);
#786=CARTESIAN_POINT('',(17.161499989,-16.017384504,-7.5));
#787=DIRECTION('',(0.,0.,1.));
#788=DIRECTION('',(1.,0.,-0.));
#789=AXIS2_PLACEMENT_3D('',#786,#787,#788);
#790=CYLINDRICAL_SURFACE('',#789,5.075000011);
#791=ORIENTED_EDGE('',*,*,#99,.F.);
#792=CARTESIAN_POINT('',(21.48267767,-13.355984766,-6.5));
#793=VERTEX_POINT('',#792);
#794=CARTESIAN_POINT('',(17.161499989,-16.017384504,-6.5));
#795=DIRECTION('',(0.,0.,1.));
#796=DIRECTION('',(1.,0.,-0.));
#797=AXIS2_PLACEMENT_3D('',#794,#795,#796);
#798=CIRCLE('',#797,5.075000011);
#799=EDGE_CURVE('',#86,#793,#798,.T.);
#800=ORIENTED_EDGE('',*,*,#799,.T.);
#801=CARTESIAN_POINT('',(21.48267767,-13.355984766,-2.1));
#802=VERTEX_POINT('',#801);
#803=CARTESIAN_POINT('',(21.48267767,-13.355984766,-6.5));
#804=DIRECTION('',(0.,0.,1.));
#805=VECTOR('',#804,4.4);
#806=LINE('',#803,#805);
#807=EDGE_CURVE('',#793,#802,#806,.T.);
#808=ORIENTED_EDGE('',*,*,#807,.T.);
#809=CARTESIAN_POINT('',(17.161499989,-16.017384504,-2.1));
#810=DIRECTION('',(-0.,-0.,-1.));
#811=DIRECTION('',(1.,0.,-0.));
#812=AXIS2_PLACEMENT_3D('',#809,#810,#811);
#813=CIRCLE('',#812,5.075000011);
#814=EDGE_CURVE('',#802,#94,#813,.T.);
#815=ORIENTED_EDGE('',*,*,#814,.T.);
#816=EDGE_LOOP('',(#791,#800,#808,#815));
#817=FACE_BOUND('',#816,.T.);
#818=ADVANCED_FACE('',(#817),#790,.T.);
#819=CARTESIAN_POINT('',(24.164787949,-11.704081484,-7.5));
#820=DIRECTION('',(0.,0.,1.));
#821=DIRECTION('',(1.,0.,-0.));
#822=AXIS2_PLACEMENT_3D('',#819,#820,#821);
#823=CYLINDRICAL_SURFACE('',#822,3.15);
#824=ORIENTED_EDGE('',*,*,#807,.F.);
#825=CARTESIAN_POINT('',(21.329812826,-10.330976953,-6.5));
#826=VERTEX_POINT('',#825);
#827=CARTESIAN_POINT('',(24.164787949,-11.704081484,-6.5));
#828=DIRECTION('',(-0.,-0.,-1.));
#829=DIRECTION('',(1.,0.,-0.));
#830=AXIS2_PLACEMENT_3D('',#827,#828,#829);
#831=CIRCLE('',#830,3.15);
#832=EDGE_CURVE('',#793,#826,#831,.T.);
#833=ORIENTED_EDGE('',*,*,#832,.T.);
#834=CARTESIAN_POINT('',(21.329812826,-10.330976953,-2.1));
#835=VERTEX_POINT('',#834);
#836=CARTESIAN_POINT('',(21.329812826,-10.330976953,-6.5));
#837=DIRECTION('',(0.,0.,1.));
#838=VECTOR('',#837,4.4);
#839=LINE('',#836,#838);
#840=EDGE_CURVE('',#826,#835,#839,.T.);
#841=ORIENTED_EDGE('',*,*,#840,.T.);
#842=CARTESIAN_POINT('',(24.164787949,-11.704081484,-2.1));
#843=DIRECTION('',(0.,0.,1.));
#844=DIRECTION('',(1.,0.,-0.));
#845=AXIS2_PLACEMENT_3D('',#842,#843,#844);
#846=CIRCLE('',#845,3.15);
#847=EDGE_CURVE('',#835,#802,#846,.T.);
#848=ORIENTED_EDGE('',*,*,#847,.T.);
#849=EDGE_LOOP('',(#824,#833,#841,#848));
#850=FACE_BOUND('',#849,.T.);
#851=ADVANCED_FACE('',(#850),#823,.F.);
#852=CARTESIAN_POINT('',(-0.,0.,-7.5));
#853=DIRECTION('',(0.,0.,1.));
#854=DIRECTION('',(1.,0.,-0.));
#855=AXIS2_PLACEMENT_3D('',#852,#853,#854);
#856=CYLINDRICAL_SURFACE('',#855,23.7);
#857=CARTESIAN_POINT('',(23.7,-0.,-2.1));
#858=VERTEX_POINT('',#857);
#859=CARTESIAN_POINT('',(23.7,-0.,-6.5));
#860=VERTEX_POINT('',#859);
#861=CARTESIAN_POINT('',(23.7,0.,-2.1));
#862=DIRECTION('',(-0.,-0.,-1.));
#863=VECTOR('',#862,4.4);
#864=LINE('',#861,#863);
#865=EDGE_CURVE('',#858,#860,#864,.T.);
#866=ORIENTED_EDGE('',*,*,#865,.T.);
#867=CARTESIAN_POINT('',(21.329812826,10.330976953,-6.5));
#868=VERTEX_POINT('',#867);
#869=CARTESIAN_POINT('',(-0.,0.,-6.5));
#870=DIRECTION('',(0.,0.,1.));
#871=DIRECTION('',(1.,0.,-0.));
#872=AXIS2_PLACEMENT_3D('',#869,#870,#871);
#873=CIRCLE('',#872,23.7);
#874=EDGE_CURVE('',#860,#868,#873,.T.);
#875=ORIENTED_EDGE('',*,*,#874,.T.);
#876=CARTESIAN_POINT('',(21.329812826,10.330976953,-2.1));
#877=VERTEX_POINT('',#876);
#878=CARTESIAN_POINT('',(21.329812826,10.330976953,-6.5));
#879=DIRECTION('',(0.,0.,1.));
#880=VECTOR('',#879,4.4);
#881=LINE('',#878,#880);
#882=EDGE_CURVE('',#868,#877,#881,.T.);
#883=ORIENTED_EDGE('',*,*,#882,.T.);
#884=CARTESIAN_POINT('',(-0.,0.,-2.1));
#885=DIRECTION('',(-0.,-0.,-1.));
#886=DIRECTION('',(1.,0.,-0.));
#887=AXIS2_PLACEMENT_3D('',#884,#885,#886);
#888=CIRCLE('',#887,23.7);
#889=EDGE_CURVE('',#877,#858,#888,.T.);
#890=ORIENTED_EDGE('',*,*,#889,.T.);
#891=EDGE_LOOP('',(#866,#875,#883,#890));
#892=FACE_BOUND('',#891,.T.);
#893=ADVANCED_FACE('',(#892),#856,.T.);
#894=CARTESIAN_POINT('',(24.164787949,11.704081484,-7.5));
#895=DIRECTION('',(0.,0.,1.));
#896=DIRECTION('',(1.,0.,-0.));
#897=AXIS2_PLACEMENT_3D('',#894,#895,#896);
#898=CYLINDRICAL_SURFACE('',#897,3.15);
#899=ORIENTED_EDGE('',*,*,#882,.F.);
#900=CARTESIAN_POINT('',(21.482686261,13.355998716,-6.5));
#901=VERTEX_POINT('',#900);
#902=CARTESIAN_POINT('',(24.164787949,11.704081484,-6.5));
#903=DIRECTION('',(-0.,-0.,-1.));
#904=DIRECTION('',(1.,0.,-0.));
#905=AXIS2_PLACEMENT_3D('',#902,#903,#904);
#906=CIRCLE('',#905,3.15);
#907=EDGE_CURVE('',#868,#901,#906,.T.);
#908=ORIENTED_EDGE('',*,*,#907,.T.);
#909=CARTESIAN_POINT('',(21.482686261,13.355998716,-2.1));
#910=VERTEX_POINT('',#909);
#911=CARTESIAN_POINT('',(21.482686261,13.355998716,-6.5));
#912=DIRECTION('',(0.,0.,1.));
#913=VECTOR('',#912,4.4);
#914=LINE('',#911,#913);
#915=EDGE_CURVE('',#901,#910,#914,.T.);
#916=ORIENTED_EDGE('',*,*,#915,.T.);
#917=CARTESIAN_POINT('',(24.164787949,11.704081484,-2.1));
#918=DIRECTION('',(0.,0.,1.));
#919=DIRECTION('',(1.,0.,-0.));
#920=AXIS2_PLACEMENT_3D('',#917,#918,#919);
#921=CIRCLE('',#920,3.15);
#922=EDGE_CURVE('',#910,#877,#921,.T.);
#923=ORIENTED_EDGE('',*,*,#922,.T.);
#924=EDGE_LOOP('',(#899,#908,#916,#923));
#925=FACE_BOUND('',#924,.T.);
#926=ADVANCED_FACE('',(#925),#898,.F.);
#927=CARTESIAN_POINT('',(0.,-0.,-7.5));
#928=DIRECTION('',(0.,0.,1.));
#929=DIRECTION('',(1.,0.,-0.));
#930=AXIS2_PLACEMENT_3D('',#927,#928,#929);
#931=CYLINDRICAL_SURFACE('',#930,22.1);
#932=CARTESIAN_POINT('',(10.980727534,19.178989098,-7.3));
#933=VERTEX_POINT('',#932);
#934=CARTESIAN_POINT('',(10.980727534,19.178989098,-2.5));
#935=VERTEX_POINT('',#934);
#936=CARTESIAN_POINT('',(10.980727534,19.178989098,-7.3));
#937=DIRECTION('',(0.,0.,1.));
#938=VECTOR('',#937,4.8);
#939=LINE('',#936,#938);
#940=EDGE_CURVE('',#933,#935,#939,.T.);
#941=ORIENTED_EDGE('',*,*,#940,.T.);
#942=CARTESIAN_POINT('',(-10.980727534,19.178989098,-2.5));
#943=VERTEX_POINT('',#942);
#944=CARTESIAN_POINT('',(0.,-0.,-2.5));
#945=DIRECTION('',(0.,-0.,1.));
#946=DIRECTION('',(0.496865499,0.867827561,0.));
#947=AXIS2_PLACEMENT_3D('',#944,#945,#946);
#948=CIRCLE('',#947,22.1);
#949=EDGE_CURVE('',#935,#943,#948,.T.);
#950=ORIENTED_EDGE('',*,*,#949,.T.);
#951=CARTESIAN_POINT('',(-10.980727534,19.178989098,-7.3));
#952=VERTEX_POINT('',#951);
#953=CARTESIAN_POINT('',(-10.980727534,19.178989098,-7.3));
#954=DIRECTION('',(0.,0.,1.));
#955=VECTOR('',#954,4.8);
#956=LINE('',#953,#955);
#957=EDGE_CURVE('',#952,#943,#956,.T.);
#958=ORIENTED_EDGE('',*,*,#957,.F.);
#959=CARTESIAN_POINT('',(0.,-0.,-7.3));
#960=DIRECTION('',(0.,0.,1.));
#961=DIRECTION('',(1.,0.,-0.));
#962=AXIS2_PLACEMENT_3D('',#959,#960,#961);
#963=CIRCLE('',#962,22.1);
#964=EDGE_CURVE('',#933,#952,#963,.T.);
#965=ORIENTED_EDGE('',*,*,#964,.F.);
#966=EDGE_LOOP('',(#941,#950,#958,#965));
#967=FACE_BOUND('',#966,.T.);
#968=ADVANCED_FACE('',(#967),#931,.F.);
#969=CARTESIAN_POINT('',(13.340838656,23.301170013,-7.5));
#970=DIRECTION('',(0.,0.,1.));
#971=DIRECTION('',(1.,0.,-0.));
#972=AXIS2_PLACEMENT_3D('',#969,#970,#971);
#973=CYLINDRICAL_SURFACE('',#972,4.75);
#974=CARTESIAN_POINT('',(15.54731256,19.094749574,-2.5));
#975=VERTEX_POINT('',#974);
#976=CARTESIAN_POINT('',(13.340838656,23.301170013,-2.5));
#977=DIRECTION('',(0.,0.,1.));
#978=DIRECTION('',(-0.496865499,-0.867827561,0.));
#979=AXIS2_PLACEMENT_3D('',#976,#977,#978);
#980=CIRCLE('',#979,4.75);
#981=EDGE_CURVE('',#935,#975,#980,.T.);
#982=ORIENTED_EDGE('',*,*,#981,.F.);
#983=ORIENTED_EDGE('',*,*,#940,.F.);
#984=CARTESIAN_POINT('',(15.54731256,19.094749574,-7.3));
#985=VERTEX_POINT('',#984);
#986=CARTESIAN_POINT('',(13.340838656,23.301170013,-7.3));
#987=DIRECTION('',(0.,0.,1.));
#988=DIRECTION('',(1.,0.,-0.));
#989=AXIS2_PLACEMENT_3D('',#986,#987,#988);
#990=CIRCLE('',#989,4.75);
#991=EDGE_CURVE('',#933,#985,#990,.T.);
#992=ORIENTED_EDGE('',*,*,#991,.T.);
#993=CARTESIAN_POINT('',(15.54731256,19.094749574,-7.3));
#994=DIRECTION('',(0.,0.,1.));
#995=VECTOR('',#994,4.8);
#996=LINE('',#993,#995);
#997=EDGE_CURVE('',#985,#975,#996,.T.);
#998=ORIENTED_EDGE('',*,*,#997,.T.);
#999=EDGE_LOOP('',(#982,#983,#992,#998));
#1000=FACE_BOUND('',#999,.T.);
#1001=ADVANCED_FACE('',(#1000),#973,.T.);
#1002=CARTESIAN_POINT('',(17.161522422,16.017420927,-7.5));
#1003=DIRECTION('',(0.,0.,1.));
#1004=DIRECTION('',(1.,0.,-0.));
#1005=AXIS2_PLACEMENT_3D('',#1002,#1003,#1004);
#1006=CYLINDRICAL_SURFACE('',#1005,3.475000011);
#1007=CARTESIAN_POINT('',(20.636522433,16.017420927,-2.5));
#1008=VERTEX_POINT('',#1007);
#1009=CARTESIAN_POINT('',(20.636522433,16.017420927,-7.3));
#1010=VERTEX_POINT('',#1009);
#1011=CARTESIAN_POINT('',(20.636522433,16.017420927,-2.5));
#1012=DIRECTION('',(-0.,-0.,-1.));
#1013=VECTOR('',#1012,4.8);
#1014=LINE('',#1011,#1013);
#1015=EDGE_CURVE('',#1008,#1010,#1014,.T.);
#1016=ORIENTED_EDGE('',*,*,#1015,.F.);
#1017=CARTESIAN_POINT('',(17.161522422,16.017420927,-2.5));
#1018=DIRECTION('',(0.,0.,1.));
#1019=DIRECTION('',(0.851460853,-0.524418169,0.));
#1020=AXIS2_PLACEMENT_3D('',#1017,#1018,#1019);
#1021=CIRCLE('',#1020,3.475000011);
#1022=EDGE_CURVE('',#1008,#975,#1021,.T.);
#1023=ORIENTED_EDGE('',*,*,#1022,.T.);
#1024=ORIENTED_EDGE('',*,*,#997,.F.);
#1025=CARTESIAN_POINT('',(17.161522422,16.017420927,-7.3));
#1026=DIRECTION('',(0.,0.,1.));
#1027=DIRECTION('',(1.,0.,-0.));
#1028=AXIS2_PLACEMENT_3D('',#1025,#1026,#1027);
#1029=CIRCLE('',#1028,3.475000011);
#1030=EDGE_CURVE('',#1010,#985,#1029,.T.);
#1031=ORIENTED_EDGE('',*,*,#1030,.F.);
#1032=EDGE_LOOP('',(#1016,#1023,#1024,#1031));
#1033=FACE_BOUND('',#1032,.T.);
#1034=ADVANCED_FACE('',(#1033),#1006,.F.);
#1035=CARTESIAN_POINT('',(24.164787949,11.704081484,-7.5));
#1036=DIRECTION('',(0.,0.,1.));
#1037=DIRECTION('',(1.,0.,-0.));
#1038=AXIS2_PLACEMENT_3D('',#1035,#1036,#1037);
#1039=CYLINDRICAL_SURFACE('',#1038,4.75);
#1040=CARTESIAN_POINT('',(20.120348896,14.195067785,-2.5));
#1041=VERTEX_POINT('',#1040);
#1042=CARTESIAN_POINT('',(19.889825462,9.633527032,-2.5));
#1043=VERTEX_POINT('',#1042);
#1044=CARTESIAN_POINT('',(24.164787949,11.704081484,-2.5));
#1045=DIRECTION('',(0.,0.,1.));
#1046=DIRECTION('',(-0.851460853,0.524418169,0.));
#1047=AXIS2_PLACEMENT_3D('',#1044,#1045,#1046);
#1048=CIRCLE('',#1047,4.75);
#1049=EDGE_CURVE('',#1041,#1043,#1048,.T.);
#1050=ORIENTED_EDGE('',*,*,#1049,.F.);
#1051=CARTESIAN_POINT('',(20.120348896,14.195067785,-7.3));
#1052=VERTEX_POINT('',#1051);
#1053=CARTESIAN_POINT('',(20.120348896,14.195067785,-7.3));
#1054=DIRECTION('',(0.,0.,1.));
#1055=VECTOR('',#1054,4.8);
#1056=LINE('',#1053,#1055);
#1057=EDGE_CURVE('',#1052,#1041,#1056,.T.);
#1058=ORIENTED_EDGE('',*,*,#1057,.F.);
#1059=CARTESIAN_POINT('',(19.889825462,9.633527032,-7.3));
#1060=VERTEX_POINT('',#1059);
#1061=CARTESIAN_POINT('',(24.164787949,11.704081484,-7.3));
#1062=DIRECTION('',(0.,0.,1.));
#1063=DIRECTION('',(1.,0.,-0.));
#1064=AXIS2_PLACEMENT_3D('',#1061,#1062,#1063);
#1065=CIRCLE('',#1064,4.75);
#1066=EDGE_CURVE('',#1052,#1060,#1065,.T.);
#1067=ORIENTED_EDGE('',*,*,#1066,.T.);
#1068=CARTESIAN_POINT('',(19.889825462,9.633527032,-7.3));
#1069=DIRECTION('',(0.,0.,1.));
#1070=VECTOR('',#1069,4.8);
#1071=LINE('',#1068,#1070);
#1072=EDGE_CURVE('',#1060,#1043,#1071,.T.);
#1073=ORIENTED_EDGE('',*,*,#1072,.T.);
#1074=EDGE_LOOP('',(#1050,#1058,#1067,#1073));
#1075=FACE_BOUND('',#1074,.T.);
#1076=ADVANCED_FACE('',(#1075),#1039,.T.);
#1077=CARTESIAN_POINT('',(-0.,0.,-7.5));
#1078=DIRECTION('',(0.,0.,1.));
#1079=DIRECTION('',(1.,0.,-0.));
#1080=AXIS2_PLACEMENT_3D('',#1077,#1078,#1079);
#1081=CYLINDRICAL_SURFACE('',#1080,22.1);
#1082=CARTESIAN_POINT('',(22.1,0.,-2.5));
#1083=VERTEX_POINT('',#1082);
#1084=CARTESIAN_POINT('',(22.1,-0.,-7.3));
#1085=VERTEX_POINT('',#1084);
#1086=CARTESIAN_POINT('',(22.1,0.,-2.5));
#1087=DIRECTION('',(-0.,-0.,-1.));
#1088=VECTOR('',#1087,4.8);
#1089=LINE('',#1086,#1088);
#1090=EDGE_CURVE('',#1083,#1085,#1089,.T.);
#1091=ORIENTED_EDGE('',*,*,#1090,.F.);
#1092=CARTESIAN_POINT('',(-0.,0.,-2.5));
#1093=DIRECTION('',(0.,0.,1.));
#1094=DIRECTION('',(0.899992102,-0.435906201,0.));
#1095=AXIS2_PLACEMENT_3D('',#1092,#1093,#1094);
#1096=CIRCLE('',#1095,22.1);
#1097=EDGE_CURVE('',#1083,#1043,#1096,.T.);
#1098=ORIENTED_EDGE('',*,*,#1097,.T.);
#1099=ORIENTED_EDGE('',*,*,#1072,.F.);
#1100=CARTESIAN_POINT('',(-0.,0.,-7.3));
#1101=DIRECTION('',(0.,0.,1.));
#1102=DIRECTION('',(1.,0.,-0.));
#1103=AXIS2_PLACEMENT_3D('',#1100,#1101,#1102);
#1104=CIRCLE('',#1103,22.1);
#1105=EDGE_CURVE('',#1085,#1060,#1104,.T.);
#1106=ORIENTED_EDGE('',*,*,#1105,.F.);
#1107=EDGE_LOOP('',(#1091,#1098,#1099,#1106));
#1108=FACE_BOUND('',#1107,.T.);
#1109=ADVANCED_FACE('',(#1108),#1081,.F.);
#1110=CARTESIAN_POINT('',(17.5365,-38.5202,-7.5));
#1111=DIRECTION('',(0.,0.,1.));
#1112=DIRECTION('',(1.,0.,-0.));
#1113=AXIS2_PLACEMENT_3D('',#1110,#1111,#1112);
#1114=CYLINDRICAL_SURFACE('',#1113,3.1);
#1115=CARTESIAN_POINT('',(17.5365,-41.6202,-7.3));
#1116=VERTEX_POINT('',#1115);
#1117=CARTESIAN_POINT('',(17.5365,-41.6202,-2.5));
#1118=VERTEX_POINT('',#1117);
#1119=CARTESIAN_POINT('',(17.5365,-41.6202,-7.3));
#1120=DIRECTION('',(0.,0.,1.));
#1121=VECTOR('',#1120,4.8);
#1122=LINE('',#1119,#1121);
#1123=EDGE_CURVE('',#1116,#1118,#1122,.T.);
#1124=ORIENTED_EDGE('',*,*,#1123,.T.);
#1125=CARTESIAN_POINT('',(17.5365,-38.5202,-2.5));
#1126=DIRECTION('',(0.,0.,1.));
#1127=DIRECTION('',(0.,-1.,0.));
#1128=AXIS2_PLACEMENT_3D('',#1125,#1126,#1127);
#1129=CIRCLE('',#1128,3.1);
#1130=EDGE_CURVE('',#1118,#118,#1129,.T.);
#1131=ORIENTED_EDGE('',*,*,#1130,.T.);
#1132=ORIENTED_EDGE('',*,*,#123,.F.);
#1133=CARTESIAN_POINT('',(17.5365,-38.5202,-7.3));
#1134=DIRECTION('',(0.,0.,1.));
#1135=DIRECTION('',(1.,0.,-0.));
#1136=AXIS2_PLACEMENT_3D('',#1133,#1134,#1135);
#1137=CIRCLE('',#1136,3.1);
#1138=EDGE_CURVE('',#1116,#116,#1137,.T.);
#1139=ORIENTED_EDGE('',*,*,#1138,.F.);
#1140=EDGE_LOOP('',(#1124,#1131,#1132,#1139));
#1141=FACE_BOUND('',#1140,.T.);
#1142=ADVANCED_FACE('',(#1141),#1114,.F.);
#1143=CARTESIAN_POINT('',(0.,-41.6202,-7.5));
#1144=DIRECTION('',(0.,-1.,0.));
#1145=DIRECTION('',(1.,0.,0.));
#1146=AXIS2_PLACEMENT_3D('',#1143,#1144,#1145);
#1147=PLANE('',#1146);
#1148=CARTESIAN_POINT('',(-17.5365,-41.6202,-7.3));
#1149=VERTEX_POINT('',#1148);
#1150=CARTESIAN_POINT('',(-17.5365,-41.6202,-2.5));
#1151=VERTEX_POINT('',#1150);
#1152=CARTESIAN_POINT('',(-17.5365,-41.6202,-7.3));
#1153=DIRECTION('',(0.,0.,1.));
#1154=VECTOR('',#1153,4.8);
#1155=LINE('',#1152,#1154);
#1156=EDGE_CURVE('',#1149,#1151,#1155,.T.);
#1157=ORIENTED_EDGE('',*,*,#1156,.T.);
#1158=CARTESIAN_POINT('',(-17.5365,-41.6202,-2.5));
#1159=DIRECTION('',(1.,0.,0.));
#1160=VECTOR('',#1159,35.073);
#1161=LINE('',#1158,#1160);
#1162=EDGE_CURVE('',#1151,#1118,#1161,.T.);
#1163=ORIENTED_EDGE('',*,*,#1162,.T.);
#1164=ORIENTED_EDGE('',*,*,#1123,.F.);
#1165=CARTESIAN_POINT('',(-17.5365,-41.6202,-7.3));
#1166=DIRECTION('',(1.,0.,0.));
#1167=VECTOR('',#1166,35.073);
#1168=LINE('',#1165,#1167);
#1169=EDGE_CURVE('',#1149,#1116,#1168,.T.);
#1170=ORIENTED_EDGE('',*,*,#1169,.F.);
#1171=EDGE_LOOP('',(#1157,#1163,#1164,#1170));
#1172=FACE_BOUND('',#1171,.T.);
#1173=ADVANCED_FACE('',(#1172),#1147,.F.);
#1174=CARTESIAN_POINT('',(-17.5365,-38.5202,-7.5));
#1175=DIRECTION('',(0.,0.,1.));
#1176=DIRECTION('',(1.,0.,-0.));
#1177=AXIS2_PLACEMENT_3D('',#1174,#1175,#1176);
#1178=CYLINDRICAL_SURFACE('',#1177,3.1);
#1179=CARTESIAN_POINT('',(-20.6365,-38.5202,-7.3));
#1180=VERTEX_POINT('',#1179);
#1181=CARTESIAN_POINT('',(-20.6365,-38.5202,-2.5));
#1182=VERTEX_POINT('',#1181);
#1183=CARTESIAN_POINT('',(-20.6365,-38.5202,-7.3));
#1184=DIRECTION('',(0.,0.,1.));
#1185=VECTOR('',#1184,4.8);
#1186=LINE('',#1183,#1185);
#1187=EDGE_CURVE('',#1180,#1182,#1186,.T.);
#1188=ORIENTED_EDGE('',*,*,#1187,.T.);
#1189=CARTESIAN_POINT('',(-17.5365,-38.5202,-2.5));
#1190=DIRECTION('',(0.,0.,1.));
#1191=DIRECTION('',(-1.,0.,0.));
#1192=AXIS2_PLACEMENT_3D('',#1189,#1190,#1191);
#1193=CIRCLE('',#1192,3.1);
#1194=EDGE_CURVE('',#1182,#1151,#1193,.T.);
#1195=ORIENTED_EDGE('',*,*,#1194,.T.);
#1196=ORIENTED_EDGE('',*,*,#1156,.F.);
#1197=CARTESIAN_POINT('',(-17.5365,-38.5202,-7.3));
#1198=DIRECTION('',(0.,0.,1.));
#1199=DIRECTION('',(1.,0.,-0.));
#1200=AXIS2_PLACEMENT_3D('',#1197,#1198,#1199);
#1201=CIRCLE('',#1200,3.1);
#1202=EDGE_CURVE('',#1180,#1149,#1201,.T.);
#1203=ORIENTED_EDGE('',*,*,#1202,.F.);
#1204=EDGE_LOOP('',(#1188,#1195,#1196,#1203));
#1205=FACE_BOUND('',#1204,.T.);
#1206=ADVANCED_FACE('',(#1205),#1178,.F.);
#1207=CARTESIAN_POINT('',(-20.6365,-29.0952,-7.5));
#1208=DIRECTION('',(1.,0.,0.));
#1209=DIRECTION('',(0.,0.,-1.));
#1210=AXIS2_PLACEMENT_3D('',#1207,#1208,#1209);
#1211=PLANE('',#1210);
#1212=CARTESIAN_POINT('',(-20.636511217,-19.6702,-2.5));
#1213=VERTEX_POINT('',#1212);
#1214=CARTESIAN_POINT('',(-20.6365,-38.5202,-2.5));
#1215=DIRECTION('',(0.,1.,0.));
#1216=VECTOR('',#1215,18.85);
#1217=LINE('',#1214,#1216);
#1218=EDGE_CURVE('',#1182,#1213,#1217,.T.);
#1219=ORIENTED_EDGE('',*,*,#1218,.F.);
#1220=ORIENTED_EDGE('',*,*,#1187,.F.);
#1221=CARTESIAN_POINT('',(-20.6365,-19.6702,-7.3));
#1222=VERTEX_POINT('',#1221);
#1223=CARTESIAN_POINT('',(-20.6365,-38.5202,-7.3));
#1224=DIRECTION('',(0.,1.,0.));
#1225=VECTOR('',#1224,18.85);
#1226=LINE('',#1223,#1225);
#1227=EDGE_CURVE('',#1180,#1222,#1226,.T.);
#1228=ORIENTED_EDGE('',*,*,#1227,.T.);
#1229=CARTESIAN_POINT('',(-20.6365,-19.6702,-7.3));
#1230=DIRECTION('',(-0.,-0.,1.));
#1231=VECTOR('',#1230,4.8);
#1232=LINE('',#1229,#1231);
#1233=EDGE_CURVE('',#1222,#1213,#1232,.T.);
#1234=ORIENTED_EDGE('',*,*,#1233,.T.);
#1235=EDGE_LOOP('',(#1219,#1220,#1228,#1234));
#1236=FACE_BOUND('',#1235,.T.);
#1237=ADVANCED_FACE('',(#1236),#1211,.T.);
#1238=CARTESIAN_POINT('',(-20.636522433,-17.843810464,-7.5));
#1239=DIRECTION('',(-1.,0.,0.));
#1240=DIRECTION('',(0.,0.,1.));
#1241=AXIS2_PLACEMENT_3D('',#1238,#1239,#1240);
#1242=PLANE('',#1241);
#1243=ORIENTED_EDGE('',*,*,#283,.T.);
#1244=CARTESIAN_POINT('',(-20.636522433,-16.017420927,-2.5));
#1245=DIRECTION('',(0.,-1.,0.));
#1246=VECTOR('',#1245,3.652779073);
#1247=LINE('',#1244,#1246);
#1248=EDGE_CURVE('',#269,#1213,#1247,.T.);
#1249=ORIENTED_EDGE('',*,*,#1248,.T.);
#1250=ORIENTED_EDGE('',*,*,#1233,.F.);
#1251=CARTESIAN_POINT('',(-20.636522433,-16.017420927,-7.3));
#1252=DIRECTION('',(0.,-1.,0.));
#1253=VECTOR('',#1252,3.652779073);
#1254=LINE('',#1251,#1253);
#1255=EDGE_CURVE('',#278,#1222,#1254,.T.);
#1256=ORIENTED_EDGE('',*,*,#1255,.F.);
#1257=EDGE_LOOP('',(#1243,#1249,#1250,#1256));
#1258=FACE_BOUND('',#1257,.T.);
#1259=ADVANCED_FACE('',(#1258),#1242,.F.);
#1260=CARTESIAN_POINT('',(0.,0.,-7.5));
#1261=DIRECTION('',(0.,0.,1.));
#1262=DIRECTION('',(1.,0.,-0.));
#1263=AXIS2_PLACEMENT_3D('',#1260,#1261,#1262);
#1264=CYLINDRICAL_SURFACE('',#1263,22.1);
#1265=CARTESIAN_POINT('',(-19.889825462,9.633527032,-7.3));
#1266=VERTEX_POINT('',#1265);
#1267=CARTESIAN_POINT('',(-19.889825462,9.633527032,-2.5));
#1268=VERTEX_POINT('',#1267);
#1269=CARTESIAN_POINT('',(-19.889825462,9.633527032,-7.3));
#1270=DIRECTION('',(0.,0.,1.));
#1271=VECTOR('',#1270,4.8);
#1272=LINE('',#1269,#1271);
#1273=EDGE_CURVE('',#1266,#1268,#1272,.T.);
#1274=ORIENTED_EDGE('',*,*,#1273,.T.);
#1275=CARTESIAN_POINT('',(0.,0.,-2.5));
#1276=DIRECTION('',(0.,0.,1.));
#1277=DIRECTION('',(-0.899992102,0.435906201,0.));
#1278=AXIS2_PLACEMENT_3D('',#1275,#1276,#1277);
#1279=CIRCLE('',#1278,22.1);
#1280=EDGE_CURVE('',#1268,#328,#1279,.T.);
#1281=ORIENTED_EDGE('',*,*,#1280,.T.);
#1282=ORIENTED_EDGE('',*,*,#333,.F.);
#1283=CARTESIAN_POINT('',(0.,0.,-7.3));
#1284=DIRECTION('',(0.,0.,1.));
#1285=DIRECTION('',(1.,0.,-0.));
#1286=AXIS2_PLACEMENT_3D('',#1283,#1284,#1285);
#1287=CIRCLE('',#1286,22.1);
#1288=EDGE_CURVE('',#1266,#319,#1287,.T.);
#1289=ORIENTED_EDGE('',*,*,#1288,.F.);
#1290=EDGE_LOOP('',(#1274,#1281,#1282,#1289));
#1291=FACE_BOUND('',#1290,.T.);
#1292=ADVANCED_FACE('',(#1291),#1264,.F.);
#1293=CARTESIAN_POINT('',(-24.164787949,11.704081484,-7.5));
#1294=DIRECTION('',(0.,0.,1.));
#1295=DIRECTION('',(1.,0.,-0.));
#1296=AXIS2_PLACEMENT_3D('',#1293,#1294,#1295);
#1297=CYLINDRICAL_SURFACE('',#1296,4.75);
#1298=CARTESIAN_POINT('',(-19.414787949,11.704081484,-2.5));
#1299=VERTEX_POINT('',#1298);
#1300=CARTESIAN_POINT('',(-19.414787949,11.704081484,-7.3));
#1301=VERTEX_POINT('',#1300);
#1302=CARTESIAN_POINT('',(-19.414787949,11.704081484,-2.5));
#1303=DIRECTION('',(-0.,-0.,-1.));
#1304=VECTOR('',#1303,4.8);
#1305=LINE('',#1302,#1304);
#1306=EDGE_CURVE('',#1299,#1301,#1305,.T.);
#1307=ORIENTED_EDGE('',*,*,#1306,.T.);
#1308=CARTESIAN_POINT('',(-20.120348896,14.195067785,-7.3));
#1309=VERTEX_POINT('',#1308);
#1310=CARTESIAN_POINT('',(-24.164787949,11.704081484,-7.3));
#1311=DIRECTION('',(0.,0.,1.));
#1312=DIRECTION('',(1.,0.,-0.));
#1313=AXIS2_PLACEMENT_3D('',#1310,#1311,#1312);
#1314=CIRCLE('',#1313,4.75);
#1315=EDGE_CURVE('',#1301,#1309,#1314,.T.);
#1316=ORIENTED_EDGE('',*,*,#1315,.T.);
#1317=CARTESIAN_POINT('',(-20.120348896,14.195067785,-2.5));
#1318=VERTEX_POINT('',#1317);
#1319=CARTESIAN_POINT('',(-20.120348896,14.195067785,-7.3));
#1320=DIRECTION('',(0.,0.,1.));
#1321=VECTOR('',#1320,4.8);
#1322=LINE('',#1319,#1321);
#1323=EDGE_CURVE('',#1309,#1318,#1322,.T.);
#1324=ORIENTED_EDGE('',*,*,#1323,.T.);
#1325=CARTESIAN_POINT('',(-24.164787949,11.704081484,-2.5));
#1326=DIRECTION('',(0.,0.,1.));
#1327=DIRECTION('',(0.899992102,-0.435906201,0.));
#1328=AXIS2_PLACEMENT_3D('',#1325,#1326,#1327);
#1329=CIRCLE('',#1328,4.75);
#1330=EDGE_CURVE('',#1299,#1318,#1329,.T.);
#1331=ORIENTED_EDGE('',*,*,#1330,.F.);
#1332=EDGE_LOOP('',(#1307,#1316,#1324,#1331));
#1333=FACE_BOUND('',#1332,.T.);
#1334=ADVANCED_FACE('',(#1333),#1297,.T.);
#1335=CARTESIAN_POINT('',(-17.161522422,16.017420927,-7.5));
#1336=DIRECTION('',(0.,0.,1.));
#1337=DIRECTION('',(1.,0.,-0.));
#1338=AXIS2_PLACEMENT_3D('',#1335,#1336,#1337);
#1339=CYLINDRICAL_SURFACE('',#1338,3.475000011);
#1340=CARTESIAN_POINT('',(-15.54731256,19.094749574,-7.3));
#1341=VERTEX_POINT('',#1340);
#1342=CARTESIAN_POINT('',(-15.54731256,19.094749574,-2.5));
#1343=VERTEX_POINT('',#1342);
#1344=CARTESIAN_POINT('',(-15.54731256,19.094749574,-7.3));
#1345=DIRECTION('',(0.,0.,1.));
#1346=VECTOR('',#1345,4.8);
#1347=LINE('',#1344,#1346);
#1348=EDGE_CURVE('',#1341,#1343,#1347,.T.);
#1349=ORIENTED_EDGE('',*,*,#1348,.T.);
#1350=CARTESIAN_POINT('',(-17.161522422,16.017420927,-2.5));
#1351=DIRECTION('',(0.,-0.,1.));
#1352=DIRECTION('',(0.464520822,0.885562198,0.));
#1353=AXIS2_PLACEMENT_3D('',#1350,#1351,#1352);
#1354=CIRCLE('',#1353,3.475000011);
#1355=EDGE_CURVE('',#1343,#1318,#1354,.T.);
#1356=ORIENTED_EDGE('',*,*,#1355,.T.);
#1357=ORIENTED_EDGE('',*,*,#1323,.F.);
#1358=CARTESIAN_POINT('',(-17.161522422,16.017420927,-7.3));
#1359=DIRECTION('',(0.,0.,1.));
#1360=DIRECTION('',(1.,0.,-0.));
#1361=AXIS2_PLACEMENT_3D('',#1358,#1359,#1360);
#1362=CIRCLE('',#1361,3.475000011);
#1363=EDGE_CURVE('',#1341,#1309,#1362,.T.);
#1364=ORIENTED_EDGE('',*,*,#1363,.F.);
#1365=EDGE_LOOP('',(#1349,#1356,#1357,#1364));
#1366=FACE_BOUND('',#1365,.T.);
#1367=ADVANCED_FACE('',(#1366),#1339,.F.);
#1368=CARTESIAN_POINT('',(-13.340838656,23.301170013,-7.5));
#1369=DIRECTION('',(0.,0.,1.));
#1370=DIRECTION('',(1.,0.,-0.));
#1371=AXIS2_PLACEMENT_3D('',#1368,#1369,#1370);
#1372=CYLINDRICAL_SURFACE('',#1371,4.75);
#1373=CARTESIAN_POINT('',(-13.340838656,23.301170013,-2.5));
#1374=DIRECTION('',(0.,0.,1.));
#1375=DIRECTION('',(-0.464520822,-0.885562198,0.));
#1376=AXIS2_PLACEMENT_3D('',#1373,#1374,#1375);
#1377=CIRCLE('',#1376,4.75);
#1378=EDGE_CURVE('',#1343,#943,#1377,.T.);
#1379=ORIENTED_EDGE('',*,*,#1378,.F.);
#1380=ORIENTED_EDGE('',*,*,#1348,.F.);
#1381=CARTESIAN_POINT('',(-13.340838656,23.301170013,-7.3));
#1382=DIRECTION('',(0.,0.,1.));
#1383=DIRECTION('',(1.,0.,-0.));
#1384=AXIS2_PLACEMENT_3D('',#1381,#1382,#1383);
#1385=CIRCLE('',#1384,4.75);
#1386=EDGE_CURVE('',#1341,#952,#1385,.T.);
#1387=ORIENTED_EDGE('',*,*,#1386,.T.);
#1388=ORIENTED_EDGE('',*,*,#957,.T.);
#1389=EDGE_LOOP('',(#1379,#1380,#1387,#1388));
#1390=FACE_BOUND('',#1389,.T.);
#1391=ADVANCED_FACE('',(#1390),#1372,.T.);
#1392=CARTESIAN_POINT('',(17.161522422,16.017420927,-7.5));
#1393=DIRECTION('',(0.,0.,1.));
#1394=DIRECTION('',(1.,0.,-0.));
#1395=AXIS2_PLACEMENT_3D('',#1392,#1393,#1394);
#1396=CYLINDRICAL_SURFACE('',#1395,5.075000011);
#1397=CARTESIAN_POINT('',(22.236522433,16.017420927,-2.1));
#1398=VERTEX_POINT('',#1397);
#1399=CARTESIAN_POINT('',(22.236522433,16.017420927,-6.5));
#1400=VERTEX_POINT('',#1399);
#1401=CARTESIAN_POINT('',(22.236522433,16.017420927,-2.1));
#1402=DIRECTION('',(-0.,-0.,-1.));
#1403=VECTOR('',#1402,4.4);
#1404=LINE('',#1401,#1403);
#1405=EDGE_CURVE('',#1398,#1400,#1404,.T.);
#1406=ORIENTED_EDGE('',*,*,#1405,.T.);
#1407=CARTESIAN_POINT('',(17.161522422,16.017420927,-6.5));
#1408=DIRECTION('',(0.,0.,1.));
#1409=DIRECTION('',(1.,0.,-0.));
#1410=AXIS2_PLACEMENT_3D('',#1407,#1408,#1409);
#1411=CIRCLE('',#1410,5.075000011);
#1412=EDGE_CURVE('',#1400,#351,#1411,.T.);
#1413=ORIENTED_EDGE('',*,*,#1412,.T.);
#1414=ORIENTED_EDGE('',*,*,#358,.T.);
#1415=CARTESIAN_POINT('',(17.161522422,16.017420927,-2.1));
#1416=DIRECTION('',(-0.,-0.,-1.));
#1417=DIRECTION('',(1.,0.,-0.));
#1418=AXIS2_PLACEMENT_3D('',#1415,#1416,#1417);
#1419=CIRCLE('',#1418,5.075000011);
#1420=EDGE_CURVE('',#353,#1398,#1419,.T.);
#1421=ORIENTED_EDGE('',*,*,#1420,.T.);
#1422=EDGE_LOOP('',(#1406,#1413,#1414,#1421));
#1423=FACE_BOUND('',#1422,.T.);
#1424=ADVANCED_FACE('',(#1423),#1396,.T.);
#1425=CARTESIAN_POINT('',(-64.3,-68.6202,-7.3));
#1426=DIRECTION('',(0.,0.,1.));
#1427=DIRECTION('',(-0.,1.,0.));
#1428=AXIS2_PLACEMENT_3D('',#1425,#1426,#1427);
#1429=PLANE('',#1428);
#1430=CARTESIAN_POINT('',(17.5365,-42.4202,-7.3));
#1431=VERTEX_POINT('',#1430);
#1432=CARTESIAN_POINT('',(-17.5365,-42.4202,-7.3));
#1433=VERTEX_POINT('',#1432);
#1434=CARTESIAN_POINT('',(17.5365,-42.4202,-7.3));
#1435=DIRECTION('',(-1.,-0.,-0.));
#1436=VECTOR('',#1435,35.073);
#1437=LINE('',#1434,#1436);
#1438=EDGE_CURVE('',#1431,#1433,#1437,.T.);
#1439=ORIENTED_EDGE('',*,*,#1438,.T.);
#1440=CARTESIAN_POINT('',(-21.4365,-38.5202,-7.3));
#1441=VERTEX_POINT('',#1440);
#1442=CARTESIAN_POINT('',(-17.5365,-38.5202,-7.3));
#1443=DIRECTION('',(-0.,-0.,-1.));
#1444=DIRECTION('',(1.,0.,-0.));
#1445=AXIS2_PLACEMENT_3D('',#1442,#1443,#1444);
#1446=CIRCLE('',#1445,3.9);
#1447=EDGE_CURVE('',#1433,#1441,#1446,.T.);
#1448=ORIENTED_EDGE('',*,*,#1447,.T.);
#1449=CARTESIAN_POINT('',(-21.4365,-19.6702,-7.3));
#1450=VERTEX_POINT('',#1449);
#1451=CARTESIAN_POINT('',(-21.4365,-38.5202,-7.3));
#1452=DIRECTION('',(0.,1.,0.));
#1453=VECTOR('',#1452,18.85);
#1454=LINE('',#1451,#1453);
#1455=EDGE_CURVE('',#1441,#1450,#1454,.T.);
#1456=ORIENTED_EDGE('',*,*,#1455,.T.);
#1457=CARTESIAN_POINT('',(-21.436522433,-16.017420927,-7.3));
#1458=VERTEX_POINT('',#1457);
#1459=CARTESIAN_POINT('',(-21.436522433,-19.6702,-7.3));
#1460=DIRECTION('',(-0.,1.,-0.));
#1461=VECTOR('',#1460,3.652779073);
#1462=LINE('',#1459,#1461);
#1463=EDGE_CURVE('',#1450,#1458,#1462,.T.);
#1464=ORIENTED_EDGE('',*,*,#1463,.T.);
#1465=CARTESIAN_POINT('',(-20.801517579,-13.77553325,-7.3));
#1466=VERTEX_POINT('',#1465);
#1467=CARTESIAN_POINT('',(-17.161522422,-16.017420927,-7.3));
#1468=DIRECTION('',(-0.,-0.,-1.));
#1469=DIRECTION('',(1.,0.,-0.));
#1470=AXIS2_PLACEMENT_3D('',#1467,#1468,#1469);
#1471=CIRCLE('',#1470,4.275000011);
#1472=EDGE_CURVE('',#1458,#1466,#1471,.T.);
#1473=ORIENTED_EDGE('',*,*,#1472,.T.);
#1474=CARTESIAN_POINT('',(-20.214787949,-11.704081484,-7.3));
#1475=VERTEX_POINT('',#1474);
#1476=CARTESIAN_POINT('',(-24.164787949,-11.704081484,-7.3));
#1477=DIRECTION('',(0.,0.,1.));
#1478=DIRECTION('',(1.,0.,-0.));
#1479=AXIS2_PLACEMENT_3D('',#1476,#1477,#1478);
#1480=CIRCLE('',#1479,3.95);
#1481=EDGE_CURVE('',#1466,#1475,#1480,.T.);
#1482=ORIENTED_EDGE('',*,*,#1481,.T.);
#1483=CARTESIAN_POINT('',(-20.609819144,-9.982251992,-7.3));
#1484=VERTEX_POINT('',#1483);
#1485=CARTESIAN_POINT('',(-24.164787949,-11.704081484,-7.3));
#1486=DIRECTION('',(0.,0.,1.));
#1487=DIRECTION('',(1.,0.,-0.));
#1488=AXIS2_PLACEMENT_3D('',#1485,#1486,#1487);
#1489=CIRCLE('',#1488,3.95);
#1490=EDGE_CURVE('',#1475,#1484,#1489,.T.);
#1491=ORIENTED_EDGE('',*,*,#1490,.T.);
#1492=CARTESIAN_POINT('',(-20.609819144,9.982251992,-7.3));
#1493=VERTEX_POINT('',#1492);
#1494=CARTESIAN_POINT('',(0.,0.,-7.3));
#1495=DIRECTION('',(-0.,-0.,-1.));
#1496=DIRECTION('',(1.,0.,-0.));
#1497=AXIS2_PLACEMENT_3D('',#1494,#1495,#1496);
#1498=CIRCLE('',#1497,22.9);
#1499=EDGE_CURVE('',#1484,#1493,#1498,.T.);
#1500=ORIENTED_EDGE('',*,*,#1499,.T.);
#1501=CARTESIAN_POINT('',(-20.214787949,11.704081484,-7.3));
#1502=VERTEX_POINT('',#1501);
#1503=CARTESIAN_POINT('',(-24.164787949,11.704081484,-7.3));
#1504=DIRECTION('',(0.,0.,1.));
#1505=DIRECTION('',(1.,0.,-0.));
#1506=AXIS2_PLACEMENT_3D('',#1503,#1504,#1505);
#1507=CIRCLE('',#1506,3.95);
#1508=EDGE_CURVE('',#1493,#1502,#1507,.T.);
#1509=ORIENTED_EDGE('',*,*,#1508,.T.);
#1510=CARTESIAN_POINT('',(-20.801517579,13.77553325,-7.3));
#1511=VERTEX_POINT('',#1510);
#1512=CARTESIAN_POINT('',(-24.164787949,11.704081484,-7.3));
#1513=DIRECTION('',(0.,0.,1.));
#1514=DIRECTION('',(1.,0.,-0.));
#1515=AXIS2_PLACEMENT_3D('',#1512,#1513,#1514);
#1516=CIRCLE('',#1515,3.95);
#1517=EDGE_CURVE('',#1502,#1511,#1516,.T.);
#1518=ORIENTED_EDGE('',*,*,#1517,.T.);
#1519=CARTESIAN_POINT('',(-15.175695903,19.803199332,-7.3));
#1520=VERTEX_POINT('',#1519);
#1521=CARTESIAN_POINT('',(-17.161522422,16.017420927,-7.3));
#1522=DIRECTION('',(-0.,-0.,-1.));
#1523=DIRECTION('',(1.,0.,-0.));
#1524=AXIS2_PLACEMENT_3D('',#1521,#1522,#1523);
#1525=CIRCLE('',#1524,4.275000011);
#1526=EDGE_CURVE('',#1511,#1520,#1525,.T.);
#1527=ORIENTED_EDGE('',*,*,#1526,.T.);
#1528=CARTESIAN_POINT('',(-11.378219933,19.873251147,-7.3));
#1529=VERTEX_POINT('',#1528);
#1530=CARTESIAN_POINT('',(-13.340838656,23.301170013,-7.3));
#1531=DIRECTION('',(0.,0.,1.));
#1532=DIRECTION('',(1.,0.,-0.));
#1533=AXIS2_PLACEMENT_3D('',#1530,#1531,#1532);
#1534=CIRCLE('',#1533,3.95);
#1535=EDGE_CURVE('',#1520,#1529,#1534,.T.);
#1536=ORIENTED_EDGE('',*,*,#1535,.T.);
#1537=CARTESIAN_POINT('',(11.378219933,19.873251147,-7.3));
#1538=VERTEX_POINT('',#1537);
#1539=CARTESIAN_POINT('',(-0.,0.,-7.3));
#1540=DIRECTION('',(-0.,-0.,-1.));
#1541=DIRECTION('',(1.,0.,-0.));
#1542=AXIS2_PLACEMENT_3D('',#1539,#1540,#1541);
#1543=CIRCLE('',#1542,22.9);
#1544=EDGE_CURVE('',#1529,#1538,#1543,.T.);
#1545=ORIENTED_EDGE('',*,*,#1544,.T.);
#1546=CARTESIAN_POINT('',(15.175695903,19.803199332,-7.3));
#1547=VERTEX_POINT('',#1546);
#1548=CARTESIAN_POINT('',(13.340838656,23.301170013,-7.3));
#1549=DIRECTION('',(0.,0.,1.));
#1550=DIRECTION('',(1.,0.,-0.));
#1551=AXIS2_PLACEMENT_3D('',#1548,#1549,#1550);
#1552=CIRCLE('',#1551,3.95);
#1553=EDGE_CURVE('',#1538,#1547,#1552,.T.);
#1554=ORIENTED_EDGE('',*,*,#1553,.T.);
#1555=CARTESIAN_POINT('',(21.436522433,16.017420927,-7.3));
#1556=VERTEX_POINT('',#1555);
#1557=CARTESIAN_POINT('',(17.161522422,16.017420927,-7.3));
#1558=DIRECTION('',(-0.,-0.,-1.));
#1559=DIRECTION('',(1.,0.,-0.));
#1560=AXIS2_PLACEMENT_3D('',#1557,#1558,#1559);
#1561=CIRCLE('',#1560,4.275000011);
#1562=EDGE_CURVE('',#1547,#1556,#1561,.T.);
#1563=ORIENTED_EDGE('',*,*,#1562,.T.);
#1564=CARTESIAN_POINT('',(20.801517579,13.77553325,-7.3));
#1565=VERTEX_POINT('',#1564);
#1566=CARTESIAN_POINT('',(17.161522422,16.017420927,-7.3));
#1567=DIRECTION('',(-0.,-0.,-1.));
#1568=DIRECTION('',(1.,0.,-0.));
#1569=AXIS2_PLACEMENT_3D('',#1566,#1567,#1568);
#1570=CIRCLE('',#1569,4.275000011);
#1571=EDGE_CURVE('',#1556,#1565,#1570,.T.);
#1572=ORIENTED_EDGE('',*,*,#1571,.T.);
#1573=CARTESIAN_POINT('',(20.609819144,9.982251992,-7.3));
#1574=VERTEX_POINT('',#1573);
#1575=CARTESIAN_POINT('',(24.164787949,11.704081484,-7.3));
#1576=DIRECTION('',(0.,0.,1.));
#1577=DIRECTION('',(1.,0.,-0.));
#1578=AXIS2_PLACEMENT_3D('',#1575,#1576,#1577);
#1579=CIRCLE('',#1578,3.95);
#1580=EDGE_CURVE('',#1565,#1574,#1579,.T.);
#1581=ORIENTED_EDGE('',*,*,#1580,.T.);
#1582=CARTESIAN_POINT('',(22.9,-0.,-7.3));
#1583=VERTEX_POINT('',#1582);
#1584=CARTESIAN_POINT('',(-0.,0.,-7.3));
#1585=DIRECTION('',(-0.,-0.,-1.));
#1586=DIRECTION('',(1.,0.,-0.));
#1587=AXIS2_PLACEMENT_3D('',#1584,#1585,#1586);
#1588=CIRCLE('',#1587,22.9);
#1589=EDGE_CURVE('',#1574,#1583,#1588,.T.);
#1590=ORIENTED_EDGE('',*,*,#1589,.T.);
#1591=CARTESIAN_POINT('',(20.609819144,-9.982251992,-7.3));
#1592=VERTEX_POINT('',#1591);
#1593=CARTESIAN_POINT('',(-0.,0.,-7.3));
#1594=DIRECTION('',(-0.,-0.,-1.));
#1595=DIRECTION('',(1.,0.,-0.));
#1596=AXIS2_PLACEMENT_3D('',#1593,#1594,#1595);
#1597=CIRCLE('',#1596,22.9);
#1598=EDGE_CURVE('',#1583,#1592,#1597,.T.);
#1599=ORIENTED_EDGE('',*,*,#1598,.T.);
#1600=CARTESIAN_POINT('',(20.801506805,-13.775515758,-7.3));
#1601=VERTEX_POINT('',#1600);
#1602=CARTESIAN_POINT('',(24.164787949,-11.704081484,-7.3));
#1603=DIRECTION('',(0.,0.,1.));
#1604=DIRECTION('',(1.,0.,-0.));
#1605=AXIS2_PLACEMENT_3D('',#1602,#1603,#1604);
#1606=CIRCLE('',#1605,3.95);
#1607=EDGE_CURVE('',#1592,#1601,#1606,.T.);
#1608=ORIENTED_EDGE('',*,*,#1607,.T.);
#1609=CARTESIAN_POINT('',(21.4365,-16.017384504,-7.3));
#1610=VERTEX_POINT('',#1609);
#1611=CARTESIAN_POINT('',(17.161499989,-16.017384504,-7.3));
#1612=DIRECTION('',(-0.,-0.,-1.));
#1613=DIRECTION('',(1.,0.,-0.));
#1614=AXIS2_PLACEMENT_3D('',#1611,#1612,#1613);
#1615=CIRCLE('',#1614,4.275000011);
#1616=EDGE_CURVE('',#1601,#1610,#1615,.T.);
#1617=ORIENTED_EDGE('',*,*,#1616,.T.);
#1618=CARTESIAN_POINT('',(21.4365,-38.5202,-7.3));
#1619=VERTEX_POINT('',#1618);
#1620=CARTESIAN_POINT('',(21.4365,-16.017384504,-7.3));
#1621=DIRECTION('',(0.,-1.,-0.));
#1622=VECTOR('',#1621,22.502815496);
#1623=LINE('',#1620,#1622);
#1624=EDGE_CURVE('',#1610,#1619,#1623,.T.);
#1625=ORIENTED_EDGE('',*,*,#1624,.T.);
#1626=CARTESIAN_POINT('',(17.5365,-38.5202,-7.3));
#1627=DIRECTION('',(-0.,-0.,-1.));
#1628=DIRECTION('',(1.,0.,-0.));
#1629=AXIS2_PLACEMENT_3D('',#1626,#1627,#1628);
#1630=CIRCLE('',#1629,3.9);
#1631=EDGE_CURVE('',#1619,#1431,#1630,.T.);
#1632=ORIENTED_EDGE('',*,*,#1631,.T.);
#1633=EDGE_LOOP('',(#1439,#1448,#1456,#1464,#1473,#1482,#1491,#1500,#1509,#1518,#1527,#1536,#1545,#1554,#1563,#1572,#1581,#1590,#1599,#1608,#1617,#1625,#1632));
#1634=FACE_BOUND('',#1633,.T.);
#1635=ORIENTED_EDGE('',*,*,#964,.T.);
#1636=ORIENTED_EDGE('',*,*,#1386,.F.);
#1637=ORIENTED_EDGE('',*,*,#1363,.T.);
#1638=ORIENTED_EDGE('',*,*,#1315,.F.);
#1639=CARTESIAN_POINT('',(-24.164787949,11.704081484,-7.3));
#1640=DIRECTION('',(0.,0.,1.));
#1641=DIRECTION('',(1.,0.,-0.));
#1642=AXIS2_PLACEMENT_3D('',#1639,#1640,#1641);
#1643=CIRCLE('',#1642,4.75);
#1644=EDGE_CURVE('',#1266,#1301,#1643,.T.);
#1645=ORIENTED_EDGE('',*,*,#1644,.F.);
#1646=ORIENTED_EDGE('',*,*,#1288,.T.);
#1647=ORIENTED_EDGE('',*,*,#325,.F.);
#1648=CARTESIAN_POINT('',(-24.164787949,-11.704081484,-7.3));
#1649=DIRECTION('',(0.,0.,1.));
#1650=DIRECTION('',(1.,0.,-0.));
#1651=AXIS2_PLACEMENT_3D('',#1648,#1649,#1650);
#1652=CIRCLE('',#1651,4.75);
#1653=EDGE_CURVE('',#286,#311,#1652,.T.);
#1654=ORIENTED_EDGE('',*,*,#1653,.F.);
#1655=ORIENTED_EDGE('',*,*,#292,.T.);
#1656=ORIENTED_EDGE('',*,*,#1255,.T.);
#1657=ORIENTED_EDGE('',*,*,#1227,.F.);
#1658=ORIENTED_EDGE('',*,*,#1202,.T.);
#1659=ORIENTED_EDGE('',*,*,#1169,.T.);
#1660=ORIENTED_EDGE('',*,*,#1138,.T.);
#1661=ORIENTED_EDGE('',*,*,#145,.T.);
#1662=ORIENTED_EDGE('',*,*,#255,.T.);
#1663=ORIENTED_EDGE('',*,*,#232,.F.);
#1664=CARTESIAN_POINT('',(-0.,0.,-7.3));
#1665=DIRECTION('',(0.,0.,1.));
#1666=DIRECTION('',(1.,0.,-0.));
#1667=AXIS2_PLACEMENT_3D('',#1664,#1665,#1666);
#1668=CIRCLE('',#1667,22.1);
#1669=EDGE_CURVE('',#220,#1085,#1668,.T.);
#1670=ORIENTED_EDGE('',*,*,#1669,.T.);
#1671=ORIENTED_EDGE('',*,*,#1105,.T.);
#1672=ORIENTED_EDGE('',*,*,#1066,.F.);
#1673=CARTESIAN_POINT('',(17.161522422,16.017420927,-7.3));
#1674=DIRECTION('',(0.,0.,1.));
#1675=DIRECTION('',(1.,0.,-0.));
#1676=AXIS2_PLACEMENT_3D('',#1673,#1674,#1675);
#1677=CIRCLE('',#1676,3.475000011);
#1678=EDGE_CURVE('',#1052,#1010,#1677,.T.);
#1679=ORIENTED_EDGE('',*,*,#1678,.T.);
#1680=ORIENTED_EDGE('',*,*,#1030,.T.);
#1681=ORIENTED_EDGE('',*,*,#991,.F.);
#1682=EDGE_LOOP('',(#1635,#1636,#1637,#1638,#1645,#1646,#1647,#1654,#1655,#1656,#1657,#1658,#1659,#1660,#1661,#1662,#1663,#1670,#1671,#1672,#1679,#1680,#1681));
#1683=FACE_BOUND('',#1682,.T.);
#1684=ADVANCED_FACE('',(#1634,#1683),#1429,.F.);
#1685=CARTESIAN_POINT('',(-64.3,-68.6202,-1.3));
#1686=DIRECTION('',(0.,0.,1.));
#1687=DIRECTION('',(-0.,1.,0.));
#1688=AXIS2_PLACEMENT_3D('',#1685,#1686,#1687);
#1689=PLANE('',#1688);
#1690=CARTESIAN_POINT('',(20.801506805,-13.775515758,-1.3));
#1691=VERTEX_POINT('',#1690);
#1692=CARTESIAN_POINT('',(20.609819144,-9.982251992,-1.3));
#1693=VERTEX_POINT('',#1692);
#1694=CARTESIAN_POINT('',(24.164787949,-11.704081484,-1.3));
#1695=DIRECTION('',(-0.,-0.,-1.));
#1696=DIRECTION('',(1.,0.,-0.));
#1697=AXIS2_PLACEMENT_3D('',#1694,#1695,#1696);
#1698=CIRCLE('',#1697,3.95);
#1699=EDGE_CURVE('',#1691,#1693,#1698,.T.);
#1700=ORIENTED_EDGE('',*,*,#1699,.T.);
#1701=CARTESIAN_POINT('',(22.9,-0.,-1.3));
#1702=VERTEX_POINT('',#1701);
#1703=CARTESIAN_POINT('',(-0.,0.,-1.3));
#1704=DIRECTION('',(0.,0.,1.));
#1705=DIRECTION('',(1.,0.,-0.));
#1706=AXIS2_PLACEMENT_3D('',#1703,#1704,#1705);
#1707=CIRCLE('',#1706,22.9);
#1708=EDGE_CURVE('',#1693,#1702,#1707,.T.);
#1709=ORIENTED_EDGE('',*,*,#1708,.T.);
#1710=CARTESIAN_POINT('',(20.609819144,9.982251992,-1.3));
#1711=VERTEX_POINT('',#1710);
#1712=CARTESIAN_POINT('',(-0.,0.,-1.3));
#1713=DIRECTION('',(0.,0.,1.));
#1714=DIRECTION('',(1.,0.,-0.));
#1715=AXIS2_PLACEMENT_3D('',#1712,#1713,#1714);
#1716=CIRCLE('',#1715,22.9);
#1717=EDGE_CURVE('',#1702,#1711,#1716,.T.);
#1718=ORIENTED_EDGE('',*,*,#1717,.T.);
#1719=CARTESIAN_POINT('',(20.801517579,13.77553325,-1.3));
#1720=VERTEX_POINT('',#1719);
#1721=CARTESIAN_POINT('',(24.164787949,11.704081484,-1.3));
#1722=DIRECTION('',(-0.,-0.,-1.));
#1723=DIRECTION('',(1.,0.,-0.));
#1724=AXIS2_PLACEMENT_3D('',#1721,#1722,#1723);
#1725=CIRCLE('',#1724,3.95);
#1726=EDGE_CURVE('',#1711,#1720,#1725,.T.);
#1727=ORIENTED_EDGE('',*,*,#1726,.T.);
#1728=CARTESIAN_POINT('',(21.436522433,16.017420927,-1.3));
#1729=VERTEX_POINT('',#1728);
#1730=CARTESIAN_POINT('',(17.161522422,16.017420927,-1.3));
#1731=DIRECTION('',(0.,0.,1.));
#1732=DIRECTION('',(1.,0.,-0.));
#1733=AXIS2_PLACEMENT_3D('',#1730,#1731,#1732);
#1734=CIRCLE('',#1733,4.275000011);
#1735=EDGE_CURVE('',#1720,#1729,#1734,.T.);
#1736=ORIENTED_EDGE('',*,*,#1735,.T.);
#1737=CARTESIAN_POINT('',(15.175695903,19.803199332,-1.3));
#1738=VERTEX_POINT('',#1737);
#1739=CARTESIAN_POINT('',(17.161522422,16.017420927,-1.3));
#1740=DIRECTION('',(0.,0.,1.));
#1741=DIRECTION('',(1.,0.,-0.));
#1742=AXIS2_PLACEMENT_3D('',#1739,#1740,#1741);
#1743=CIRCLE('',#1742,4.275000011);
#1744=EDGE_CURVE('',#1729,#1738,#1743,.T.);
#1745=ORIENTED_EDGE('',*,*,#1744,.T.);
#1746=CARTESIAN_POINT('',(11.378219933,19.873251147,-1.3));
#1747=VERTEX_POINT('',#1746);
#1748=CARTESIAN_POINT('',(13.340838656,23.301170013,-1.3));
#1749=DIRECTION('',(-0.,-0.,-1.));
#1750=DIRECTION('',(1.,0.,-0.));
#1751=AXIS2_PLACEMENT_3D('',#1748,#1749,#1750);
#1752=CIRCLE('',#1751,3.95);
#1753=EDGE_CURVE('',#1738,#1747,#1752,.T.);
#1754=ORIENTED_EDGE('',*,*,#1753,.T.);
#1755=CARTESIAN_POINT('',(-11.378219933,19.873251147,-1.3));
#1756=VERTEX_POINT('',#1755);
#1757=CARTESIAN_POINT('',(-0.,0.,-1.3));
#1758=DIRECTION('',(0.,0.,1.));
#1759=DIRECTION('',(1.,0.,-0.));
#1760=AXIS2_PLACEMENT_3D('',#1757,#1758,#1759);
#1761=CIRCLE('',#1760,22.9);
#1762=EDGE_CURVE('',#1747,#1756,#1761,.T.);
#1763=ORIENTED_EDGE('',*,*,#1762,.T.);
#1764=CARTESIAN_POINT('',(-15.175695903,19.803199332,-1.3));
#1765=VERTEX_POINT('',#1764);
#1766=CARTESIAN_POINT('',(-13.340838656,23.301170013,-1.3));
#1767=DIRECTION('',(-0.,-0.,-1.));
#1768=DIRECTION('',(1.,0.,-0.));
#1769=AXIS2_PLACEMENT_3D('',#1766,#1767,#1768);
#1770=CIRCLE('',#1769,3.95);
#1771=EDGE_CURVE('',#1756,#1765,#1770,.T.);
#1772=ORIENTED_EDGE('',*,*,#1771,.T.);
#1773=CARTESIAN_POINT('',(-20.801517579,13.77553325,-1.3));
#1774=VERTEX_POINT('',#1773);
#1775=CARTESIAN_POINT('',(-17.161522422,16.017420927,-1.3));
#1776=DIRECTION('',(0.,0.,1.));
#1777=DIRECTION('',(1.,0.,-0.));
#1778=AXIS2_PLACEMENT_3D('',#1775,#1776,#1777);
#1779=CIRCLE('',#1778,4.275000011);
#1780=EDGE_CURVE('',#1765,#1774,#1779,.T.);
#1781=ORIENTED_EDGE('',*,*,#1780,.T.);
#1782=CARTESIAN_POINT('',(-20.214787949,11.704081484,-1.3));
#1783=VERTEX_POINT('',#1782);
#1784=CARTESIAN_POINT('',(-24.164787949,11.704081484,-1.3));
#1785=DIRECTION('',(-0.,-0.,-1.));
#1786=DIRECTION('',(1.,0.,-0.));
#1787=AXIS2_PLACEMENT_3D('',#1784,#1785,#1786);
#1788=CIRCLE('',#1787,3.95);
#1789=EDGE_CURVE('',#1774,#1783,#1788,.T.);
#1790=ORIENTED_EDGE('',*,*,#1789,.T.);
#1791=CARTESIAN_POINT('',(-20.609819144,9.982251992,-1.3));
#1792=VERTEX_POINT('',#1791);
#1793=CARTESIAN_POINT('',(-24.164787949,11.704081484,-1.3));
#1794=DIRECTION('',(-0.,-0.,-1.));
#1795=DIRECTION('',(1.,0.,-0.));
#1796=AXIS2_PLACEMENT_3D('',#1793,#1794,#1795);
#1797=CIRCLE('',#1796,3.95);
#1798=EDGE_CURVE('',#1783,#1792,#1797,.T.);
#1799=ORIENTED_EDGE('',*,*,#1798,.T.);
#1800=CARTESIAN_POINT('',(-20.609819144,-9.982251992,-1.3));
#1801=VERTEX_POINT('',#1800);
#1802=CARTESIAN_POINT('',(0.,0.,-1.3));
#1803=DIRECTION('',(0.,0.,1.));
#1804=DIRECTION('',(1.,0.,-0.));
#1805=AXIS2_PLACEMENT_3D('',#1802,#1803,#1804);
#1806=CIRCLE('',#1805,22.9);
#1807=EDGE_CURVE('',#1792,#1801,#1806,.T.);
#1808=ORIENTED_EDGE('',*,*,#1807,.T.);
#1809=CARTESIAN_POINT('',(-20.214787949,-11.704081484,-1.3));
#1810=VERTEX_POINT('',#1809);
#1811=CARTESIAN_POINT('',(-24.164787949,-11.704081484,-1.3));
#1812=DIRECTION('',(-0.,-0.,-1.));
#1813=DIRECTION('',(1.,0.,-0.));
#1814=AXIS2_PLACEMENT_3D('',#1811,#1812,#1813);
#1815=CIRCLE('',#1814,3.95);
#1816=EDGE_CURVE('',#1801,#1810,#1815,.T.);
#1817=ORIENTED_EDGE('',*,*,#1816,.T.);
#1818=CARTESIAN_POINT('',(-20.801517579,-13.77553325,-1.3));
#1819=VERTEX_POINT('',#1818);
#1820=CARTESIAN_POINT('',(-24.164787949,-11.704081484,-1.3));
#1821=DIRECTION('',(-0.,-0.,-1.));
#1822=DIRECTION('',(1.,0.,-0.));
#1823=AXIS2_PLACEMENT_3D('',#1820,#1821,#1822);
#1824=CIRCLE('',#1823,3.95);
#1825=EDGE_CURVE('',#1810,#1819,#1824,.T.);
#1826=ORIENTED_EDGE('',*,*,#1825,.T.);
#1827=CARTESIAN_POINT('',(-21.436522433,-16.017420927,-1.3));
#1828=VERTEX_POINT('',#1827);
#1829=CARTESIAN_POINT('',(-17.161522422,-16.017420927,-1.3));
#1830=DIRECTION('',(0.,0.,1.));
#1831=DIRECTION('',(1.,0.,-0.));
#1832=AXIS2_PLACEMENT_3D('',#1829,#1830,#1831);
#1833=CIRCLE('',#1832,4.275000011);
#1834=EDGE_CURVE('',#1819,#1828,#1833,.T.);
#1835=ORIENTED_EDGE('',*,*,#1834,.T.);
#1836=CARTESIAN_POINT('',(-21.4365,-19.6702,-1.3));
#1837=VERTEX_POINT('',#1836);
#1838=CARTESIAN_POINT('',(-21.436522433,-16.017420927,-1.3));
#1839=DIRECTION('',(0.,-1.,0.));
#1840=VECTOR('',#1839,3.652779073);
#1841=LINE('',#1838,#1840);
#1842=EDGE_CURVE('',#1828,#1837,#1841,.T.);
#1843=ORIENTED_EDGE('',*,*,#1842,.T.);
#1844=CARTESIAN_POINT('',(-21.4365,-38.5202,-1.3));
#1845=VERTEX_POINT('',#1844);
#1846=CARTESIAN_POINT('',(-21.4365,-19.6702,-1.3));
#1847=DIRECTION('',(-0.,-1.,-0.));
#1848=VECTOR('',#1847,18.85);
#1849=LINE('',#1846,#1848);
#1850=EDGE_CURVE('',#1837,#1845,#1849,.T.);
#1851=ORIENTED_EDGE('',*,*,#1850,.T.);
#1852=CARTESIAN_POINT('',(-17.5365,-42.4202,-1.3));
#1853=VERTEX_POINT('',#1852);
#1854=CARTESIAN_POINT('',(-17.5365,-38.5202,-1.3));
#1855=DIRECTION('',(0.,0.,1.));
#1856=DIRECTION('',(1.,0.,-0.));
#1857=AXIS2_PLACEMENT_3D('',#1854,#1855,#1856);
#1858=CIRCLE('',#1857,3.9);
#1859=EDGE_CURVE('',#1845,#1853,#1858,.T.);
#1860=ORIENTED_EDGE('',*,*,#1859,.T.);
#1861=CARTESIAN_POINT('',(17.5365,-42.4202,-1.3));
#1862=VERTEX_POINT('',#1861);
#1863=CARTESIAN_POINT('',(-17.5365,-42.4202,-1.3));
#1864=DIRECTION('',(1.,0.,0.));
#1865=VECTOR('',#1864,35.073);
#1866=LINE('',#1863,#1865);
#1867=EDGE_CURVE('',#1853,#1862,#1866,.T.);
#1868=ORIENTED_EDGE('',*,*,#1867,.T.);
#1869=CARTESIAN_POINT('',(21.4365,-38.5202,-1.3));
#1870=VERTEX_POINT('',#1869);
#1871=CARTESIAN_POINT('',(17.5365,-38.5202,-1.3));
#1872=DIRECTION('',(0.,0.,1.));
#1873=DIRECTION('',(1.,0.,-0.));
#1874=AXIS2_PLACEMENT_3D('',#1871,#1872,#1873);
#1875=CIRCLE('',#1874,3.9);
#1876=EDGE_CURVE('',#1862,#1870,#1875,.T.);
#1877=ORIENTED_EDGE('',*,*,#1876,.T.);
#1878=CARTESIAN_POINT('',(21.4365,-16.017384504,-1.3));
#1879=VERTEX_POINT('',#1878);
#1880=CARTESIAN_POINT('',(21.4365,-38.5202,-1.3));
#1881=DIRECTION('',(-0.,1.,0.));
#1882=VECTOR('',#1881,22.502815496);
#1883=LINE('',#1880,#1882);
#1884=EDGE_CURVE('',#1870,#1879,#1883,.T.);
#1885=ORIENTED_EDGE('',*,*,#1884,.T.);
#1886=CARTESIAN_POINT('',(17.161499989,-16.017384504,-1.3));
#1887=DIRECTION('',(0.,0.,1.));
#1888=DIRECTION('',(1.,0.,-0.));
#1889=AXIS2_PLACEMENT_3D('',#1886,#1887,#1888);
#1890=CIRCLE('',#1889,4.275000011);
#1891=EDGE_CURVE('',#1879,#1691,#1890,.T.);
#1892=ORIENTED_EDGE('',*,*,#1891,.T.);
#1893=EDGE_LOOP('',(#1700,#1709,#1718,#1727,#1736,#1745,#1754,#1763,#1772,#1781,#1790,#1799,#1808,#1817,#1826,#1835,#1843,#1851,#1860,#1868,#1877,#1885,#1892));
#1894=FACE_BOUND('',#1893,.T.);
#1895=CARTESIAN_POINT('',(19.461522422,-16.017420927,-1.3));
#1896=VERTEX_POINT('',#1895);
#1897=CARTESIAN_POINT('',(17.161522422,-16.017420927,-1.3));
#1898=DIRECTION('',(-0.,-0.,-1.));
#1899=DIRECTION('',(1.,0.,-0.));
#1900=AXIS2_PLACEMENT_3D('',#1897,#1898,#1899);
#1901=CIRCLE('',#1900,2.3);
#1902=EDGE_CURVE('',#1896,#1896,#1901,.T.);
#1903=ORIENTED_EDGE('',*,*,#1902,.T.);
#1904=EDGE_LOOP('',(#1903));
#1905=FACE_BOUND('',#1904,.T.);
#1906=CARTESIAN_POINT('',(19.461522422,16.017420927,-1.3));
#1907=VERTEX_POINT('',#1906);
#1908=CARTESIAN_POINT('',(17.161522422,16.017420927,-1.3));
#1909=DIRECTION('',(-0.,-0.,-1.));
#1910=DIRECTION('',(1.,0.,-0.));
#1911=AXIS2_PLACEMENT_3D('',#1908,#1909,#1910);
#1912=CIRCLE('',#1911,2.3);
#1913=EDGE_CURVE('',#1907,#1907,#1912,.T.);
#1914=ORIENTED_EDGE('',*,*,#1913,.T.);
#1915=EDGE_LOOP('',(#1914));
#1916=FACE_BOUND('',#1915,.T.);
#1917=CARTESIAN_POINT('',(-14.861522422,-16.017420927,-1.3));
#1918=VERTEX_POINT('',#1917);
#1919=CARTESIAN_POINT('',(-17.161522422,-16.017420927,-1.3));
#1920=DIRECTION('',(-0.,-0.,-1.));
#1921=DIRECTION('',(1.,0.,-0.));
#1922=AXIS2_PLACEMENT_3D('',#1919,#1920,#1921);
#1923=CIRCLE('',#1922,2.3);
#1924=EDGE_CURVE('',#1918,#1918,#1923,.T.);
#1925=ORIENTED_EDGE('',*,*,#1924,.T.);
#1926=EDGE_LOOP('',(#1925));
#1927=FACE_BOUND('',#1926,.T.);
#1928=CARTESIAN_POINT('',(-14.861522422,16.017420927,-1.3));
#1929=VERTEX_POINT('',#1928);
#1930=CARTESIAN_POINT('',(-17.161522422,16.017420927,-1.3));
#1931=DIRECTION('',(-0.,-0.,-1.));
#1932=DIRECTION('',(1.,0.,-0.));
#1933=AXIS2_PLACEMENT_3D('',#1930,#1931,#1932);
#1934=CIRCLE('',#1933,2.3);
#1935=EDGE_CURVE('',#1929,#1929,#1934,.T.);
#1936=ORIENTED_EDGE('',*,*,#1935,.T.);
#1937=EDGE_LOOP('',(#1936));
#1938=FACE_BOUND('',#1937,.T.);
#1939=CARTESIAN_POINT('',(19.,0.,-1.3));
#1940=VERTEX_POINT('',#1939);
#1941=CARTESIAN_POINT('',(0.,0.,-1.3));
#1942=DIRECTION('',(0.,0.,1.));
#1943=DIRECTION('',(1.,0.,-0.));
#1944=AXIS2_PLACEMENT_3D('',#1941,#1942,#1943);
#1945=CIRCLE('',#1944,19.);
#1946=EDGE_CURVE('',#1940,#1940,#1945,.T.);
#1947=ORIENTED_EDGE('',*,*,#1946,.F.);
#1948=EDGE_LOOP('',(#1947));
#1949=FACE_BOUND('',#1948,.T.);
#1950=ADVANCED_FACE('',(#1894,#1905,#1916,#1927,#1938,#1949),#1689,.T.);
#1951=CARTESIAN_POINT('',(-64.3,-68.6202,-2.5));
#1952=DIRECTION('',(0.,0.,1.));
#1953=DIRECTION('',(-0.,1.,0.));
#1954=AXIS2_PLACEMENT_3D('',#1951,#1952,#1953);
#1955=PLANE('',#1954);
#1956=CARTESIAN_POINT('',(-16.061522422,16.017420927,-2.5));
#1957=VERTEX_POINT('',#1956);
#1958=CARTESIAN_POINT('',(-17.161522422,16.017420927,-2.5));
#1959=DIRECTION('',(0.,0.,1.));
#1960=DIRECTION('',(1.,0.,-0.));
#1961=AXIS2_PLACEMENT_3D('',#1958,#1959,#1960);
#1962=CIRCLE('',#1961,1.1);
#1963=EDGE_CURVE('',#1957,#1957,#1962,.T.);
#1964=ORIENTED_EDGE('',*,*,#1963,.T.);
#1965=EDGE_LOOP('',(#1964));
#1966=FACE_BOUND('',#1965,.T.);
#1967=CARTESIAN_POINT('',(-16.061522422,-16.017420927,-2.5));
#1968=VERTEX_POINT('',#1967);
#1969=CARTESIAN_POINT('',(-17.161522422,-16.017420927,-2.5));
#1970=DIRECTION('',(0.,0.,1.));
#1971=DIRECTION('',(1.,0.,-0.));
#1972=AXIS2_PLACEMENT_3D('',#1969,#1970,#1971);
#1973=CIRCLE('',#1972,1.1);
#1974=EDGE_CURVE('',#1968,#1968,#1973,.T.);
#1975=ORIENTED_EDGE('',*,*,#1974,.T.);
#1976=EDGE_LOOP('',(#1975));
#1977=FACE_BOUND('',#1976,.T.);
#1978=CARTESIAN_POINT('',(18.261522422,16.017420927,-2.5));
#1979=VERTEX_POINT('',#1978);
#1980=CARTESIAN_POINT('',(17.161522422,16.017420927,-2.5));
#1981=DIRECTION('',(0.,0.,1.));
#1982=DIRECTION('',(1.,0.,-0.));
#1983=AXIS2_PLACEMENT_3D('',#1980,#1981,#1982);
#1984=CIRCLE('',#1983,1.1);
#1985=EDGE_CURVE('',#1979,#1979,#1984,.T.);
#1986=ORIENTED_EDGE('',*,*,#1985,.T.);
#1987=EDGE_LOOP('',(#1986));
#1988=FACE_BOUND('',#1987,.T.);
#1989=CARTESIAN_POINT('',(18.261522422,-16.017420927,-2.5));
#1990=VERTEX_POINT('',#1989);
#1991=CARTESIAN_POINT('',(17.161522422,-16.017420927,-2.5));
#1992=DIRECTION('',(0.,0.,1.));
#1993=DIRECTION('',(1.,0.,-0.));
#1994=AXIS2_PLACEMENT_3D('',#1991,#1992,#1993);
#1995=CIRCLE('',#1994,1.1);
#1996=EDGE_CURVE('',#1990,#1990,#1995,.T.);
#1997=ORIENTED_EDGE('',*,*,#1996,.T.);
#1998=EDGE_LOOP('',(#1997));
#1999=FACE_BOUND('',#1998,.T.);
#2000=CARTESIAN_POINT('',(19.,0.,-2.5));
#2001=VERTEX_POINT('',#2000);
#2002=CARTESIAN_POINT('',(0.,0.,-2.5));
#2003=DIRECTION('',(0.,0.,1.));
#2004=DIRECTION('',(1.,0.,-0.));
#2005=AXIS2_PLACEMENT_3D('',#2002,#2003,#2004);
#2006=CIRCLE('',#2005,19.);
#2007=EDGE_CURVE('',#2001,#2001,#2006,.T.);
#2008=ORIENTED_EDGE('',*,*,#2007,.T.);
#2009=EDGE_LOOP('',(#2008));
#2010=FACE_BOUND('',#2009,.T.);
#2011=ORIENTED_EDGE('',*,*,#981,.T.);
#2012=ORIENTED_EDGE('',*,*,#1022,.F.);
#2013=CARTESIAN_POINT('',(17.161522422,16.017420927,-2.5));
#2014=DIRECTION('',(0.,0.,1.));
#2015=DIRECTION('',(0.851460853,-0.524418169,0.));
#2016=AXIS2_PLACEMENT_3D('',#2013,#2014,#2015);
#2017=CIRCLE('',#2016,3.475000011);
#2018=EDGE_CURVE('',#1041,#1008,#2017,.T.);
#2019=ORIENTED_EDGE('',*,*,#2018,.F.);
#2020=ORIENTED_EDGE('',*,*,#1049,.T.);
#2021=ORIENTED_EDGE('',*,*,#1097,.F.);
#2022=CARTESIAN_POINT('',(-0.,0.,-2.5));
#2023=DIRECTION('',(0.,0.,1.));
#2024=DIRECTION('',(0.899992102,-0.435906201,0.));
#2025=AXIS2_PLACEMENT_3D('',#2022,#2023,#2024);
#2026=CIRCLE('',#2025,22.1);
#2027=EDGE_CURVE('',#211,#1083,#2026,.T.);
#2028=ORIENTED_EDGE('',*,*,#2027,.F.);
#2029=ORIENTED_EDGE('',*,*,#217,.T.);
#2030=ORIENTED_EDGE('',*,*,#247,.F.);
#2031=ORIENTED_EDGE('',*,*,#131,.F.);
#2032=ORIENTED_EDGE('',*,*,#1130,.F.);
#2033=ORIENTED_EDGE('',*,*,#1162,.F.);
#2034=ORIENTED_EDGE('',*,*,#1194,.F.);
#2035=ORIENTED_EDGE('',*,*,#1218,.T.);
#2036=ORIENTED_EDGE('',*,*,#1248,.F.);
#2037=ORIENTED_EDGE('',*,*,#275,.F.);
#2038=CARTESIAN_POINT('',(-24.164787949,-11.704081484,-2.5));
#2039=DIRECTION('',(0.,0.,1.));
#2040=DIRECTION('',(0.851460853,-0.524418169,0.));
#2041=AXIS2_PLACEMENT_3D('',#2038,#2039,#2040);
#2042=CIRCLE('',#2041,4.75);
#2043=EDGE_CURVE('',#267,#309,#2042,.T.);
#2044=ORIENTED_EDGE('',*,*,#2043,.T.);
#2045=ORIENTED_EDGE('',*,*,#340,.T.);
#2046=ORIENTED_EDGE('',*,*,#1280,.F.);
#2047=CARTESIAN_POINT('',(-24.164787949,11.704081484,-2.5));
#2048=DIRECTION('',(0.,0.,1.));
#2049=DIRECTION('',(0.899992102,-0.435906201,0.));
#2050=AXIS2_PLACEMENT_3D('',#2047,#2048,#2049);
#2051=CIRCLE('',#2050,4.75);
#2052=EDGE_CURVE('',#1268,#1299,#2051,.T.);
#2053=ORIENTED_EDGE('',*,*,#2052,.T.);
#2054=ORIENTED_EDGE('',*,*,#1330,.T.);
#2055=ORIENTED_EDGE('',*,*,#1355,.F.);
#2056=ORIENTED_EDGE('',*,*,#1378,.T.);
#2057=ORIENTED_EDGE('',*,*,#949,.F.);
#2058=EDGE_LOOP('',(#2011,#2012,#2019,#2020,#2021,#2028,#2029,#2030,#2031,#2032,#2033,#2034,#2035,#2036,#2037,#2044,#2045,#2046,#2053,#2054,#2055,#2056,#2057));
#2059=FACE_BOUND('',#2058,.T.);
#2060=ADVANCED_FACE('',(#1966,#1977,#1988,#1999,#2010,#2059),#1955,.F.);
#2061=CARTESIAN_POINT('',(0.,0.,-6.3));
#2062=DIRECTION('',(0.,0.,1.));
#2063=DIRECTION('',(1.,0.,-0.));
#2064=AXIS2_PLACEMENT_3D('',#2061,#2062,#2063);
#2065=CYLINDRICAL_SURFACE('',#2064,19.);
#2066=CARTESIAN_POINT('',(19.,0.,-1.3));
#2067=DIRECTION('',(-0.,-0.,-1.));
#2068=VECTOR('',#2067,1.2);
#2069=LINE('',#2066,#2068);
#2070=EDGE_CURVE('',#1940,#2001,#2069,.T.);
#2071=ORIENTED_EDGE('',*,*,#2070,.F.);
#2072=ORIENTED_EDGE('',*,*,#1946,.T.);
#2073=ORIENTED_EDGE('',*,*,#2070,.T.);
#2074=ORIENTED_EDGE('',*,*,#2007,.F.);
#2075=EDGE_LOOP('',(#2071,#2072,#2073,#2074));
#2076=FACE_BOUND('',#2075,.T.);
#2077=ADVANCED_FACE('',(#2076),#2065,.F.);
#2078=CARTESIAN_POINT('',(17.161522422,-16.017420927,-2.5));
#2079=DIRECTION('',(0.,0.,1.));
#2080=DIRECTION('',(1.,0.,-0.));
#2081=AXIS2_PLACEMENT_3D('',#2078,#2079,#2080);
#2082=CONICAL_SURFACE('',#2081,1.1,45.);
#2083=CARTESIAN_POINT('',(19.461522422,-16.017420927,-1.3));
#2084=DIRECTION('',(-0.707106781,-0.,-0.707106781));
#2085=VECTOR('',#2084,1.697056275);
#2086=LINE('',#2083,#2085);
#2087=EDGE_CURVE('',#1896,#1990,#2086,.T.);
#2088=ORIENTED_EDGE('',*,*,#2087,.F.);
#2089=ORIENTED_EDGE('',*,*,#1902,.F.);
#2090=ORIENTED_EDGE('',*,*,#2087,.T.);
#2091=ORIENTED_EDGE('',*,*,#1996,.F.);
#2092=EDGE_LOOP('',(#2088,#2089,#2090,#2091));
#2093=FACE_BOUND('',#2092,.T.);
#2094=ADVANCED_FACE('',(#2093),#2082,.F.);
#2095=CARTESIAN_POINT('',(17.161522422,16.017420927,-2.5));
#2096=DIRECTION('',(0.,0.,1.));
#2097=DIRECTION('',(1.,0.,-0.));
#2098=AXIS2_PLACEMENT_3D('',#2095,#2096,#2097);
#2099=CONICAL_SURFACE('',#2098,1.1,45.);
#2100=CARTESIAN_POINT('',(19.461522422,16.017420927,-1.3));
#2101=DIRECTION('',(-0.707106781,-0.,-0.707106781));
#2102=VECTOR('',#2101,1.697056275);
#2103=LINE('',#2100,#2102);
#2104=EDGE_CURVE('',#1907,#1979,#2103,.T.);
#2105=ORIENTED_EDGE('',*,*,#2104,.F.);
#2106=ORIENTED_EDGE('',*,*,#1913,.F.);
#2107=ORIENTED_EDGE('',*,*,#2104,.T.);
#2108=ORIENTED_EDGE('',*,*,#1985,.F.);
#2109=EDGE_LOOP('',(#2105,#2106,#2107,#2108));
#2110=FACE_BOUND('',#2109,.T.);
#2111=ADVANCED_FACE('',(#2110),#2099,.F.);
#2112=CARTESIAN_POINT('',(-17.161522422,-16.017420927,-2.5));
#2113=DIRECTION('',(0.,0.,1.));
#2114=DIRECTION('',(1.,0.,-0.));
#2115=AXIS2_PLACEMENT_3D('',#2112,#2113,#2114);
#2116=CONICAL_SURFACE('',#2115,1.1,45.);
#2117=CARTESIAN_POINT('',(-14.861522422,-16.017420927,-1.3));
#2118=DIRECTION('',(-0.707106781,-0.,-0.707106781));
#2119=VECTOR('',#2118,1.697056275);
#2120=LINE('',#2117,#2119);
#2121=EDGE_CURVE('',#1918,#1968,#2120,.T.);
#2122=ORIENTED_EDGE('',*,*,#2121,.F.);
#2123=ORIENTED_EDGE('',*,*,#1924,.F.);
#2124=ORIENTED_EDGE('',*,*,#2121,.T.);
#2125=ORIENTED_EDGE('',*,*,#1974,.F.);
#2126=EDGE_LOOP('',(#2122,#2123,#2124,#2125));
#2127=FACE_BOUND('',#2126,.T.);
#2128=ADVANCED_FACE('',(#2127),#2116,.F.);
#2129=CARTESIAN_POINT('',(-17.161522422,16.017420927,-2.5));
#2130=DIRECTION('',(0.,0.,1.));
#2131=DIRECTION('',(1.,0.,-0.));
#2132=AXIS2_PLACEMENT_3D('',#2129,#2130,#2131);
#2133=CONICAL_SURFACE('',#2132,1.1,45.);
#2134=CARTESIAN_POINT('',(-14.861522422,16.017420927,-1.3));
#2135=DIRECTION('',(-0.707106781,-0.,-0.707106781));
#2136=VECTOR('',#2135,1.697056275);
#2137=LINE('',#2134,#2136);
#2138=EDGE_CURVE('',#1929,#1957,#2137,.T.);
#2139=ORIENTED_EDGE('',*,*,#2138,.F.);
#2140=ORIENTED_EDGE('',*,*,#1935,.F.);
#2141=ORIENTED_EDGE('',*,*,#2138,.T.);
#2142=ORIENTED_EDGE('',*,*,#1963,.F.);
#2143=EDGE_LOOP('',(#2139,#2140,#2141,#2142));
#2144=FACE_BOUND('',#2143,.T.);
#2145=ADVANCED_FACE('',(#2144),#2133,.F.);
#2146=CARTESIAN_POINT('',(17.4365,-30.5202,-2.75));
#2147=DIRECTION('',(0.,0.,-1.));
#2148=DIRECTION('',(-1.,0.,0.));
#2149=AXIS2_PLACEMENT_3D('',#2146,#2147,#2148);
#2150=PLANE('',#2149);
#2151=ORIENTED_EDGE('',*,*,#157,.T.);
#2152=CARTESIAN_POINT('',(20.6365,-27.6452,-2.75));
#2153=DIRECTION('',(1.,0.,0.));
#2154=VECTOR('',#2153,1.6);
#2155=LINE('',#2152,#2154);
#2156=EDGE_CURVE('',#152,#60,#2155,.T.);
#2157=ORIENTED_EDGE('',*,*,#2156,.T.);
#2158=ORIENTED_EDGE('',*,*,#65,.F.);
#2159=CARTESIAN_POINT('',(20.6365,-33.3952,-2.75));
#2160=DIRECTION('',(1.,0.,0.));
#2161=VECTOR('',#2160,1.6);
#2162=LINE('',#2159,#2161);
#2163=EDGE_CURVE('',#150,#51,#2162,.T.);
#2164=ORIENTED_EDGE('',*,*,#2163,.F.);
#2165=EDGE_LOOP('',(#2151,#2157,#2158,#2164));
#2166=FACE_BOUND('',#2165,.T.);
#2167=ADVANCED_FACE('',(#2166),#2150,.T.);
#2168=CARTESIAN_POINT('',(17.4365,-33.3952,-4.625));
#2169=DIRECTION('',(1.,0.,0.));
#2170=DIRECTION('',(-0.,1.,0.));
#2171=AXIS2_PLACEMENT_3D('',#2168,#2169,#2170);
#2172=CYLINDRICAL_SURFACE('',#2171,1.875);
#2173=ORIENTED_EDGE('',*,*,#2163,.T.);
#2174=ORIENTED_EDGE('',*,*,#57,.T.);
#2175=CARTESIAN_POINT('',(20.6365,-33.3952,-6.5));
#2176=DIRECTION('',(1.,0.,0.));
#2177=VECTOR('',#2176,1.6);
#2178=LINE('',#2175,#2177);
#2179=EDGE_CURVE('',#160,#43,#2178,.T.);
#2180=ORIENTED_EDGE('',*,*,#2179,.F.);
#2181=ORIENTED_EDGE('',*,*,#166,.F.);
#2182=EDGE_LOOP('',(#2173,#2174,#2180,#2181));
#2183=FACE_BOUND('',#2182,.T.);
#2184=ADVANCED_FACE('',(#2183),#2172,.F.);
#2185=CARTESIAN_POINT('',(17.4365,-30.5202,-6.5));
#2186=DIRECTION('',(0.,0.,-1.));
#2187=DIRECTION('',(-1.,0.,0.));
#2188=AXIS2_PLACEMENT_3D('',#2185,#2186,#2187);
#2189=PLANE('',#2188);
#2190=ORIENTED_EDGE('',*,*,#2179,.T.);
#2191=CARTESIAN_POINT('',(22.2365,-33.3952,-6.5));
#2192=DIRECTION('',(-0.,1.,0.));
#2193=VECTOR('',#2192,5.75);
#2194=LINE('',#2191,#2193);
#2195=EDGE_CURVE('',#43,#77,#2194,.T.);
#2196=ORIENTED_EDGE('',*,*,#2195,.T.);
#2197=CARTESIAN_POINT('',(20.6365,-27.6452,-6.5));
#2198=DIRECTION('',(1.,0.,0.));
#2199=VECTOR('',#2198,1.6);
#2200=LINE('',#2197,#2199);
#2201=EDGE_CURVE('',#169,#77,#2200,.T.);
#2202=ORIENTED_EDGE('',*,*,#2201,.F.);
#2203=ORIENTED_EDGE('',*,*,#174,.F.);
#2204=EDGE_LOOP('',(#2190,#2196,#2202,#2203));
#2205=FACE_BOUND('',#2204,.T.);
#2206=ADVANCED_FACE('',(#2205),#2189,.F.);
#2207=CARTESIAN_POINT('',(17.4365,-27.6452,-4.625));
#2208=DIRECTION('',(1.,0.,0.));
#2209=DIRECTION('',(-0.,1.,0.));
#2210=AXIS2_PLACEMENT_3D('',#2207,#2208,#2209);
#2211=CYLINDRICAL_SURFACE('',#2210,1.875);
#2212=CARTESIAN_POINT('',(22.2365,-25.7702,-4.625));
#2213=DIRECTION('',(-1.,-0.,-0.));
#2214=VECTOR('',#2213,1.6);
#2215=LINE('',#2212,#2214);
#2216=EDGE_CURVE('',#68,#177,#2215,.T.);
#2217=ORIENTED_EDGE('',*,*,#2216,.F.);
#2218=ORIENTED_EDGE('',*,*,#74,.T.);
#2219=ORIENTED_EDGE('',*,*,#2156,.F.);
#2220=ORIENTED_EDGE('',*,*,#190,.F.);
#2221=EDGE_LOOP('',(#2217,#2218,#2219,#2220));
#2222=FACE_BOUND('',#2221,.T.);
#2223=ADVANCED_FACE('',(#2222),#2211,.F.);
#2224=CARTESIAN_POINT('',(-17.161522422,-16.017420927,-2.1));
#2225=DIRECTION('',(0.,0.,1.));
#2226=DIRECTION('',(1.,0.,-0.));
#2227=AXIS2_PLACEMENT_3D('',#2224,#2225,#2226);
#2228=TOROIDAL_SURFACE('',#2227,4.275000011,0.8);
#2229=CARTESIAN_POINT('',(-21.436522433,-16.017420927,-2.1));
#2230=DIRECTION('',(-0.,-1.,0.));
#2231=DIRECTION('',(1.,-0.,0.));
#2232=AXIS2_PLACEMENT_3D('',#2229,#2230,#2231);
#2233=CIRCLE('',#2232,0.8);
#2234=EDGE_CURVE('',#1828,#619,#2233,.T.);
#2235=ORIENTED_EDGE('',*,*,#2234,.F.);
#2236=ORIENTED_EDGE('',*,*,#1834,.F.);
#2237=CARTESIAN_POINT('',(-20.801517579,-13.77553325,-2.1));
#2238=DIRECTION('',(0.524418169,0.851460853,-0.));
#2239=DIRECTION('',(-0.851460853,0.524418169,-0.));
#2240=AXIS2_PLACEMENT_3D('',#2237,#2238,#2239);
#2241=CIRCLE('',#2240,0.8);
#2242=EDGE_CURVE('',#602,#1819,#2241,.T.);
#2243=ORIENTED_EDGE('',*,*,#2242,.F.);
#2244=ORIENTED_EDGE('',*,*,#631,.F.);
#2245=EDGE_LOOP('',(#2235,#2236,#2243,#2244));
#2246=FACE_BOUND('',#2245,.T.);
#2247=ADVANCED_FACE('',(#2246),#2228,.T.);
#2248=CARTESIAN_POINT('',(-24.164787949,-11.704081484,-2.1));
#2249=DIRECTION('',(0.,0.,1.));
#2250=DIRECTION('',(1.,0.,-0.));
#2251=AXIS2_PLACEMENT_3D('',#2248,#2249,#2250);
#2252=TOROIDAL_SURFACE('',#2251,3.95,0.8);
#2253=CARTESIAN_POINT('',(-20.214787949,-11.704081484,-2.1));
#2254=DIRECTION('',(-0.,1.,-0.));
#2255=DIRECTION('',(1.,0.,0.));
#2256=AXIS2_PLACEMENT_3D('',#2253,#2254,#2255);
#2257=CIRCLE('',#2256,0.8);
#2258=EDGE_CURVE('',#567,#1810,#2257,.T.);
#2259=ORIENTED_EDGE('',*,*,#2258,.T.);
#2260=ORIENTED_EDGE('',*,*,#1816,.F.);
#2261=CARTESIAN_POINT('',(-20.609819144,-9.982251992,-2.1));
#2262=DIRECTION('',(-0.435906201,0.899992102,0.));
#2263=DIRECTION('',(-0.899992102,-0.435906201,0.));
#2264=AXIS2_PLACEMENT_3D('',#2261,#2262,#2263);
#2265=CIRCLE('',#2264,0.8);
#2266=EDGE_CURVE('',#544,#1801,#2265,.T.);
#2267=ORIENTED_EDGE('',*,*,#2266,.F.);
#2268=ORIENTED_EDGE('',*,*,#581,.F.);
#2269=EDGE_LOOP('',(#2259,#2260,#2267,#2268));
#2270=FACE_BOUND('',#2269,.T.);
#2271=ADVANCED_FACE('',(#2270),#2252,.T.);
#2272=CARTESIAN_POINT('',(-21.436522433,-68.6202,-2.1));
#2273=DIRECTION('',(0.,-1.,0.));
#2274=DIRECTION('',(0.,0.,-1.));
#2275=AXIS2_PLACEMENT_3D('',#2272,#2273,#2274);
#2276=CYLINDRICAL_SURFACE('',#2275,0.8);
#2277=ORIENTED_EDGE('',*,*,#2234,.T.);
#2278=ORIENTED_EDGE('',*,*,#662,.F.);
#2279=CARTESIAN_POINT('',(-21.436522433,-19.6702,-2.1));
#2280=DIRECTION('',(0.,-1.,0.));
#2281=DIRECTION('',(0.,0.,-1.));
#2282=AXIS2_PLACEMENT_3D('',#2279,#2280,#2281);
#2283=CIRCLE('',#2282,0.8);
#2284=EDGE_CURVE('',#1837,#651,#2283,.T.);
#2285=ORIENTED_EDGE('',*,*,#2284,.F.);
#2286=ORIENTED_EDGE('',*,*,#1842,.F.);
#2287=EDGE_LOOP('',(#2277,#2278,#2285,#2286));
#2288=FACE_BOUND('',#2287,.T.);
#2289=ADVANCED_FACE('',(#2288),#2276,.T.);
#2290=CARTESIAN_POINT('',(0.,0.,-2.1));
#2291=DIRECTION('',(0.,0.,1.));
#2292=DIRECTION('',(1.,0.,-0.));
#2293=AXIS2_PLACEMENT_3D('',#2290,#2291,#2292);
#2294=TOROIDAL_SURFACE('',#2293,22.9,0.8);
#2295=ORIENTED_EDGE('',*,*,#2266,.T.);
#2296=ORIENTED_EDGE('',*,*,#1807,.F.);
#2297=CARTESIAN_POINT('',(-20.609819144,9.982251992,-2.1));
#2298=DIRECTION('',(0.435906201,0.899992102,0.));
#2299=DIRECTION('',(-0.899992102,0.435906201,0.));
#2300=AXIS2_PLACEMENT_3D('',#2297,#2298,#2299);
#2301=CIRCLE('',#2300,0.8);
#2302=EDGE_CURVE('',#527,#1792,#2301,.T.);
#2303=ORIENTED_EDGE('',*,*,#2302,.F.);
#2304=ORIENTED_EDGE('',*,*,#556,.F.);
#2305=EDGE_LOOP('',(#2295,#2296,#2303,#2304));
#2306=FACE_BOUND('',#2305,.T.);
#2307=ADVANCED_FACE('',(#2306),#2294,.T.);
#2308=CARTESIAN_POINT('',(-21.4365,-29.0952,-2.1));
#2309=DIRECTION('',(0.,-1.,0.));
#2310=DIRECTION('',(0.,0.,-1.));
#2311=AXIS2_PLACEMENT_3D('',#2308,#2309,#2310);
#2312=CYLINDRICAL_SURFACE('',#2311,0.8);
#2313=ORIENTED_EDGE('',*,*,#2284,.T.);
#2314=ORIENTED_EDGE('',*,*,#693,.F.);
#2315=CARTESIAN_POINT('',(-21.4365,-38.5202,-2.1));
#2316=DIRECTION('',(0.,-1.,0.));
#2317=DIRECTION('',(0.,0.,-1.));
#2318=AXIS2_PLACEMENT_3D('',#2315,#2316,#2317);
#2319=CIRCLE('',#2318,0.8);
#2320=EDGE_CURVE('',#1845,#682,#2319,.T.);
#2321=ORIENTED_EDGE('',*,*,#2320,.F.);
#2322=ORIENTED_EDGE('',*,*,#1850,.F.);
#2323=EDGE_LOOP('',(#2313,#2314,#2321,#2322));
#2324=FACE_BOUND('',#2323,.T.);
#2325=ADVANCED_FACE('',(#2324),#2312,.T.);
#2326=CARTESIAN_POINT('',(-24.164787949,11.704081484,-2.1));
#2327=DIRECTION('',(0.,0.,1.));
#2328=DIRECTION('',(1.,0.,-0.));
#2329=AXIS2_PLACEMENT_3D('',#2326,#2327,#2328);
#2330=TOROIDAL_SURFACE('',#2329,3.95,0.8);
#2331=CARTESIAN_POINT('',(-20.214787949,11.704081484,-2.1));
#2332=DIRECTION('',(-0.,1.,-0.));
#2333=DIRECTION('',(1.,0.,0.));
#2334=AXIS2_PLACEMENT_3D('',#2331,#2332,#2333);
#2335=CIRCLE('',#2334,0.8);
#2336=EDGE_CURVE('',#492,#1783,#2335,.T.);
#2337=ORIENTED_EDGE('',*,*,#2336,.T.);
#2338=ORIENTED_EDGE('',*,*,#1789,.F.);
#2339=CARTESIAN_POINT('',(-20.801517579,13.77553325,-2.1));
#2340=DIRECTION('',(-0.524418169,0.851460853,0.));
#2341=DIRECTION('',(-0.851460853,-0.524418169,0.));
#2342=AXIS2_PLACEMENT_3D('',#2339,#2340,#2341);
#2343=CIRCLE('',#2342,0.8);
#2344=EDGE_CURVE('',#469,#1774,#2343,.T.);
#2345=ORIENTED_EDGE('',*,*,#2344,.F.);
#2346=ORIENTED_EDGE('',*,*,#506,.F.);
#2347=EDGE_LOOP('',(#2337,#2338,#2345,#2346));
#2348=FACE_BOUND('',#2347,.T.);
#2349=ADVANCED_FACE('',(#2348),#2330,.T.);
#2350=CARTESIAN_POINT('',(-17.5365,-38.5202,-2.1));
#2351=DIRECTION('',(0.,0.,1.));
#2352=DIRECTION('',(1.,0.,-0.));
#2353=AXIS2_PLACEMENT_3D('',#2350,#2351,#2352);
#2354=TOROIDAL_SURFACE('',#2353,3.9,0.8);
#2355=ORIENTED_EDGE('',*,*,#2320,.T.);
#2356=ORIENTED_EDGE('',*,*,#726,.F.);
#2357=CARTESIAN_POINT('',(-17.5365,-42.4202,-2.1));
#2358=DIRECTION('',(1.,-0.,0.));
#2359=DIRECTION('',(0.,1.,0.));
#2360=AXIS2_PLACEMENT_3D('',#2357,#2358,#2359);
#2361=CIRCLE('',#2360,0.8);
#2362=EDGE_CURVE('',#1853,#714,#2361,.T.);
#2363=ORIENTED_EDGE('',*,*,#2362,.F.);
#2364=ORIENTED_EDGE('',*,*,#1859,.F.);
#2365=EDGE_LOOP('',(#2355,#2356,#2363,#2364));
#2366=FACE_BOUND('',#2365,.T.);
#2367=ADVANCED_FACE('',(#2366),#2354,.T.);
#2368=CARTESIAN_POINT('',(-17.161522422,16.017420927,-2.1));
#2369=DIRECTION('',(0.,0.,1.));
#2370=DIRECTION('',(1.,0.,-0.));
#2371=AXIS2_PLACEMENT_3D('',#2368,#2369,#2370);
#2372=TOROIDAL_SURFACE('',#2371,4.275000011,0.8);
#2373=ORIENTED_EDGE('',*,*,#2344,.T.);
#2374=ORIENTED_EDGE('',*,*,#1780,.F.);
#2375=CARTESIAN_POINT('',(-15.175695903,19.803199332,-2.1));
#2376=DIRECTION('',(0.885562198,-0.464520822,-0.));
#2377=DIRECTION('',(0.464520822,0.885562198,0.));
#2378=AXIS2_PLACEMENT_3D('',#2375,#2376,#2377);
#2379=CIRCLE('',#2378,0.8);
#2380=EDGE_CURVE('',#436,#1765,#2379,.T.);
#2381=ORIENTED_EDGE('',*,*,#2380,.F.);
#2382=ORIENTED_EDGE('',*,*,#481,.F.);
#2383=EDGE_LOOP('',(#2373,#2374,#2381,#2382));
#2384=FACE_BOUND('',#2383,.T.);
#2385=ADVANCED_FACE('',(#2384),#2372,.T.);
#2386=CARTESIAN_POINT('',(-64.3,-42.4202,-2.1));
#2387=DIRECTION('',(1.,0.,0.));
#2388=DIRECTION('',(-0.,1.,0.));
#2389=AXIS2_PLACEMENT_3D('',#2386,#2387,#2388);
#2390=CYLINDRICAL_SURFACE('',#2389,0.8);
#2391=ORIENTED_EDGE('',*,*,#2362,.T.);
#2392=ORIENTED_EDGE('',*,*,#757,.F.);
#2393=CARTESIAN_POINT('',(17.5365,-42.4202,-2.1));
#2394=DIRECTION('',(1.,0.,0.));
#2395=DIRECTION('',(0.,0.,-1.));
#2396=AXIS2_PLACEMENT_3D('',#2393,#2394,#2395);
#2397=CIRCLE('',#2396,0.8);
#2398=EDGE_CURVE('',#1862,#746,#2397,.T.);
#2399=ORIENTED_EDGE('',*,*,#2398,.F.);
#2400=ORIENTED_EDGE('',*,*,#1867,.F.);
#2401=EDGE_LOOP('',(#2391,#2392,#2399,#2400));
#2402=FACE_BOUND('',#2401,.T.);
#2403=ADVANCED_FACE('',(#2402),#2390,.T.);
#2404=CARTESIAN_POINT('',(-13.340838656,23.301170013,-2.1));
#2405=DIRECTION('',(0.,0.,1.));
#2406=DIRECTION('',(1.,0.,-0.));
#2407=AXIS2_PLACEMENT_3D('',#2404,#2405,#2406);
#2408=TOROIDAL_SURFACE('',#2407,3.95,0.8);
#2409=ORIENTED_EDGE('',*,*,#2380,.T.);
#2410=ORIENTED_EDGE('',*,*,#1771,.F.);
#2411=CARTESIAN_POINT('',(-11.378219933,19.873251147,-2.1));
#2412=DIRECTION('',(0.867827561,0.496865499,0.));
#2413=DIRECTION('',(-0.496865499,0.867827561,-0.));
#2414=AXIS2_PLACEMENT_3D('',#2411,#2412,#2413);
#2415=CIRCLE('',#2414,0.8);
#2416=EDGE_CURVE('',#403,#1756,#2415,.T.);
#2417=ORIENTED_EDGE('',*,*,#2416,.F.);
#2418=ORIENTED_EDGE('',*,*,#448,.F.);
#2419=EDGE_LOOP('',(#2409,#2410,#2417,#2418));
#2420=FACE_BOUND('',#2419,.T.);
#2421=ADVANCED_FACE('',(#2420),#2408,.T.);
#2422=CARTESIAN_POINT('',(17.5365,-38.5202,-2.1));
#2423=DIRECTION('',(0.,0.,1.));
#2424=DIRECTION('',(1.,0.,-0.));
#2425=AXIS2_PLACEMENT_3D('',#2422,#2423,#2424);
#2426=TOROIDAL_SURFACE('',#2425,3.9,0.8);
#2427=ORIENTED_EDGE('',*,*,#2398,.T.);
#2428=ORIENTED_EDGE('',*,*,#781,.F.);
#2429=CARTESIAN_POINT('',(21.4365,-38.5202,-2.1));
#2430=DIRECTION('',(0.,1.,0.));
#2431=DIRECTION('',(-1.,0.,0.));
#2432=AXIS2_PLACEMENT_3D('',#2429,#2430,#2431);
#2433=CIRCLE('',#2432,0.8);
#2434=EDGE_CURVE('',#1870,#35,#2433,.T.);
#2435=ORIENTED_EDGE('',*,*,#2434,.F.);
#2436=ORIENTED_EDGE('',*,*,#1876,.F.);
#2437=EDGE_LOOP('',(#2427,#2428,#2435,#2436));
#2438=FACE_BOUND('',#2437,.T.);
#2439=ADVANCED_FACE('',(#2438),#2426,.T.);
#2440=CARTESIAN_POINT('',(-0.,0.,-2.1));
#2441=DIRECTION('',(0.,0.,1.));
#2442=DIRECTION('',(1.,0.,-0.));
#2443=AXIS2_PLACEMENT_3D('',#2440,#2441,#2442);
#2444=TOROIDAL_SURFACE('',#2443,22.9,0.8);
#2445=ORIENTED_EDGE('',*,*,#2416,.T.);
#2446=ORIENTED_EDGE('',*,*,#1762,.F.);
#2447=CARTESIAN_POINT('',(11.378219933,19.873251147,-2.1));
#2448=DIRECTION('',(0.867827561,-0.496865499,-0.));
#2449=DIRECTION('',(0.496865499,0.867827561,0.));
#2450=AXIS2_PLACEMENT_3D('',#2447,#2448,#2449);
#2451=CIRCLE('',#2450,0.8);
#2452=EDGE_CURVE('',#370,#1747,#2451,.T.);
#2453=ORIENTED_EDGE('',*,*,#2452,.F.);
#2454=ORIENTED_EDGE('',*,*,#415,.F.);
#2455=EDGE_LOOP('',(#2445,#2446,#2453,#2454));
#2456=FACE_BOUND('',#2455,.T.);
#2457=ADVANCED_FACE('',(#2456),#2444,.T.);
#2458=CARTESIAN_POINT('',(21.4365,-68.6202,-2.1));
#2459=DIRECTION('',(-0.,1.,0.));
#2460=DIRECTION('',(-1.,-0.,0.));
#2461=AXIS2_PLACEMENT_3D('',#2458,#2459,#2460);
#2462=CYLINDRICAL_SURFACE('',#2461,0.8);
#2463=ORIENTED_EDGE('',*,*,#2434,.T.);
#2464=ORIENTED_EDGE('',*,*,#105,.F.);
#2465=CARTESIAN_POINT('',(21.4365,-16.017384504,-2.1));
#2466=DIRECTION('',(0.,1.,0.));
#2467=DIRECTION('',(0.,-0.,1.));
#2468=AXIS2_PLACEMENT_3D('',#2465,#2466,#2467);
#2469=CIRCLE('',#2468,0.8);
#2470=EDGE_CURVE('',#1879,#94,#2469,.T.);
#2471=ORIENTED_EDGE('',*,*,#2470,.F.);
#2472=ORIENTED_EDGE('',*,*,#1884,.F.);
#2473=EDGE_LOOP('',(#2463,#2464,#2471,#2472));
#2474=FACE_BOUND('',#2473,.T.);
#2475=ADVANCED_FACE('',(#2474),#2462,.T.);
#2476=CARTESIAN_POINT('',(13.340838656,23.301170013,-2.1));
#2477=DIRECTION('',(0.,0.,1.));
#2478=DIRECTION('',(1.,0.,-0.));
#2479=AXIS2_PLACEMENT_3D('',#2476,#2477,#2478);
#2480=TOROIDAL_SURFACE('',#2479,3.95,0.8);
#2481=ORIENTED_EDGE('',*,*,#2452,.T.);
#2482=ORIENTED_EDGE('',*,*,#1753,.F.);
#2483=CARTESIAN_POINT('',(15.175695903,19.803199332,-2.1));
#2484=DIRECTION('',(0.885562198,0.464520822,0.));
#2485=DIRECTION('',(-0.464520822,0.885562198,0.));
#2486=AXIS2_PLACEMENT_3D('',#2483,#2484,#2485);
#2487=CIRCLE('',#2486,0.8);
#2488=EDGE_CURVE('',#353,#1738,#2487,.T.);
#2489=ORIENTED_EDGE('',*,*,#2488,.F.);
#2490=ORIENTED_EDGE('',*,*,#382,.F.);
#2491=EDGE_LOOP('',(#2481,#2482,#2489,#2490));
#2492=FACE_BOUND('',#2491,.T.);
#2493=ADVANCED_FACE('',(#2492),#2480,.T.);
#2494=CARTESIAN_POINT('',(17.161499989,-16.017384504,-2.1));
#2495=DIRECTION('',(0.,0.,1.));
#2496=DIRECTION('',(1.,0.,-0.));
#2497=AXIS2_PLACEMENT_3D('',#2494,#2495,#2496);
#2498=TOROIDAL_SURFACE('',#2497,4.275000011,0.8);
#2499=ORIENTED_EDGE('',*,*,#2470,.T.);
#2500=ORIENTED_EDGE('',*,*,#814,.F.);
#2501=CARTESIAN_POINT('',(20.801506805,-13.775515758,-2.1));
#2502=DIRECTION('',(-0.52441374,0.851463581,0.));
#2503=DIRECTION('',(-0.851463581,-0.52441374,0.));
#2504=AXIS2_PLACEMENT_3D('',#2501,#2502,#2503);
#2505=CIRCLE('',#2504,0.8);
#2506=EDGE_CURVE('',#1691,#802,#2505,.T.);
#2507=ORIENTED_EDGE('',*,*,#2506,.F.);
#2508=ORIENTED_EDGE('',*,*,#1891,.F.);
#2509=EDGE_LOOP('',(#2499,#2500,#2507,#2508));
#2510=FACE_BOUND('',#2509,.T.);
#2511=ADVANCED_FACE('',(#2510),#2498,.T.);
#2512=CARTESIAN_POINT('',(17.161522422,16.017420927,-2.1));
#2513=DIRECTION('',(0.,0.,1.));
#2514=DIRECTION('',(1.,0.,-0.));
#2515=AXIS2_PLACEMENT_3D('',#2512,#2513,#2514);
#2516=TOROIDAL_SURFACE('',#2515,4.275000011,0.8);
#2517=CARTESIAN_POINT('',(21.436522433,16.017420927,-2.1));
#2518=DIRECTION('',(-0.,1.,-0.));
#2519=DIRECTION('',(1.,0.,0.));
#2520=AXIS2_PLACEMENT_3D('',#2517,#2518,#2519);
#2521=CIRCLE('',#2520,0.8);
#2522=EDGE_CURVE('',#1729,#1398,#2521,.T.);
#2523=ORIENTED_EDGE('',*,*,#2522,.T.);
#2524=ORIENTED_EDGE('',*,*,#1420,.F.);
#2525=ORIENTED_EDGE('',*,*,#2488,.T.);
#2526=ORIENTED_EDGE('',*,*,#1744,.F.);
#2527=EDGE_LOOP('',(#2523,#2524,#2525,#2526));
#2528=FACE_BOUND('',#2527,.T.);
#2529=ADVANCED_FACE('',(#2528),#2516,.T.);
#2530=CARTESIAN_POINT('',(24.164787949,-11.704081484,-2.1));
#2531=DIRECTION('',(0.,0.,1.));
#2532=DIRECTION('',(1.,0.,-0.));
#2533=AXIS2_PLACEMENT_3D('',#2530,#2531,#2532);
#2534=TOROIDAL_SURFACE('',#2533,3.95,0.8);
#2535=ORIENTED_EDGE('',*,*,#2506,.T.);
#2536=ORIENTED_EDGE('',*,*,#847,.F.);
#2537=CARTESIAN_POINT('',(20.609819144,-9.982251992,-2.1));
#2538=DIRECTION('',(0.435906201,0.899992102,0.));
#2539=DIRECTION('',(-0.899992102,0.435906201,0.));
#2540=AXIS2_PLACEMENT_3D('',#2537,#2538,#2539);
#2541=CIRCLE('',#2540,0.8);
#2542=EDGE_CURVE('',#1693,#835,#2541,.T.);
#2543=ORIENTED_EDGE('',*,*,#2542,.F.);
#2544=ORIENTED_EDGE('',*,*,#1699,.F.);
#2545=EDGE_LOOP('',(#2535,#2536,#2543,#2544));
#2546=FACE_BOUND('',#2545,.T.);
#2547=ADVANCED_FACE('',(#2546),#2534,.T.);
#2548=CARTESIAN_POINT('',(24.164787949,11.704081484,-2.1));
#2549=DIRECTION('',(0.,0.,1.));
#2550=DIRECTION('',(1.,0.,-0.));
#2551=AXIS2_PLACEMENT_3D('',#2548,#2549,#2550);
#2552=TOROIDAL_SURFACE('',#2551,3.95,0.8);
#2553=CARTESIAN_POINT('',(20.801517579,13.77553325,-2.1));
#2554=DIRECTION('',(-0.524418169,-0.851460853,0.));
#2555=DIRECTION('',(0.851460853,-0.524418169,0.));
#2556=AXIS2_PLACEMENT_3D('',#2553,#2554,#2555);
#2557=CIRCLE('',#2556,0.8);
#2558=EDGE_CURVE('',#910,#1720,#2557,.T.);
#2559=ORIENTED_EDGE('',*,*,#2558,.T.);
#2560=ORIENTED_EDGE('',*,*,#1726,.F.);
#2561=CARTESIAN_POINT('',(20.609819144,9.982251992,-2.1));
#2562=DIRECTION('',(0.435906201,-0.899992102,0.));
#2563=DIRECTION('',(0.899992102,0.435906201,0.));
#2564=AXIS2_PLACEMENT_3D('',#2561,#2562,#2563);
#2565=CIRCLE('',#2564,0.8);
#2566=EDGE_CURVE('',#877,#1711,#2565,.T.);
#2567=ORIENTED_EDGE('',*,*,#2566,.F.);
#2568=ORIENTED_EDGE('',*,*,#922,.F.);
#2569=EDGE_LOOP('',(#2559,#2560,#2567,#2568));
#2570=FACE_BOUND('',#2569,.T.);
#2571=ADVANCED_FACE('',(#2570),#2552,.T.);
#2572=CARTESIAN_POINT('',(-0.,0.,-2.1));
#2573=DIRECTION('',(0.,0.,1.));
#2574=DIRECTION('',(1.,0.,-0.));
#2575=AXIS2_PLACEMENT_3D('',#2572,#2573,#2574);
#2576=TOROIDAL_SURFACE('',#2575,22.9,0.8);
#2577=CARTESIAN_POINT('',(22.9,0.,-2.1));
#2578=DIRECTION('',(-0.,1.,-0.));
#2579=DIRECTION('',(1.,0.,0.));
#2580=AXIS2_PLACEMENT_3D('',#2577,#2578,#2579);
#2581=CIRCLE('',#2580,0.8);
#2582=EDGE_CURVE('',#1702,#858,#2581,.T.);
#2583=ORIENTED_EDGE('',*,*,#2582,.T.);
#2584=ORIENTED_EDGE('',*,*,#889,.F.);
#2585=ORIENTED_EDGE('',*,*,#2566,.T.);
#2586=ORIENTED_EDGE('',*,*,#1717,.F.);
#2587=EDGE_LOOP('',(#2583,#2584,#2585,#2586));
#2588=FACE_BOUND('',#2587,.T.);
#2589=ADVANCED_FACE('',(#2588),#2576,.T.);
#2590=CARTESIAN_POINT('',(-0.,0.,-6.5));
#2591=DIRECTION('',(0.,0.,1.));
#2592=DIRECTION('',(1.,0.,-0.));
#2593=AXIS2_PLACEMENT_3D('',#2590,#2591,#2592);
#2594=TOROIDAL_SURFACE('',#2593,22.9,0.8);
#2595=CARTESIAN_POINT('',(-11.378219933,19.873251147,-6.5));
#2596=DIRECTION('',(-0.867827561,-0.496865499,0.));
#2597=DIRECTION('',(0.496865499,-0.867827561,0.));
#2598=AXIS2_PLACEMENT_3D('',#2595,#2596,#2597);
#2599=CIRCLE('',#2598,0.8);
#2600=EDGE_CURVE('',#394,#1529,#2599,.T.);
#2601=ORIENTED_EDGE('',*,*,#2600,.F.);
#2602=ORIENTED_EDGE('',*,*,#400,.F.);
#2603=CARTESIAN_POINT('',(11.378219933,19.873251147,-6.5));
#2604=DIRECTION('',(0.867827561,-0.496865499,0.));
#2605=DIRECTION('',(0.496865499,0.867827561,0.));
#2606=AXIS2_PLACEMENT_3D('',#2603,#2604,#2605);
#2607=CIRCLE('',#2606,0.8);
#2608=EDGE_CURVE('',#1538,#361,#2607,.T.);
#2609=ORIENTED_EDGE('',*,*,#2608,.F.);
#2610=ORIENTED_EDGE('',*,*,#1544,.F.);
#2611=EDGE_LOOP('',(#2601,#2602,#2609,#2610));
#2612=FACE_BOUND('',#2611,.T.);
#2613=ADVANCED_FACE('',(#2612),#2594,.T.);
#2614=CARTESIAN_POINT('',(13.340838656,23.301170013,-6.5));
#2615=DIRECTION('',(0.,0.,1.));
#2616=DIRECTION('',(1.,0.,-0.));
#2617=AXIS2_PLACEMENT_3D('',#2614,#2615,#2616);
#2618=TOROIDAL_SURFACE('',#2617,3.95,0.8);
#2619=ORIENTED_EDGE('',*,*,#2608,.T.);
#2620=ORIENTED_EDGE('',*,*,#367,.F.);
#2621=CARTESIAN_POINT('',(15.175695903,19.803199332,-6.5));
#2622=DIRECTION('',(0.885562198,0.464520822,0.));
#2623=DIRECTION('',(-0.464520822,0.885562198,0.));
#2624=AXIS2_PLACEMENT_3D('',#2621,#2622,#2623);
#2625=CIRCLE('',#2624,0.8);
#2626=EDGE_CURVE('',#1547,#351,#2625,.T.);
#2627=ORIENTED_EDGE('',*,*,#2626,.F.);
#2628=ORIENTED_EDGE('',*,*,#1553,.F.);
#2629=EDGE_LOOP('',(#2619,#2620,#2627,#2628));
#2630=FACE_BOUND('',#2629,.T.);
#2631=ADVANCED_FACE('',(#2630),#2618,.T.);
#2632=CARTESIAN_POINT('',(-13.340838656,23.301170013,-6.5));
#2633=DIRECTION('',(0.,0.,1.));
#2634=DIRECTION('',(1.,0.,-0.));
#2635=AXIS2_PLACEMENT_3D('',#2632,#2633,#2634);
#2636=TOROIDAL_SURFACE('',#2635,3.95,0.8);
#2637=ORIENTED_EDGE('',*,*,#2600,.T.);
#2638=ORIENTED_EDGE('',*,*,#1535,.F.);
#2639=CARTESIAN_POINT('',(-15.175695903,19.803199332,-6.5));
#2640=DIRECTION('',(-0.885562198,0.464520822,0.));
#2641=DIRECTION('',(-0.464520822,-0.885562198,0.));
#2642=AXIS2_PLACEMENT_3D('',#2639,#2640,#2641);
#2643=CIRCLE('',#2642,0.8);
#2644=EDGE_CURVE('',#427,#1520,#2643,.T.);
#2645=ORIENTED_EDGE('',*,*,#2644,.F.);
#2646=ORIENTED_EDGE('',*,*,#433,.F.);
#2647=EDGE_LOOP('',(#2637,#2638,#2645,#2646));
#2648=FACE_BOUND('',#2647,.T.);
#2649=ADVANCED_FACE('',(#2648),#2636,.T.);
#2650=CARTESIAN_POINT('',(17.161522422,16.017420927,-6.5));
#2651=DIRECTION('',(0.,0.,1.));
#2652=DIRECTION('',(1.,0.,-0.));
#2653=AXIS2_PLACEMENT_3D('',#2650,#2651,#2652);
#2654=TOROIDAL_SURFACE('',#2653,4.275000011,0.8);
#2655=CARTESIAN_POINT('',(21.436522433,16.017420927,-6.5));
#2656=DIRECTION('',(-0.,1.,-0.));
#2657=DIRECTION('',(1.,0.,0.));
#2658=AXIS2_PLACEMENT_3D('',#2655,#2656,#2657);
#2659=CIRCLE('',#2658,0.8);
#2660=EDGE_CURVE('',#1400,#1556,#2659,.T.);
#2661=ORIENTED_EDGE('',*,*,#2660,.T.);
#2662=ORIENTED_EDGE('',*,*,#1562,.F.);
#2663=ORIENTED_EDGE('',*,*,#2626,.T.);
#2664=ORIENTED_EDGE('',*,*,#1412,.F.);
#2665=EDGE_LOOP('',(#2661,#2662,#2663,#2664));
#2666=FACE_BOUND('',#2665,.T.);
#2667=ADVANCED_FACE('',(#2666),#2654,.T.);
#2668=CARTESIAN_POINT('',(-17.161522422,16.017420927,-6.5));
#2669=DIRECTION('',(0.,0.,1.));
#2670=DIRECTION('',(1.,0.,-0.));
#2671=AXIS2_PLACEMENT_3D('',#2668,#2669,#2670);
#2672=TOROIDAL_SURFACE('',#2671,4.275000011,0.8);
#2673=ORIENTED_EDGE('',*,*,#2644,.T.);
#2674=ORIENTED_EDGE('',*,*,#1526,.F.);
#2675=CARTESIAN_POINT('',(-20.801517579,13.77553325,-6.5));
#2676=DIRECTION('',(0.524418169,-0.851460853,0.));
#2677=DIRECTION('',(0.851460853,0.524418169,0.));
#2678=AXIS2_PLACEMENT_3D('',#2675,#2676,#2677);
#2679=CIRCLE('',#2678,0.8);
#2680=EDGE_CURVE('',#460,#1511,#2679,.T.);
#2681=ORIENTED_EDGE('',*,*,#2680,.F.);
#2682=ORIENTED_EDGE('',*,*,#466,.F.);
#2683=EDGE_LOOP('',(#2673,#2674,#2681,#2682));
#2684=FACE_BOUND('',#2683,.T.);
#2685=ADVANCED_FACE('',(#2684),#2672,.T.);
#2686=CARTESIAN_POINT('',(24.164787949,11.704081484,-6.5));
#2687=DIRECTION('',(0.,0.,1.));
#2688=DIRECTION('',(1.,0.,-0.));
#2689=AXIS2_PLACEMENT_3D('',#2686,#2687,#2688);
#2690=TOROIDAL_SURFACE('',#2689,3.95,0.8);
#2691=CARTESIAN_POINT('',(20.801517579,13.77553325,-6.5));
#2692=DIRECTION('',(-0.524418169,-0.851460853,0.));
#2693=DIRECTION('',(0.851460853,-0.524418169,0.));
#2694=AXIS2_PLACEMENT_3D('',#2691,#2692,#2693);
#2695=CIRCLE('',#2694,0.8);
#2696=EDGE_CURVE('',#1565,#901,#2695,.T.);
#2697=ORIENTED_EDGE('',*,*,#2696,.T.);
#2698=ORIENTED_EDGE('',*,*,#907,.F.);
#2699=CARTESIAN_POINT('',(20.609819144,9.982251992,-6.5));
#2700=DIRECTION('',(0.435906201,-0.899992102,0.));
#2701=DIRECTION('',(0.899992102,0.435906201,0.));
#2702=AXIS2_PLACEMENT_3D('',#2699,#2700,#2701);
#2703=CIRCLE('',#2702,0.8);
#2704=EDGE_CURVE('',#1574,#868,#2703,.T.);
#2705=ORIENTED_EDGE('',*,*,#2704,.F.);
#2706=ORIENTED_EDGE('',*,*,#1580,.F.);
#2707=EDGE_LOOP('',(#2697,#2698,#2705,#2706));
#2708=FACE_BOUND('',#2707,.T.);
#2709=ADVANCED_FACE('',(#2708),#2690,.T.);
#2710=CARTESIAN_POINT('',(-24.164787949,11.704081484,-6.5));
#2711=DIRECTION('',(0.,0.,1.));
#2712=DIRECTION('',(1.,0.,-0.));
#2713=AXIS2_PLACEMENT_3D('',#2710,#2711,#2712);
#2714=TOROIDAL_SURFACE('',#2713,3.95,0.8);
#2715=CARTESIAN_POINT('',(-20.214787949,11.704081484,-6.5));
#2716=DIRECTION('',(-0.,1.,-0.));
#2717=DIRECTION('',(1.,0.,0.));
#2718=AXIS2_PLACEMENT_3D('',#2715,#2716,#2717);
#2719=CIRCLE('',#2718,0.8);
#2720=EDGE_CURVE('',#1502,#494,#2719,.T.);
#2721=ORIENTED_EDGE('',*,*,#2720,.T.);
#2722=ORIENTED_EDGE('',*,*,#514,.F.);
#2723=ORIENTED_EDGE('',*,*,#2680,.T.);
#2724=ORIENTED_EDGE('',*,*,#1517,.F.);
#2725=EDGE_LOOP('',(#2721,#2722,#2723,#2724));
#2726=FACE_BOUND('',#2725,.T.);
#2727=ADVANCED_FACE('',(#2726),#2714,.T.);
#2728=CARTESIAN_POINT('',(-0.,0.,-6.5));
#2729=DIRECTION('',(0.,0.,1.));
#2730=DIRECTION('',(1.,0.,-0.));
#2731=AXIS2_PLACEMENT_3D('',#2728,#2729,#2730);
#2732=TOROIDAL_SURFACE('',#2731,22.9,0.8);
#2733=CARTESIAN_POINT('',(22.9,0.,-6.5));
#2734=DIRECTION('',(-0.,1.,-0.));
#2735=DIRECTION('',(1.,0.,0.));
#2736=AXIS2_PLACEMENT_3D('',#2733,#2734,#2735);
#2737=CIRCLE('',#2736,0.8);
#2738=EDGE_CURVE('',#860,#1583,#2737,.T.);
#2739=ORIENTED_EDGE('',*,*,#2738,.T.);
#2740=ORIENTED_EDGE('',*,*,#1589,.F.);
#2741=ORIENTED_EDGE('',*,*,#2704,.T.);
#2742=ORIENTED_EDGE('',*,*,#874,.F.);
#2743=EDGE_LOOP('',(#2739,#2740,#2741,#2742));
#2744=FACE_BOUND('',#2743,.T.);
#2745=ADVANCED_FACE('',(#2744),#2732,.T.);
#2746=CARTESIAN_POINT('',(0.,0.,-6.5));
#2747=DIRECTION('',(0.,0.,1.));
#2748=DIRECTION('',(1.,0.,-0.));
#2749=AXIS2_PLACEMENT_3D('',#2746,#2747,#2748);
#2750=TOROIDAL_SURFACE('',#2749,22.9,0.8);
#2751=CARTESIAN_POINT('',(-20.609819144,9.982251992,-6.5));
#2752=DIRECTION('',(-0.435906201,-0.899992102,0.));
#2753=DIRECTION('',(0.899992102,-0.435906201,0.));
#2754=AXIS2_PLACEMENT_3D('',#2751,#2752,#2753);
#2755=CIRCLE('',#2754,0.8);
#2756=EDGE_CURVE('',#525,#1493,#2755,.T.);
#2757=ORIENTED_EDGE('',*,*,#2756,.T.);
#2758=ORIENTED_EDGE('',*,*,#1499,.F.);
#2759=CARTESIAN_POINT('',(-20.609819144,-9.982251992,-6.5));
#2760=DIRECTION('',(0.435906201,-0.899992102,0.));
#2761=DIRECTION('',(0.899992102,0.435906201,0.));
#2762=AXIS2_PLACEMENT_3D('',#2759,#2760,#2761);
#2763=CIRCLE('',#2762,0.8);
#2764=EDGE_CURVE('',#535,#1484,#2763,.T.);
#2765=ORIENTED_EDGE('',*,*,#2764,.F.);
#2766=ORIENTED_EDGE('',*,*,#541,.F.);
#2767=EDGE_LOOP('',(#2757,#2758,#2765,#2766));
#2768=FACE_BOUND('',#2767,.T.);
#2769=ADVANCED_FACE('',(#2768),#2750,.T.);
#2770=CARTESIAN_POINT('',(24.164787949,-11.704081484,-6.5));
#2771=DIRECTION('',(0.,0.,1.));
#2772=DIRECTION('',(1.,0.,-0.));
#2773=AXIS2_PLACEMENT_3D('',#2770,#2771,#2772);
#2774=TOROIDAL_SURFACE('',#2773,3.95,0.8);
#2775=CARTESIAN_POINT('',(20.609819144,-9.982251992,-6.5));
#2776=DIRECTION('',(-0.435906201,-0.899992102,0.));
#2777=DIRECTION('',(0.899992102,-0.435906201,0.));
#2778=AXIS2_PLACEMENT_3D('',#2775,#2776,#2777);
#2779=CIRCLE('',#2778,0.8);
#2780=EDGE_CURVE('',#1592,#826,#2779,.T.);
#2781=ORIENTED_EDGE('',*,*,#2780,.T.);
#2782=ORIENTED_EDGE('',*,*,#832,.F.);
#2783=CARTESIAN_POINT('',(20.801506805,-13.775515758,-6.5));
#2784=DIRECTION('',(0.52441374,-0.851463581,0.));
#2785=DIRECTION('',(0.851463581,0.52441374,0.));
#2786=AXIS2_PLACEMENT_3D('',#2783,#2784,#2785);
#2787=CIRCLE('',#2786,0.8);
#2788=EDGE_CURVE('',#1601,#793,#2787,.T.);
#2789=ORIENTED_EDGE('',*,*,#2788,.F.);
#2790=ORIENTED_EDGE('',*,*,#1607,.F.);
#2791=EDGE_LOOP('',(#2781,#2782,#2789,#2790));
#2792=FACE_BOUND('',#2791,.T.);
#2793=ADVANCED_FACE('',(#2792),#2774,.T.);
#2794=CARTESIAN_POINT('',(-24.164787949,-11.704081484,-6.5));
#2795=DIRECTION('',(0.,0.,1.));
#2796=DIRECTION('',(1.,0.,-0.));
#2797=AXIS2_PLACEMENT_3D('',#2794,#2795,#2796);
#2798=TOROIDAL_SURFACE('',#2797,3.95,0.8);
#2799=CARTESIAN_POINT('',(-20.214787949,-11.704081484,-6.5));
#2800=DIRECTION('',(-0.,1.,-0.));
#2801=DIRECTION('',(1.,0.,0.));
#2802=AXIS2_PLACEMENT_3D('',#2799,#2800,#2801);
#2803=CIRCLE('',#2802,0.8);
#2804=EDGE_CURVE('',#1475,#569,#2803,.T.);
#2805=ORIENTED_EDGE('',*,*,#2804,.T.);
#2806=ORIENTED_EDGE('',*,*,#589,.F.);
#2807=ORIENTED_EDGE('',*,*,#2764,.T.);
#2808=ORIENTED_EDGE('',*,*,#1490,.F.);
#2809=EDGE_LOOP('',(#2805,#2806,#2807,#2808));
#2810=FACE_BOUND('',#2809,.T.);
#2811=ADVANCED_FACE('',(#2810),#2798,.T.);
#2812=CARTESIAN_POINT('',(17.161499989,-16.017384504,-6.5));
#2813=DIRECTION('',(0.,0.,1.));
#2814=DIRECTION('',(1.,0.,-0.));
#2815=AXIS2_PLACEMENT_3D('',#2812,#2813,#2814);
#2816=TOROIDAL_SURFACE('',#2815,4.275000011,0.8);
#2817=ORIENTED_EDGE('',*,*,#2788,.T.);
#2818=ORIENTED_EDGE('',*,*,#799,.F.);
#2819=CARTESIAN_POINT('',(21.4365,-16.017384504,-6.5));
#2820=DIRECTION('',(0.,-1.,0.));
#2821=DIRECTION('',(0.,0.,-1.));
#2822=AXIS2_PLACEMENT_3D('',#2819,#2820,#2821);
#2823=CIRCLE('',#2822,0.8);
#2824=EDGE_CURVE('',#1610,#86,#2823,.T.);
#2825=ORIENTED_EDGE('',*,*,#2824,.F.);
#2826=ORIENTED_EDGE('',*,*,#1616,.F.);
#2827=EDGE_LOOP('',(#2817,#2818,#2825,#2826));
#2828=FACE_BOUND('',#2827,.T.);
#2829=ADVANCED_FACE('',(#2828),#2816,.T.);
#2830=CARTESIAN_POINT('',(-17.161522422,-16.017420927,-6.5));
#2831=DIRECTION('',(0.,0.,1.));
#2832=DIRECTION('',(1.,0.,-0.));
#2833=AXIS2_PLACEMENT_3D('',#2830,#2831,#2832);
#2834=TOROIDAL_SURFACE('',#2833,4.275000011,0.8);
#2835=CARTESIAN_POINT('',(-20.801517579,-13.77553325,-6.5));
#2836=DIRECTION('',(-0.524418169,-0.851460853,0.));
#2837=DIRECTION('',(0.851460853,-0.524418169,0.));
#2838=AXIS2_PLACEMENT_3D('',#2835,#2836,#2837);
#2839=CIRCLE('',#2838,0.8);
#2840=EDGE_CURVE('',#600,#1466,#2839,.T.);
#2841=ORIENTED_EDGE('',*,*,#2840,.T.);
#2842=ORIENTED_EDGE('',*,*,#1472,.F.);
#2843=CARTESIAN_POINT('',(-21.436522433,-16.017420927,-6.5));
#2844=DIRECTION('',(-0.,-1.,0.));
#2845=DIRECTION('',(1.,-0.,0.));
#2846=AXIS2_PLACEMENT_3D('',#2843,#2844,#2845);
#2847=CIRCLE('',#2846,0.8);
#2848=EDGE_CURVE('',#610,#1458,#2847,.T.);
#2849=ORIENTED_EDGE('',*,*,#2848,.F.);
#2850=ORIENTED_EDGE('',*,*,#616,.F.);
#2851=EDGE_LOOP('',(#2841,#2842,#2849,#2850));
#2852=FACE_BOUND('',#2851,.T.);
#2853=ADVANCED_FACE('',(#2852),#2834,.T.);
#2854=CARTESIAN_POINT('',(21.4365,-27.276355283,-6.5));
#2855=DIRECTION('',(0.,-1.,0.));
#2856=DIRECTION('',(1.,0.,0.));
#2857=AXIS2_PLACEMENT_3D('',#2854,#2855,#2856);
#2858=CYLINDRICAL_SURFACE('',#2857,0.8);
#2859=ORIENTED_EDGE('',*,*,#2195,.F.);
#2860=ORIENTED_EDGE('',*,*,#48,.F.);
#2861=CARTESIAN_POINT('',(21.4365,-38.5202,-6.5));
#2862=DIRECTION('',(-0.,-1.,0.));
#2863=DIRECTION('',(1.,-0.,0.));
#2864=AXIS2_PLACEMENT_3D('',#2861,#2862,#2863);
#2865=CIRCLE('',#2864,0.8);
#2866=EDGE_CURVE('',#1619,#33,#2865,.T.);
#2867=ORIENTED_EDGE('',*,*,#2866,.F.);
#2868=ORIENTED_EDGE('',*,*,#1624,.F.);
#2869=ORIENTED_EDGE('',*,*,#2824,.T.);
#2870=ORIENTED_EDGE('',*,*,#91,.F.);
#2871=EDGE_LOOP('',(#2859,#2860,#2867,#2868,#2869,#2870));
#2872=FACE_BOUND('',#2871,.T.);
#2873=ADVANCED_FACE('',(#2872),#2858,.T.);
#2874=CARTESIAN_POINT('',(-21.436522433,-17.843810464,-6.5));
#2875=DIRECTION('',(0.,1.,0.));
#2876=DIRECTION('',(0.,-0.,1.));
#2877=AXIS2_PLACEMENT_3D('',#2874,#2875,#2876);
#2878=CYLINDRICAL_SURFACE('',#2877,0.8);
#2879=ORIENTED_EDGE('',*,*,#2848,.T.);
#2880=ORIENTED_EDGE('',*,*,#1463,.F.);
#2881=CARTESIAN_POINT('',(-21.436522433,-19.6702,-6.5));
#2882=DIRECTION('',(-0.,-1.,-0.));
#2883=DIRECTION('',(0.,-0.,1.));
#2884=AXIS2_PLACEMENT_3D('',#2881,#2882,#2883);
#2885=CIRCLE('',#2884,0.8);
#2886=EDGE_CURVE('',#643,#1450,#2885,.T.);
#2887=ORIENTED_EDGE('',*,*,#2886,.F.);
#2888=ORIENTED_EDGE('',*,*,#648,.F.);
#2889=EDGE_LOOP('',(#2879,#2880,#2887,#2888));
#2890=FACE_BOUND('',#2889,.T.);
#2891=ADVANCED_FACE('',(#2890),#2878,.T.);
#2892=CARTESIAN_POINT('',(17.5365,-38.5202,-6.5));
#2893=DIRECTION('',(0.,0.,1.));
#2894=DIRECTION('',(1.,0.,-0.));
#2895=AXIS2_PLACEMENT_3D('',#2892,#2893,#2894);
#2896=TOROIDAL_SURFACE('',#2895,3.9,0.8);
#2897=ORIENTED_EDGE('',*,*,#2866,.T.);
#2898=ORIENTED_EDGE('',*,*,#773,.F.);
#2899=CARTESIAN_POINT('',(17.5365,-42.4202,-6.5));
#2900=DIRECTION('',(-1.,0.,0.));
#2901=DIRECTION('',(0.,0.,1.));
#2902=AXIS2_PLACEMENT_3D('',#2899,#2900,#2901);
#2903=CIRCLE('',#2902,0.8);
#2904=EDGE_CURVE('',#1431,#738,#2903,.T.);
#2905=ORIENTED_EDGE('',*,*,#2904,.F.);
#2906=ORIENTED_EDGE('',*,*,#1631,.F.);
#2907=EDGE_LOOP('',(#2897,#2898,#2905,#2906));
#2908=FACE_BOUND('',#2907,.T.);
#2909=ADVANCED_FACE('',(#2908),#2896,.T.);
#2910=CARTESIAN_POINT('',(-21.4365,-68.6202,-6.5));
#2911=DIRECTION('',(0.,1.,0.));
#2912=DIRECTION('',(0.,-0.,1.));
#2913=AXIS2_PLACEMENT_3D('',#2910,#2911,#2912);
#2914=CYLINDRICAL_SURFACE('',#2913,0.8);
#2915=ORIENTED_EDGE('',*,*,#2886,.T.);
#2916=ORIENTED_EDGE('',*,*,#1455,.F.);
#2917=CARTESIAN_POINT('',(-21.4365,-38.5202,-6.5));
#2918=DIRECTION('',(0.,-1.,0.));
#2919=DIRECTION('',(0.,0.,-1.));
#2920=AXIS2_PLACEMENT_3D('',#2917,#2918,#2919);
#2921=CIRCLE('',#2920,0.8);
#2922=EDGE_CURVE('',#674,#1441,#2921,.T.);
#2923=ORIENTED_EDGE('',*,*,#2922,.F.);
#2924=ORIENTED_EDGE('',*,*,#679,.F.);
#2925=EDGE_LOOP('',(#2915,#2916,#2923,#2924));
#2926=FACE_BOUND('',#2925,.T.);
#2927=ADVANCED_FACE('',(#2926),#2914,.T.);
#2928=CARTESIAN_POINT('',(-0.,-42.4202,-6.5));
#2929=DIRECTION('',(-1.,-0.,0.));
#2930=DIRECTION('',(0.,-1.,0.));
#2931=AXIS2_PLACEMENT_3D('',#2928,#2929,#2930);
#2932=CYLINDRICAL_SURFACE('',#2931,0.8);
#2933=ORIENTED_EDGE('',*,*,#2904,.T.);
#2934=ORIENTED_EDGE('',*,*,#743,.F.);
#2935=CARTESIAN_POINT('',(-17.5365,-42.4202,-6.5));
#2936=DIRECTION('',(-1.,0.,0.));
#2937=DIRECTION('',(-0.,-1.,0.));
#2938=AXIS2_PLACEMENT_3D('',#2935,#2936,#2937);
#2939=CIRCLE('',#2938,0.8);
#2940=EDGE_CURVE('',#1433,#705,#2939,.T.);
#2941=ORIENTED_EDGE('',*,*,#2940,.F.);
#2942=ORIENTED_EDGE('',*,*,#1438,.F.);
#2943=EDGE_LOOP('',(#2933,#2934,#2941,#2942));
#2944=FACE_BOUND('',#2943,.T.);
#2945=ADVANCED_FACE('',(#2944),#2932,.T.);
#2946=CARTESIAN_POINT('',(-17.5365,-38.5202,-6.5));
#2947=DIRECTION('',(0.,0.,1.));
#2948=DIRECTION('',(1.,0.,-0.));
#2949=AXIS2_PLACEMENT_3D('',#2946,#2947,#2948);
#2950=TOROIDAL_SURFACE('',#2949,3.9,0.8);
#2951=ORIENTED_EDGE('',*,*,#2922,.T.);
#2952=ORIENTED_EDGE('',*,*,#1447,.F.);
#2953=ORIENTED_EDGE('',*,*,#2940,.T.);
#2954=ORIENTED_EDGE('',*,*,#711,.F.);
#2955=EDGE_LOOP('',(#2951,#2952,#2953,#2954));
#2956=FACE_BOUND('',#2955,.T.);
#2957=ADVANCED_FACE('',(#2956),#2950,.T.);
#2958=CARTESIAN_POINT('',(-24.164787949,-11.704081484,-7.5));
#2959=DIRECTION('',(0.,0.,1.));
#2960=DIRECTION('',(1.,0.,-0.));
#2961=AXIS2_PLACEMENT_3D('',#2958,#2959,#2960);
#2962=CYLINDRICAL_SURFACE('',#2961,4.75);
#2963=ORIENTED_EDGE('',*,*,#316,.F.);
#2964=ORIENTED_EDGE('',*,*,#2043,.F.);
#2965=ORIENTED_EDGE('',*,*,#298,.F.);
#2966=ORIENTED_EDGE('',*,*,#1653,.T.);
#2967=EDGE_LOOP('',(#2963,#2964,#2965,#2966));
#2968=FACE_BOUND('',#2967,.T.);
#2969=ADVANCED_FACE('',(#2968),#2962,.T.);
#2970=CARTESIAN_POINT('',(-24.164787949,11.704081484,-7.5));
#2971=DIRECTION('',(0.,0.,1.));
#2972=DIRECTION('',(1.,0.,-0.));
#2973=AXIS2_PLACEMENT_3D('',#2970,#2971,#2972);
#2974=CYLINDRICAL_SURFACE('',#2973,3.15);
#2975=ORIENTED_EDGE('',*,*,#499,.T.);
#2976=CARTESIAN_POINT('',(-24.164787949,11.704081484,-6.5));
#2977=DIRECTION('',(-0.,-0.,-1.));
#2978=DIRECTION('',(1.,0.,-0.));
#2979=AXIS2_PLACEMENT_3D('',#2976,#2977,#2978);
#2980=CIRCLE('',#2979,3.15);
#2981=EDGE_CURVE('',#494,#525,#2980,.T.);
#2982=ORIENTED_EDGE('',*,*,#2981,.T.);
#2983=ORIENTED_EDGE('',*,*,#532,.T.);
#2984=CARTESIAN_POINT('',(-24.164787949,11.704081484,-2.1));
#2985=DIRECTION('',(0.,0.,1.));
#2986=DIRECTION('',(1.,0.,-0.));
#2987=AXIS2_PLACEMENT_3D('',#2984,#2985,#2986);
#2988=CIRCLE('',#2987,3.15);
#2989=EDGE_CURVE('',#527,#492,#2988,.T.);
#2990=ORIENTED_EDGE('',*,*,#2989,.T.);
#2991=EDGE_LOOP('',(#2975,#2982,#2983,#2990));
#2992=FACE_BOUND('',#2991,.T.);
#2993=ADVANCED_FACE('',(#2992),#2974,.F.);
#2994=CARTESIAN_POINT('',(-24.164787949,-11.704081484,-7.5));
#2995=DIRECTION('',(0.,0.,1.));
#2996=DIRECTION('',(1.,0.,-0.));
#2997=AXIS2_PLACEMENT_3D('',#2994,#2995,#2996);
#2998=CYLINDRICAL_SURFACE('',#2997,3.15);
#2999=ORIENTED_EDGE('',*,*,#574,.T.);
#3000=CARTESIAN_POINT('',(-24.164787949,-11.704081484,-6.5));
#3001=DIRECTION('',(-0.,-0.,-1.));
#3002=DIRECTION('',(1.,0.,-0.));
#3003=AXIS2_PLACEMENT_3D('',#3000,#3001,#3002);
#3004=CIRCLE('',#3003,3.15);
#3005=EDGE_CURVE('',#569,#600,#3004,.T.);
#3006=ORIENTED_EDGE('',*,*,#3005,.T.);
#3007=ORIENTED_EDGE('',*,*,#607,.T.);
#3008=CARTESIAN_POINT('',(-24.164787949,-11.704081484,-2.1));
#3009=DIRECTION('',(0.,0.,1.));
#3010=DIRECTION('',(1.,0.,-0.));
#3011=AXIS2_PLACEMENT_3D('',#3008,#3009,#3010);
#3012=CIRCLE('',#3011,3.15);
#3013=EDGE_CURVE('',#602,#567,#3012,.T.);
#3014=ORIENTED_EDGE('',*,*,#3013,.T.);
#3015=EDGE_LOOP('',(#2999,#3006,#3007,#3014));
#3016=FACE_BOUND('',#3015,.T.);
#3017=ADVANCED_FACE('',(#3016),#2998,.F.);
#3018=CARTESIAN_POINT('',(-0.,0.,-7.5));
#3019=DIRECTION('',(0.,0.,1.));
#3020=DIRECTION('',(1.,0.,-0.));
#3021=AXIS2_PLACEMENT_3D('',#3018,#3019,#3020);
#3022=CYLINDRICAL_SURFACE('',#3021,23.7);
#3023=ORIENTED_EDGE('',*,*,#865,.F.);
#3024=CARTESIAN_POINT('',(-0.,0.,-2.1));
#3025=DIRECTION('',(-0.,-0.,-1.));
#3026=DIRECTION('',(1.,0.,-0.));
#3027=AXIS2_PLACEMENT_3D('',#3024,#3025,#3026);
#3028=CIRCLE('',#3027,23.7);
#3029=EDGE_CURVE('',#858,#835,#3028,.T.);
#3030=ORIENTED_EDGE('',*,*,#3029,.T.);
#3031=ORIENTED_EDGE('',*,*,#840,.F.);
#3032=CARTESIAN_POINT('',(-0.,0.,-6.5));
#3033=DIRECTION('',(0.,0.,1.));
#3034=DIRECTION('',(1.,0.,-0.));
#3035=AXIS2_PLACEMENT_3D('',#3032,#3033,#3034);
#3036=CIRCLE('',#3035,23.7);
#3037=EDGE_CURVE('',#826,#860,#3036,.T.);
#3038=ORIENTED_EDGE('',*,*,#3037,.T.);
#3039=EDGE_LOOP('',(#3023,#3030,#3031,#3038));
#3040=FACE_BOUND('',#3039,.T.);
#3041=ADVANCED_FACE('',(#3040),#3022,.T.);
#3042=CARTESIAN_POINT('',(17.161522422,16.017420927,-7.5));
#3043=DIRECTION('',(0.,0.,1.));
#3044=DIRECTION('',(1.,0.,-0.));
#3045=AXIS2_PLACEMENT_3D('',#3042,#3043,#3044);
#3046=CYLINDRICAL_SURFACE('',#3045,3.475000011);
#3047=ORIENTED_EDGE('',*,*,#1015,.T.);
#3048=ORIENTED_EDGE('',*,*,#1678,.F.);
#3049=ORIENTED_EDGE('',*,*,#1057,.T.);
#3050=ORIENTED_EDGE('',*,*,#2018,.T.);
#3051=EDGE_LOOP('',(#3047,#3048,#3049,#3050));
#3052=FACE_BOUND('',#3051,.T.);
#3053=ADVANCED_FACE('',(#3052),#3046,.F.);
#3054=CARTESIAN_POINT('',(-0.,0.,-7.5));
#3055=DIRECTION('',(0.,0.,1.));
#3056=DIRECTION('',(1.,0.,-0.));
#3057=AXIS2_PLACEMENT_3D('',#3054,#3055,#3056);
#3058=CYLINDRICAL_SURFACE('',#3057,22.1);
#3059=ORIENTED_EDGE('',*,*,#1090,.T.);
#3060=ORIENTED_EDGE('',*,*,#1669,.F.);
#3061=ORIENTED_EDGE('',*,*,#225,.T.);
#3062=ORIENTED_EDGE('',*,*,#2027,.T.);
#3063=EDGE_LOOP('',(#3059,#3060,#3061,#3062));
#3064=FACE_BOUND('',#3063,.T.);
#3065=ADVANCED_FACE('',(#3064),#3058,.F.);
#3066=CARTESIAN_POINT('',(-24.164787949,11.704081484,-7.5));
#3067=DIRECTION('',(0.,0.,1.));
#3068=DIRECTION('',(1.,0.,-0.));
#3069=AXIS2_PLACEMENT_3D('',#3066,#3067,#3068);
#3070=CYLINDRICAL_SURFACE('',#3069,4.75);
#3071=ORIENTED_EDGE('',*,*,#1306,.F.);
#3072=ORIENTED_EDGE('',*,*,#2052,.F.);
#3073=ORIENTED_EDGE('',*,*,#1273,.F.);
#3074=ORIENTED_EDGE('',*,*,#1644,.T.);
#3075=EDGE_LOOP('',(#3071,#3072,#3073,#3074));
#3076=FACE_BOUND('',#3075,.T.);
#3077=ADVANCED_FACE('',(#3076),#3070,.T.);
#3078=CARTESIAN_POINT('',(17.161522422,16.017420927,-7.5));
#3079=DIRECTION('',(0.,0.,1.));
#3080=DIRECTION('',(1.,0.,-0.));
#3081=AXIS2_PLACEMENT_3D('',#3078,#3079,#3080);
#3082=CYLINDRICAL_SURFACE('',#3081,5.075000011);
#3083=ORIENTED_EDGE('',*,*,#1405,.F.);
#3084=CARTESIAN_POINT('',(17.161522422,16.017420927,-2.1));
#3085=DIRECTION('',(-0.,-0.,-1.));
#3086=DIRECTION('',(1.,0.,-0.));
#3087=AXIS2_PLACEMENT_3D('',#3084,#3085,#3086);
#3088=CIRCLE('',#3087,5.075000011);
#3089=EDGE_CURVE('',#1398,#910,#3088,.T.);
#3090=ORIENTED_EDGE('',*,*,#3089,.T.);
#3091=ORIENTED_EDGE('',*,*,#915,.F.);
#3092=CARTESIAN_POINT('',(17.161522422,16.017420927,-6.5));
#3093=DIRECTION('',(0.,0.,1.));
#3094=DIRECTION('',(1.,0.,-0.));
#3095=AXIS2_PLACEMENT_3D('',#3092,#3093,#3094);
#3096=CIRCLE('',#3095,5.075000011);
#3097=EDGE_CURVE('',#901,#1400,#3096,.T.);
#3098=ORIENTED_EDGE('',*,*,#3097,.T.);
#3099=EDGE_LOOP('',(#3083,#3090,#3091,#3098));
#3100=FACE_BOUND('',#3099,.T.);
#3101=ADVANCED_FACE('',(#3100),#3082,.T.);
#3102=CARTESIAN_POINT('',(17.4365,-27.6452,-4.625));
#3103=DIRECTION('',(1.,0.,0.));
#3104=DIRECTION('',(-0.,1.,0.));
#3105=AXIS2_PLACEMENT_3D('',#3102,#3103,#3104);
#3106=CYLINDRICAL_SURFACE('',#3105,1.875);
#3107=ORIENTED_EDGE('',*,*,#2216,.T.);
#3108=ORIENTED_EDGE('',*,*,#183,.F.);
#3109=ORIENTED_EDGE('',*,*,#2201,.T.);
#3110=ORIENTED_EDGE('',*,*,#83,.T.);
#3111=EDGE_LOOP('',(#3107,#3108,#3109,#3110));
#3112=FACE_BOUND('',#3111,.T.);
#3113=ADVANCED_FACE('',(#3112),#3106,.F.);
#3114=CARTESIAN_POINT('',(-24.164787949,-11.704081484,-2.1));
#3115=DIRECTION('',(0.,0.,1.));
#3116=DIRECTION('',(1.,0.,-0.));
#3117=AXIS2_PLACEMENT_3D('',#3114,#3115,#3116);
#3118=TOROIDAL_SURFACE('',#3117,3.95,0.8);
#3119=ORIENTED_EDGE('',*,*,#2258,.F.);
#3120=ORIENTED_EDGE('',*,*,#3013,.F.);
#3121=ORIENTED_EDGE('',*,*,#2242,.T.);
#3122=ORIENTED_EDGE('',*,*,#1825,.F.);
#3123=EDGE_LOOP('',(#3119,#3120,#3121,#3122));
#3124=FACE_BOUND('',#3123,.T.);
#3125=ADVANCED_FACE('',(#3124),#3118,.T.);
#3126=CARTESIAN_POINT('',(-24.164787949,11.704081484,-2.1));
#3127=DIRECTION('',(0.,0.,1.));
#3128=DIRECTION('',(1.,0.,-0.));
#3129=AXIS2_PLACEMENT_3D('',#3126,#3127,#3128);
#3130=TOROIDAL_SURFACE('',#3129,3.95,0.8);
#3131=ORIENTED_EDGE('',*,*,#2336,.F.);
#3132=ORIENTED_EDGE('',*,*,#2989,.F.);
#3133=ORIENTED_EDGE('',*,*,#2302,.T.);
#3134=ORIENTED_EDGE('',*,*,#1798,.F.);
#3135=EDGE_LOOP('',(#3131,#3132,#3133,#3134));
#3136=FACE_BOUND('',#3135,.T.);
#3137=ADVANCED_FACE('',(#3136),#3130,.T.);
#3138=CARTESIAN_POINT('',(17.161522422,16.017420927,-2.1));
#3139=DIRECTION('',(0.,0.,1.));
#3140=DIRECTION('',(1.,0.,-0.));
#3141=AXIS2_PLACEMENT_3D('',#3138,#3139,#3140);
#3142=TOROIDAL_SURFACE('',#3141,4.275000011,0.8);
#3143=ORIENTED_EDGE('',*,*,#2522,.F.);
#3144=ORIENTED_EDGE('',*,*,#1735,.F.);
#3145=ORIENTED_EDGE('',*,*,#2558,.F.);
#3146=ORIENTED_EDGE('',*,*,#3089,.F.);
#3147=EDGE_LOOP('',(#3143,#3144,#3145,#3146));
#3148=FACE_BOUND('',#3147,.T.);
#3149=ADVANCED_FACE('',(#3148),#3142,.T.);
#3150=CARTESIAN_POINT('',(-0.,0.,-2.1));
#3151=DIRECTION('',(0.,0.,1.));
#3152=DIRECTION('',(1.,0.,-0.));
#3153=AXIS2_PLACEMENT_3D('',#3150,#3151,#3152);
#3154=TOROIDAL_SURFACE('',#3153,22.9,0.8);
#3155=ORIENTED_EDGE('',*,*,#2582,.F.);
#3156=ORIENTED_EDGE('',*,*,#1708,.F.);
#3157=ORIENTED_EDGE('',*,*,#2542,.T.);
#3158=ORIENTED_EDGE('',*,*,#3029,.F.);
#3159=EDGE_LOOP('',(#3155,#3156,#3157,#3158));
#3160=FACE_BOUND('',#3159,.T.);
#3161=ADVANCED_FACE('',(#3160),#3154,.T.);
#3162=CARTESIAN_POINT('',(17.161522422,16.017420927,-6.5));
#3163=DIRECTION('',(0.,0.,1.));
#3164=DIRECTION('',(1.,0.,-0.));
#3165=AXIS2_PLACEMENT_3D('',#3162,#3163,#3164);
#3166=TOROIDAL_SURFACE('',#3165,4.275000011,0.8);
#3167=ORIENTED_EDGE('',*,*,#2660,.F.);
#3168=ORIENTED_EDGE('',*,*,#3097,.F.);
#3169=ORIENTED_EDGE('',*,*,#2696,.F.);
#3170=ORIENTED_EDGE('',*,*,#1571,.F.);
#3171=EDGE_LOOP('',(#3167,#3168,#3169,#3170));
#3172=FACE_BOUND('',#3171,.T.);
#3173=ADVANCED_FACE('',(#3172),#3166,.T.);
#3174=CARTESIAN_POINT('',(-24.164787949,11.704081484,-6.5));
#3175=DIRECTION('',(0.,0.,1.));
#3176=DIRECTION('',(1.,0.,-0.));
#3177=AXIS2_PLACEMENT_3D('',#3174,#3175,#3176);
#3178=TOROIDAL_SURFACE('',#3177,3.95,0.8);
#3179=ORIENTED_EDGE('',*,*,#2720,.F.);
#3180=ORIENTED_EDGE('',*,*,#1508,.F.);
#3181=ORIENTED_EDGE('',*,*,#2756,.F.);
#3182=ORIENTED_EDGE('',*,*,#2981,.F.);
#3183=EDGE_LOOP('',(#3179,#3180,#3181,#3182));
#3184=FACE_BOUND('',#3183,.T.);
#3185=ADVANCED_FACE('',(#3184),#3178,.T.);
#3186=CARTESIAN_POINT('',(-0.,0.,-6.5));
#3187=DIRECTION('',(0.,0.,1.));
#3188=DIRECTION('',(1.,0.,-0.));
#3189=AXIS2_PLACEMENT_3D('',#3186,#3187,#3188);
#3190=TOROIDAL_SURFACE('',#3189,22.9,0.8);
#3191=ORIENTED_EDGE('',*,*,#2738,.F.);
#3192=ORIENTED_EDGE('',*,*,#3037,.F.);
#3193=ORIENTED_EDGE('',*,*,#2780,.F.);
#3194=ORIENTED_EDGE('',*,*,#1598,.F.);
#3195=EDGE_LOOP('',(#3191,#3192,#3193,#3194));
#3196=FACE_BOUND('',#3195,.T.);
#3197=ADVANCED_FACE('',(#3196),#3190,.T.);
#3198=CARTESIAN_POINT('',(-24.164787949,-11.704081484,-6.5));
#3199=DIRECTION('',(0.,0.,1.));
#3200=DIRECTION('',(1.,0.,-0.));
#3201=AXIS2_PLACEMENT_3D('',#3198,#3199,#3200);
#3202=TOROIDAL_SURFACE('',#3201,3.95,0.8);
#3203=ORIENTED_EDGE('',*,*,#2804,.F.);
#3204=ORIENTED_EDGE('',*,*,#1481,.F.);
#3205=ORIENTED_EDGE('',*,*,#2840,.F.);
#3206=ORIENTED_EDGE('',*,*,#3005,.F.);
#3207=EDGE_LOOP('',(#3203,#3204,#3205,#3206));
#3208=FACE_BOUND('',#3207,.T.);
#3209=ADVANCED_FACE('',(#3208),#3202,.T.);
#3210=CLOSED_SHELL('',(#109,#194,#236,#260,#302,#344,#386,#419,#452,#485,#518,#560,#593,#635,#666,#697,#730,#761,#785,#818,#851,#893,#926,#968,#1001,#1034,
#1076,#1109,#1142,#1173,#1206,#1237,#1259,#1292,#1334,#1367,#1391,#1424,#1684,#1950,#2060,#2077,#2094,#2111,#2128,#2145,#2167,#2184,#2206,#2223,#2247,
#2271,#2289,#2307,#2325,#2349,#2367,#2385,#2403,#2421,#2439,#2457,#2475,#2493,#2511,#2529,#2547,#2571,#2589,#2613,#2631,#2649,#2667,#2685,#2709,#2727,
#2745,#2769,#2793,#2811,#2829,#2853,#2873,#2891,#2909,#2927,#2945,#2957,#2969,#2993,#3017,#3041,#3053,#3065,#3077,#3101,#3113,#3125,#3137,#3149,#3161,
#3173,#3185,#3197,#3209));
#3211=MANIFOLD_SOLID_BREP('Top',#3210);
#3212=COLOUR_RGB('',0.627451003,0.627451003,0.643137276);
#3213=FILL_AREA_STYLE_COLOUR('',#3212);
#3214=FILL_AREA_STYLE('',(#3213));
#3215=SURFACE_STYLE_FILL_AREA(#3214);
#3216=SURFACE_SIDE_STYLE('',(#3215));
#3217=SURFACE_STYLE_USAGE(.BOTH.,#3216);
#3218=PRESENTATION_STYLE_ASSIGNMENT((#3217));
#26=STYLED_ITEM('',(#3218),#3211);
#16=SHAPE_REPRESENTATION('Top',(#15),#10);
#17=ADVANCED_BREP_SHAPE_REPRESENTATION('Top',(#3211),#10);
#3226=SHAPE_REPRESENTATION_RELATIONSHIP('','',#16,#17);
#3227=CARTESIAN_POINT('',(0.,0.,0.));
#3228=DIRECTION('',(0.,0.,1.));
#3229=DIRECTION('',(1.,0.,0.));
#3230=AXIS2_PLACEMENT_3D('',#3227,#3228,#3229);
#3232=MAPPED_ITEM('',#3231,#3230);
#3231=REPRESENTATION_MAP(#3230,#16);
#3233=APPLICATION_CONTEXT('Managed model based 3d engineering');
#3234=APPLICATION_PROTOCOL_DEFINITION('international standard','ap242_managed_model_based_3d_engineering',2014,#3233);
#3235=PRODUCT_CONTEXT('',#3233,'mechanical');
#3236=PRODUCT_DEFINITION_CONTEXT('part definition',#3233,'design');
#24=PRODUCT('Top','Top','',(#3235));
#3237=PRODUCT_RELATED_PRODUCT_CATEGORY('part','',(#24));
#3238=PRODUCT_DEFINITION_FORMATION_WITH_SPECIFIED_SOURCE('','',#24,.NOT_KNOWN.);
#25=PRODUCT_DEFINITION('design','',#3238,#3236);
#23=PRODUCT_DEFINITION_SHAPE('','',#25);
#3239=SHAPE_DEFINITION_REPRESENTATION(#23,#16);
#11=DRAUGHTING_MODEL('',(#3232),#10);
#3240=DESCRIPTIVE_REPRESENTATION_ITEM('KEY','/Users/jscotto/Library/Containers/com.shapr3d.shapr/Data/tmp/7936091B-30CF-4968-B848-703395E54C0E.tmp');
#3241=PROPERTY_DEFINITION('KEY','',#25);
#3242=REPRESENTATION('',(#3240),#10);
#3243=PROPERTY_DEFINITION_REPRESENTATION(#3241,#3242);
#3244=GENERAL_PROPERTY('','KEY','');
#3245=GENERAL_PROPERTY_ASSOCIATION('','',#3244,#3241);
#1=MECHANICAL_DESIGN_GEOMETRIC_PRESENTATION_REPRESENTATION('',(#26),#10);
ENDSEC;
END-ISO-10303-21;
