{
	"matrix": {
		"rows": 4,
		"cols": 12
	},

	"layouts": {
		"labels": [["Column Count", "10 Column", "12 Column"]],
		"keymap": [
			[
				{
					"x": 3
				},
				"0,3",
				{
					"x": 7
				},
				"0,8"
			],
			[
				{
					"y": -0.9,
					"x": 2
				},
				"0,2"
			],
			[
				{
					"y": -1,
					"x": 4
				},
				"0,4",
				{
					"x": 5
				},
				"0,7",
				{
					"x": 1
				},
				"0,9"
			],
			[
				{
					"y": -0.9,
					"x": 5
				},
				"0,5",
				{
					"x": 3
				},
				"0,6"
			],
			[
				{
					"y": -0.9
				},
				"0,0\n\n\n0,1",
				{
					"x": 13
				},
				"0,11\n\n\n0,1"
			],
			[
				{
					"y": -1,
					"x": 1
				},
				"0,1",
				{
					"x": 11
				},
				"0,10"
			],
			[
				{
					"y": -0.30000000000000004,
					"x": 3
				},
				"1,3",
				{
					"x": 7
				},
				"1,8"
			],
			[
				{
					"y": -0.8999999999999999,
					"x": 2
				},
				"1,2",
				{
					"x": 1
				},
				"1,4",
				{
					"x": 5
				},
				"1,7",
				{
					"x": 1
				},
				"1,9"
			],
			[
				{
					"y": -0.8999999999999999,
					"x": 5
				},
				"1,5",
				{
					"x": 3
				},
				"1,6"
			],
			[
				{
					"y": -0.8999999999999999
				},
				"1,0\n\n\n0,1",
				"1,1",
				{
					"x": 11
				},
				"1,10",
				"1,11\n\n\n0,1"
			],
			[
				{
					"y": -0.2999999999999998,
					"x": 3
				},
				"2,3",
				{
					"x": 7
				},
				"2,8"
			],
			[
				{
					"y": -0.8999999999999999,
					"x": 2
				},
				"2,2",
				{
					"x": 1
				},
				"2,4",
				{
					"x": 5
				},
				"2,7",
				{
					"x": 1
				},
				"2,9"
			],
			[
				{
					"y": -0.8999999999999999,
					"x": 5
				},
				"2,5",
				{
					"x": 3
				},
				"2,6"
			],
			[
				{
					"y": -0.8999999999999999
				},
				"2,0\n\n\n0,1",
				"2,1",
				{
					"x": 11
				},
				"2,10",
				"2,11\n\n\n0,1"
			],
			[
				{
					"y": -0.20000000000000018,
					"x": 3.5
				},
				"3,3",
				{
					"x": 6
				},
				"3,8"
			],
			[
				{
					"r": 15,
					"rx": 4.5,
					"ry": 4.1,
					"y": -1
				},
				"3,4"
			],
			[
				{
					"r": 30,
					"rx": 5.4,
					"ry": 4.3,
					"y": -1.5,
					"x": 0.09999999999999964,
					"h": 1.5
				},
				"3,5"
			],
			[
				{
					"r": -30,
					"rx": 9.6,
					"y": -1.5,
					"x": -1.0999999999999996,
					"h": 1.5
				},
				"3,6"
			],
			[
				{
					"r": -15,
					"rx": 10.5,
					"ry": 4.1,
					"y": -1,
					"x": -1
				},
				"3,7"
			]
		]
	}
}

