ISO-10303-21;
HEADER;

/* File generated by Shapr3D Version 26.170.0.11783 */

FILE_DESCRIPTION(('HOOPS Exchange Step'),'2;1');

FILE_NAME('/Users/jscotto/Library/Containers/com.shapr3d.shapr/Data/tmp/export/temp_export',
'2026-10-05T11:50:10-04:00',
('jscotto'),
('Shapr3D Limited'),
'HOOPS Exchange 2026.3',
'Shapr3D',
'Authorized');

FILE_SCHEMA( ('AP242_MANAGED_MODEL_BASED_3D_ENGINEERING_MIM_LF {1 0 10303 442 1 1 4}') );

ENDSEC;

DATA;
#3=(NAMED_UNIT(*)PLANE_ANGLE_UNIT()SI_UNIT($,.RADIAN.));
#4=PLANE_ANGLE_MEASURE_WITH_UNIT(PLANE_ANGLE_MEASURE(0.0174532925),#3);
#5=(CONVERSION_BASED_UNIT('DEGREE',#4)NAMED_UNIT(#6)PLANE_ANGLE_UNIT());
#6=DIMENSIONAL_EXPONENTS(0.,0.,0.,0.,0.,0.,0.);
#7=(NAMED_UNIT(*)SI_UNIT($,.STERADIAN.)SOLID_ANGLE_UNIT());
#8=(LENGTH_UNIT()NAMED_UNIT(*)SI_UNIT(.MILLI.,.METRE.));
#9=UNCERTAINTY_MEASURE_WITH_UNIT(LENGTH_MEASURE(1.000000E-05),#8,'DISTANCE_ACCURACY_VALUE','Maximum Tolerance applied to model');
#10=(GEOMETRIC_REPRESENTATION_CONTEXT(3)GLOBAL_UNCERTAINTY_ASSIGNED_CONTEXT((#9))GLOBAL_UNIT_ASSIGNED_CONTEXT((#8,#5,#7))REPRESENTATION_CONTEXT('','1.00u (Homing)'));
#12=CARTESIAN_POINT('',(0.,0.,0.));
#13=DIRECTION('',(0.,0.,1.));
#14=DIRECTION('',(1.,0.,0.));
#15=AXIS2_PLACEMENT_3D('TS3D_PRODUCT_CSYS',#12,#13,#14);
#27=CARTESIAN_POINT('',(9.486450972,0.00001536,-2.459637644));
#28=DIRECTION('',(0.957950545,0.,0.286933359));
#29=DIRECTION('',(-0.286933359,-0.,0.957950545));
#30=AXIS2_PLACEMENT_3D('',#27,#28,#29);
#31=PLANE('',#30);
#32=CARTESIAN_POINT('',(8.749719734,7.050314988,0.));
#33=VERTEX_POINT('',#32);
#34=CARTESIAN_POINT('',(7.125518041,5.074934551,5.422530529));
#35=VERTEX_POINT('',#34);
#36=CARTESIAN_POINT('',(8.749719734,7.050314988,0.));
#37=DIRECTION('',(-0.270911087,-0.329486457,0.904458876));
#38=VECTOR('',#37,5.995331212);
#39=LINE('',#36,#38);
#40=EDGE_CURVE('',#33,#35,#39,.T.);
#41=ORIENTED_EDGE('',*,*,#40,.T.);
#42=CARTESIAN_POINT('',(7.125518041,-5.074903832,5.422530529));
#43=VERTEX_POINT('',#42);
#44=CARTESIAN_POINT('',(7.125518041,5.074934551,5.422530529));
#45=CARTESIAN_POINT('',(7.19329857,4.245427537,5.196239675));
#46=CARTESIAN_POINT('',(7.245311764,3.405247554,5.022589362));
#47=CARTESIAN_POINT('',(7.280298752,2.553542467,4.905782435));
#48=CARTESIAN_POINT('',(7.297792246,2.127689923,4.847378971));
#49=CARTESIAN_POINT('',(7.311033096,1.697791638,4.803173307));
#50=CARTESIAN_POINT('',(7.3197757,1.269651236,4.773985406));
#51=CARTESIAN_POINT('',(7.328518305,0.841510834,4.744797505));
#52=CARTESIAN_POINT('',(7.332819042,0.414369191,4.730439139));
#53=CARTESIAN_POINT('',(7.332738154,-0.011787239,4.730709193));
#54=CARTESIAN_POINT('',(7.332576376,-0.864100099,4.731249301));
#55=CARTESIAN_POINT('',(7.314895429,-1.712473755,4.790278592));
#56=CARTESIAN_POINT('',(7.280155282,-2.557011631,4.90626142));
#57=CARTESIAN_POINT('',(7.262785209,-2.979280569,4.964252834));
#58=CARTESIAN_POINT('',(7.2411485,-3.400590149,5.036488762));
#59=CARTESIAN_POINT('',(7.215299907,-3.820952683,5.122786409));
#60=CARTESIAN_POINT('',(7.189451314,-4.241315217,5.209084056));
#61=CARTESIAN_POINT('',(7.159397032,-4.660288298,5.309422741));
#62=CARTESIAN_POINT('',(7.125518041,-5.074903832,5.422530529));
#63=B_SPLINE_CURVE_WITH_KNOTS('',3,(#44,#45,#46,#47,#48,#49,#50,#51,#52,#53,#54,#55,#56,#57,#58,#59,#60,#61,#62),.UNSPECIFIED.,.F.,.F.,(4,3,3,3,3,3,4),(0.,0.002577988,0.003866982,0.005155976,0.007733964,0.009022958,0.010311952),.UNSPECIFIED.);
#64=EDGE_CURVE('',#35,#43,#63,.T.);
#65=ORIENTED_EDGE('',*,*,#64,.T.);
#66=CARTESIAN_POINT('',(8.749719734,-7.050284269,0.));
#67=VERTEX_POINT('',#66);
#68=CARTESIAN_POINT('',(7.125518041,-5.074903832,5.422530529));
#69=DIRECTION('',(0.270911087,-0.329486457,-0.904458876));
#70=VECTOR('',#69,5.995331212);
#71=LINE('',#68,#70);
#72=EDGE_CURVE('',#43,#67,#71,.T.);
#73=ORIENTED_EDGE('',*,*,#72,.T.);
#74=CARTESIAN_POINT('',(8.749719734,-7.050284269,0.));
#75=DIRECTION('',(-0.,1.,0.));
#76=VECTOR('',#75,14.100599257);
#77=LINE('',#74,#76);
#78=EDGE_CURVE('',#67,#33,#77,.T.);
#79=ORIENTED_EDGE('',*,*,#78,.T.);
#80=EDGE_LOOP('',(#41,#65,#73,#79));
#81=FACE_BOUND('',#80,.T.);
#82=ADVANCED_FACE('',(#81),#31,.T.);
#83=CARTESIAN_POINT('',(-9.486361318,0.00001536,-2.457466948));
#84=DIRECTION('',(-0.957950545,-0.,0.286933359));
#85=DIRECTION('',(-0.286933359,-0.,-0.957950545));
#86=AXIS2_PLACEMENT_3D('',#83,#84,#85);
#87=PLANE('',#86);
#88=CARTESIAN_POINT('',(-8.750280266,-7.050284269,0.));
#89=VERTEX_POINT('',#88);
#90=CARTESIAN_POINT('',(-7.126078573,-5.074903832,5.422530529));
#91=VERTEX_POINT('',#90);
#92=CARTESIAN_POINT('',(-8.750280266,-7.050284269,-0.));
#93=DIRECTION('',(0.270911087,0.329486457,0.904458876));
#94=VECTOR('',#93,5.995331212);
#95=LINE('',#92,#94);
#96=EDGE_CURVE('',#89,#91,#95,.T.);
#97=ORIENTED_EDGE('',*,*,#96,.T.);
#98=CARTESIAN_POINT('',(-7.126078573,5.074934551,5.422530529));
#99=VERTEX_POINT('',#98);
#100=CARTESIAN_POINT('',(-7.126078573,-5.074903832,5.422530529));
#101=CARTESIAN_POINT('',(-7.193859102,-4.245396818,5.196239675));
#102=CARTESIAN_POINT('',(-7.245872296,-3.405216835,5.022589362));
#103=CARTESIAN_POINT('',(-7.280859284,-2.553511748,4.905782435));
#104=CARTESIAN_POINT('',(-7.298352778,-2.127659204,4.847378971));
#105=CARTESIAN_POINT('',(-7.311593628,-1.697760919,4.803173307));
#106=CARTESIAN_POINT('',(-7.320336232,-1.269620517,4.773985406));
#107=CARTESIAN_POINT('',(-7.329078836,-0.841480115,4.744797505));
#108=CARTESIAN_POINT('',(-7.333379574,-0.414338472,4.730439139));
#109=CARTESIAN_POINT('',(-7.333298685,0.011817958,4.730709193));
#110=CARTESIAN_POINT('',(-7.333136908,0.864130818,4.731249301));
#111=CARTESIAN_POINT('',(-7.315455961,1.712504474,4.790278592));
#112=CARTESIAN_POINT('',(-7.280715814,2.55704235,4.90626142));
#113=CARTESIAN_POINT('',(-7.263345741,2.979311288,4.964252834));
#114=CARTESIAN_POINT('',(-7.241709031,3.400620869,5.036488762));
#115=CARTESIAN_POINT('',(-7.215860439,3.820983403,5.122786409));
#116=CARTESIAN_POINT('',(-7.190011846,4.241345936,5.209084056));
#117=CARTESIAN_POINT('',(-7.159957563,4.660319017,5.309422741));
#118=CARTESIAN_POINT('',(-7.126078573,5.074934551,5.422530529));
#119=B_SPLINE_CURVE_WITH_KNOTS('',3,(#100,#101,#102,#103,#104,#105,#106,#107,#108,#109,#110,#111,#112,#113,#114,#115,#116,#117,#118),.UNSPECIFIED.,.F.,.F.,(4,3,3,3,3,3,4),(0.,0.002577988,0.003866982,0.005155976,0.007733964,0.009022958,0.010311952),.UNSPECIFIED.);
#120=EDGE_CURVE('',#91,#99,#119,.T.);
#121=ORIENTED_EDGE('',*,*,#120,.T.);
#122=CARTESIAN_POINT('',(-8.750280266,7.050314988,0.));
#123=VERTEX_POINT('',#122);
#124=CARTESIAN_POINT('',(-7.126078573,5.074934551,5.422530529));
#125=DIRECTION('',(-0.270911087,0.329486457,-0.904458876));
#126=VECTOR('',#125,5.995331212);
#127=LINE('',#124,#126);
#128=EDGE_CURVE('',#99,#123,#127,.T.);
#129=ORIENTED_EDGE('',*,*,#128,.T.);
#130=CARTESIAN_POINT('',(-8.750280266,7.050314988,0.));
#131=DIRECTION('',(0.,-1.,0.));
#132=VECTOR('',#131,14.100599257);
#133=LINE('',#130,#132);
#134=EDGE_CURVE('',#123,#89,#133,.T.);
#135=ORIENTED_EDGE('',*,*,#134,.T.);
#136=EDGE_LOOP('',(#97,#121,#129,#135));
#137=FACE_BOUND('',#136,.T.);
#138=ADVANCED_FACE('',(#137),#87,.T.);
#139=CARTESIAN_POINT('',(-17.99633165,0.00001536,3.3));
#140=DIRECTION('',(0.,0.,1.));
#141=DIRECTION('',(1.,0.,0.));
#142=AXIS2_PLACEMENT_3D('',#139,#140,#141);
#143=PLANE('',#142);
#144=CARTESIAN_POINT('',(-6.750280266,6.25001536,3.3));
#145=VERTEX_POINT('',#144);
#146=CARTESIAN_POINT('',(-6.750280266,-6.24998464,3.3));
#147=VERTEX_POINT('',#146);
#148=CARTESIAN_POINT('',(-6.750280266,6.25001536,3.3));
#149=DIRECTION('',(0.,-1.,0.));
#150=VECTOR('',#149,12.5);
#151=LINE('',#148,#150);
#152=EDGE_CURVE('',#145,#147,#151,.T.);
#153=ORIENTED_EDGE('',*,*,#152,.F.);
#154=CARTESIAN_POINT('',(6.749719734,6.25001536,3.3));
#155=VERTEX_POINT('',#154);
#156=CARTESIAN_POINT('',(-6.750280266,6.25001536,3.3));
#157=DIRECTION('',(1.,0.,0.));
#158=VECTOR('',#157,13.5);
#159=LINE('',#156,#158);
#160=EDGE_CURVE('',#145,#155,#159,.T.);
#161=ORIENTED_EDGE('',*,*,#160,.T.);
#162=CARTESIAN_POINT('',(6.749719734,-6.24998464,3.3));
#163=VERTEX_POINT('',#162);
#164=CARTESIAN_POINT('',(6.749719734,6.25001536,3.3));
#165=DIRECTION('',(-0.,-1.,0.));
#166=VECTOR('',#165,12.5);
#167=LINE('',#164,#166);
#168=EDGE_CURVE('',#155,#163,#167,.T.);
#169=ORIENTED_EDGE('',*,*,#168,.T.);
#170=CARTESIAN_POINT('',(6.749719734,-6.24998464,3.3));
#171=DIRECTION('',(-1.,-0.,0.));
#172=VECTOR('',#171,13.5);
#173=LINE('',#170,#172);
#174=EDGE_CURVE('',#163,#147,#173,.T.);
#175=ORIENTED_EDGE('',*,*,#174,.T.);
#176=EDGE_LOOP('',(#153,#161,#169,#175));
#177=FACE_BOUND('',#176,.T.);
#178=CARTESIAN_POINT('',(-2.71973372,0.650462258,3.3));
#179=VERTEX_POINT('',#178);
#180=CARTESIAN_POINT('',(-0.645776154,2.723656642,3.3));
#181=VERTEX_POINT('',#180);
#182=CARTESIAN_POINT('',(0.00366835,0.00001536,3.3));
#183=DIRECTION('',(-0.,-0.,-1.));
#184=DIRECTION('',(-1.,-0.,0.));
#185=AXIS2_PLACEMENT_3D('',#182,#183,#184);
#186=CIRCLE('',#185,2.8);
#187=EDGE_CURVE('',#179,#181,#186,.T.);
#188=ORIENTED_EDGE('',*,*,#187,.F.);
#189=CARTESIAN_POINT('',(-0.645776154,0.650462258,3.3));
#190=VERTEX_POINT('',#189);
#191=CARTESIAN_POINT('',(-2.71973372,0.650462258,3.3));
#192=DIRECTION('',(1.,0.,0.));
#193=VECTOR('',#192,2.073957566);
#194=LINE('',#191,#193);
#195=EDGE_CURVE('',#179,#190,#194,.T.);
#196=ORIENTED_EDGE('',*,*,#195,.T.);
#197=CARTESIAN_POINT('',(-0.645776154,0.650462258,3.3));
#198=DIRECTION('',(-0.,1.,0.));
#199=VECTOR('',#198,2.073194385);
#200=LINE('',#197,#199);
#201=EDGE_CURVE('',#190,#181,#200,.T.);
#202=ORIENTED_EDGE('',*,*,#201,.T.);
#203=EDGE_LOOP('',(#188,#196,#202));
#204=FACE_BOUND('',#203,.T.);
#205=CARTESIAN_POINT('',(0.654223846,2.72339149,3.3));
#206=VERTEX_POINT('',#205);
#207=CARTESIAN_POINT('',(2.72707042,0.650462258,3.3));
#208=VERTEX_POINT('',#207);
#209=CARTESIAN_POINT('',(0.00366835,0.00001536,3.3));
#210=DIRECTION('',(-0.,-0.,-1.));
#211=DIRECTION('',(-1.,-0.,0.));
#212=AXIS2_PLACEMENT_3D('',#209,#210,#211);
#213=CIRCLE('',#212,2.8);
#214=EDGE_CURVE('',#206,#208,#213,.T.);
#215=ORIENTED_EDGE('',*,*,#214,.F.);
#216=CARTESIAN_POINT('',(0.654223846,0.650462258,3.3));
#217=VERTEX_POINT('',#216);
#218=CARTESIAN_POINT('',(0.654223846,2.72339149,3.3));
#219=DIRECTION('',(0.,-1.,0.));
#220=VECTOR('',#219,2.072929232);
#221=LINE('',#218,#220);
#222=EDGE_CURVE('',#206,#217,#221,.T.);
#223=ORIENTED_EDGE('',*,*,#222,.T.);
#224=CARTESIAN_POINT('',(0.654223846,0.650462258,3.3));
#225=DIRECTION('',(1.,0.,0.));
#226=VECTOR('',#225,2.072846574);
#227=LINE('',#224,#226);
#228=EDGE_CURVE('',#217,#208,#227,.T.);
#229=ORIENTED_EDGE('',*,*,#228,.T.);
#230=EDGE_LOOP('',(#215,#223,#229));
#231=FACE_BOUND('',#230,.T.);
#232=CARTESIAN_POINT('',(2.727283735,-0.649537742,3.3));
#233=VERTEX_POINT('',#232);
#234=CARTESIAN_POINT('',(0.654223846,-2.723360771,3.3));
#235=VERTEX_POINT('',#234);
#236=CARTESIAN_POINT('',(0.00366835,0.00001536,3.3));
#237=DIRECTION('',(-0.,-0.,-1.));
#238=DIRECTION('',(-1.,-0.,0.));
#239=AXIS2_PLACEMENT_3D('',#236,#237,#238);
#240=CIRCLE('',#239,2.8);
#241=EDGE_CURVE('',#233,#235,#240,.T.);
#242=ORIENTED_EDGE('',*,*,#241,.F.);
#243=CARTESIAN_POINT('',(0.654223846,-0.649537742,3.3));
#244=VERTEX_POINT('',#243);
#245=CARTESIAN_POINT('',(2.727283735,-0.649537742,3.3));
#246=DIRECTION('',(-1.,-0.,0.));
#247=VECTOR('',#246,2.073059889);
#248=LINE('',#245,#247);
#249=EDGE_CURVE('',#233,#244,#248,.T.);
#250=ORIENTED_EDGE('',*,*,#249,.T.);
#251=CARTESIAN_POINT('',(0.654223846,-0.649537742,3.3));
#252=DIRECTION('',(0.,-1.,0.));
#253=VECTOR('',#252,2.073823028);
#254=LINE('',#251,#253);
#255=EDGE_CURVE('',#244,#235,#254,.T.);
#256=ORIENTED_EDGE('',*,*,#255,.T.);
#257=EDGE_LOOP('',(#242,#250,#256));
#258=FACE_BOUND('',#257,.T.);
#259=CARTESIAN_POINT('',(-0.645776154,-2.723625923,3.3));
#260=VERTEX_POINT('',#259);
#261=CARTESIAN_POINT('',(-2.719947035,-0.649537742,3.3));
#262=VERTEX_POINT('',#261);
#263=CARTESIAN_POINT('',(0.00366835,0.00001536,3.3));
#264=DIRECTION('',(-0.,-0.,-1.));
#265=DIRECTION('',(-1.,-0.,0.));
#266=AXIS2_PLACEMENT_3D('',#263,#264,#265);
#267=CIRCLE('',#266,2.8);
#268=EDGE_CURVE('',#260,#262,#267,.T.);
#269=ORIENTED_EDGE('',*,*,#268,.F.);
#270=CARTESIAN_POINT('',(-0.645776154,-0.649537742,3.3));
#271=VERTEX_POINT('',#270);
#272=CARTESIAN_POINT('',(-0.645776154,-2.723625923,3.3));
#273=DIRECTION('',(-0.,1.,0.));
#274=VECTOR('',#273,2.074088181);
#275=LINE('',#272,#274);
#276=EDGE_CURVE('',#260,#271,#275,.T.);
#277=ORIENTED_EDGE('',*,*,#276,.T.);
#278=CARTESIAN_POINT('',(-0.645776154,-0.649537742,3.3));
#279=DIRECTION('',(-1.,-0.,0.));
#280=VECTOR('',#279,2.074170881);
#281=LINE('',#278,#280);
#282=EDGE_CURVE('',#271,#262,#281,.T.);
#283=ORIENTED_EDGE('',*,*,#282,.T.);
#284=EDGE_LOOP('',(#269,#277,#283));
#285=FACE_BOUND('',#284,.T.);
#286=ADVANCED_FACE('',(#177,#204,#231,#258,#285),#143,.F.);
#287=CARTESIAN_POINT('',(7.70366835,0.00001536,0.000040928));
#288=DIRECTION('',(0.,0.,-1.));
#289=DIRECTION('',(1.,0.,0.));
#290=AXIS2_PLACEMENT_3D('',#287,#288,#289);
#291=PLANE('',#290);
#292=CARTESIAN_POINT('',(0.654223846,-2.723360771,0.000040928));
#293=VERTEX_POINT('',#292);
#294=CARTESIAN_POINT('',(2.727283735,-0.649537742,0.000040928));
#295=VERTEX_POINT('',#294);
#296=CARTESIAN_POINT('',(0.00366835,0.00001536,0.000040928));
#297=DIRECTION('',(-0.,-0.,1.));
#298=DIRECTION('',(1.,0.,0.));
#299=AXIS2_PLACEMENT_3D('',#296,#297,#298);
#300=CIRCLE('',#299,2.8);
#301=EDGE_CURVE('',#293,#295,#300,.T.);
#302=ORIENTED_EDGE('',*,*,#301,.F.);
#303=CARTESIAN_POINT('',(0.654223846,-0.649537742,0.000040928));
#304=VERTEX_POINT('',#303);
#305=CARTESIAN_POINT('',(0.654223846,-0.649537742,0.000040928));
#306=DIRECTION('',(0.,-1.,0.));
#307=VECTOR('',#306,2.073823028);
#308=LINE('',#305,#307);
#309=EDGE_CURVE('',#304,#293,#308,.T.);
#310=ORIENTED_EDGE('',*,*,#309,.F.);
#311=CARTESIAN_POINT('',(0.654223846,-0.649537742,0.000040928));
#312=DIRECTION('',(1.,0.,0.));
#313=VECTOR('',#312,2.073059889);
#314=LINE('',#311,#313);
#315=EDGE_CURVE('',#304,#295,#314,.T.);
#316=ORIENTED_EDGE('',*,*,#315,.T.);
#317=EDGE_LOOP('',(#302,#310,#316));
#318=FACE_BOUND('',#317,.T.);
#319=ADVANCED_FACE('',(#318),#291,.T.);
#320=CARTESIAN_POINT('',(0.00366835,0.00001536,-0.949959072));
#321=DIRECTION('',(0.,0.,1.));
#322=DIRECTION('',(-1.,-0.,0.));
#323=AXIS2_PLACEMENT_3D('',#320,#321,#322);
#324=CYLINDRICAL_SURFACE('',#323,2.8);
#325=CARTESIAN_POINT('',(2.727283735,-0.649537742,0.000040928));
#326=DIRECTION('',(0.,0.,1.));
#327=VECTOR('',#326,3.299959072);
#328=LINE('',#325,#327);
#329=EDGE_CURVE('',#295,#233,#328,.T.);
#330=ORIENTED_EDGE('',*,*,#329,.T.);
#331=ORIENTED_EDGE('',*,*,#241,.T.);
#332=CARTESIAN_POINT('',(0.654223846,-2.723360771,0.000040928));
#333=DIRECTION('',(0.,0.,1.));
#334=VECTOR('',#333,3.299959072);
#335=LINE('',#332,#334);
#336=EDGE_CURVE('',#293,#235,#335,.T.);
#337=ORIENTED_EDGE('',*,*,#336,.F.);
#338=ORIENTED_EDGE('',*,*,#301,.T.);
#339=EDGE_LOOP('',(#330,#331,#337,#338));
#340=FACE_BOUND('',#339,.T.);
#341=ADVANCED_FACE('',(#340),#324,.T.);
#342=CARTESIAN_POINT('',(1.471723846,-0.649537742,-0.949959072));
#343=DIRECTION('',(-0.,1.,0.));
#344=DIRECTION('',(0.,0.,-1.));
#345=AXIS2_PLACEMENT_3D('',#342,#343,#344);
#346=PLANE('',#345);
#347=ORIENTED_EDGE('',*,*,#329,.F.);
#348=ORIENTED_EDGE('',*,*,#315,.F.);
#349=CARTESIAN_POINT('',(0.654223846,-0.649537742,0.000040928));
#350=DIRECTION('',(0.,0.,1.));
#351=VECTOR('',#350,3.299959072);
#352=LINE('',#349,#351);
#353=EDGE_CURVE('',#304,#244,#352,.T.);
#354=ORIENTED_EDGE('',*,*,#353,.T.);
#355=ORIENTED_EDGE('',*,*,#249,.F.);
#356=EDGE_LOOP('',(#347,#348,#354,#355));
#357=FACE_BOUND('',#356,.T.);
#358=ADVANCED_FACE('',(#357),#346,.T.);
#359=CARTESIAN_POINT('',(0.00366835,0.00001536,-0.949959072));
#360=DIRECTION('',(0.,0.,1.));
#361=DIRECTION('',(-1.,-0.,0.));
#362=AXIS2_PLACEMENT_3D('',#359,#360,#361);
#363=CYLINDRICAL_SURFACE('',#362,2.8);
#364=CARTESIAN_POINT('',(0.654223846,2.72339149,0.000040928));
#365=VERTEX_POINT('',#364);
#366=CARTESIAN_POINT('',(0.654223846,2.72339149,0.000040928));
#367=DIRECTION('',(0.,0.,1.));
#368=VECTOR('',#367,3.299959072);
#369=LINE('',#366,#368);
#370=EDGE_CURVE('',#365,#206,#369,.T.);
#371=ORIENTED_EDGE('',*,*,#370,.T.);
#372=ORIENTED_EDGE('',*,*,#214,.T.);
#373=CARTESIAN_POINT('',(2.72707042,0.650462258,0.000040928));
#374=VERTEX_POINT('',#373);
#375=CARTESIAN_POINT('',(2.72707042,0.650462258,0.000040928));
#376=DIRECTION('',(0.,0.,1.));
#377=VECTOR('',#376,3.299959072);
#378=LINE('',#375,#377);
#379=EDGE_CURVE('',#374,#208,#378,.T.);
#380=ORIENTED_EDGE('',*,*,#379,.F.);
#381=CARTESIAN_POINT('',(0.00366835,0.00001536,0.000040928));
#382=DIRECTION('',(-0.,-0.,1.));
#383=DIRECTION('',(1.,0.,0.));
#384=AXIS2_PLACEMENT_3D('',#381,#382,#383);
#385=CIRCLE('',#384,2.8);
#386=EDGE_CURVE('',#374,#365,#385,.T.);
#387=ORIENTED_EDGE('',*,*,#386,.T.);
#388=EDGE_LOOP('',(#371,#372,#380,#387));
#389=FACE_BOUND('',#388,.T.);
#390=ADVANCED_FACE('',(#389),#363,.T.);
#391=CARTESIAN_POINT('',(1.471723846,0.650462258,-0.949959072));
#392=DIRECTION('',(0.,-1.,0.));
#393=DIRECTION('',(0.,0.,1.));
#394=AXIS2_PLACEMENT_3D('',#391,#392,#393);
#395=PLANE('',#394);
#396=CARTESIAN_POINT('',(0.654223846,0.650462258,0.000040928));
#397=VERTEX_POINT('',#396);
#398=CARTESIAN_POINT('',(0.654223846,0.650462258,0.000040928));
#399=DIRECTION('',(0.,0.,1.));
#400=VECTOR('',#399,3.299959072);
#401=LINE('',#398,#400);
#402=EDGE_CURVE('',#397,#217,#401,.T.);
#403=ORIENTED_EDGE('',*,*,#402,.F.);
#404=CARTESIAN_POINT('',(0.654223846,0.650462258,0.000040928));
#405=DIRECTION('',(1.,0.,0.));
#406=VECTOR('',#405,2.072846574);
#407=LINE('',#404,#406);
#408=EDGE_CURVE('',#397,#374,#407,.T.);
#409=ORIENTED_EDGE('',*,*,#408,.T.);
#410=ORIENTED_EDGE('',*,*,#379,.T.);
#411=ORIENTED_EDGE('',*,*,#228,.F.);
#412=EDGE_LOOP('',(#403,#409,#410,#411));
#413=FACE_BOUND('',#412,.T.);
#414=ADVANCED_FACE('',(#413),#395,.T.);
#415=CARTESIAN_POINT('',(0.654223846,1.467962258,-0.949959072));
#416=DIRECTION('',(-1.,-0.,0.));
#417=DIRECTION('',(0.,0.,-1.));
#418=AXIS2_PLACEMENT_3D('',#415,#416,#417);
#419=PLANE('',#418);
#420=ORIENTED_EDGE('',*,*,#370,.F.);
#421=CARTESIAN_POINT('',(0.654223846,0.650462258,0.000040928));
#422=DIRECTION('',(-0.,1.,0.));
#423=VECTOR('',#422,2.072929232);
#424=LINE('',#421,#423);
#425=EDGE_CURVE('',#397,#365,#424,.T.);
#426=ORIENTED_EDGE('',*,*,#425,.F.);
#427=ORIENTED_EDGE('',*,*,#402,.T.);
#428=ORIENTED_EDGE('',*,*,#222,.F.);
#429=EDGE_LOOP('',(#420,#426,#427,#428));
#430=FACE_BOUND('',#429,.T.);
#431=ADVANCED_FACE('',(#430),#419,.T.);
#432=CARTESIAN_POINT('',(0.00366835,0.00001536,-0.949959072));
#433=DIRECTION('',(0.,0.,1.));
#434=DIRECTION('',(-1.,-0.,0.));
#435=AXIS2_PLACEMENT_3D('',#432,#433,#434);
#436=CYLINDRICAL_SURFACE('',#435,2.8);
#437=CARTESIAN_POINT('',(-2.71973372,0.650462258,0.000040928));
#438=VERTEX_POINT('',#437);
#439=CARTESIAN_POINT('',(-2.71973372,0.650462258,0.000040928));
#440=DIRECTION('',(0.,0.,1.));
#441=VECTOR('',#440,3.299959072);
#442=LINE('',#439,#441);
#443=EDGE_CURVE('',#438,#179,#442,.T.);
#444=ORIENTED_EDGE('',*,*,#443,.T.);
#445=ORIENTED_EDGE('',*,*,#187,.T.);
#446=CARTESIAN_POINT('',(-0.645776154,2.723656642,0.000040928));
#447=VERTEX_POINT('',#446);
#448=CARTESIAN_POINT('',(-0.645776154,2.723656642,0.000040928));
#449=DIRECTION('',(0.,0.,1.));
#450=VECTOR('',#449,3.299959072);
#451=LINE('',#448,#450);
#452=EDGE_CURVE('',#447,#181,#451,.T.);
#453=ORIENTED_EDGE('',*,*,#452,.F.);
#454=CARTESIAN_POINT('',(0.00366835,0.00001536,0.000040928));
#455=DIRECTION('',(-0.,-0.,1.));
#456=DIRECTION('',(1.,0.,0.));
#457=AXIS2_PLACEMENT_3D('',#454,#455,#456);
#458=CIRCLE('',#457,2.8);
#459=EDGE_CURVE('',#447,#438,#458,.T.);
#460=ORIENTED_EDGE('',*,*,#459,.T.);
#461=EDGE_LOOP('',(#444,#445,#453,#460));
#462=FACE_BOUND('',#461,.T.);
#463=ADVANCED_FACE('',(#462),#436,.T.);
#464=CARTESIAN_POINT('',(-0.645776154,1.467962258,-0.949959072));
#465=DIRECTION('',(1.,0.,0.));
#466=DIRECTION('',(0.,0.,1.));
#467=AXIS2_PLACEMENT_3D('',#464,#465,#466);
#468=PLANE('',#467);
#469=CARTESIAN_POINT('',(-0.645776154,0.650462258,0.000040928));
#470=VERTEX_POINT('',#469);
#471=CARTESIAN_POINT('',(-0.645776154,0.650462258,0.000040928));
#472=DIRECTION('',(0.,0.,1.));
#473=VECTOR('',#472,3.299959072);
#474=LINE('',#471,#473);
#475=EDGE_CURVE('',#470,#190,#474,.T.);
#476=ORIENTED_EDGE('',*,*,#475,.F.);
#477=CARTESIAN_POINT('',(-0.645776154,0.650462258,0.000040928));
#478=DIRECTION('',(-0.,1.,0.));
#479=VECTOR('',#478,2.073194385);
#480=LINE('',#477,#479);
#481=EDGE_CURVE('',#470,#447,#480,.T.);
#482=ORIENTED_EDGE('',*,*,#481,.T.);
#483=ORIENTED_EDGE('',*,*,#452,.T.);
#484=ORIENTED_EDGE('',*,*,#201,.F.);
#485=EDGE_LOOP('',(#476,#482,#483,#484));
#486=FACE_BOUND('',#485,.T.);
#487=ADVANCED_FACE('',(#486),#468,.T.);
#488=CARTESIAN_POINT('',(-1.463276154,0.650462258,-0.949959072));
#489=DIRECTION('',(0.,-1.,0.));
#490=DIRECTION('',(0.,0.,1.));
#491=AXIS2_PLACEMENT_3D('',#488,#489,#490);
#492=PLANE('',#491);
#493=ORIENTED_EDGE('',*,*,#443,.F.);
#494=CARTESIAN_POINT('',(-0.645776154,0.650462258,0.000040928));
#495=DIRECTION('',(-1.,-0.,0.));
#496=VECTOR('',#495,2.073957566);
#497=LINE('',#494,#496);
#498=EDGE_CURVE('',#470,#438,#497,.T.);
#499=ORIENTED_EDGE('',*,*,#498,.F.);
#500=ORIENTED_EDGE('',*,*,#475,.T.);
#501=ORIENTED_EDGE('',*,*,#195,.F.);
#502=EDGE_LOOP('',(#493,#499,#500,#501));
#503=FACE_BOUND('',#502,.T.);
#504=ADVANCED_FACE('',(#503),#492,.T.);
#505=CARTESIAN_POINT('',(0.00366835,0.00001536,-0.949959072));
#506=DIRECTION('',(0.,0.,1.));
#507=DIRECTION('',(-1.,-0.,0.));
#508=AXIS2_PLACEMENT_3D('',#505,#506,#507);
#509=CYLINDRICAL_SURFACE('',#508,2.8);
#510=CARTESIAN_POINT('',(-0.645776154,-2.723625923,0.000040928));
#511=VERTEX_POINT('',#510);
#512=CARTESIAN_POINT('',(-0.645776154,-2.723625923,0.000040928));
#513=DIRECTION('',(0.,0.,1.));
#514=VECTOR('',#513,3.299959072);
#515=LINE('',#512,#514);
#516=EDGE_CURVE('',#511,#260,#515,.T.);
#517=ORIENTED_EDGE('',*,*,#516,.T.);
#518=ORIENTED_EDGE('',*,*,#268,.T.);
#519=CARTESIAN_POINT('',(-2.719947035,-0.649537742,0.000040928));
#520=VERTEX_POINT('',#519);
#521=CARTESIAN_POINT('',(-2.719947035,-0.649537742,0.000040928));
#522=DIRECTION('',(0.,0.,1.));
#523=VECTOR('',#522,3.299959072);
#524=LINE('',#521,#523);
#525=EDGE_CURVE('',#520,#262,#524,.T.);
#526=ORIENTED_EDGE('',*,*,#525,.F.);
#527=CARTESIAN_POINT('',(0.00366835,0.00001536,0.000040928));
#528=DIRECTION('',(-0.,-0.,1.));
#529=DIRECTION('',(1.,0.,0.));
#530=AXIS2_PLACEMENT_3D('',#527,#528,#529);
#531=CIRCLE('',#530,2.8);
#532=EDGE_CURVE('',#520,#511,#531,.T.);
#533=ORIENTED_EDGE('',*,*,#532,.T.);
#534=EDGE_LOOP('',(#517,#518,#526,#533));
#535=FACE_BOUND('',#534,.T.);
#536=ADVANCED_FACE('',(#535),#509,.T.);
#537=CARTESIAN_POINT('',(-1.463276154,-0.649537742,-0.949959072));
#538=DIRECTION('',(-0.,1.,0.));
#539=DIRECTION('',(0.,0.,-1.));
#540=AXIS2_PLACEMENT_3D('',#537,#538,#539);
#541=PLANE('',#540);
#542=CARTESIAN_POINT('',(-0.645776154,-0.649537742,0.000040928));
#543=VERTEX_POINT('',#542);
#544=CARTESIAN_POINT('',(-0.645776154,-0.649537742,0.000040928));
#545=DIRECTION('',(0.,0.,1.));
#546=VECTOR('',#545,3.299959072);
#547=LINE('',#544,#546);
#548=EDGE_CURVE('',#543,#271,#547,.T.);
#549=ORIENTED_EDGE('',*,*,#548,.F.);
#550=CARTESIAN_POINT('',(-0.645776154,-0.649537742,0.000040928));
#551=DIRECTION('',(-1.,-0.,0.));
#552=VECTOR('',#551,2.074170881);
#553=LINE('',#550,#552);
#554=EDGE_CURVE('',#543,#520,#553,.T.);
#555=ORIENTED_EDGE('',*,*,#554,.T.);
#556=ORIENTED_EDGE('',*,*,#525,.T.);
#557=ORIENTED_EDGE('',*,*,#282,.F.);
#558=EDGE_LOOP('',(#549,#555,#556,#557));
#559=FACE_BOUND('',#558,.T.);
#560=ADVANCED_FACE('',(#559),#541,.T.);
#561=CARTESIAN_POINT('',(7.70366835,0.00001536,0.000040928));
#562=DIRECTION('',(0.,0.,-1.));
#563=DIRECTION('',(1.,0.,0.));
#564=AXIS2_PLACEMENT_3D('',#561,#562,#563);
#565=PLANE('',#564);
#566=ORIENTED_EDGE('',*,*,#481,.F.);
#567=ORIENTED_EDGE('',*,*,#498,.T.);
#568=ORIENTED_EDGE('',*,*,#459,.F.);
#569=EDGE_LOOP('',(#566,#567,#568));
#570=FACE_BOUND('',#569,.T.);
#571=ADVANCED_FACE('',(#570),#565,.T.);
#572=CARTESIAN_POINT('',(7.70366835,0.00001536,0.000040928));
#573=DIRECTION('',(0.,0.,-1.));
#574=DIRECTION('',(1.,0.,0.));
#575=AXIS2_PLACEMENT_3D('',#572,#573,#574);
#576=PLANE('',#575);
#577=ORIENTED_EDGE('',*,*,#408,.F.);
#578=ORIENTED_EDGE('',*,*,#425,.T.);
#579=ORIENTED_EDGE('',*,*,#386,.F.);
#580=EDGE_LOOP('',(#577,#578,#579));
#581=FACE_BOUND('',#580,.T.);
#582=ADVANCED_FACE('',(#581),#576,.T.);
#583=CARTESIAN_POINT('',(7.70366835,0.00001536,0.000040928));
#584=DIRECTION('',(0.,0.,-1.));
#585=DIRECTION('',(1.,0.,0.));
#586=AXIS2_PLACEMENT_3D('',#583,#584,#585);
#587=PLANE('',#586);
#588=ORIENTED_EDGE('',*,*,#532,.F.);
#589=ORIENTED_EDGE('',*,*,#554,.F.);
#590=CARTESIAN_POINT('',(-0.645776154,-0.649537742,0.000040928));
#591=DIRECTION('',(0.,-1.,0.));
#592=VECTOR('',#591,2.074088181);
#593=LINE('',#590,#592);
#594=EDGE_CURVE('',#543,#511,#593,.T.);
#595=ORIENTED_EDGE('',*,*,#594,.T.);
#596=EDGE_LOOP('',(#588,#589,#595));
#597=FACE_BOUND('',#596,.T.);
#598=ADVANCED_FACE('',(#597),#587,.T.);
#599=CARTESIAN_POINT('',(-0.645776154,-1.467037742,-0.949959072));
#600=DIRECTION('',(1.,0.,0.));
#601=DIRECTION('',(0.,0.,1.));
#602=AXIS2_PLACEMENT_3D('',#599,#600,#601);
#603=PLANE('',#602);
#604=ORIENTED_EDGE('',*,*,#516,.F.);
#605=ORIENTED_EDGE('',*,*,#594,.F.);
#606=ORIENTED_EDGE('',*,*,#548,.T.);
#607=ORIENTED_EDGE('',*,*,#276,.F.);
#608=EDGE_LOOP('',(#604,#605,#606,#607));
#609=FACE_BOUND('',#608,.T.);
#610=ADVANCED_FACE('',(#609),#603,.T.);
#611=CARTESIAN_POINT('',(0.654223846,-1.467037742,-0.949959072));
#612=DIRECTION('',(-1.,-0.,0.));
#613=DIRECTION('',(0.,0.,-1.));
#614=AXIS2_PLACEMENT_3D('',#611,#612,#613);
#615=PLANE('',#614);
#616=ORIENTED_EDGE('',*,*,#353,.F.);
#617=ORIENTED_EDGE('',*,*,#309,.T.);
#618=ORIENTED_EDGE('',*,*,#336,.T.);
#619=ORIENTED_EDGE('',*,*,#255,.F.);
#620=EDGE_LOOP('',(#616,#617,#618,#619));
#621=FACE_BOUND('',#620,.T.);
#622=ADVANCED_FACE('',(#621),#615,.T.);
#623=CARTESIAN_POINT('',(0.00366835,8.111243282,-2.842052145));
#624=DIRECTION('',(0.,-0.957024404,-0.290007395));
#625=DIRECTION('',(0.,-0.290007395,0.957024404));
#626=AXIS2_PLACEMENT_3D('',#623,#624,#625);
#627=PLANE('',#626);
#628=ORIENTED_EDGE('',*,*,#160,.F.);
#629=CARTESIAN_POINT('',(-7.750280266,7.25001536,0.));
#630=VERTEX_POINT('',#629);
#631=CARTESIAN_POINT('',(-7.750280266,7.25001536,0.));
#632=DIRECTION('',(0.278531002,-0.278531002,0.919152306));
#633=VECTOR('',#632,3.590264614);
#634=LINE('',#631,#633);
#635=EDGE_CURVE('',#630,#145,#634,.T.);
#636=ORIENTED_EDGE('',*,*,#635,.F.);
#637=CARTESIAN_POINT('',(7.749719734,7.25001536,0.));
#638=VERTEX_POINT('',#637);
#639=CARTESIAN_POINT('',(-7.750280266,7.25001536,0.));
#640=DIRECTION('',(1.,0.,0.));
#641=VECTOR('',#640,15.5);
#642=LINE('',#639,#641);
#643=EDGE_CURVE('',#630,#638,#642,.T.);
#644=ORIENTED_EDGE('',*,*,#643,.T.);
#645=CARTESIAN_POINT('',(7.749719734,7.25001536,0.));
#646=DIRECTION('',(-0.278531002,-0.278531002,0.919152306));
#647=VECTOR('',#646,3.590264614);
#648=LINE('',#645,#647);
#649=EDGE_CURVE('',#638,#155,#648,.T.);
#650=ORIENTED_EDGE('',*,*,#649,.T.);
#651=EDGE_LOOP('',(#628,#636,#644,#650));
#652=FACE_BOUND('',#651,.T.);
#653=ADVANCED_FACE('',(#652),#627,.T.);
#654=CARTESIAN_POINT('',(-8.569123948,0.00001536,-2.702184152));
#655=DIRECTION('',(0.957024404,0.,-0.290007395));
#656=DIRECTION('',(0.290007395,0.,0.957024404));
#657=AXIS2_PLACEMENT_3D('',#654,#655,#656);
#658=PLANE('',#657);
#659=ORIENTED_EDGE('',*,*,#152,.T.);
#660=CARTESIAN_POINT('',(-7.750280266,-7.24998464,0.));
#661=VERTEX_POINT('',#660);
#662=CARTESIAN_POINT('',(-7.750280266,-7.24998464,0.));
#663=DIRECTION('',(0.278531002,0.278531002,0.919152306));
#664=VECTOR('',#663,3.590264614);
#665=LINE('',#662,#664);
#666=EDGE_CURVE('',#661,#147,#665,.T.);
#667=ORIENTED_EDGE('',*,*,#666,.F.);
#668=CARTESIAN_POINT('',(-7.750280266,7.25001536,0.));
#669=DIRECTION('',(0.,-1.,0.));
#670=VECTOR('',#669,14.5);
#671=LINE('',#668,#670);
#672=EDGE_CURVE('',#630,#661,#671,.T.);
#673=ORIENTED_EDGE('',*,*,#672,.F.);
#674=ORIENTED_EDGE('',*,*,#635,.T.);
#675=EDGE_LOOP('',(#659,#667,#673,#674));
#676=FACE_BOUND('',#675,.T.);
#677=ADVANCED_FACE('',(#676),#658,.T.);
#678=CARTESIAN_POINT('',(0.00366835,-8.111212563,-2.842052145));
#679=DIRECTION('',(-0.,0.957024404,-0.290007395));
#680=DIRECTION('',(0.,-0.290007395,-0.957024404));
#681=AXIS2_PLACEMENT_3D('',#678,#679,#680);
#682=PLANE('',#681);
#683=ORIENTED_EDGE('',*,*,#174,.F.);
#684=CARTESIAN_POINT('',(7.749719734,-7.24998464,0.));
#685=VERTEX_POINT('',#684);
#686=CARTESIAN_POINT('',(7.749719734,-7.24998464,0.));
#687=DIRECTION('',(-0.278531002,0.278531002,0.919152306));
#688=VECTOR('',#687,3.590264614);
#689=LINE('',#686,#688);
#690=EDGE_CURVE('',#685,#163,#689,.T.);
#691=ORIENTED_EDGE('',*,*,#690,.F.);
#692=CARTESIAN_POINT('',(7.749719734,-7.24998464,0.));
#693=DIRECTION('',(-1.,-0.,0.));
#694=VECTOR('',#693,15.5);
#695=LINE('',#692,#694);
#696=EDGE_CURVE('',#685,#661,#695,.T.);
#697=ORIENTED_EDGE('',*,*,#696,.T.);
#698=ORIENTED_EDGE('',*,*,#666,.T.);
#699=EDGE_LOOP('',(#683,#691,#697,#698));
#700=FACE_BOUND('',#699,.T.);
#701=ADVANCED_FACE('',(#700),#682,.T.);
#702=CARTESIAN_POINT('',(8.569227608,0.00001536,-2.704375983));
#703=DIRECTION('',(-0.957024404,0.,-0.290007395));
#704=DIRECTION('',(0.290007395,0.,-0.957024404));
#705=AXIS2_PLACEMENT_3D('',#702,#703,#704);
#706=PLANE('',#705);
#707=ORIENTED_EDGE('',*,*,#168,.F.);
#708=ORIENTED_EDGE('',*,*,#649,.F.);
#709=CARTESIAN_POINT('',(7.749719734,7.25001536,0.));
#710=DIRECTION('',(0.,-1.,0.));
#711=VECTOR('',#710,14.5);
#712=LINE('',#709,#711);
#713=EDGE_CURVE('',#638,#685,#712,.T.);
#714=ORIENTED_EDGE('',*,*,#713,.T.);
#715=ORIENTED_EDGE('',*,*,#690,.T.);
#716=EDGE_LOOP('',(#707,#708,#714,#715));
#717=FACE_BOUND('',#716,.T.);
#718=ADVANCED_FACE('',(#717),#706,.T.);
#719=CARTESIAN_POINT('',(-17.99633165,0.00001536,0.));
#720=DIRECTION('',(0.,0.,-1.));
#721=DIRECTION('',(-1.,0.,0.));
#722=AXIS2_PLACEMENT_3D('',#719,#720,#721);
#723=PLANE('',#722);
#724=ORIENTED_EDGE('',*,*,#78,.F.);
#725=CARTESIAN_POINT('',(7.573006337,-8.24998464,0.));
#726=VERTEX_POINT('',#725);
#727=CARTESIAN_POINT('',(7.444850703,-6.919625128,0.));
#728=DIRECTION('',(0.,0.,-1.));
#729=DIRECTION('',(-0.6351054,0.772425486,0.));
#730=AXIS2_PLACEMENT_3D('',#727,#728,#729);
#731=ELLIPSE('',#730,1.38204183,1.25);
#732=EDGE_CURVE('',#67,#726,#731,.T.);
#733=ORIENTED_EDGE('',*,*,#732,.T.);
#734=CARTESIAN_POINT('',(-7.573566869,-8.24998464,0.));
#735=VERTEX_POINT('',#734);
#736=CARTESIAN_POINT('',(-7.573566869,-8.24998464,0.));
#737=DIRECTION('',(1.,0.,0.));
#738=VECTOR('',#737,15.146573206);
#739=LINE('',#736,#738);
#740=EDGE_CURVE('',#735,#726,#739,.T.);
#741=ORIENTED_EDGE('',*,*,#740,.F.);
#742=CARTESIAN_POINT('',(-7.445411235,-6.919625128,0.));
#743=DIRECTION('',(0.,0.,-1.));
#744=DIRECTION('',(0.6351054,0.772425486,0.));
#745=AXIS2_PLACEMENT_3D('',#742,#743,#744);
#746=ELLIPSE('',#745,1.38204183,1.25);
#747=EDGE_CURVE('',#735,#89,#746,.T.);
#748=ORIENTED_EDGE('',*,*,#747,.T.);
#749=ORIENTED_EDGE('',*,*,#134,.F.);
#750=CARTESIAN_POINT('',(-7.573566869,8.25001536,0.));
#751=VERTEX_POINT('',#750);
#752=CARTESIAN_POINT('',(-7.445411235,6.919655847,0.));
#753=DIRECTION('',(0.,0.,-1.));
#754=DIRECTION('',(0.6351054,-0.772425486,0.));
#755=AXIS2_PLACEMENT_3D('',#752,#753,#754);
#756=ELLIPSE('',#755,1.38204183,1.25);
#757=EDGE_CURVE('',#123,#751,#756,.T.);
#758=ORIENTED_EDGE('',*,*,#757,.T.);
#759=CARTESIAN_POINT('',(7.573006337,8.25001536,0.));
#760=VERTEX_POINT('',#759);
#761=CARTESIAN_POINT('',(7.573006337,8.25001536,0.));
#762=DIRECTION('',(-1.,-0.,0.));
#763=VECTOR('',#762,15.146573206);
#764=LINE('',#761,#763);
#765=EDGE_CURVE('',#760,#751,#764,.T.);
#766=ORIENTED_EDGE('',*,*,#765,.F.);
#767=CARTESIAN_POINT('',(7.444850703,6.919655847,0.));
#768=DIRECTION('',(-0.,0.,-1.));
#769=DIRECTION('',(-0.6351054,-0.772425486,0.));
#770=AXIS2_PLACEMENT_3D('',#767,#768,#769);
#771=ELLIPSE('',#770,1.38204183,1.25);
#772=EDGE_CURVE('',#760,#33,#771,.T.);
#773=ORIENTED_EDGE('',*,*,#772,.T.);
#774=EDGE_LOOP('',(#724,#733,#741,#748,#749,#758,#766,#773));
#775=FACE_BOUND('',#774,.T.);
#776=ORIENTED_EDGE('',*,*,#643,.F.);
#777=ORIENTED_EDGE('',*,*,#672,.T.);
#778=ORIENTED_EDGE('',*,*,#696,.F.);
#779=ORIENTED_EDGE('',*,*,#713,.F.);
#780=EDGE_LOOP('',(#776,#777,#778,#779));
#781=FACE_BOUND('',#780,.T.);
#782=ADVANCED_FACE('',(#775,#781),#723,.T.);
#783=CARTESIAN_POINT('',(32.60366835,-8.987952051,-2.025762096));
#784=DIRECTION('',(0.,-0.939595642,0.342286473));
#785=DIRECTION('',(-0.,0.342286473,0.939595642));
#786=AXIS2_PLACEMENT_3D('',#783,#784,#785);
#787=PLANE('',#786);
#788=CARTESIAN_POINT('',(5.891693707,-6.205144955,5.613200076));
#789=VERTEX_POINT('',#788);
#790=CARTESIAN_POINT('',(7.573006337,-8.24998464,0.));
#791=DIRECTION('',(-0.270911087,0.329486457,0.904458876));
#792=VECTOR('',#791,6.206141844);
#793=LINE('',#790,#792);
#794=EDGE_CURVE('',#726,#789,#793,.T.);
#795=ORIENTED_EDGE('',*,*,#794,.T.);
#796=CARTESIAN_POINT('',(-5.892254238,-6.205144955,5.613200076));
#797=VERTEX_POINT('',#796);
#798=CARTESIAN_POINT('',(5.891693707,-6.205144955,5.613200076));
#799=DIRECTION('',(-1.,-0.,-0.));
#800=VECTOR('',#799,11.783947945);
#801=LINE('',#798,#800);
#802=EDGE_CURVE('',#789,#797,#801,.T.);
#803=ORIENTED_EDGE('',*,*,#802,.T.);
#804=CARTESIAN_POINT('',(-5.892254238,-6.205144955,5.613200076));
#805=DIRECTION('',(-0.270911087,-0.329486457,-0.904458876));
#806=VECTOR('',#805,6.206141844);
#807=LINE('',#804,#806);
#808=EDGE_CURVE('',#797,#735,#807,.T.);
#809=ORIENTED_EDGE('',*,*,#808,.T.);
#810=ORIENTED_EDGE('',*,*,#740,.T.);
#811=EDGE_LOOP('',(#795,#803,#809,#810));
#812=FACE_BOUND('',#811,.T.);
#813=ADVANCED_FACE('',(#812),#787,.T.);
#814=CARTESIAN_POINT('',(32.60366835,8.98798277,-2.025762096));
#815=DIRECTION('',(-0.,0.939595642,0.342286473));
#816=DIRECTION('',(-0.,0.342286473,-0.939595642));
#817=AXIS2_PLACEMENT_3D('',#814,#815,#816);
#818=PLANE('',#817);
#819=CARTESIAN_POINT('',(-5.892254238,6.205175674,5.613200076));
#820=VERTEX_POINT('',#819);
#821=CARTESIAN_POINT('',(-7.573566869,8.25001536,-0.));
#822=DIRECTION('',(0.270911087,-0.329486457,0.904458876));
#823=VECTOR('',#822,6.206141844);
#824=LINE('',#821,#823);
#825=EDGE_CURVE('',#751,#820,#824,.T.);
#826=ORIENTED_EDGE('',*,*,#825,.T.);
#827=CARTESIAN_POINT('',(5.891693707,6.205175674,5.613200076));
#828=VERTEX_POINT('',#827);
#829=CARTESIAN_POINT('',(-5.892254238,6.205175674,5.613200076));
#830=DIRECTION('',(1.,0.,0.));
#831=VECTOR('',#830,11.783947945);
#832=LINE('',#829,#831);
#833=EDGE_CURVE('',#820,#828,#832,.T.);
#834=ORIENTED_EDGE('',*,*,#833,.T.);
#835=CARTESIAN_POINT('',(5.891693707,6.205175674,5.613200076));
#836=DIRECTION('',(0.270911087,0.329486457,-0.904458876));
#837=VECTOR('',#836,6.206141844);
#838=LINE('',#835,#837);
#839=EDGE_CURVE('',#828,#760,#838,.T.);
#840=ORIENTED_EDGE('',*,*,#839,.T.);
#841=ORIENTED_EDGE('',*,*,#765,.T.);
#842=EDGE_LOOP('',(#826,#834,#840,#841));
#843=FACE_BOUND('',#842,.T.);
#844=ADVANCED_FACE('',(#843),#818,.T.);
#845=CARTESIAN_POINT('',(-6.734660485,5.437203,5.997571398));
#846=CARTESIAN_POINT('',(6.734099954,5.437203,5.997571398));
#847=CARTESIAN_POINT('',(-6.734660485,0.00001536,4.355181985));
#848=CARTESIAN_POINT('',(6.734099954,0.00001536,4.355181985));
#849=CARTESIAN_POINT('',(-6.734660485,-5.43717228,5.997571398));
#850=CARTESIAN_POINT('',(6.734099954,-5.43717228,5.997571398));
#851=B_SPLINE_SURFACE_WITH_KNOTS('',2,1,((#845,#846),(#847,#848),(#849,#850)),.UNSPECIFIED.,.F.,.F.,.U.,(3,3),(2,2),(0.04690103,0.95309897),(0.213233423,0.482608632),.UNSPECIFIED.);
#852=CARTESIAN_POINT('',(1.99943947,-3.567894772,5.529987322));
#853=VERTEX_POINT('',#852);
#854=CARTESIAN_POINT('',(0.89374247,-3.567894772,5.529987322));
#855=VERTEX_POINT('',#854);
#856=CARTESIAN_POINT('',(1.99943947,-3.567894772,5.529987322));
#857=DIRECTION('',(-1.,-0.,-0.));
#858=VECTOR('',#857,1.105697001);
#859=LINE('',#856,#858);
#860=EDGE_CURVE('',#853,#855,#859,.T.);
#861=ORIENTED_EDGE('',*,*,#860,.F.);
#862=CARTESIAN_POINT('',(2.499439523,-4.064470236,5.635266779));
#863=VERTEX_POINT('',#862);
#864=CARTESIAN_POINT('',(1.99943947,-3.567894772,5.529987322));
#865=CARTESIAN_POINT('',(2.06582551,-3.567894772,5.529987322));
#866=CARTESIAN_POINT('',(2.130663069,-3.58135515,5.532642863));
#867=CARTESIAN_POINT('',(2.191616014,-3.606505481,5.537682041));
#868=CARTESIAN_POINT('',(2.252568959,-3.631655812,5.542721218));
#869=CARTESIAN_POINT('',(2.308928204,-3.668755444,5.550203881));
#870=CARTESIAN_POINT('',(2.354665912,-3.714585465,5.559661672));
#871=CARTESIAN_POINT('',(2.400403619,-3.760415486,5.569119463));
#872=CARTESIAN_POINT('',(2.436834338,-3.816008736,5.580777837));
#873=CARTESIAN_POINT('',(2.461553399,-3.875997665,5.593695496));
#874=CARTESIAN_POINT('',(2.48627246,-3.935986593,5.606613155));
#875=CARTESIAN_POINT('',(2.499439523,-3.999838204,5.620672559));
#876=CARTESIAN_POINT('',(2.499439523,-4.064470236,5.635266779));
#877=B_SPLINE_CURVE_WITH_KNOTS('',3,(#864,#865,#866,#867,#868,#869,#870,#871,#872,#873,#874,#875,#876),.UNSPECIFIED.,.F.,.F.,(4,3,3,3,4),(0.,0.000196323,0.000392646,0.000588969,0.000785292),.UNSPECIFIED.);
#878=EDGE_CURVE('',#853,#863,#877,.T.);
#879=ORIENTED_EDGE('',*,*,#878,.T.);
#880=CARTESIAN_POINT('',(1.506105744,-4.559949353,5.753967752));
#881=VERTEX_POINT('',#880);
#882=CARTESIAN_POINT('',(2.499439523,-4.064470236,5.635266779));
#883=CARTESIAN_POINT('',(2.499439523,-4.116990422,5.647126087));
#884=CARTESIAN_POINT('',(2.490943091,-4.168185852,5.658915749));
#885=CARTESIAN_POINT('',(2.474449781,-4.218138572,5.670621763));
#886=CARTESIAN_POINT('',(2.45795647,-4.268091293,5.682327778));
#887=CARTESIAN_POINT('',(2.433790625,-4.315441817,5.693636537));
#888=CARTESIAN_POINT('',(2.402520042,-4.358058701,5.703954734));
#889=CARTESIAN_POINT('',(2.339978877,-4.443292469,5.724591127));
#890=CARTESIAN_POINT('',(2.247682954,-4.507012957,5.740608392));
#891=CARTESIAN_POINT('',(2.145151936,-4.538045201,5.748432071));
#892=CARTESIAN_POINT('',(2.119519182,-4.545803262,5.75038799));
#893=CARTESIAN_POINT('',(2.092867414,-4.551667784,5.751871303));
#894=CARTESIAN_POINT('',(2.066241193,-4.555329084,5.752797886));
#895=CARTESIAN_POINT('',(2.039614972,-4.558990385,5.753724468));
#896=CARTESIAN_POINT('',(2.012951927,-4.559949353,5.753967752));
#897=CARTESIAN_POINT('',(1.986275812,-4.559949353,5.753967752));
#898=CARTESIAN_POINT('',(1.932923582,-4.559949353,5.753967752));
#899=CARTESIAN_POINT('',(1.879571353,-4.559949353,5.753967752));
#900=CARTESIAN_POINT('',(1.826219123,-4.559949353,5.753967752));
#901=CARTESIAN_POINT('',(1.719514663,-4.559949353,5.753967752));
#902=CARTESIAN_POINT('',(1.612810204,-4.559949353,5.753967752));
#903=CARTESIAN_POINT('',(1.506105744,-4.559949353,5.753967752));
#904=B_SPLINE_CURVE_WITH_KNOTS('',3,(#882,#883,#884,#885,#886,#887,#888,#889,#890,#891,#892,#893,#894,#895,#896,#897,#898,#899,#900,#901,#902,#903),.UNSPECIFIED.,.F.,.F.,(4,3,3,3,3,3,3,4),(0.00003167,0.000191319,0.000350968,0.000670267,0.000750092,0.000829916,0.000989565,0.001308864),.UNSPECIFIED.);
#905=EDGE_CURVE('',#863,#881,#904,.T.);
#906=ORIENTED_EDGE('',*,*,#905,.T.);
#907=CARTESIAN_POINT('',(-2.00056053,-4.559949353,5.753967752));
#908=VERTEX_POINT('',#907);
#909=CARTESIAN_POINT('',(1.506105745,-4.559949353,5.753967752));
#910=DIRECTION('',(-1.,-0.,-0.));
#911=VECTOR('',#910,3.506666275);
#912=LINE('',#909,#911);
#913=EDGE_CURVE('',#881,#908,#912,.T.);
#914=ORIENTED_EDGE('',*,*,#913,.T.);
#915=CARTESIAN_POINT('',(-2.500560459,-4.064634103,5.635303782));
#916=VERTEX_POINT('',#915);
#917=CARTESIAN_POINT('',(-2.00056053,-4.559949353,5.753967752));
#918=CARTESIAN_POINT('',(-2.067046567,-4.559949353,5.753967752));
#919=CARTESIAN_POINT('',(-2.131980995,-4.54650674,5.750549872));
#920=CARTESIAN_POINT('',(-2.192952752,-4.521432702,5.744251485));
#921=CARTESIAN_POINT('',(-2.253924509,-4.496358664,5.737953098));
#922=CARTESIAN_POINT('',(-2.310223761,-4.459408712,5.728720607));
#923=CARTESIAN_POINT('',(-2.3558958,-4.413778546,5.717531598));
#924=CARTESIAN_POINT('',(-2.401567839,-4.36814838,5.70634259));
#925=CARTESIAN_POINT('',(-2.437960809,-4.312773985,5.692948175));
#926=CARTESIAN_POINT('',(-2.462663908,-4.252953256,5.67881397));
#927=CARTESIAN_POINT('',(-2.487367007,-4.193132527,5.664679766));
#928=CARTESIAN_POINT('',(-2.500560459,-4.129361792,5.649920191));
#929=CARTESIAN_POINT('',(-2.500560459,-4.064634103,5.635303782));
#930=B_SPLINE_CURVE_WITH_KNOTS('',3,(#917,#918,#919,#920,#921,#922,#923,#924,#925,#926,#927,#928,#929),.UNSPECIFIED.,.F.,.F.,(4,3,3,3,4),(0.,0.000196617,0.000393234,0.000589851,0.000786469),.UNSPECIFIED.);
#931=EDGE_CURVE('',#908,#916,#930,.T.);
#932=ORIENTED_EDGE('',*,*,#931,.T.);
#933=CARTESIAN_POINT('',(-2.500560459,-4.064634103,5.635303782));
#934=CARTESIAN_POINT('',(-2.500560811,-4.027261005,5.626864418));
#935=CARTESIAN_POINT('',(-2.496195204,-3.990534727,5.61868738));
#936=CARTESIAN_POINT('',(-2.48779164,-3.954407217,5.610750522));
#937=CARTESIAN_POINT('',(-2.479388075,-3.918279706,5.602813664));
#938=CARTESIAN_POINT('',(-2.466670521,-3.882269287,5.595015508));
#939=CARTESIAN_POINT('',(-2.450388301,-3.848554418,5.587806951));
#940=CARTESIAN_POINT('',(-2.434106082,-3.814839548,5.580598393));
#941=CARTESIAN_POINT('',(-2.414312632,-3.783227204,5.573933929));
#942=CARTESIAN_POINT('',(-2.390820408,-3.753837676,5.56780482));
#943=CARTESIAN_POINT('',(-2.367328185,-3.724448149,5.56167571));
#944=CARTESIAN_POINT('',(-2.339785186,-3.697325845,5.556093256));
#945=CARTESIAN_POINT('',(-2.309897562,-3.674181178,5.551368919));
#946=CARTESIAN_POINT('',(-2.250122312,-3.627891844,5.541920246));
#947=CARTESIAN_POINT('',(-2.178894801,-3.594992437,5.53537183));
#948=CARTESIAN_POINT('',(-2.104073978,-3.578990572,5.532190121));
#949=CARTESIAN_POINT('',(-2.066663567,-3.57098964,5.530599266));
#950=CARTESIAN_POINT('',(-2.027903735,-3.567894772,5.529987322));
#951=CARTESIAN_POINT('',(-1.989461022,-3.567894772,5.529987322));
#952=CARTESIAN_POINT('',(-1.951018309,-3.567894772,5.529987322));
#953=CARTESIAN_POINT('',(-1.912575595,-3.567894772,5.529987322));
#954=CARTESIAN_POINT('',(-1.874132882,-3.567894772,5.529987322));
#955=CARTESIAN_POINT('',(-1.566591176,-3.567894772,5.529987322));
#956=CARTESIAN_POINT('',(-1.259049471,-3.567894772,5.529987322));
#957=CARTESIAN_POINT('',(-0.951507765,-3.567894772,5.529987322));
#958=CARTESIAN_POINT('',(-0.336424353,-3.567894772,5.529987322));
#959=CARTESIAN_POINT('',(0.278659058,-3.567894772,5.529987322));
#960=CARTESIAN_POINT('',(0.89374247,-3.567894772,5.529987322));
#961=B_SPLINE_CURVE_WITH_KNOTS('',3,(#933,#934,#935,#936,#937,#938,#939,#940,#941,#942,#943,#944,#945,#946,#947,#948,#949,#950,#951,#952,#953,#954,#955,#956,#957,#958,
#959,#960),.UNSPECIFIED.,.F.,.F.,(4,3,3,3,3,3,3,3,3,4),(0.000028433,0.000141972,0.000255511,0.00036905,0.000482589,0.000709667,0.000823207,0.000936746,0.001845059,0.003661685),.UNSPECIFIED.);
#962=EDGE_CURVE('',#916,#855,#961,.T.);
#963=ORIENTED_EDGE('',*,*,#962,.T.);
#964=EDGE_LOOP('',(#861,#879,#906,#914,#932,#963));
#965=FACE_BOUND('',#964,.T.);
#966=CARTESIAN_POINT('',(6.52679895,-4.91041373,5.846163187));
#967=VERTEX_POINT('',#966);
#968=CARTESIAN_POINT('',(6.52679895,4.910444449,5.846163187));
#969=VERTEX_POINT('',#968);
#970=CARTESIAN_POINT('',(6.52679895,-4.91041373,5.846163187));
#971=CARTESIAN_POINT('',(6.560677941,-4.508334167,5.736475232));
#972=CARTESIAN_POINT('',(6.590732223,-4.102342173,5.63925519));
#973=CARTESIAN_POINT('',(6.616580816,-3.695265547,5.555685052));
#974=CARTESIAN_POINT('',(6.642429409,-3.28818892,5.472114914));
#975=CARTESIAN_POINT('',(6.664066117,-2.880454358,5.402217023));
#976=CARTESIAN_POINT('',(6.681436191,-2.471976678,5.346119598));
#977=CARTESIAN_POINT('',(6.71617634,-1.655021318,5.233924748));
#978=CARTESIAN_POINT('',(6.733857281,-0.835102952,5.176902303));
#979=CARTESIAN_POINT('',(6.734019063,-0.011391179,5.176380306));
#980=CARTESIAN_POINT('',(6.734099954,0.400464708,5.176119307));
#981=CARTESIAN_POINT('',(6.729799213,0.813271824,5.189990528));
#982=CARTESIAN_POINT('',(6.721056609,1.22714136,5.218205531));
#983=CARTESIAN_POINT('',(6.712314006,1.641010896,5.246420533));
#984=CARTESIAN_POINT('',(6.699073157,2.056678619,5.289159087));
#985=CARTESIAN_POINT('',(6.681579661,2.468621841,5.345654968));
#986=CARTESIAN_POINT('',(6.646592668,3.292508285,5.45864673));
#987=CARTESIAN_POINT('',(6.594579479,4.106017719,5.626714275));
#988=CARTESIAN_POINT('',(6.52679895,4.910444449,5.846163187));
#989=B_SPLINE_CURVE_WITH_KNOTS('',3,(#970,#971,#972,#973,#974,#975,#976,#977,#978,#979,#980,#981,#982,#983,#984,#985,#986,#987,#988),.UNSPECIFIED.,.F.,.F.,(4,3,3,3,3,3,4),(0.,0.001288994,0.002577988,0.005155976,0.00644497,0.007733964,0.010311952),.UNSPECIFIED.);
#990=EDGE_CURVE('',#967,#969,#989,.T.);
#991=ORIENTED_EDGE('',*,*,#990,.T.);
#992=CARTESIAN_POINT('',(5.891693707,5.437202298,5.997571186));
#993=VERTEX_POINT('',#992);
#994=CARTESIAN_POINT('',(6.52679895,4.910444449,5.846163187));
#995=CARTESIAN_POINT('',(6.520623565,4.983734603,5.866156859));
#996=CARTESIAN_POINT('',(6.499178024,5.054369351,5.885884684));
#997=CARTESIAN_POINT('',(6.463822098,5.119227276,5.904330321));
#998=CARTESIAN_POINT('',(6.428466172,5.184085202,5.922775957));
#999=CARTESIAN_POINT('',(6.379456211,5.242146619,5.939645601));
#1000=CARTESIAN_POINT('',(6.320952156,5.289679541,5.953614112));
#1001=CARTESIAN_POINT('',(6.203944048,5.384745384,5.981551134));
#1002=CARTESIAN_POINT('',(6.048694942,5.4372023,5.997571187));
#1003=CARTESIAN_POINT('',(5.891693707,5.4372023,5.997571187));
#1004=B_SPLINE_CURVE_WITH_KNOTS('',3,(#994,#995,#996,#997,#998,#999,#1000,#1001,#1002,#1003),.UNSPECIFIED.,.F.,.F.,(4,3,3,4),(-0.,0.000232368,0.000464736,0.000929472),.UNSPECIFIED.);
#1005=EDGE_CURVE('',#969,#993,#1004,.T.);
#1006=ORIENTED_EDGE('',*,*,#1005,.T.);
#1007=CARTESIAN_POINT('',(-5.892254238,5.437202298,5.997571186));
#1008=VERTEX_POINT('',#1007);
#1009=CARTESIAN_POINT('',(5.891693707,5.437202298,5.997571186));
#1010=DIRECTION('',(-1.,-0.,-0.));
#1011=VECTOR('',#1010,11.783947945);
#1012=LINE('',#1009,#1011);
#1013=EDGE_CURVE('',#993,#1008,#1012,.T.);
#1014=ORIENTED_EDGE('',*,*,#1013,.T.);
#1015=CARTESIAN_POINT('',(-6.527359482,4.910444449,5.846163187));
#1016=VERTEX_POINT('',#1015);
#1017=CARTESIAN_POINT('',(-5.892254238,5.437202298,5.997571186));
#1018=CARTESIAN_POINT('',(-6.049403787,5.437202298,5.997571186));
#1019=CARTESIAN_POINT('',(-6.203296045,5.385597774,5.981802974));
#1020=CARTESIAN_POINT('',(-6.32119996,5.289932923,5.953688575));
#1021=CARTESIAN_POINT('',(-6.439103875,5.194268072,5.925574177));
#1022=CARTESIAN_POINT('',(-6.51499395,5.057199937,5.886198321));
#1023=CARTESIAN_POINT('',(-6.527359482,4.910444449,5.846163187));
#1024=B_SPLINE_CURVE_WITH_KNOTS('',3,(#1017,#1018,#1019,#1020,#1021,#1022,#1023),.UNSPECIFIED.,.F.,.F.,(4,3,4),(-0.,0.000464924,0.000929847),.UNSPECIFIED.);
#1025=EDGE_CURVE('',#1008,#1016,#1024,.T.);
#1026=ORIENTED_EDGE('',*,*,#1025,.T.);
#1027=CARTESIAN_POINT('',(-6.527359482,-4.91041373,5.846163187));
#1028=VERTEX_POINT('',#1027);
#1029=CARTESIAN_POINT('',(-6.527359482,4.910444449,5.846163187));
#1030=CARTESIAN_POINT('',(-6.561238472,4.508364886,5.736475232));
#1031=CARTESIAN_POINT('',(-6.591292755,4.102372892,5.63925519));
#1032=CARTESIAN_POINT('',(-6.617141348,3.695296266,5.555685052));
#1033=CARTESIAN_POINT('',(-6.642989941,3.28821964,5.472114914));
#1034=CARTESIAN_POINT('',(-6.664626649,2.880485077,5.402217023));
#1035=CARTESIAN_POINT('',(-6.681996723,2.472007397,5.346119598));
#1036=CARTESIAN_POINT('',(-6.716736872,1.655052037,5.233924748));
#1037=CARTESIAN_POINT('',(-6.734417812,0.835133672,5.176902303));
#1038=CARTESIAN_POINT('',(-6.734579594,0.011421898,5.176380306));
#1039=CARTESIAN_POINT('',(-6.734660485,-0.400433989,5.176119307));
#1040=CARTESIAN_POINT('',(-6.730359745,-0.813241104,5.189990528));
#1041=CARTESIAN_POINT('',(-6.721617141,-1.227110641,5.218205531));
#1042=CARTESIAN_POINT('',(-6.712874537,-1.640980177,5.246420533));
#1043=CARTESIAN_POINT('',(-6.699633689,-2.0566479,5.289159087));
#1044=CARTESIAN_POINT('',(-6.682140193,-2.468591122,5.345654968));
#1045=CARTESIAN_POINT('',(-6.6471532,-3.292477566,5.45864673));
#1046=CARTESIAN_POINT('',(-6.595140011,-4.105987,5.626714275));
#1047=CARTESIAN_POINT('',(-6.527359482,-4.91041373,5.846163187));
#1048=B_SPLINE_CURVE_WITH_KNOTS('',3,(#1029,#1030,#1031,#1032,#1033,#1034,#1035,#1036,#1037,#1038,#1039,#1040,#1041,#1042,#1043,#1044,#1045,#1046,#1047),.UNSPECIFIED.,.F.,.F.,(4,3,3,3,3,3,4),(0.,0.001288994,0.002577988,0.005155976,0.00644497,0.007733964,0.010311952),.UNSPECIFIED.);
#1049=EDGE_CURVE('',#1016,#1028,#1048,.T.);
#1050=ORIENTED_EDGE('',*,*,#1049,.T.);
#1051=CARTESIAN_POINT('',(-5.892254238,-5.437171579,5.997571186));
#1052=VERTEX_POINT('',#1051);
#1053=CARTESIAN_POINT('',(-6.527359482,-4.91041373,5.846163187));
#1054=CARTESIAN_POINT('',(-6.521184096,-4.983703883,5.866156859));
#1055=CARTESIAN_POINT('',(-6.499738556,-5.054338632,5.885884684));
#1056=CARTESIAN_POINT('',(-6.46438263,-5.119196557,5.904330321));
#1057=CARTESIAN_POINT('',(-6.429026704,-5.184054482,5.922775957));
#1058=CARTESIAN_POINT('',(-6.380016742,-5.2421159,5.939645601));
#1059=CARTESIAN_POINT('',(-6.321512688,-5.289648821,5.953614112));
#1060=CARTESIAN_POINT('',(-6.204504579,-5.384714665,5.981551134));
#1061=CARTESIAN_POINT('',(-6.049255473,-5.437171581,5.997571187));
#1062=CARTESIAN_POINT('',(-5.892254238,-5.437171581,5.997571187));
#1063=B_SPLINE_CURVE_WITH_KNOTS('',3,(#1053,#1054,#1055,#1056,#1057,#1058,#1059,#1060,#1061,#1062),.UNSPECIFIED.,.F.,.F.,(4,3,3,4),(0.,0.000232368,0.000464736,0.000929472),.UNSPECIFIED.);
#1064=EDGE_CURVE('',#1028,#1052,#1063,.T.);
#1065=ORIENTED_EDGE('',*,*,#1064,.T.);
#1066=CARTESIAN_POINT('',(5.891693707,-5.437171579,5.997571186));
#1067=VERTEX_POINT('',#1066);
#1068=CARTESIAN_POINT('',(-5.892254238,-5.437171579,5.997571186));
#1069=DIRECTION('',(1.,0.,0.));
#1070=VECTOR('',#1069,11.783947945);
#1071=LINE('',#1068,#1070);
#1072=EDGE_CURVE('',#1052,#1067,#1071,.T.);
#1073=ORIENTED_EDGE('',*,*,#1072,.T.);
#1074=CARTESIAN_POINT('',(5.891693707,-5.437171579,5.997571186));
#1075=CARTESIAN_POINT('',(6.048843255,-5.437171579,5.997571186));
#1076=CARTESIAN_POINT('',(6.202735513,-5.385567054,5.981802974));
#1077=CARTESIAN_POINT('',(6.320639428,-5.289902204,5.953688575));
#1078=CARTESIAN_POINT('',(6.438543343,-5.194237353,5.925574177));
#1079=CARTESIAN_POINT('',(6.514433418,-5.057169218,5.886198321));
#1080=CARTESIAN_POINT('',(6.52679895,-4.91041373,5.846163187));
#1081=B_SPLINE_CURVE_WITH_KNOTS('',3,(#1074,#1075,#1076,#1077,#1078,#1079,#1080),.UNSPECIFIED.,.F.,.F.,(4,3,4),(0.,0.000464924,0.000929847),.UNSPECIFIED.);
#1082=EDGE_CURVE('',#1067,#967,#1081,.T.);
#1083=ORIENTED_EDGE('',*,*,#1082,.T.);
#1084=EDGE_LOOP('',(#991,#1006,#1014,#1026,#1050,#1065,#1073,#1083));
#1085=FACE_BOUND('',#1084,.T.);
#1086=ADVANCED_FACE('',(#965,#1085),#851,.T.);
#1087=CARTESIAN_POINT('',(9.972317539,-9.993571279,-8.43815527));
#1088=DIRECTION('',(-0.270911087,0.329486457,0.904458876));
#1089=DIRECTION('',(-0.,0.939595642,-0.342286473));
#1090=AXIS2_PLACEMENT_3D('',#1087,#1088,#1089);
#1091=CYLINDRICAL_SURFACE('',#1090,1.25);
#1092=ORIENTED_EDGE('',*,*,#72,.F.);
#1093=CARTESIAN_POINT('',(7.125518041,-5.074903832,5.422530529));
#1094=CARTESIAN_POINT('',(7.118714044,-5.149813783,5.445246231));
#1095=CARTESIAN_POINT('',(7.104380251,-5.224540196,5.466960132));
#1096=CARTESIAN_POINT('',(7.083204643,-5.296648402,5.486979672));
#1097=CARTESIAN_POINT('',(7.062029036,-5.368756609,5.506999212));
#1098=CARTESIAN_POINT('',(7.034073482,-5.438605562,5.525445079));
#1099=CARTESIAN_POINT('',(6.999334534,-5.506200814,5.542295117));
#1100=CARTESIAN_POINT('',(6.964595585,-5.573796066,5.559145155));
#1101=CARTESIAN_POINT('',(6.922901964,-5.639009538,5.574335261));
#1102=CARTESIAN_POINT('',(6.876291685,-5.699082148,5.587230749));
#1103=CARTESIAN_POINT('',(6.829681405,-5.759154758,5.600126238));
#1104=CARTESIAN_POINT('',(6.77778363,-5.814902268,5.610937061));
#1105=CARTESIAN_POINT('',(6.72056975,-5.86631535,5.619622606));
#1106=CARTESIAN_POINT('',(6.663355871,-5.917728432,5.628308151));
#1107=CARTESIAN_POINT('',(6.601446228,-5.964076195,5.634716926));
#1108=CARTESIAN_POINT('',(6.536828062,-6.0043143,5.63876009));
#1109=CARTESIAN_POINT('',(6.472209895,-6.044552406,5.642803254));
#1110=CARTESIAN_POINT('',(6.404379022,-6.079143522,5.644560834));
#1111=CARTESIAN_POINT('',(6.333286755,-6.108020175,5.643976298));
#1112=CARTESIAN_POINT('',(6.191102222,-6.16577348,5.642807226));
#1113=CARTESIAN_POINT('',(6.043076431,-6.19813125,5.63245309));
#1114=CARTESIAN_POINT('',(5.891693707,-6.205144955,5.613200076));
#1115=B_SPLINE_CURVE_WITH_KNOTS('',3,(#1093,#1094,#1095,#1096,#1097,#1098,#1099,#1100,#1101,#1102,#1103,#1104,#1105,#1106,#1107,#1108,#1109,#1110,#1111,#1112,#1113,#1114),.UNSPECIFIED.,.F.,.F.,(4,3,3,3,3,3,3,4),(0.,0.000116231,0.000232462,0.000348693,0.000464924,0.000581155,0.000697386,0.000929847),.UNSPECIFIED.);
#1116=EDGE_CURVE('',#43,#789,#1115,.T.);
#1117=ORIENTED_EDGE('',*,*,#1116,.T.);
#1118=ORIENTED_EDGE('',*,*,#794,.F.);
#1119=ORIENTED_EDGE('',*,*,#732,.F.);
#1120=EDGE_LOOP('',(#1092,#1117,#1118,#1119));
#1121=FACE_BOUND('',#1120,.T.);
#1122=ADVANCED_FACE('',(#1121),#1091,.T.);
#1123=CARTESIAN_POINT('',(-7.579692642,-7.082940353,-0.448309488));
#1124=DIRECTION('',(0.270911087,0.329486457,0.904458876));
#1125=DIRECTION('',(-0.,0.939595642,-0.342286473));
#1126=AXIS2_PLACEMENT_3D('',#1123,#1124,#1125);
#1127=CYLINDRICAL_SURFACE('',#1126,1.25);
#1128=ORIENTED_EDGE('',*,*,#808,.F.);
#1129=CARTESIAN_POINT('',(-5.892254238,-6.205144955,5.613200076));
#1130=CARTESIAN_POINT('',(-6.043494092,-6.19813787,5.63243492));
#1131=CARTESIAN_POINT('',(-6.194191023,-6.164865952,5.642865659));
#1132=CARTESIAN_POINT('',(-6.334752682,-6.107652701,5.643982239));
#1133=CARTESIAN_POINT('',(-6.405033511,-6.079046075,5.644540529));
#1134=CARTESIAN_POINT('',(-6.473759595,-6.044053959,5.642781228));
#1135=CARTESIAN_POINT('',(-6.538878411,-6.003384434,5.638667814));
#1136=CARTESIAN_POINT('',(-6.603997228,-5.96271491,5.6345544));
#1137=CARTESIAN_POINT('',(-6.6649571,-5.916857808,5.628170199));
#1138=CARTESIAN_POINT('',(-6.721736941,-5.865770258,5.619529792));
#1139=CARTESIAN_POINT('',(-6.778516782,-5.814682708,5.610889385));
#1140=CARTESIAN_POINT('',(-6.831495974,-5.757741488,5.599844522));
#1141=CARTESIAN_POINT('',(-6.87813,-5.697432106,5.586876794));
#1142=CARTESIAN_POINT('',(-6.924764025,-5.637122723,5.573909066));
#1143=CARTESIAN_POINT('',(-6.965514074,-5.573198523,5.559002749));
#1144=CARTESIAN_POINT('',(-7.000226991,-5.505554539,5.542133909));
#1145=CARTESIAN_POINT('',(-7.034939909,-5.437910555,5.52526507));
#1146=CARTESIAN_POINT('',(-7.063292525,-5.366768684,5.506462519));
#1147=CARTESIAN_POINT('',(-7.084276159,-5.294903322,5.486495046));
#1148=CARTESIAN_POINT('',(-7.105259793,-5.22303796,5.466527573));
#1149=CARTESIAN_POINT('',(-7.119282698,-5.149724364,5.445219115));
#1150=CARTESIAN_POINT('',(-7.126078573,-5.074903832,5.422530529));
#1151=B_SPLINE_CURVE_WITH_KNOTS('',3,(#1129,#1130,#1131,#1132,#1133,#1134,#1135,#1136,#1137,#1138,#1139,#1140,#1141,#1142,#1143,#1144,#1145,#1146,#1147,#1148,#1149,#1150),.UNSPECIFIED.,.F.,.F.,(4,3,3,3,3,3,3,4),(0.,0.000232368,0.000348552,0.000464736,0.00058092,0.000697104,0.000813288,0.000929472),.UNSPECIFIED.);
#1152=EDGE_CURVE('',#797,#91,#1151,.T.);
#1153=ORIENTED_EDGE('',*,*,#1152,.T.);
#1154=ORIENTED_EDGE('',*,*,#96,.F.);
#1155=ORIENTED_EDGE('',*,*,#747,.F.);
#1156=EDGE_LOOP('',(#1128,#1153,#1154,#1155));
#1157=FACE_BOUND('',#1156,.T.);
#1158=ADVANCED_FACE('',(#1157),#1127,.T.);
#1159=CARTESIAN_POINT('',(7.579711711,7.083675991,-0.450244531));
#1160=DIRECTION('',(-0.270911087,-0.329486457,0.904458876));
#1161=DIRECTION('',(-0.,0.939595642,0.342286473));
#1162=AXIS2_PLACEMENT_3D('',#1159,#1160,#1161);
#1163=CYLINDRICAL_SURFACE('',#1162,1.25);
#1164=ORIENTED_EDGE('',*,*,#839,.F.);
#1165=CARTESIAN_POINT('',(5.891693707,6.205175674,5.613200076));
#1166=CARTESIAN_POINT('',(6.04293356,6.198168589,5.63243492));
#1167=CARTESIAN_POINT('',(6.193630491,6.164896672,5.642865659));
#1168=CARTESIAN_POINT('',(6.33419215,6.10768342,5.643982239));
#1169=CARTESIAN_POINT('',(6.40447298,6.079076795,5.644540529));
#1170=CARTESIAN_POINT('',(6.473199063,6.044084678,5.642781228));
#1171=CARTESIAN_POINT('',(6.53831788,6.003415154,5.638667814));
#1172=CARTESIAN_POINT('',(6.603436696,5.962745629,5.6345544));
#1173=CARTESIAN_POINT('',(6.664396569,5.916888527,5.628170199));
#1174=CARTESIAN_POINT('',(6.721176409,5.865800977,5.619529792));
#1175=CARTESIAN_POINT('',(6.77795625,5.814713427,5.610889385));
#1176=CARTESIAN_POINT('',(6.830935442,5.757772208,5.599844522));
#1177=CARTESIAN_POINT('',(6.877569468,5.697462825,5.586876794));
#1178=CARTESIAN_POINT('',(6.924203494,5.637153443,5.573909066));
#1179=CARTESIAN_POINT('',(6.964953543,5.573229242,5.559002749));
#1180=CARTESIAN_POINT('',(6.99966646,5.505585258,5.542133909));
#1181=CARTESIAN_POINT('',(7.034379377,5.437941274,5.52526507));
#1182=CARTESIAN_POINT('',(7.062731993,5.366799403,5.506462519));
#1183=CARTESIAN_POINT('',(7.083715627,5.294934041,5.486495046));
#1184=CARTESIAN_POINT('',(7.104699261,5.22306868,5.466527573));
#1185=CARTESIAN_POINT('',(7.118722166,5.149755083,5.445219115));
#1186=CARTESIAN_POINT('',(7.125518041,5.074934551,5.422530529));
#1187=B_SPLINE_CURVE_WITH_KNOTS('',3,(#1165,#1166,#1167,#1168,#1169,#1170,#1171,#1172,#1173,#1174,#1175,#1176,#1177,#1178,#1179,#1180,#1181,#1182,#1183,#1184,#1185,#1186),.UNSPECIFIED.,.F.,.F.,(4,3,3,3,3,3,3,4),(-0.,0.000232368,0.000348552,0.000464736,0.00058092,0.000697104,0.000813288,0.000929472),.UNSPECIFIED.);
#1188=EDGE_CURVE('',#828,#35,#1187,.T.);
#1189=ORIENTED_EDGE('',*,*,#1188,.T.);
#1190=ORIENTED_EDGE('',*,*,#40,.F.);
#1191=ORIENTED_EDGE('',*,*,#772,.F.);
#1192=EDGE_LOOP('',(#1164,#1189,#1190,#1191));
#1193=FACE_BOUND('',#1192,.T.);
#1194=ADVANCED_FACE('',(#1193),#1163,.T.);
#1195=CARTESIAN_POINT('',(-5.187086814,4.173045065,7.539601251));
#1196=DIRECTION('',(0.270911087,-0.329486457,0.904458876));
#1197=DIRECTION('',(-0.,0.939595642,0.342286473));
#1198=AXIS2_PLACEMENT_3D('',#1195,#1196,#1197);
#1199=CYLINDRICAL_SURFACE('',#1198,1.25);
#1200=ORIENTED_EDGE('',*,*,#128,.F.);
#1201=CARTESIAN_POINT('',(-7.126078573,5.074934551,5.422530529));
#1202=CARTESIAN_POINT('',(-7.119274576,5.149844503,5.445246231));
#1203=CARTESIAN_POINT('',(-7.104940783,5.224570915,5.466960132));
#1204=CARTESIAN_POINT('',(-7.083765175,5.296679121,5.486979672));
#1205=CARTESIAN_POINT('',(-7.062589567,5.368787328,5.506999212));
#1206=CARTESIAN_POINT('',(-7.034634014,5.438636282,5.525445079));
#1207=CARTESIAN_POINT('',(-6.999895065,5.506231533,5.542295117));
#1208=CARTESIAN_POINT('',(-6.965156116,5.573826785,5.559145155));
#1209=CARTESIAN_POINT('',(-6.923462496,5.639040258,5.574335261));
#1210=CARTESIAN_POINT('',(-6.876852216,5.699112868,5.587230749));
#1211=CARTESIAN_POINT('',(-6.830241937,5.759185478,5.600126238));
#1212=CARTESIAN_POINT('',(-6.778344162,5.814932987,5.610937061));
#1213=CARTESIAN_POINT('',(-6.721130282,5.86634607,5.619622606));
#1214=CARTESIAN_POINT('',(-6.663916402,5.917759152,5.628308151));
#1215=CARTESIAN_POINT('',(-6.60200676,5.964106914,5.634716926));
#1216=CARTESIAN_POINT('',(-6.537388593,6.00434502,5.63876009));
#1217=CARTESIAN_POINT('',(-6.472770427,6.044583125,5.642803254));
#1218=CARTESIAN_POINT('',(-6.404939553,6.079174242,5.644560834));
#1219=CARTESIAN_POINT('',(-6.333847287,6.108050894,5.643976298));
#1220=CARTESIAN_POINT('',(-6.191662754,6.1658042,5.642807226));
#1221=CARTESIAN_POINT('',(-6.043636963,6.198161969,5.63245309));
#1222=CARTESIAN_POINT('',(-5.892254238,6.205175674,5.613200076));
#1223=B_SPLINE_CURVE_WITH_KNOTS('',3,(#1201,#1202,#1203,#1204,#1205,#1206,#1207,#1208,#1209,#1210,#1211,#1212,#1213,#1214,#1215,#1216,#1217,#1218,#1219,#1220,#1221,#1222),.UNSPECIFIED.,.F.,.F.,(4,3,3,3,3,3,3,4),(-0.,0.000116231,0.000232462,0.000348693,0.000464924,0.000581155,0.000697386,0.000929847),.UNSPECIFIED.);
#1224=EDGE_CURVE('',#99,#820,#1223,.T.);
#1225=ORIENTED_EDGE('',*,*,#1224,.T.);
#1226=ORIENTED_EDGE('',*,*,#825,.F.);
#1227=ORIENTED_EDGE('',*,*,#757,.F.);
#1228=EDGE_LOOP('',(#1200,#1225,#1226,#1227));
#1229=FACE_BOUND('',#1228,.T.);
#1230=ADVANCED_FACE('',(#1229),#1199,.T.);
#1231=CARTESIAN_POINT('',(-7.126078573,-5.074903832,5.422530529));
#1232=CARTESIAN_POINT('',(-7.10753287,-5.056497548,5.484446878));
#1233=CARTESIAN_POINT('',(-7.078517893,-5.03809457,5.543215266));
#1234=CARTESIAN_POINT('',(-7.002522209,-5.003180758,5.648434829));
#1235=CARTESIAN_POINT('',(-6.955555148,-4.986676193,5.694867108));
#1236=CARTESIAN_POINT('',(-6.848494742,-4.957262772,5.770619301));
#1237=CARTESIAN_POINT('',(-6.788420623,-4.944359197,5.799925612));
#1238=CARTESIAN_POINT('',(-6.661339626,-4.923480394,5.838395997));
#1239=CARTESIAN_POINT('',(-6.594355569,-4.915508915,5.847553162));
#1240=CARTESIAN_POINT('',(-6.527359482,-4.91041373,5.846163187));
#1241=CARTESIAN_POINT('',(-7.119282698,-5.149724364,5.445219115));
#1242=CARTESIAN_POINT('',(-7.100657618,-5.130074569,5.506543627));
#1243=CARTESIAN_POINT('',(-7.071685551,-5.109780499,5.564521065));
#1244=CARTESIAN_POINT('',(-6.995999945,-5.069972998,5.667873787));
#1245=CARTESIAN_POINT('',(-6.949299848,-5.050466648,5.713230716));
#1246=CARTESIAN_POINT('',(-6.842944091,-5.014238274,5.786684013));
#1247=CARTESIAN_POINT('',(-6.783307322,-4.997522698,5.814767337));
#1248=CARTESIAN_POINT('',(-6.6571933,-4.968594333,5.850786057));
#1249=CARTESIAN_POINT('',(-6.590738447,-4.956386697,5.85871506));
#1250=CARTESIAN_POINT('',(-6.524271789,-4.947058807,5.856160023));
#1251=CARTESIAN_POINT('',(-7.105259793,-5.22303796,5.466527573));
#1252=CARTESIAN_POINT('',(-7.086784981,-5.202111714,5.527392909));
#1253=CARTESIAN_POINT('',(-7.058109571,-5.179913773,5.58472652));
#1254=CARTESIAN_POINT('',(-6.98327363,-5.135231656,5.68649994));
#1255=CARTESIAN_POINT('',(-6.937126336,-5.112755381,5.730921748));
#1256=CARTESIAN_POINT('',(-6.832065935,-5.06981776,5.802318194));
#1257=CARTESIAN_POINT('',(-6.773171411,-5.049364007,5.829280204));
#1258=CARTESIAN_POINT('',(-6.648642847,-5.012566233,5.862989912));
#1259=CARTESIAN_POINT('',(-6.583030832,-4.996228718,5.869731648));
#1260=CARTESIAN_POINT('',(-6.51740721,-4.982783077,5.866017425));
#1261=CARTESIAN_POINT('',(-7.063292525,-5.366768684,5.506462519));
#1262=CARTESIAN_POINT('',(-7.045538366,-5.343346718,5.566697714));
#1263=CARTESIAN_POINT('',(-7.017929118,-5.317401038,5.623048515));
#1264=CARTESIAN_POINT('',(-6.945813201,-5.263105306,5.722240518));
#1265=CARTESIAN_POINT('',(-6.901319334,-5.234764889,5.765064111));
#1266=CARTESIAN_POINT('',(-6.79999269,-5.178585881,5.832803735));
#1267=CARTESIAN_POINT('',(-6.743177902,-5.150757258,5.85770774));
#1268=CARTESIAN_POINT('',(-6.623033521,-5.098456491,5.887046933));
#1269=CARTESIAN_POINT('',(-6.559725257,-5.073993628,5.891476913));
#1270=CARTESIAN_POINT('',(-6.496405752,-5.05246418,5.88544157));
#1271=CARTESIAN_POINT('',(-7.034939909,-5.437910555,5.52526507));
#1272=CARTESIAN_POINT('',(-7.017765391,-5.4132569,5.585329793));
#1273=CARTESIAN_POINT('',(-6.990937512,-5.385448269,5.641340457));
#1274=CARTESIAN_POINT('',(-6.920719893,-5.326364299,5.739524349));
#1275=CARTESIAN_POINT('',(-6.877342724,-5.29509952,5.781680003));
#1276=CARTESIAN_POINT('',(-6.778489592,-5.232320385,5.847806361));
#1277=CARTESIAN_POINT('',(-6.723031327,-5.200817248,5.871765228));
#1278=CARTESIAN_POINT('',(-6.605725262,-5.140803698,5.89902305));
#1279=CARTESIAN_POINT('',(-6.543898463,-5.112304005,5.902317123));
#1280=CARTESIAN_POINT('',(-6.482060593,-5.086767594,5.895107502));
#1281=CARTESIAN_POINT('',(-6.965514074,-5.573198523,5.559002749));
#1282=CARTESIAN_POINT('',(-6.949836274,-5.546319334,5.619053353));
#1283=CARTESIAN_POINT('',(-6.924970519,-5.515028638,5.674731116));
#1284=CARTESIAN_POINT('',(-6.859442704,-5.446868242,5.771566328));
#1285=CARTESIAN_POINT('',(-6.81879271,-5.410011077,5.812705953));
#1286=CARTESIAN_POINT('',(-6.725937457,-5.334563386,5.876162164));
#1287=CARTESIAN_POINT('',(-6.673749295,-5.295986731,5.898467067));
#1288=CARTESIAN_POINT('',(-6.56326566,-5.221126185,5.921916569));
#1289=CARTESIAN_POINT('',(-6.50499053,-5.184856053,5.923056848));
#1290=CARTESIAN_POINT('',(-6.446704667,-5.15162552,5.913553139));
#1291=CARTESIAN_POINT('',(-6.924764025,-5.637122723,5.573909066));
#1292=CARTESIAN_POINT('',(-6.909994885,-5.609252584,5.634111998));
#1293=CARTESIAN_POINT('',(-6.886299824,-5.576348224,5.689793418));
#1294=CARTESIAN_POINT('',(-6.823540787,-5.503914784,5.786282762));
#1295=CARTESIAN_POINT('',(-6.784488602,-5.464399278,5.827072581));
#1296=CARTESIAN_POINT('',(-6.69513058,-5.382905345,5.889470948));
#1297=CARTESIAN_POINT('',(-6.644841531,-5.340942185,5.911067785));
#1298=CARTESIAN_POINT('',(-6.538312155,-5.258973497,5.93279449));
#1299=CARTESIAN_POINT('',(-6.48209184,-5.218983319,5.932920273));
#1300=CARTESIAN_POINT('',(-6.425860962,-5.182078807,5.922301292));
#1301=CARTESIAN_POINT('',(-6.831495974,-5.757741488,5.599844522));
#1302=CARTESIAN_POINT('',(-6.818765681,-5.728209344,5.660668526));
#1303=CARTESIAN_POINT('',(-6.797718646,-5.692384489,5.716694201));
#1304=CARTESIAN_POINT('',(-6.7412505,-5.611990428,5.813139237));
#1305=CARTESIAN_POINT('',(-6.705840532,-5.567437044,5.853539593));
#1306=CARTESIAN_POINT('',(-6.624469559,-5.474393597,5.914361983));
#1307=CARTESIAN_POINT('',(-6.578524608,-5.425921841,5.934772028));
#1308=CARTESIAN_POINT('',(-6.481047069,-5.330273676,5.953399674));
#1309=CARTESIAN_POINT('',(-6.429533711,-5.283116081,5.951613598));
#1310=CARTESIAN_POINT('',(-6.378010187,-5.239151986,5.938822806));
#1311=CARTESIAN_POINT('',(-6.778516782,-5.814682708,5.610889385));
#1312=CARTESIAN_POINT('',(-6.766925577,-5.784479833,5.672188906));
#1313=CARTESIAN_POINT('',(-6.747368135,-5.747344444,5.728561502));
#1314=CARTESIAN_POINT('',(-6.694452139,-5.663248485,5.825318189));
#1315=CARTESIAN_POINT('',(-6.661104349,-5.616304957,5.865682652));
#1316=CARTESIAN_POINT('',(-6.584262634,-5.517732273,5.925990798));
#1317=CARTESIAN_POINT('',(-6.540784335,-5.466123082,5.945922242));
#1318=CARTESIAN_POINT('',(-6.448449725,-5.363870968,5.963169941));
#1319=CARTESIAN_POINT('',(-6.399612187,-5.31324875,5.960482689));
#1320=CARTESIAN_POINT('',(-6.350764715,-5.265882361,5.946629857));
#1321=CARTESIAN_POINT('',(-6.6649571,-5.916857808,5.628170199));
#1322=CARTESIAN_POINT('',(-6.655665876,-5.885735989,5.690691107));
#1323=CARTESIAN_POINT('',(-6.639200041,-5.846426428,5.748063714));
#1324=CARTESIAN_POINT('',(-6.593772562,-5.755848063,5.846064853));
#1325=CARTESIAN_POINT('',(-6.564820784,-5.704598855,5.886672165));
#1326=CARTESIAN_POINT('',(-6.497699071,-5.595936681,5.946536456));
#1327=CARTESIAN_POINT('',(-6.459543708,-5.538547216,5.965780468));
#1328=CARTESIAN_POINT('',(-6.378337149,-5.424096644,5.980728695));
#1329=CARTESIAN_POINT('',(-6.335303578,-5.367060284,5.976429665));
#1330=CARTESIAN_POINT('',(-6.292260661,-5.313415282,5.960598368));
#1331=CARTESIAN_POINT('',(-6.603997228,-5.96271491,5.6345544));
#1332=CARTESIAN_POINT('',(-6.595876096,-5.931334566,5.697822313));
#1333=CARTESIAN_POINT('',(-6.581023715,-5.8911452,5.755847674));
#1334=CARTESIAN_POINT('',(-6.539559034,-5.797744196,5.854777555));
#1335=CARTESIAN_POINT('',(-6.512956076,-5.744553499,5.895659884));
#1336=CARTESIAN_POINT('',(-6.451057533,-5.631272357,5.955583747));
#1337=CARTESIAN_POINT('',(-6.41577589,-5.571207298,5.974611836));
#1338=CARTESIAN_POINT('',(-6.340590572,-5.451093583,5.988623524));
#1339=CARTESIAN_POINT('',(-6.300703829,-5.391071837,5.983603973));
#1340=CARTESIAN_POINT('',(-6.260808102,-5.334515075,5.96684542));
#1341=CARTESIAN_POINT('',(-6.473759595,-6.044053959,5.642781228));
#1342=CARTESIAN_POINT('',(-6.467902572,-6.012568519,5.707792548));
#1343=CARTESIAN_POINT('',(-6.45632905,-5.971042838,5.76741509));
#1344=CARTESIAN_POINT('',(-6.423127637,-5.872843054,5.868800813));
#1345=CARTESIAN_POINT('',(-6.401507831,-5.81619273,5.910539432));
#1346=CARTESIAN_POINT('',(-6.350804104,-5.694517842,5.971150302));
#1347=CARTESIAN_POINT('',(-6.321732523,-5.629522732,5.990007864));
#1348=CARTESIAN_POINT('',(-6.259610682,-5.498933594,6.002586648));
#1349=CARTESIAN_POINT('',(-6.226575539,-5.433371173,5.996304814));
#1350=CARTESIAN_POINT('',(-6.193532356,-5.371432469,5.977824221));
#1351=CARTESIAN_POINT('',(-6.405033511,-6.079046075,5.644540529));
#1352=CARTESIAN_POINT('',(-6.400258013,-6.04771833,5.710541994));
#1353=CARTESIAN_POINT('',(-6.390333939,-6.005746529,5.771103919));
#1354=CARTESIAN_POINT('',(-6.361395523,-5.905601703,5.874010509));
#1355=CARTESIAN_POINT('',(-6.342388531,-5.847453939,5.916329218));
#1356=CARTESIAN_POINT('',(-6.297609535,-5.722052769,5.977569742));
#1357=CARTESIAN_POINT('',(-6.271848899,-5.654830982,5.996476108));
#1358=CARTESIAN_POINT('',(-6.216716506,-5.51948817,6.008569836));
#1359=CARTESIAN_POINT('',(-6.187358746,-5.451401264,6.001754143));
#1360=CARTESIAN_POINT('',(-6.157993529,-5.387022518,5.982488435));
#1361=CARTESIAN_POINT('',(-6.194191023,-6.164865952,5.642865659));
#1362=CARTESIAN_POINT('',(-6.192264868,-6.13456368,5.712047601));
#1363=CARTESIAN_POINT('',(-6.187064048,-6.091904566,5.775724224));
#1364=CARTESIAN_POINT('',(-6.170798756,-5.987364161,5.883876772));
#1365=CARTESIAN_POINT('',(-6.159739107,-5.925512616,5.928321933));
#1366=CARTESIAN_POINT('',(-6.13321686,-5.790599876,5.992233354));
#1367=CARTESIAN_POINT('',(-6.117762089,-5.717577014,6.011681427));
#1368=CARTESIAN_POINT('',(-6.084490271,-5.569782969,6.02305952));
#1369=CARTESIAN_POINT('',(-6.066683029,-5.49505375,6.014986284));
#1370=CARTESIAN_POINT('',(-6.048870538,-5.424293126,5.993668502));
#1371=CARTESIAN_POINT('',(-6.043494092,-6.19813787,5.63243492));
#1372=CARTESIAN_POINT('',(-6.042979372,-6.169288775,5.704077578));
#1373=CARTESIAN_POINT('',(-6.040705717,-6.127037514,5.770285536));
#1374=CARTESIAN_POINT('',(-6.03295974,-6.021417602,5.88294658));
#1375=CARTESIAN_POINT('',(-6.027490056,-5.958081829,5.929364766));
#1376=CARTESIAN_POINT('',(-6.014125206,-5.818871596,5.996149798));
#1377=CARTESIAN_POINT('',(-6.006234589,-5.743040392,6.016495977));
#1378=CARTESIAN_POINT('',(-5.989144765,-5.589112616,6.028368662));
#1379=CARTESIAN_POINT('',(-5.979951376,-5.511063837,6.01989152));
#1380=CARTESIAN_POINT('',(-5.970754856,-5.437171581,5.997571187));
#1381=CARTESIAN_POINT('',(-5.892254238,-6.205144955,5.613200076));
#1382=CARTESIAN_POINT('',(-5.892254238,-6.178140012,5.687330164));
#1383=CARTESIAN_POINT('',(-5.892254238,-6.136942392,5.756261398));
#1384=CARTESIAN_POINT('',(-5.892254238,-6.031945677,5.874048654));
#1385=CARTESIAN_POINT('',(-5.892254238,-5.968182329,5.922864576));
#1386=CARTESIAN_POINT('',(-5.892254238,-5.827077612,5.993487567));
#1387=CARTESIAN_POINT('',(-5.892254238,-5.749784283,6.015270592));
#1388=CARTESIAN_POINT('',(-5.892254238,-5.59256717,6.028721506));
#1389=CARTESIAN_POINT('',(-5.892254238,-5.51269691,6.020384816));
#1390=CARTESIAN_POINT('',(-5.892254238,-5.437171581,5.997571187));
#1391=B_SPLINE_SURFACE_WITH_KNOTS('',3,3,((#1231,#1232,#1233,#1234,#1235,#1236,#1237,#1238,#1239,#1240),(#1241,#1242,#1243,#1244,#1245,#1246,#1247,#1248,#1249,#1250),(#1251,#1252,#1253,#1254,#1255,#1256,#1257,#1258,#1259,#1260),(#1261,#1262,#1263,#1264,#1265,#1266,#1267,#1268,#1269,#1270),(#1271,#1272,#1273,#1274,#1275,#1276,#1277,#1278,#1279,#1280),(#1281,#1282,#1283,#1284,#1285,#1286,#1287,#1288,#1289,#1290),(#1291,#1292,#1293,#1294,#1295,#1296,#1297,#1298,#1299,#1300),(#1301,#1302,#1303,#1304,#1305,#1306,#1307,#1308,#1309,#1310),(#1311,#1312,#1313,#1314,#1315,#1316,#1317,#1318,#1319,#1320),(#1321,#1322,#1323,#1324,#1325,#1326,#1327,#1328,#1329,#1330),(#1331,#1332,#1333,#1334,#1335,#1336,#1337,#1338,#1339,#1340),(#1341,#1342,#1343,#1344,#1345,#1346,#1347,#1348,#1349,#1350),(#1351,#1352,#1353,#1354,#1355,#1356,#1357,#1358,#1359,#1360),(#1361,#1362,#1363,#1364,#1365,#1366,#1367,#1368,#1369,#1370),(#1371,#1372,#1373,#1374,#1375,#1376,#1377,#1378,#1379,#1380),(#1381,#1382,#1383,#1384,#1385,#1386,#1387,#1388,#1389,#1390)),.UNSPECIFIED.,.F.,.F.,.U.,(4,2,2,2,2,2,2,4),(4,2,2,2,4),(0.,0.000116184,0.000232368,0.000348552,0.000464736,0.00058092,0.000697104,0.000929472),(0.,0.25,0.5,0.75,1.),.UNSPECIFIED.);
#1392=CARTESIAN_POINT('',(-6.527359482,-5.074903832,5.243197179));
#1393=DIRECTION('',(-0.078587315,0.96176188,-0.262370195));
#1394=DIRECTION('',(0.,-0.263184162,-0.964745612));
#1395=AXIS2_PLACEMENT_3D('',#1392,#1393,#1394);
#1396=CIRCLE('',#1395,0.625);
#1397=EDGE_CURVE('',#91,#1028,#1396,.T.);
#1398=ORIENTED_EDGE('',*,*,#1397,.F.);
#1399=ORIENTED_EDGE('',*,*,#1152,.F.);
#1400=CARTESIAN_POINT('',(-5.892254238,-5.617897679,6.02427103));
#1401=VERTEX_POINT('',#1400);
#1402=CARTESIAN_POINT('',(-5.892254238,-5.617897679,5.39927103));
#1403=DIRECTION('',(1.,0.,-0.));
#1404=DIRECTION('',(0.,0.,1.));
#1405=AXIS2_PLACEMENT_3D('',#1402,#1403,#1404);
#1406=CIRCLE('',#1405,0.625);
#1407=EDGE_CURVE('',#1401,#797,#1406,.T.);
#1408=ORIENTED_EDGE('',*,*,#1407,.F.);
#1409=CARTESIAN_POINT('',(-5.892254238,-5.617897679,5.39927103));
#1410=DIRECTION('',(1.,0.,-0.));
#1411=DIRECTION('',(0.,0.,1.));
#1412=AXIS2_PLACEMENT_3D('',#1409,#1410,#1411);
#1413=CIRCLE('',#1412,0.625);
#1414=EDGE_CURVE('',#1052,#1401,#1413,.T.);
#1415=ORIENTED_EDGE('',*,*,#1414,.F.);
#1416=ORIENTED_EDGE('',*,*,#1064,.F.);
#1417=EDGE_LOOP('',(#1398,#1399,#1408,#1415,#1416));
#1418=FACE_BOUND('',#1417,.T.);
#1419=ADVANCED_FACE('',(#1418),#1391,.T.);
#1420=CARTESIAN_POINT('',(-5.892254238,-5.617897679,5.39927103));
#1421=DIRECTION('',(1.,0.,-0.));
#1422=DIRECTION('',(0.,0.,1.));
#1423=AXIS2_PLACEMENT_3D('',#1420,#1421,#1422);
#1424=CYLINDRICAL_SURFACE('',#1423,0.625);
#1425=CARTESIAN_POINT('',(5.891693707,-5.617897679,6.02427103));
#1426=VERTEX_POINT('',#1425);
#1427=CARTESIAN_POINT('',(5.891693707,-5.617897679,6.02427103));
#1428=DIRECTION('',(-1.,-0.,-0.));
#1429=VECTOR('',#1428,11.783947945);
#1430=LINE('',#1427,#1429);
#1431=EDGE_CURVE('',#1426,#1401,#1430,.T.);
#1432=ORIENTED_EDGE('',*,*,#1431,.T.);
#1433=ORIENTED_EDGE('',*,*,#1407,.T.);
#1434=ORIENTED_EDGE('',*,*,#802,.F.);
#1435=CARTESIAN_POINT('',(5.891693707,-5.617897679,5.39927103));
#1436=DIRECTION('',(1.,0.,-0.));
#1437=DIRECTION('',(0.,0.,1.));
#1438=AXIS2_PLACEMENT_3D('',#1435,#1436,#1437);
#1439=CIRCLE('',#1438,0.625);
#1440=EDGE_CURVE('',#1426,#789,#1439,.T.);
#1441=ORIENTED_EDGE('',*,*,#1440,.F.);
#1442=EDGE_LOOP('',(#1432,#1433,#1434,#1441));
#1443=FACE_BOUND('',#1442,.T.);
#1444=ADVANCED_FACE('',(#1443),#1424,.T.);
#1445=CARTESIAN_POINT('',(-6.527359482,-4.91041373,5.846163187));
#1446=CARTESIAN_POINT('',(-6.594355569,-4.915508915,5.847553162));
#1447=CARTESIAN_POINT('',(-6.661339626,-4.923480394,5.838395997));
#1448=CARTESIAN_POINT('',(-6.788420623,-4.944359197,5.799925612));
#1449=CARTESIAN_POINT('',(-6.848494742,-4.957262772,5.770619301));
#1450=CARTESIAN_POINT('',(-6.955555148,-4.986676193,5.694867108));
#1451=CARTESIAN_POINT('',(-7.002522209,-5.003180758,5.648434829));
#1452=CARTESIAN_POINT('',(-7.078517893,-5.03809457,5.543215266));
#1453=CARTESIAN_POINT('',(-7.10753287,-5.056497548,5.484446878));
#1454=CARTESIAN_POINT('',(-7.126078573,-5.074903832,5.422530529));
#1455=CARTESIAN_POINT('',(-6.595140011,-4.105987,5.626714275));
#1456=CARTESIAN_POINT('',(-6.662029461,-4.110355013,5.627678171));
#1457=CARTESIAN_POINT('',(-6.728907022,-4.117146063,5.618029216));
#1458=CARTESIAN_POINT('',(-6.855820458,-4.134882512,5.578489539));
#1459=CARTESIAN_POINT('',(-6.915833774,-4.145824765,5.548605848));
#1460=CARTESIAN_POINT('',(-7.022855462,-4.170742799,5.471657603));
#1461=CARTESIAN_POINT('',(-7.069844811,-4.18471416,5.42460673));
#1462=CARTESIAN_POINT('',(-7.145990086,-4.214258527,5.318148488));
#1463=CARTESIAN_POINT('',(-7.175132477,-4.229826291,5.258760046));
#1464=CARTESIAN_POINT('',(-7.193859102,-4.245396818,5.196239675));
#1465=CARTESIAN_POINT('',(-6.6471532,-3.292477566,5.45864673));
#1466=CARTESIAN_POINT('',(-6.713956408,-3.296036097,5.459257879));
#1467=CARTESIAN_POINT('',(-6.780747829,-3.301546351,5.449204227));
#1468=CARTESIAN_POINT('',(-6.907525686,-3.315911228,5.408788165));
#1469=CARTESIAN_POINT('',(-6.967489772,-3.324763321,5.378432879));
#1470=CARTESIAN_POINT('',(-7.074480029,-3.344908671,5.300509906));
#1471=CARTESIAN_POINT('',(-7.121487338,-3.356198382,5.252955957));
#1472=CARTESIAN_POINT('',(-7.197753595,-3.380066405,5.145491452));
#1473=CARTESIAN_POINT('',(-7.226999098,-3.392640516,5.085599841));
#1474=CARTESIAN_POINT('',(-7.245872296,-3.405216835,5.022589362));
#1475=CARTESIAN_POINT('',(-6.699633689,-2.0566479,5.289159087));
#1476=CARTESIAN_POINT('',(-6.766348519,-2.058905381,5.289407036));
#1477=CARTESIAN_POINT('',(-6.833051677,-2.062387433,5.278937465));
#1478=CARTESIAN_POINT('',(-6.95969061,-2.071448721,5.237621828));
#1479=CARTESIAN_POINT('',(-7.019604247,-2.077026374,5.206782985));
#1480=CARTESIAN_POINT('',(-7.126562279,-2.089711922,5.127861245));
#1481=CARTESIAN_POINT('',(-7.173587977,-2.096817601,5.079792144));
#1482=CARTESIAN_POINT('',(-7.249978187,-2.111836546,4.971297545));
#1483=CARTESIAN_POINT('',(-7.279329346,-2.119747187,4.910891013));
#1484=CARTESIAN_POINT('',(-7.298352778,-2.127659204,4.847378971));
#1485=CARTESIAN_POINT('',(-6.712874537,-1.640980177,5.246420533));
#1486=CARTESIAN_POINT('',(-6.77956667,-1.642788567,5.246574952));
#1487=CARTESIAN_POINT('',(-6.846247165,-1.645575142,5.235998472));
#1488=CARTESIAN_POINT('',(-6.972850429,-1.652823279,5.194451902));
#1489=CARTESIAN_POINT('',(-7.032751115,-1.657283578,5.163489058));
#1490=CARTESIAN_POINT('',(-7.139700873,-1.667426245,5.084311377));
#1491=CARTESIAN_POINT('',(-7.186731291,-1.673106845,5.036110351));
#1492=CARTESIAN_POINT('',(-7.263153326,-1.685112964,4.927352038));
#1493=CARTESIAN_POINT('',(-7.292531614,-1.69143639,4.866813721));
#1494=CARTESIAN_POINT('',(-7.311593628,-1.697760919,4.803173307));
#1495=CARTESIAN_POINT('',(-6.730359745,-0.813241104,5.189990528));
#1496=CARTESIAN_POINT('',(-6.797021902,-0.814143186,5.19002084));
#1497=CARTESIAN_POINT('',(-6.863672462,-0.815530949,5.17930253));
#1498=CARTESIAN_POINT('',(-6.990228602,-0.819137929,5.137449627));
#1499=CARTESIAN_POINT('',(-7.050112173,-0.821356519,5.106322312));
#1500=CARTESIAN_POINT('',(-7.157050989,-0.826400234,5.026805188));
#1501=CARTESIAN_POINT('',(-7.204087637,-0.829224482,4.978429207));
#1502=CARTESIAN_POINT('',(-7.280551712,-0.835193034,4.869321189));
#1503=CARTESIAN_POINT('',(-7.309965841,-0.838336301,4.808608127));
#1504=CARTESIAN_POINT('',(-7.329078836,-0.841480115,4.744797505));
#1505=CARTESIAN_POINT('',(-6.734660485,-0.400433989,5.176119307));
#1506=CARTESIAN_POINT('',(-6.801315438,-0.400878122,5.176118589));
#1507=CARTESIAN_POINT('',(-6.867958783,-0.401561407,5.165364797));
#1508=CARTESIAN_POINT('',(-6.99450355,-0.403337395,5.123435217));
#1509=CARTESIAN_POINT('',(-7.05438298,-0.404429789,5.092266716));
#1510=CARTESIAN_POINT('',(-7.161319132,-0.406913245,5.012664574));
#1511=CARTESIAN_POINT('',(-7.20835727,-0.408303876,4.964244766));
#1512=CARTESIAN_POINT('',(-7.284831479,-0.411242744,4.855049164));
#1513=CARTESIAN_POINT('',(-7.31425426,-0.412790471,4.794292346));
#1514=CARTESIAN_POINT('',(-7.333379574,-0.414338472,4.730439139));
#1515=CARTESIAN_POINT('',(-6.734417812,0.835133672,5.176902303));
#1516=CARTESIAN_POINT('',(-6.801073185,0.836059966,5.176903324));
#1517=CARTESIAN_POINT('',(-6.86771695,0.837484985,5.166151516));
#1518=CARTESIAN_POINT('',(-6.994262377,0.841188803,5.124226217));
#1519=CARTESIAN_POINT('',(-7.054142047,0.84346696,5.093060014));
#1520=CARTESIAN_POINT('',(-7.161078353,0.848646091,5.013462609));
#1521=CARTESIAN_POINT('',(-7.208116405,0.851546166,4.965045242));
#1522=CARTESIAN_POINT('',(-7.284590027,0.857674958,4.855854517));
#1523=CARTESIAN_POINT('',(-7.314012306,0.86090261,4.795100135));
#1524=CARTESIAN_POINT('',(-7.333136908,0.864130818,4.731249301));
#1525=CARTESIAN_POINT('',(-6.716736872,1.655052037,5.233924748));
#1526=CARTESIAN_POINT('',(-6.783422988,1.656886797,5.234054313));
#1527=CARTESIAN_POINT('',(-6.850097463,1.659709839,5.223449149));
#1528=CARTESIAN_POINT('',(-6.976691243,1.667047833,5.181840213));
#1529=CARTESIAN_POINT('',(-7.03658848,1.671561509,5.150843694));
#1530=CARTESIAN_POINT('',(-7.143536031,1.681823098,5.071596261));
#1531=CARTESIAN_POINT('',(-7.190567701,1.687569227,5.023359162));
#1532=CARTESIAN_POINT('',(-7.266998195,1.699712767,4.914528639));
#1533=CARTESIAN_POINT('',(-7.296383696,1.706108066,4.853954186));
#1534=CARTESIAN_POINT('',(-7.315455961,1.712504474,4.790278592));
#1535=CARTESIAN_POINT('',(-6.664626649,2.880485077,5.402217023));
#1536=CARTESIAN_POINT('',(-6.731400513,2.883609752,5.402707188));
#1537=CARTESIAN_POINT('',(-6.798162621,2.888443717,5.392514974));
#1538=CARTESIAN_POINT('',(-6.924894334,2.901040206,5.351799193));
#1539=CARTESIAN_POINT('',(-6.98484166,2.908800517,5.321282783));
#1540=CARTESIAN_POINT('',(-7.091821205,2.926458608,5.243027003));
#1541=CARTESIAN_POINT('',(-7.138834617,2.936353284,5.195301389));
#1542=CARTESIAN_POINT('',(-7.215142041,2.957270876,5.087493628));
#1543=CARTESIAN_POINT('',(-7.244422638,2.968290116,5.027430433));
#1544=CARTESIAN_POINT('',(-7.263345741,2.979311288,4.964252834));
#1545=CARTESIAN_POINT('',(-6.642989941,3.28821964,5.472114914));
#1546=CARTESIAN_POINT('',(-6.709799719,3.291762318,5.472752987));
#1547=CARTESIAN_POINT('',(-6.776597711,3.297252403,5.46273038));
#1548=CARTESIAN_POINT('',(-6.903385914,3.311569923,5.422381771));
#1549=CARTESIAN_POINT('',(-6.963353759,3.320394834,5.392062887));
#1550=CARTESIAN_POINT('',(-7.070346418,3.340480885,5.314215291));
#1551=CARTESIAN_POINT('',(-7.117352357,3.351738482,5.266700311));
#1552=CARTESIAN_POINT('',(-7.193609382,3.375539737,5.15931381));
#1553=CARTESIAN_POINT('',(-7.222847016,3.388079197,5.099461232));
#1554=CARTESIAN_POINT('',(-7.241709031,3.400620869,5.036488762));
#1555=CARTESIAN_POINT('',(-6.604217051,3.898834579,5.597470121));
#1556=CARTESIAN_POINT('',(-6.671090261,3.902980088,5.598365763));
#1557=CARTESIAN_POINT('',(-6.7379516,3.909425774,5.588639102));
#1558=CARTESIAN_POINT('',(-6.864839496,3.92626092,5.548932021));
#1559=CARTESIAN_POINT('',(-6.924843532,3.936647394,5.518958648));
#1560=CARTESIAN_POINT('',(-7.031859277,3.960300142,5.441825584));
#1561=CARTESIAN_POINT('',(-7.078851993,3.97356222,5.394679582));
#1562=CARTESIAN_POINT('',(-7.155020045,4.001606865,5.288031332));
#1563=CARTESIAN_POINT('',(-7.184181864,4.016384456,5.228548012));
#1564=CARTESIAN_POINT('',(-7.202936142,4.031164669,5.165935232));
#1565=CARTESIAN_POINT('',(-6.590224973,4.102383576,5.642720466));
#1566=CARTESIAN_POINT('',(-6.657120881,4.106726182,5.643708025));
#1567=CARTESIAN_POINT('',(-6.72400489,4.113485919,5.634087076));
#1568=CARTESIAN_POINT('',(-6.850928461,4.13115035,5.594609296));
#1569=CARTESIAN_POINT('',(-6.910945447,4.142051903,5.564759486));
#1570=CARTESIAN_POINT('',(-7.017969451,4.166882031,5.487882046));
#1571=CARTESIAN_POINT('',(-7.064957432,4.180806189,5.44086809));
#1572=CARTESIAN_POINT('',(-7.141093645,4.210252823,5.334484079));
#1573=CARTESIAN_POINT('',(-7.170228333,4.22577006,5.275132947));
#1574=CARTESIAN_POINT('',(-7.188944064,4.241290058,5.212648931));
#1575=CARTESIAN_POINT('',(-6.560269698,4.507595067,5.739632962));
#1576=CARTESIAN_POINT('',(-6.62721372,4.512321568,5.740814416));
#1577=CARTESIAN_POINT('',(-6.69414578,4.519696577,5.731416727));
#1578=CARTESIAN_POINT('',(-6.821144963,4.53898986,5.6924236));
#1579=CARTESIAN_POINT('',(-6.881189392,4.550904687,5.662835129));
#1580=CARTESIAN_POINT('',(-6.988230888,4.578052975,5.586498577));
#1581=CARTESIAN_POINT('',(-7.035208826,4.593281586,5.539764137));
#1582=CARTESIAN_POINT('',(-7.111277547,4.625491324,5.433939592));
#1583=CARTESIAN_POINT('',(-7.140354737,4.642466697,5.374868398));
#1584=CARTESIAN_POINT('',(-7.158988789,4.659445103,5.312657074));
#1585=CARTESIAN_POINT('',(-6.544298977,4.709404668,5.79131921));
#1586=CARTESIAN_POINT('',(-6.611268414,4.71431812,5.7926027));
#1587=CARTESIAN_POINT('',(-6.678225856,4.72199459,5.783322629));
#1588=CARTESIAN_POINT('',(-6.805264976,4.742088066,5.74458501));
#1589=CARTESIAN_POINT('',(-6.8653239,4.754501473,5.715134402));
#1590=CARTESIAN_POINT('',(-6.97237463,4.782791422,5.639083295));
#1591=CARTESIAN_POINT('',(-7.01934726,4.798662896,5.592496419));
#1592=CARTESIAN_POINT('',(-7.09538033,4.832234794,5.48696729));
#1593=CARTESIAN_POINT('',(-7.12442715,4.849929204,5.428043939));
#1594=CARTESIAN_POINT('',(-7.143018068,4.867626784,5.365976635));
#1595=CARTESIAN_POINT('',(-6.527359482,4.910444449,5.846163187));
#1596=CARTESIAN_POINT('',(-6.594355569,4.915539634,5.847553162));
#1597=CARTESIAN_POINT('',(-6.661339626,4.923511113,5.838395997));
#1598=CARTESIAN_POINT('',(-6.788420623,4.944389916,5.799925612));
#1599=CARTESIAN_POINT('',(-6.848494742,4.957293491,5.770619301));
#1600=CARTESIAN_POINT('',(-6.955555148,4.986706912,5.694867108));
#1601=CARTESIAN_POINT('',(-7.002522209,5.003211477,5.648434829));
#1602=CARTESIAN_POINT('',(-7.078517893,5.03812529,5.543215266));
#1603=CARTESIAN_POINT('',(-7.10753287,5.056528268,5.484446878));
#1604=CARTESIAN_POINT('',(-7.126078573,5.074934551,5.422530529));
#1605=B_SPLINE_SURFACE_WITH_KNOTS('',3,3,((#1445,#1446,#1447,#1448,#1449,#1450,#1451,#1452,#1453,#1454),(#1455,#1456,#1457,#1458,#1459,#1460,#1461,#1462,#1463,#1464),(#1465,#1466,#1467,#1468,#1469,#1470,#1471,#1472,#1473,#1474),(#1475,#1476,#1477,#1478,#1479,#1480,#1481,#1482,#1483,#1484),(#1485,#1486,#1487,#1488,#1489,#1490,#1491,#1492,#1493,#1494),(#1495,#1496,#1497,#1498,#1499,#1500,#1501,#1502,#1503,#1504),(#1505,#1506,#1507,#1508,#1509,#1510,#1511,#1512,#1513,#1514),(#1515,#1516,#1517,#1518,#1519,#1520,#1521,#1522,#1523,#1524),(#1525,#1526,#1527,#1528,#1529,#1530,#1531,#1532,#1533,#1534),(#1535,#1536,#1537,#1538,#1539,#1540,#1541,#1542,#1543,#1544),(#1545,#1546,#1547,#1548,#1549,#1550,#1551,#1552,#1553,#1554),(#1555,#1556,#1557,#1558,#1559,#1560,#1561,#1562,#1563,#1564),(#1565,#1566,#1567,#1568,#1569,#1570,#1571,#1572,#1573,#1574),(#1575,#1576,#1577,#1578,#1579,#1580,#1581,#1582,#1583,#1584),(#1585,#1586,#1587,#1588,#1589,#1590,#1591,#1592,#1593,#1594),(#1595,#1596,#1597,#1598,#1599,#1600,#1601,#1602,#1603,#1604)),.UNSPECIFIED.,.F.,.F.,.U.,(4,2,2,2,2,2,2,4),(4,2,2,2,4),(0.,0.002577988,0.003866982,0.005155976,0.007733964,0.009022958,0.009667455,0.010311952),(0.,0.25,0.5,0.75,1.),.UNSPECIFIED.);
#1606=ORIENTED_EDGE('',*,*,#1397,.T.);
#1607=ORIENTED_EDGE('',*,*,#1049,.F.);
#1608=CARTESIAN_POINT('',(-6.527359482,5.074934551,5.243197179));
#1609=DIRECTION('',(0.078587315,0.96176188,0.262370195));
#1610=DIRECTION('',(-0.,0.263184162,-0.964745612));
#1611=AXIS2_PLACEMENT_3D('',#1608,#1609,#1610);
#1612=CIRCLE('',#1611,0.625);
#1613=EDGE_CURVE('',#99,#1016,#1612,.T.);
#1614=ORIENTED_EDGE('',*,*,#1613,.F.);
#1615=ORIENTED_EDGE('',*,*,#120,.F.);
#1616=EDGE_LOOP('',(#1606,#1607,#1614,#1615));
#1617=FACE_BOUND('',#1616,.T.);
#1618=ADVANCED_FACE('',(#1617),#1605,.T.);
#1619=CARTESIAN_POINT('',(5.891693707,-6.205144955,5.613200076));
#1620=CARTESIAN_POINT('',(5.891693707,-6.178140012,5.687330164));
#1621=CARTESIAN_POINT('',(5.891693707,-6.136942392,5.756261398));
#1622=CARTESIAN_POINT('',(5.891693707,-6.031945677,5.874048654));
#1623=CARTESIAN_POINT('',(5.891693707,-5.968182328,5.922864576));
#1624=CARTESIAN_POINT('',(5.891693707,-5.827077611,5.993487567));
#1625=CARTESIAN_POINT('',(5.891693707,-5.749784282,6.015270592));
#1626=CARTESIAN_POINT('',(5.891693707,-5.592567168,6.028721506));
#1627=CARTESIAN_POINT('',(5.891693707,-5.512696908,6.020384816));
#1628=CARTESIAN_POINT('',(5.891693707,-5.437171579,5.997571186));
#1629=CARTESIAN_POINT('',(5.967385069,-6.201638103,5.622826583));
#1630=CARTESIAN_POINT('',(5.967127466,-6.173710213,5.695711782));
#1631=CARTESIAN_POINT('',(5.965989564,-6.131985275,5.763280091));
#1632=CARTESIAN_POINT('',(5.962112918,-6.026676666,5.87850182));
#1633=CARTESIAN_POINT('',(5.959375492,-5.963127307,5.926117742));
#1634=CARTESIAN_POINT('',(5.952686754,-5.822970727,5.99481994));
#1635=CARTESIAN_POINT('',(5.948737719,-5.746409151,6.015883864));
#1636=CARTESIAN_POINT('',(5.940184735,-5.59083826,6.028544918));
#1637=CARTESIAN_POINT('',(5.935583698,-5.5118796,6.020137935));
#1638=CARTESIAN_POINT('',(5.930981094,-5.437171579,5.997571186));
#1639=CARTESIAN_POINT('',(6.042021133,-6.191716174,5.63017187));
#1640=CARTESIAN_POINT('',(6.041291634,-6.162969018,5.701833594));
#1641=CARTESIAN_POINT('',(6.038870985,-6.120879149,5.768102493));
#1642=CARTESIAN_POINT('',(6.030976955,-6.015677656,5.88094157));
#1643=CARTESIAN_POINT('',(6.025506092,-5.952598858,5.92747656));
#1644=CARTESIAN_POINT('',(6.012260318,-5.813970391,5.994518841));
#1645=CARTESIAN_POINT('',(6.004489623,-5.738463959,6.015005228));
#1646=CARTESIAN_POINT('',(5.987708446,-5.585222321,6.027153294));
#1647=CARTESIAN_POINT('',(5.978703302,-5.507534902,6.018811185));
#1648=CARTESIAN_POINT('',(5.969695291,-5.434005086,5.996613893));
#1649=CARTESIAN_POINT('',(6.189249584,-6.159416884,5.640453036));
#1650=CARTESIAN_POINT('',(6.187224483,-6.129317558,5.709748913));
#1651=CARTESIAN_POINT('',(6.182008045,-6.086872847,5.773568468));
#1652=CARTESIAN_POINT('',(6.165869331,-5.982768836,5.882025121));
#1653=CARTESIAN_POINT('',(6.15495173,-5.921139354,5.926631174));
#1654=CARTESIAN_POINT('',(6.128836043,-5.786674101,5.990846888));
#1655=CARTESIAN_POINT('',(6.11364552,-5.713876826,6.01043817));
#1656=CARTESIAN_POINT('',(6.08096909,-5.566540626,6.0220614));
#1657=CARTESIAN_POINT('',(6.063492645,-5.492043873,6.014090021));
#1658=CARTESIAN_POINT('',(6.046011137,-5.421521581,5.992849576));
#1659=CARTESIAN_POINT('',(6.262194489,-6.136896828,5.643391762));
#1660=CARTESIAN_POINT('',(6.259340398,-6.106262463,5.711539706));
#1661=CARTESIAN_POINT('',(6.252602636,-6.063828674,5.774203956));
#1662=CARTESIAN_POINT('',(6.232214963,-5.960721976,5.880651884));
#1663=CARTESIAN_POINT('',(6.218570696,-5.900077355,5.92440636));
#1664=CARTESIAN_POINT('',(6.186111713,-5.76826313,5.98745102));
#1665=CARTESIAN_POINT('',(6.167305975,-5.697129677,6.006723908));
#1666=CARTESIAN_POINT('',(6.126926461,-5.553390812,6.018336681));
#1667=CARTESIAN_POINT('',(6.105363851,-5.480824812,6.010673374));
#1668=CARTESIAN_POINT('',(6.083795276,-5.412142728,5.990023858));
#1669=CARTESIAN_POINT('',(6.404379022,-6.079143522,5.644560834));
#1670=CARTESIAN_POINT('',(6.399606041,-6.047814616,5.710563179));
#1671=CARTESIAN_POINT('',(6.389684962,-6.005840536,5.771125686));
#1672=CARTESIAN_POINT('',(6.360753248,-5.90568929,5.87403268));
#1673=CARTESIAN_POINT('',(6.341749964,-5.847537389,5.91635121));
#1674=CARTESIAN_POINT('',(6.296978846,-5.722126673,5.977590573));
#1675=CARTESIAN_POINT('',(6.271222383,-5.65489948,5.996495956));
#1676=CARTESIAN_POINT('',(6.216098568,-5.519545313,6.008586999));
#1677=CARTESIAN_POINT('',(6.186745212,-5.451452461,6.001769604));
#1678=CARTESIAN_POINT('',(6.157384402,-5.387067888,5.982501934));
#1679=CARTESIAN_POINT('',(6.472209895,-6.044552406,5.642803254));
#1680=CARTESIAN_POINT('',(6.46636843,-6.013069492,5.707829008));
#1681=CARTESIAN_POINT('',(6.454818649,-5.971537654,5.767465292));
#1682=CARTESIAN_POINT('',(6.421678615,-5.873310398,5.86887338));
#1683=CARTESIAN_POINT('',(6.400096436,-5.816638781,5.910620603));
#1684=CARTESIAN_POINT('',(6.349478038,-5.694910765,5.971241031));
#1685=CARTESIAN_POINT('',(6.320454145,-5.629883851,5.990099537));
#1686=CARTESIAN_POINT('',(6.258432973,-5.499226768,6.002671777));
#1687=CARTESIAN_POINT('',(6.225450794,-5.43362824,5.996382455));
#1688=CARTESIAN_POINT('',(6.19246058,-5.371654637,5.977890724));
#1689=CARTESIAN_POINT('',(6.601446228,-5.964076195,5.634716926));
#1690=CARTESIAN_POINT('',(6.593361437,-5.932691228,5.698010593));
#1691=CARTESIAN_POINT('',(6.578560417,-5.892477702,5.7560591));
#1692=CARTESIAN_POINT('',(6.537223557,-5.798994778,5.855023513));
#1693=CARTESIAN_POINT('',(6.51069704,-5.745746364,5.895917195));
#1694=CARTESIAN_POINT('',(6.448969382,-5.632326496,5.955847906));
#1695=CARTESIAN_POINT('',(6.413782159,-5.572180489,5.974871471));
#1696=CARTESIAN_POINT('',(6.338795084,-5.451895067,5.988857474));
#1697=CARTESIAN_POINT('',(6.299012138,-5.391782634,5.983816764));
#1698=CARTESIAN_POINT('',(6.259220216,-5.335137594,5.967030126));
#1699=CARTESIAN_POINT('',(6.663355871,-5.917728432,5.628308151));
#1700=CARTESIAN_POINT('',(6.654085216,-5.886599839,5.690840856));
#1701=CARTESIAN_POINT('',(6.637647342,-5.847272399,5.748223402));
#1702=CARTESIAN_POINT('',(6.592288019,-5.756639351,5.846237705));
#1703=CARTESIAN_POINT('',(6.563376425,-5.705353363,5.886848224));
#1704=CARTESIAN_POINT('',(6.496343799,-5.59660453,5.946710482));
#1705=CARTESIAN_POINT('',(6.458237328,-5.539165219,5.965949245));
#1706=CARTESIAN_POINT('',(6.37713309,-5.424609351,5.980878456));
#1707=CARTESIAN_POINT('',(6.334152938,-5.367517578,5.97656566));
#1708=CARTESIAN_POINT('',(6.29116345,-5.313818416,5.960717175));
#1709=CARTESIAN_POINT('',(6.77778363,-5.814902268,5.610937061));
#1710=CARTESIAN_POINT('',(6.766196347,-5.784696274,5.672237726));
#1711=CARTESIAN_POINT('',(6.746643903,-5.747555487,5.728610944));
#1712=CARTESIAN_POINT('',(6.693739648,-5.663444918,5.825367514));
#1713=CARTESIAN_POINT('',(6.660398598,-5.616492181,5.865731236));
#1714=CARTESIAN_POINT('',(6.583571591,-5.517898436,5.926036431));
#1715=CARTESIAN_POINT('',(6.540101257,-5.4662774,5.945965665));
#1716=CARTESIAN_POINT('',(6.447783214,-5.36400042,5.963207614));
#1717=CARTESIAN_POINT('',(6.398954276,-5.313365189,5.960516823));
#1718=CARTESIAN_POINT('',(6.350115407,-5.265985991,5.946659976));
#1719=CARTESIAN_POINT('',(6.829681405,-5.759154758,5.600126238));
#1720=CARTESIAN_POINT('',(6.816978212,-5.729605203,5.660960837));
#1721=CARTESIAN_POINT('',(6.795966545,-5.693747371,5.716993914));
#1722=CARTESIAN_POINT('',(6.739582647,-5.613261077,5.813444525));
#1723=CARTESIAN_POINT('',(6.704221549,-5.568648466,5.85384304));
#1724=CARTESIAN_POINT('',(6.62295786,-5.475468337,5.91465122));
#1725=CARTESIAN_POINT('',(6.577071313,-5.426919166,5.93504889));
#1726=CARTESIAN_POINT('',(6.479715519,-5.331108108,5.95364183));
#1727=CARTESIAN_POINT('',(6.42826549,-5.283865082,5.951833428));
#1728=CARTESIAN_POINT('',(6.376805298,-5.23981702,5.93901657));
#1729=CARTESIAN_POINT('',(6.922901964,-5.639009538,5.574335261));
#1730=CARTESIAN_POINT('',(6.908161656,-5.611111465,5.63454476));
#1731=CARTESIAN_POINT('',(6.884503843,-5.578160274,5.690228383));
#1732=CARTESIAN_POINT('',(6.82183303,-5.505601393,5.786711306));
#1733=CARTESIAN_POINT('',(6.782831812,-5.46600731,5.82749249));
#1734=CARTESIAN_POINT('',(6.693585411,-5.384334081,5.889862277));
#1735=CARTESIAN_POINT('',(6.643357005,-5.342270244,5.911439166));
#1736=CARTESIAN_POINT('',(6.536953924,-5.260090116,5.933116025));
#1737=CARTESIAN_POINT('',(6.48079925,-5.219989222,5.933211918));
#1738=CARTESIAN_POINT('',(6.424634013,-5.182975477,5.922559644));
#1739=CARTESIAN_POINT('',(6.964595585,-5.573796066,5.559145155));
#1740=CARTESIAN_POINT('',(6.948925683,-5.546907426,5.619196715));
#1741=CARTESIAN_POINT('',(6.924070157,-5.515601543,5.674874038));
#1742=CARTESIAN_POINT('',(6.858566609,-5.447401146,5.77170516));
#1743=CARTESIAN_POINT('',(6.817930652,-5.410519173,5.812841132));
#1744=CARTESIAN_POINT('',(6.725106166,-5.335015136,5.876286851));
#1745=CARTESIAN_POINT('',(6.672934732,-5.296406954,5.898584916));
#1746=CARTESIAN_POINT('',(6.562485949,-5.221480238,5.92201808));
#1747=CARTESIAN_POINT('',(6.504228941,-5.185175477,5.92314886));
#1748=CARTESIAN_POINT('',(6.445961201,-5.151910718,5.91363481));
#1749=CARTESIAN_POINT('',(7.034073482,-5.438605562,5.525445079));
#1750=CARTESIAN_POINT('',(7.016905368,-5.413940089,5.585508713));
#1751=CARTESIAN_POINT('',(6.990086011,-5.386113369,5.641516636));
#1752=CARTESIAN_POINT('',(6.919888947,-5.326982668,5.739691727));
#1753=CARTESIAN_POINT('',(6.876523809,-5.295689259,5.781841322));
#1754=CARTESIAN_POINT('',(6.777697243,-5.232845421,5.847952645));
#1755=CARTESIAN_POINT('',(6.72225351,-5.201306225,5.871902536));
#1756=CARTESIAN_POINT('',(6.604977813,-5.141216988,5.899140286));
#1757=CARTESIAN_POINT('',(6.543166848,-5.112677683,5.902423264));
#1758=CARTESIAN_POINT('',(6.481344814,-5.087101989,5.895202049));
#1759=CARTESIAN_POINT('',(7.062029036,-5.368756609,5.506999212));
#1760=CARTESIAN_POINT('',(7.044288427,-5.345300175,5.567227971));
#1761=CARTESIAN_POINT('',(7.016698013,-5.319302528,5.623567542));
#1762=CARTESIAN_POINT('',(6.944628627,-5.264873344,5.722728201));
#1763=CARTESIAN_POINT('',(6.90016245,-5.23645147,5.765531684));
#1764=CARTESIAN_POINT('',(6.798897569,-5.180088581,5.833223923));
#1765=CARTESIAN_POINT('',(6.742116844,-5.152157571,5.858100661));
#1766=CARTESIAN_POINT('',(6.62204393,-5.099641758,5.887380748));
#1767=CARTESIAN_POINT('',(6.558773059,-5.075066276,5.891778898));
#1768=CARTESIAN_POINT('',(6.495490951,-5.053424935,5.885711051));
#1769=CARTESIAN_POINT('',(7.104380251,-5.224540196,5.466960132));
#1770=CARTESIAN_POINT('',(7.085909483,-5.203587821,5.527816662));
#1771=CARTESIAN_POINT('',(7.057241235,-5.181350844,5.5851377));
#1772=CARTESIAN_POINT('',(6.982425042,-5.136568731,5.686879898));
#1773=CARTESIAN_POINT('',(6.936290328,-5.114031513,5.731283064));
#1774=CARTESIAN_POINT('',(6.831259084,-5.070956224,5.802638192));
#1775=CARTESIAN_POINT('',(6.772381129,-5.05042577,5.829577535));
#1776=CARTESIAN_POINT('',(6.647887824,-5.013466574,5.863240276));
#1777=CARTESIAN_POINT('',(6.582294491,-4.997044366,5.869957721));
#1778=CARTESIAN_POINT('',(6.516689554,-4.983514319,5.866219641));
#1779=CARTESIAN_POINT('',(7.118714044,-5.149813783,5.445246231));
#1780=CARTESIAN_POINT('',(7.100088869,-5.130162503,5.506570036));
#1781=CARTESIAN_POINT('',(7.071116854,-5.109866172,5.564546528));
#1782=CARTESIAN_POINT('',(6.995431618,-5.070052823,5.667897019));
#1783=CARTESIAN_POINT('',(6.94873184,-5.050542886,5.713252663));
#1784=CARTESIAN_POINT('',(6.842376926,-5.014306367,5.786703212));
#1785=CARTESIAN_POINT('',(6.782740679,-4.997586235,5.814785075));
#1786=CARTESIAN_POINT('',(6.656627813,-4.968648249,5.850800865));
#1787=CARTESIAN_POINT('',(6.590173593,-4.956435551,5.8587284));
#1788=CARTESIAN_POINT('',(6.523707567,-4.947102602,5.856171971));
#1789=CARTESIAN_POINT('',(7.125518041,-5.074903832,5.422530529));
#1790=CARTESIAN_POINT('',(7.106972339,-5.056497548,5.484446878));
#1791=CARTESIAN_POINT('',(7.077957362,-5.03809457,5.543215266));
#1792=CARTESIAN_POINT('',(7.001961677,-5.003180758,5.648434829));
#1793=CARTESIAN_POINT('',(6.954994616,-4.986676193,5.694867108));
#1794=CARTESIAN_POINT('',(6.847934211,-4.957262772,5.770619301));
#1795=CARTESIAN_POINT('',(6.787860091,-4.944359197,5.799925612));
#1796=CARTESIAN_POINT('',(6.660779094,-4.923480394,5.838395997));
#1797=CARTESIAN_POINT('',(6.593795038,-4.915508915,5.847553162));
#1798=CARTESIAN_POINT('',(6.52679895,-4.91041373,5.846163187));
#1799=B_SPLINE_SURFACE_WITH_KNOTS('',3,3,((#1619,#1620,#1621,#1622,#1623,#1624,#1625,#1626,#1627,#1628),(#1629,#1630,#1631,#1632,#1633,#1634,#1635,#1636,#1637,#1638),(#1639,#1640,#1641,#1642,#1643,#1644,#1645,#1646,#1647,#1648),(#1649,#1650,#1651,#1652,#1653,#1654,#1655,#1656,#1657,#1658),(#1659,#1660,#1661,#1662,#1663,#1664,#1665,#1666,#1667,#1668),(#1669,#1670,#1671,#1672,#1673,#1674,#1675,#1676,#1677,#1678),(#1679,#1680,#1681,#1682,#1683,#1684,#1685,#1686,#1687,#1688),(#1689,#1690,#1691,#1692,#1693,#1694,#1695,#1696,#1697,#1698),(#1699,#1700,#1701,#1702,#1703,#1704,#1705,#1706,#1707,#1708),(#1709,#1710,#1711,#1712,#1713,#1714,#1715,#1716,#1717,#1718),(#1719,#1720,#1721,#1722,#1723,#1724,#1725,#1726,#1727,#1728),(#1729,#1730,#1731,#1732,#1733,#1734,#1735,#1736,#1737,#1738),(#1739,#1740,#1741,#1742,#1743,#1744,#1745,#1746,#1747,#1748),(#1749,#1750,#1751,#1752,#1753,#1754,#1755,#1756,#1757,#1758),(#1759,#1760,#1761,#1762,#1763,#1764,#1765,#1766,#1767,#1768),(#1769,#1770,#1771,#1772,#1773,#1774,#1775,#1776,#1777,#1778),(#1779,#1780,#1781,#1782,#1783,#1784,#1785,#1786,#1787,#1788),(#1789,#1790,#1791,#1792,#1793,#1794,#1795,#1796,#1797,#1798)),.UNSPECIFIED.,.F.,.F.,.U.,(4,2,2,2,2,2,2,2,4),(4,2,2,2,4),(0.,0.000116231,0.000232462,0.000348693,0.000464924,0.000581155,0.000697386,0.000813616,0.000929847),(0.,0.25,0.5,0.75,1.),.UNSPECIFIED.);
#1800=CARTESIAN_POINT('',(5.891693707,-5.617897679,5.39927103));
#1801=DIRECTION('',(1.,0.,-0.));
#1802=DIRECTION('',(0.,0.,1.));
#1803=AXIS2_PLACEMENT_3D('',#1800,#1801,#1802);
#1804=CIRCLE('',#1803,0.625);
#1805=EDGE_CURVE('',#1067,#1426,#1804,.T.);
#1806=ORIENTED_EDGE('',*,*,#1805,.T.);
#1807=ORIENTED_EDGE('',*,*,#1440,.T.);
#1808=ORIENTED_EDGE('',*,*,#1116,.F.);
#1809=CARTESIAN_POINT('',(6.52679895,-5.074903832,5.243197179));
#1810=DIRECTION('',(0.078587315,0.96176188,-0.262370195));
#1811=DIRECTION('',(0.,-0.263184162,-0.964745612));
#1812=AXIS2_PLACEMENT_3D('',#1809,#1810,#1811);
#1813=CIRCLE('',#1812,0.625);
#1814=EDGE_CURVE('',#967,#43,#1813,.T.);
#1815=ORIENTED_EDGE('',*,*,#1814,.F.);
#1816=ORIENTED_EDGE('',*,*,#1082,.F.);
#1817=EDGE_LOOP('',(#1806,#1807,#1808,#1815,#1816));
#1818=FACE_BOUND('',#1817,.T.);
#1819=ADVANCED_FACE('',(#1818),#1799,.T.);
#1820=CARTESIAN_POINT('',(-5.892254238,6.205175674,5.613200076));
#1821=CARTESIAN_POINT('',(-5.892254238,6.178170731,5.687330164));
#1822=CARTESIAN_POINT('',(-5.892254238,6.136973111,5.756261398));
#1823=CARTESIAN_POINT('',(-5.892254238,6.031976396,5.874048654));
#1824=CARTESIAN_POINT('',(-5.892254238,5.968213047,5.922864576));
#1825=CARTESIAN_POINT('',(-5.892254238,5.82710833,5.993487567));
#1826=CARTESIAN_POINT('',(-5.892254238,5.749815001,6.015270592));
#1827=CARTESIAN_POINT('',(-5.892254238,5.592597887,6.028721506));
#1828=CARTESIAN_POINT('',(-5.892254238,5.512727627,6.020384816));
#1829=CARTESIAN_POINT('',(-5.892254238,5.437202298,5.997571186));
#1830=CARTESIAN_POINT('',(-5.967945601,6.201668822,5.622826583));
#1831=CARTESIAN_POINT('',(-5.967687998,6.173740932,5.695711782));
#1832=CARTESIAN_POINT('',(-5.966550096,6.132015994,5.763280091));
#1833=CARTESIAN_POINT('',(-5.962673449,6.026707386,5.87850182));
#1834=CARTESIAN_POINT('',(-5.959936024,5.963158026,5.926117742));
#1835=CARTESIAN_POINT('',(-5.953247286,5.823001446,5.99481994));
#1836=CARTESIAN_POINT('',(-5.949298251,5.74643987,6.015883864));
#1837=CARTESIAN_POINT('',(-5.940745266,5.590868979,6.028544918));
#1838=CARTESIAN_POINT('',(-5.93614423,5.51191032,6.020137935));
#1839=CARTESIAN_POINT('',(-5.931541626,5.437202298,5.997571186));
#1840=CARTESIAN_POINT('',(-6.042581665,6.191746893,5.63017187));
#1841=CARTESIAN_POINT('',(-6.041852166,6.162999738,5.701833594));
#1842=CARTESIAN_POINT('',(-6.039431516,6.120909868,5.768102493));
#1843=CARTESIAN_POINT('',(-6.031537487,6.015708375,5.88094157));
#1844=CARTESIAN_POINT('',(-6.026066623,5.952629577,5.92747656));
#1845=CARTESIAN_POINT('',(-6.012820849,5.81400111,5.994518841));
#1846=CARTESIAN_POINT('',(-6.005050155,5.738494678,6.015005228));
#1847=CARTESIAN_POINT('',(-5.988268978,5.58525304,6.027153294));
#1848=CARTESIAN_POINT('',(-5.979263834,5.507565622,6.018811185));
#1849=CARTESIAN_POINT('',(-5.970255823,5.434035805,5.996613893));
#1850=CARTESIAN_POINT('',(-6.189810115,6.159447603,5.640453036));
#1851=CARTESIAN_POINT('',(-6.187785014,6.129348277,5.709748913));
#1852=CARTESIAN_POINT('',(-6.182568577,6.086903566,5.773568468));
#1853=CARTESIAN_POINT('',(-6.166429862,5.982799555,5.882025121));
#1854=CARTESIAN_POINT('',(-6.155512262,5.921170074,5.926631174));
#1855=CARTESIAN_POINT('',(-6.129396574,5.78670482,5.990846888));
#1856=CARTESIAN_POINT('',(-6.114206052,5.713907545,6.01043817));
#1857=CARTESIAN_POINT('',(-6.081529621,5.566571345,6.0220614));
#1858=CARTESIAN_POINT('',(-6.064053177,5.492074593,6.014090021));
#1859=CARTESIAN_POINT('',(-6.046571669,5.4215523,5.992849576));
#1860=CARTESIAN_POINT('',(-6.26275502,6.136927547,5.643391762));
#1861=CARTESIAN_POINT('',(-6.259900929,6.106293183,5.711539706));
#1862=CARTESIAN_POINT('',(-6.253163168,6.063859393,5.774203956));
#1863=CARTESIAN_POINT('',(-6.232775495,5.960752695,5.880651884));
#1864=CARTESIAN_POINT('',(-6.219131228,5.900108074,5.92440636));
#1865=CARTESIAN_POINT('',(-6.186672244,5.76829385,5.98745102));
#1866=CARTESIAN_POINT('',(-6.167866507,5.697160396,6.006723908));
#1867=CARTESIAN_POINT('',(-6.127486993,5.553421531,6.018336681));
#1868=CARTESIAN_POINT('',(-6.105924382,5.480855532,6.010673374));
#1869=CARTESIAN_POINT('',(-6.084355808,5.412173448,5.990023858));
#1870=CARTESIAN_POINT('',(-6.404939553,6.079174242,5.644560834));
#1871=CARTESIAN_POINT('',(-6.400166572,6.047845335,5.710563179));
#1872=CARTESIAN_POINT('',(-6.390245494,6.005871255,5.771125686));
#1873=CARTESIAN_POINT('',(-6.36131378,5.90572001,5.87403268));
#1874=CARTESIAN_POINT('',(-6.342310495,5.847568108,5.91635121));
#1875=CARTESIAN_POINT('',(-6.297539378,5.722157392,5.977590573));
#1876=CARTESIAN_POINT('',(-6.271782915,5.654930199,5.996495956));
#1877=CARTESIAN_POINT('',(-6.2166591,5.519576033,6.008586999));
#1878=CARTESIAN_POINT('',(-6.187305744,5.45148318,6.001769604));
#1879=CARTESIAN_POINT('',(-6.157944934,5.387098607,5.982501934));
#1880=CARTESIAN_POINT('',(-6.472770427,6.044583125,5.642803254));
#1881=CARTESIAN_POINT('',(-6.466928961,6.013100212,5.707829008));
#1882=CARTESIAN_POINT('',(-6.45537918,5.971568374,5.767465292));
#1883=CARTESIAN_POINT('',(-6.422239147,5.873341118,5.86887338));
#1884=CARTESIAN_POINT('',(-6.400656968,5.8166695,5.910620603));
#1885=CARTESIAN_POINT('',(-6.35003857,5.694941485,5.971241031));
#1886=CARTESIAN_POINT('',(-6.321014676,5.629914571,5.990099537));
#1887=CARTESIAN_POINT('',(-6.258993505,5.499257488,6.002671777));
#1888=CARTESIAN_POINT('',(-6.226011326,5.433658959,5.996382455));
#1889=CARTESIAN_POINT('',(-6.193021111,5.371685356,5.977890724));
#1890=CARTESIAN_POINT('',(-6.60200676,5.964106914,5.634716926));
#1891=CARTESIAN_POINT('',(-6.593921968,5.932721947,5.698010593));
#1892=CARTESIAN_POINT('',(-6.579120949,5.892508421,5.7560591));
#1893=CARTESIAN_POINT('',(-6.537784088,5.799025497,5.855023513));
#1894=CARTESIAN_POINT('',(-6.511257572,5.745777084,5.895917195));
#1895=CARTESIAN_POINT('',(-6.449529913,5.632357215,5.955847906));
#1896=CARTESIAN_POINT('',(-6.414342691,5.572211208,5.974871471));
#1897=CARTESIAN_POINT('',(-6.339355615,5.451925787,5.988857474));
#1898=CARTESIAN_POINT('',(-6.29957267,5.391813353,5.983816764));
#1899=CARTESIAN_POINT('',(-6.259780748,5.335168313,5.967030126));
#1900=CARTESIAN_POINT('',(-6.663916402,5.917759152,5.628308151));
#1901=CARTESIAN_POINT('',(-6.654645747,5.886630558,5.690840856));
#1902=CARTESIAN_POINT('',(-6.638207874,5.847303118,5.748223402));
#1903=CARTESIAN_POINT('',(-6.592848551,5.75667007,5.846237705));
#1904=CARTESIAN_POINT('',(-6.563936957,5.705384082,5.886848224));
#1905=CARTESIAN_POINT('',(-6.496904331,5.59663525,5.946710482));
#1906=CARTESIAN_POINT('',(-6.45879786,5.539195938,5.965949245));
#1907=CARTESIAN_POINT('',(-6.377693622,5.42464007,5.980878456));
#1908=CARTESIAN_POINT('',(-6.33471347,5.367548297,5.97656566));
#1909=CARTESIAN_POINT('',(-6.291723981,5.313849135,5.960717175));
#1910=CARTESIAN_POINT('',(-6.778344162,5.814932987,5.610937061));
#1911=CARTESIAN_POINT('',(-6.766756878,5.784726993,5.672237726));
#1912=CARTESIAN_POINT('',(-6.747204435,5.747586207,5.728610944));
#1913=CARTESIAN_POINT('',(-6.69430018,5.663475637,5.825367514));
#1914=CARTESIAN_POINT('',(-6.66095913,5.6165229,5.865731236));
#1915=CARTESIAN_POINT('',(-6.584132123,5.517929155,5.926036431));
#1916=CARTESIAN_POINT('',(-6.540661789,5.466308119,5.945965665));
#1917=CARTESIAN_POINT('',(-6.448343745,5.36403114,5.963207614));
#1918=CARTESIAN_POINT('',(-6.399514808,5.313395908,5.960516823));
#1919=CARTESIAN_POINT('',(-6.350675939,5.26601671,5.946659976));
#1920=CARTESIAN_POINT('',(-6.830241937,5.759185478,5.600126238));
#1921=CARTESIAN_POINT('',(-6.817538744,5.729635923,5.660960837));
#1922=CARTESIAN_POINT('',(-6.796527077,5.693778091,5.716993914));
#1923=CARTESIAN_POINT('',(-6.740143179,5.613291796,5.813444525));
#1924=CARTESIAN_POINT('',(-6.70478208,5.568679185,5.85384304));
#1925=CARTESIAN_POINT('',(-6.623518392,5.475499056,5.91465122));
#1926=CARTESIAN_POINT('',(-6.577631845,5.426949885,5.93504889));
#1927=CARTESIAN_POINT('',(-6.480276051,5.331138827,5.95364183));
#1928=CARTESIAN_POINT('',(-6.428826022,5.283895801,5.951833428));
#1929=CARTESIAN_POINT('',(-6.37736583,5.239847739,5.93901657));
#1930=CARTESIAN_POINT('',(-6.923462496,5.639040258,5.574335261));
#1931=CARTESIAN_POINT('',(-6.908722187,5.611142185,5.63454476));
#1932=CARTESIAN_POINT('',(-6.885064375,5.578190993,5.690228383));
#1933=CARTESIAN_POINT('',(-6.822393562,5.505632113,5.786711306));
#1934=CARTESIAN_POINT('',(-6.783392343,5.466038029,5.82749249));
#1935=CARTESIAN_POINT('',(-6.694145943,5.3843648,5.889862277));
#1936=CARTESIAN_POINT('',(-6.643917537,5.342300964,5.911439166));
#1937=CARTESIAN_POINT('',(-6.537514456,5.260120835,5.933116025));
#1938=CARTESIAN_POINT('',(-6.481359781,5.220019942,5.933211918));
#1939=CARTESIAN_POINT('',(-6.425194544,5.183006197,5.922559644));
#1940=CARTESIAN_POINT('',(-6.965156116,5.573826785,5.559145155));
#1941=CARTESIAN_POINT('',(-6.949486214,5.546938145,5.619196715));
#1942=CARTESIAN_POINT('',(-6.924630688,5.515632263,5.674874038));
#1943=CARTESIAN_POINT('',(-6.859127141,5.447431865,5.77170516));
#1944=CARTESIAN_POINT('',(-6.818491183,5.410549892,5.812841132));
#1945=CARTESIAN_POINT('',(-6.725666697,5.335045855,5.876286851));
#1946=CARTESIAN_POINT('',(-6.673495263,5.296437673,5.898584916));
#1947=CARTESIAN_POINT('',(-6.563046481,5.221510957,5.92201808));
#1948=CARTESIAN_POINT('',(-6.504789472,5.185206196,5.92314886));
#1949=CARTESIAN_POINT('',(-6.446521733,5.151941437,5.91363481));
#1950=CARTESIAN_POINT('',(-7.034634014,5.438636282,5.525445079));
#1951=CARTESIAN_POINT('',(-7.017465899,5.413970808,5.585508713));
#1952=CARTESIAN_POINT('',(-6.990646543,5.386144088,5.641516636));
#1953=CARTESIAN_POINT('',(-6.920449479,5.327013387,5.739691727));
#1954=CARTESIAN_POINT('',(-6.877084341,5.295719978,5.781841322));
#1955=CARTESIAN_POINT('',(-6.778257774,5.232876141,5.847952645));
#1956=CARTESIAN_POINT('',(-6.722814041,5.201336944,5.871902536));
#1957=CARTESIAN_POINT('',(-6.605538345,5.141247707,5.899140286));
#1958=CARTESIAN_POINT('',(-6.54372738,5.112708402,5.902423264));
#1959=CARTESIAN_POINT('',(-6.481905345,5.087132708,5.895202049));
#1960=CARTESIAN_POINT('',(-7.062589567,5.368787328,5.506999212));
#1961=CARTESIAN_POINT('',(-7.044848958,5.345330895,5.567227971));
#1962=CARTESIAN_POINT('',(-7.017258544,5.319333247,5.623567542));
#1963=CARTESIAN_POINT('',(-6.945189158,5.264904064,5.722728201));
#1964=CARTESIAN_POINT('',(-6.900722982,5.236482189,5.765531684));
#1965=CARTESIAN_POINT('',(-6.799458101,5.1801193,5.833223923));
#1966=CARTESIAN_POINT('',(-6.742677376,5.15218829,5.858100661));
#1967=CARTESIAN_POINT('',(-6.622604462,5.099672477,5.887380748));
#1968=CARTESIAN_POINT('',(-6.559333591,5.075096995,5.891778898));
#1969=CARTESIAN_POINT('',(-6.496051483,5.053455654,5.885711051));
#1970=CARTESIAN_POINT('',(-7.104940783,5.224570915,5.466960132));
#1971=CARTESIAN_POINT('',(-7.086470015,5.20361854,5.527816662));
#1972=CARTESIAN_POINT('',(-7.057801767,5.181381564,5.5851377));
#1973=CARTESIAN_POINT('',(-6.982985573,5.136599451,5.686879898));
#1974=CARTESIAN_POINT('',(-6.93685086,5.114062232,5.731283064));
#1975=CARTESIAN_POINT('',(-6.831819616,5.070986944,5.802638192));
#1976=CARTESIAN_POINT('',(-6.772941661,5.050456489,5.829577535));
#1977=CARTESIAN_POINT('',(-6.648448356,5.013497293,5.863240276));
#1978=CARTESIAN_POINT('',(-6.582855022,4.997075085,5.869957721));
#1979=CARTESIAN_POINT('',(-6.517250085,4.983545038,5.866219641));
#1980=CARTESIAN_POINT('',(-7.119274576,5.149844503,5.445246231));
#1981=CARTESIAN_POINT('',(-7.100649401,5.130193222,5.506570036));
#1982=CARTESIAN_POINT('',(-7.071677386,5.109896892,5.564546528));
#1983=CARTESIAN_POINT('',(-6.99599215,5.070083543,5.667897019));
#1984=CARTESIAN_POINT('',(-6.949292372,5.050573605,5.713252663));
#1985=CARTESIAN_POINT('',(-6.842937457,5.014337086,5.786703212));
#1986=CARTESIAN_POINT('',(-6.783301211,4.997616955,5.814785075));
#1987=CARTESIAN_POINT('',(-6.657188345,4.968678969,5.850800865));
#1988=CARTESIAN_POINT('',(-6.590734124,4.95646627,5.8587284));
#1989=CARTESIAN_POINT('',(-6.524268099,4.947133321,5.856171971));
#1990=CARTESIAN_POINT('',(-7.126078573,5.074934551,5.422530529));
#1991=CARTESIAN_POINT('',(-7.10753287,5.056528268,5.484446878));
#1992=CARTESIAN_POINT('',(-7.078517893,5.038125289,5.543215266));
#1993=CARTESIAN_POINT('',(-7.002522209,5.003211477,5.648434829));
#1994=CARTESIAN_POINT('',(-6.955555148,4.986706912,5.694867108));
#1995=CARTESIAN_POINT('',(-6.848494742,4.957293491,5.770619301));
#1996=CARTESIAN_POINT('',(-6.788420623,4.944389916,5.799925612));
#1997=CARTESIAN_POINT('',(-6.661339626,4.923511113,5.838395997));
#1998=CARTESIAN_POINT('',(-6.594355569,4.915539634,5.847553162));
#1999=CARTESIAN_POINT('',(-6.527359482,4.910444449,5.846163187));
#2000=B_SPLINE_SURFACE_WITH_KNOTS('',3,3,((#1820,#1821,#1822,#1823,#1824,#1825,#1826,#1827,#1828,#1829),(#1830,#1831,#1832,#1833,#1834,#1835,#1836,#1837,#1838,#1839),(#1840,#1841,#1842,#1843,#1844,#1845,#1846,#1847,#1848,#1849),(#1850,#1851,#1852,#1853,#1854,#1855,#1856,#1857,#1858,#1859),(#1860,#1861,#1862,#1863,#1864,#1865,#1866,#1867,#1868,#1869),(#1870,#1871,#1872,#1873,#1874,#1875,#1876,#1877,#1878,#1879),(#1880,#1881,#1882,#1883,#1884,#1885,#1886,#1887,#1888,#1889),(#1890,#1891,#1892,#1893,#1894,#1895,#1896,#1897,#1898,#1899),(#1900,#1901,#1902,#1903,#1904,#1905,#1906,#1907,#1908,#1909),(#1910,#1911,#1912,#1913,#1914,#1915,#1916,#1917,#1918,#1919),(#1920,#1921,#1922,#1923,#1924,#1925,#1926,#1927,#1928,#1929),(#1930,#1931,#1932,#1933,#1934,#1935,#1936,#1937,#1938,#1939),(#1940,#1941,#1942,#1943,#1944,#1945,#1946,#1947,#1948,#1949),(#1950,#1951,#1952,#1953,#1954,#1955,#1956,#1957,#1958,#1959),(#1960,#1961,#1962,#1963,#1964,#1965,#1966,#1967,#1968,#1969),(#1970,#1971,#1972,#1973,#1974,#1975,#1976,#1977,#1978,#1979),(#1980,#1981,#1982,#1983,#1984,#1985,#1986,#1987,#1988,#1989),(#1990,#1991,#1992,#1993,#1994,#1995,#1996,#1997,#1998,#1999)),.UNSPECIFIED.,.F.,.F.,.U.,(4,2,2,2,2,2,2,2,4),(4,2,2,2,4),(-0.,0.000116231,0.000232462,0.000348693,0.000464924,0.000581155,0.000697386,0.000813616,0.000929847),(0.,0.25,0.5,0.75,1.),.UNSPECIFIED.);
#2001=ORIENTED_EDGE('',*,*,#1613,.T.);
#2002=ORIENTED_EDGE('',*,*,#1025,.F.);
#2003=CARTESIAN_POINT('',(-5.892254238,5.617928398,6.02427103));
#2004=VERTEX_POINT('',#2003);
#2005=CARTESIAN_POINT('',(-5.892254238,5.617928398,5.39927103));
#2006=DIRECTION('',(1.,0.,-0.));
#2007=DIRECTION('',(0.,0.,1.));
#2008=AXIS2_PLACEMENT_3D('',#2005,#2006,#2007);
#2009=CIRCLE('',#2008,0.625);
#2010=EDGE_CURVE('',#2004,#1008,#2009,.T.);
#2011=ORIENTED_EDGE('',*,*,#2010,.F.);
#2012=CARTESIAN_POINT('',(-5.892254238,5.617928398,5.39927103));
#2013=DIRECTION('',(1.,0.,-0.));
#2014=DIRECTION('',(0.,0.,1.));
#2015=AXIS2_PLACEMENT_3D('',#2012,#2013,#2014);
#2016=CIRCLE('',#2015,0.625);
#2017=EDGE_CURVE('',#820,#2004,#2016,.T.);
#2018=ORIENTED_EDGE('',*,*,#2017,.F.);
#2019=ORIENTED_EDGE('',*,*,#1224,.F.);
#2020=EDGE_LOOP('',(#2001,#2002,#2011,#2018,#2019));
#2021=FACE_BOUND('',#2020,.T.);
#2022=ADVANCED_FACE('',(#2021),#2000,.T.);
#2023=CARTESIAN_POINT('',(6.52679895,4.910444449,5.846163187));
#2024=CARTESIAN_POINT('',(6.593795038,4.915539634,5.847553162));
#2025=CARTESIAN_POINT('',(6.660779094,4.923511113,5.838395997));
#2026=CARTESIAN_POINT('',(6.787860091,4.944389916,5.799925612));
#2027=CARTESIAN_POINT('',(6.847934211,4.957293491,5.770619301));
#2028=CARTESIAN_POINT('',(6.954994616,4.986706912,5.694867108));
#2029=CARTESIAN_POINT('',(7.001961677,5.003211477,5.648434829));
#2030=CARTESIAN_POINT('',(7.077957362,5.038125289,5.543215266));
#2031=CARTESIAN_POINT('',(7.106972339,5.056528268,5.484446878));
#2032=CARTESIAN_POINT('',(7.125518041,5.074934551,5.422530529));
#2033=CARTESIAN_POINT('',(6.594579479,4.106017719,5.626714275));
#2034=CARTESIAN_POINT('',(6.66146893,4.110385733,5.627678171));
#2035=CARTESIAN_POINT('',(6.72834649,4.117176782,5.618029216));
#2036=CARTESIAN_POINT('',(6.855259927,4.134913232,5.578489539));
#2037=CARTESIAN_POINT('',(6.915273243,4.145855484,5.548605848));
#2038=CARTESIAN_POINT('',(7.022294931,4.170773519,5.471657603));
#2039=CARTESIAN_POINT('',(7.069284279,4.184744879,5.42460673));
#2040=CARTESIAN_POINT('',(7.145429554,4.214289246,5.318148488));
#2041=CARTESIAN_POINT('',(7.174571946,4.229857011,5.258760046));
#2042=CARTESIAN_POINT('',(7.19329857,4.245427537,5.196239675));
#2043=CARTESIAN_POINT('',(6.646592668,3.292508285,5.45864673));
#2044=CARTESIAN_POINT('',(6.713395876,3.296066816,5.459257879));
#2045=CARTESIAN_POINT('',(6.780187298,3.301577071,5.449204227));
#2046=CARTESIAN_POINT('',(6.906965155,3.315941947,5.408788165));
#2047=CARTESIAN_POINT('',(6.966929241,3.32479404,5.378432879));
#2048=CARTESIAN_POINT('',(7.073919498,3.34493939,5.300509906));
#2049=CARTESIAN_POINT('',(7.120926807,3.356229101,5.252955957));
#2050=CARTESIAN_POINT('',(7.197193064,3.380097124,5.145491452));
#2051=CARTESIAN_POINT('',(7.226438566,3.392671236,5.085599841));
#2052=CARTESIAN_POINT('',(7.245311764,3.405247554,5.022589362));
#2053=CARTESIAN_POINT('',(6.699073157,2.056678619,5.289159087));
#2054=CARTESIAN_POINT('',(6.765787988,2.0589361,5.289407036));
#2055=CARTESIAN_POINT('',(6.832491146,2.062418152,5.278937465));
#2056=CARTESIAN_POINT('',(6.959130078,2.07147944,5.237621828));
#2057=CARTESIAN_POINT('',(7.019043716,2.077057093,5.206782985));
#2058=CARTESIAN_POINT('',(7.126001748,2.089742641,5.127861245));
#2059=CARTESIAN_POINT('',(7.173027445,2.096848321,5.079792144));
#2060=CARTESIAN_POINT('',(7.249417655,2.111867265,4.971297545));
#2061=CARTESIAN_POINT('',(7.278768815,2.119777906,4.910891013));
#2062=CARTESIAN_POINT('',(7.297792246,2.127689923,4.847378971));
#2063=CARTESIAN_POINT('',(6.712314006,1.641010896,5.246420533));
#2064=CARTESIAN_POINT('',(6.779006138,1.642819286,5.246574952));
#2065=CARTESIAN_POINT('',(6.845686634,1.645605861,5.235998472));
#2066=CARTESIAN_POINT('',(6.972289897,1.652853998,5.194451902));
#2067=CARTESIAN_POINT('',(7.032190583,1.657314297,5.163489058));
#2068=CARTESIAN_POINT('',(7.139140341,1.667456964,5.084311377));
#2069=CARTESIAN_POINT('',(7.186170759,1.673137564,5.036110351));
#2070=CARTESIAN_POINT('',(7.262592794,1.685143683,4.927352038));
#2071=CARTESIAN_POINT('',(7.291971082,1.691467109,4.866813721));
#2072=CARTESIAN_POINT('',(7.311033096,1.697791638,4.803173307));
#2073=CARTESIAN_POINT('',(6.729799213,0.813271824,5.189990528));
#2074=CARTESIAN_POINT('',(6.796461371,0.814173906,5.19002084));
#2075=CARTESIAN_POINT('',(6.86311193,0.815561668,5.17930253));
#2076=CARTESIAN_POINT('',(6.98966807,0.819168648,5.137449627));
#2077=CARTESIAN_POINT('',(7.049551641,0.821387238,5.106322312));
#2078=CARTESIAN_POINT('',(7.156490458,0.826430953,5.026805188));
#2079=CARTESIAN_POINT('',(7.203527105,0.829255201,4.978429207));
#2080=CARTESIAN_POINT('',(7.27999118,0.835223753,4.869321189));
#2081=CARTESIAN_POINT('',(7.309405309,0.83836702,4.808608127));
#2082=CARTESIAN_POINT('',(7.328518305,0.841510834,4.744797505));
#2083=CARTESIAN_POINT('',(6.734099954,0.400464708,5.176119307));
#2084=CARTESIAN_POINT('',(6.800754906,0.400908842,5.176118589));
#2085=CARTESIAN_POINT('',(6.867398252,0.401592127,5.165364797));
#2086=CARTESIAN_POINT('',(6.993943019,0.403368114,5.123435217));
#2087=CARTESIAN_POINT('',(7.053822448,0.404460508,5.092266716));
#2088=CARTESIAN_POINT('',(7.1607586,0.406943964,5.012664574));
#2089=CARTESIAN_POINT('',(7.207796738,0.408334595,4.964244766));
#2090=CARTESIAN_POINT('',(7.284270948,0.411273463,4.855049164));
#2091=CARTESIAN_POINT('',(7.313693728,0.41282119,4.794292346));
#2092=CARTESIAN_POINT('',(7.332819042,0.414369191,4.730439139));
#2093=CARTESIAN_POINT('',(6.733857281,-0.835102952,5.176902303));
#2094=CARTESIAN_POINT('',(6.800512654,-0.836029247,5.176903324));
#2095=CARTESIAN_POINT('',(6.867156418,-0.837454265,5.166151516));
#2096=CARTESIAN_POINT('',(6.993701846,-0.841158084,5.124226217));
#2097=CARTESIAN_POINT('',(7.053581515,-0.84343624,5.093060014));
#2098=CARTESIAN_POINT('',(7.160517821,-0.848615372,5.013462609));
#2099=CARTESIAN_POINT('',(7.207555873,-0.851515446,4.965045242));
#2100=CARTESIAN_POINT('',(7.284029495,-0.857644239,4.855854517));
#2101=CARTESIAN_POINT('',(7.313451775,-0.860871891,4.795100135));
#2102=CARTESIAN_POINT('',(7.332576376,-0.864100099,4.731249301));
#2103=CARTESIAN_POINT('',(6.71617634,-1.655021318,5.233924748));
#2104=CARTESIAN_POINT('',(6.782862457,-1.656856078,5.234054313));
#2105=CARTESIAN_POINT('',(6.849536932,-1.65967912,5.223449149));
#2106=CARTESIAN_POINT('',(6.976130711,-1.667017114,5.181840213));
#2107=CARTESIAN_POINT('',(7.036027948,-1.67153079,5.150843694));
#2108=CARTESIAN_POINT('',(7.142975499,-1.681792379,5.071596261));
#2109=CARTESIAN_POINT('',(7.19000717,-1.687538508,5.023359162));
#2110=CARTESIAN_POINT('',(7.266437664,-1.699682047,4.914528639));
#2111=CARTESIAN_POINT('',(7.295823164,-1.706077347,4.853954186));
#2112=CARTESIAN_POINT('',(7.314895429,-1.712473755,4.790278592));
#2113=CARTESIAN_POINT('',(6.664066117,-2.880454358,5.402217023));
#2114=CARTESIAN_POINT('',(6.730839981,-2.883579033,5.402707188));
#2115=CARTESIAN_POINT('',(6.797602089,-2.888412997,5.392514974));
#2116=CARTESIAN_POINT('',(6.924333802,-2.901009487,5.351799193));
#2117=CARTESIAN_POINT('',(6.984281128,-2.908769798,5.321282783));
#2118=CARTESIAN_POINT('',(7.091260673,-2.926427888,5.243027003));
#2119=CARTESIAN_POINT('',(7.138274085,-2.936322565,5.195301389));
#2120=CARTESIAN_POINT('',(7.21458151,-2.957240157,5.087493628));
#2121=CARTESIAN_POINT('',(7.243862107,-2.968259397,5.027430433));
#2122=CARTESIAN_POINT('',(7.262785209,-2.979280569,4.964252834));
#2123=CARTESIAN_POINT('',(6.642429409,-3.28818892,5.472114914));
#2124=CARTESIAN_POINT('',(6.709239187,-3.291731599,5.472752987));
#2125=CARTESIAN_POINT('',(6.776037179,-3.297221684,5.46273038));
#2126=CARTESIAN_POINT('',(6.902825382,-3.311539204,5.422381771));
#2127=CARTESIAN_POINT('',(6.962793227,-3.320364115,5.392062887));
#2128=CARTESIAN_POINT('',(7.069785886,-3.340450166,5.314215291));
#2129=CARTESIAN_POINT('',(7.116791826,-3.351707763,5.266700311));
#2130=CARTESIAN_POINT('',(7.193048851,-3.375509018,5.15931381));
#2131=CARTESIAN_POINT('',(7.222286484,-3.388048478,5.099461232));
#2132=CARTESIAN_POINT('',(7.2411485,-3.400590149,5.036488762));
#2133=CARTESIAN_POINT('',(6.60365652,-3.89880386,5.597470121));
#2134=CARTESIAN_POINT('',(6.670529729,-3.902949369,5.598365763));
#2135=CARTESIAN_POINT('',(6.737391069,-3.909395054,5.588639102));
#2136=CARTESIAN_POINT('',(6.864278965,-3.926230201,5.548932021));
#2137=CARTESIAN_POINT('',(6.924283,-3.936616675,5.518958648));
#2138=CARTESIAN_POINT('',(7.031298745,-3.960269423,5.441825584));
#2139=CARTESIAN_POINT('',(7.078291461,-3.973531501,5.394679582));
#2140=CARTESIAN_POINT('',(7.154459514,-4.001576146,5.288031332));
#2141=CARTESIAN_POINT('',(7.183621332,-4.016353737,5.228548012));
#2142=CARTESIAN_POINT('',(7.20237561,-4.03113395,5.165935232));
#2143=CARTESIAN_POINT('',(6.589664442,-4.102352856,5.642720466));
#2144=CARTESIAN_POINT('',(6.65656035,-4.106695462,5.643708025));
#2145=CARTESIAN_POINT('',(6.723444359,-4.1134552,5.634087076));
#2146=CARTESIAN_POINT('',(6.85036793,-4.131119631,5.594609296));
#2147=CARTESIAN_POINT('',(6.910384916,-4.142021184,5.564759486));
#2148=CARTESIAN_POINT('',(7.017408919,-4.166851312,5.487882046));
#2149=CARTESIAN_POINT('',(7.064396901,-4.18077547,5.44086809));
#2150=CARTESIAN_POINT('',(7.140533113,-4.210222103,5.334484079));
#2151=CARTESIAN_POINT('',(7.169667802,-4.225739341,5.275132947));
#2152=CARTESIAN_POINT('',(7.188383533,-4.241259339,5.212648931));
#2153=CARTESIAN_POINT('',(6.559709166,-4.507564348,5.739632962));
#2154=CARTESIAN_POINT('',(6.626653188,-4.512290848,5.740814416));
#2155=CARTESIAN_POINT('',(6.693585248,-4.519665858,5.731416727));
#2156=CARTESIAN_POINT('',(6.820584431,-4.538959141,5.6924236));
#2157=CARTESIAN_POINT('',(6.880628861,-4.550873968,5.662835129));
#2158=CARTESIAN_POINT('',(6.987670356,-4.578022256,5.586498577));
#2159=CARTESIAN_POINT('',(7.034648295,-4.593250867,5.539764137));
#2160=CARTESIAN_POINT('',(7.110717016,-4.625460605,5.433939592));
#2161=CARTESIAN_POINT('',(7.139794205,-4.642435978,5.374868398));
#2162=CARTESIAN_POINT('',(7.158428257,-4.659414384,5.312657074));
#2163=CARTESIAN_POINT('',(6.543738446,-4.709373948,5.79131921));
#2164=CARTESIAN_POINT('',(6.610707883,-4.714287401,5.7926027));
#2165=CARTESIAN_POINT('',(6.677665324,-4.721963871,5.783322629));
#2166=CARTESIAN_POINT('',(6.804704445,-4.742057346,5.74458501));
#2167=CARTESIAN_POINT('',(6.864763368,-4.754470754,5.715134402));
#2168=CARTESIAN_POINT('',(6.971814098,-4.782760702,5.639083295));
#2169=CARTESIAN_POINT('',(7.018786729,-4.798632177,5.592496419));
#2170=CARTESIAN_POINT('',(7.094819799,-4.832204074,5.48696729));
#2171=CARTESIAN_POINT('',(7.123866618,-4.849898485,5.428043939));
#2172=CARTESIAN_POINT('',(7.142457537,-4.867596065,5.365976635));
#2173=CARTESIAN_POINT('',(6.52679895,-4.91041373,5.846163187));
#2174=CARTESIAN_POINT('',(6.593795038,-4.915508915,5.847553162));
#2175=CARTESIAN_POINT('',(6.660779094,-4.923480394,5.838395997));
#2176=CARTESIAN_POINT('',(6.787860091,-4.944359197,5.799925612));
#2177=CARTESIAN_POINT('',(6.847934211,-4.957262772,5.770619301));
#2178=CARTESIAN_POINT('',(6.954994616,-4.986676193,5.694867108));
#2179=CARTESIAN_POINT('',(7.001961677,-5.003180758,5.648434829));
#2180=CARTESIAN_POINT('',(7.077957362,-5.03809457,5.543215266));
#2181=CARTESIAN_POINT('',(7.106972339,-5.056497548,5.484446878));
#2182=CARTESIAN_POINT('',(7.125518041,-5.074903832,5.422530529));
#2183=B_SPLINE_SURFACE_WITH_KNOTS('',3,3,((#2023,#2024,#2025,#2026,#2027,#2028,#2029,#2030,#2031,#2032),(#2033,#2034,#2035,#2036,#2037,#2038,#2039,#2040,#2041,#2042),(#2043,#2044,#2045,#2046,#2047,#2048,#2049,#2050,#2051,#2052),(#2053,#2054,#2055,#2056,#2057,#2058,#2059,#2060,#2061,#2062),(#2063,#2064,#2065,#2066,#2067,#2068,#2069,#2070,#2071,#2072),(#2073,#2074,#2075,#2076,#2077,#2078,#2079,#2080,#2081,#2082),(#2083,#2084,#2085,#2086,#2087,#2088,#2089,#2090,#2091,#2092),(#2093,#2094,#2095,#2096,#2097,#2098,#2099,#2100,#2101,#2102),(#2103,#2104,#2105,#2106,#2107,#2108,#2109,#2110,#2111,#2112),(#2113,#2114,#2115,#2116,#2117,#2118,#2119,#2120,#2121,#2122),(#2123,#2124,#2125,#2126,#2127,#2128,#2129,#2130,#2131,#2132),(#2133,#2134,#2135,#2136,#2137,#2138,#2139,#2140,#2141,#2142),(#2143,#2144,#2145,#2146,#2147,#2148,#2149,#2150,#2151,#2152),(#2153,#2154,#2155,#2156,#2157,#2158,#2159,#2160,#2161,#2162),(#2163,#2164,#2165,#2166,#2167,#2168,#2169,#2170,#2171,#2172),(#2173,#2174,#2175,#2176,#2177,#2178,#2179,#2180,#2181,#2182)),.UNSPECIFIED.,.F.,.F.,.U.,(4,2,2,2,2,2,2,4),(4,2,2,2,4),(0.,0.002577988,0.003866982,0.005155976,0.007733964,0.009022958,0.009667455,0.010311952),(0.,0.25,0.5,0.75,1.),.UNSPECIFIED.);
#2184=ORIENTED_EDGE('',*,*,#1814,.T.);
#2185=ORIENTED_EDGE('',*,*,#64,.F.);
#2186=CARTESIAN_POINT('',(6.52679895,5.074934551,5.243197179));
#2187=DIRECTION('',(-0.078587315,0.96176188,0.262370195));
#2188=DIRECTION('',(-0.,0.263184162,-0.964745612));
#2189=AXIS2_PLACEMENT_3D('',#2186,#2187,#2188);
#2190=CIRCLE('',#2189,0.625);
#2191=EDGE_CURVE('',#969,#35,#2190,.T.);
#2192=ORIENTED_EDGE('',*,*,#2191,.F.);
#2193=ORIENTED_EDGE('',*,*,#990,.F.);
#2194=EDGE_LOOP('',(#2184,#2185,#2192,#2193));
#2195=FACE_BOUND('',#2194,.T.);
#2196=ADVANCED_FACE('',(#2195),#2183,.T.);
#2197=CARTESIAN_POINT('',(5.891693707,5.617928398,5.39927103));
#2198=DIRECTION('',(1.,0.,-0.));
#2199=DIRECTION('',(0.,0.,1.));
#2200=AXIS2_PLACEMENT_3D('',#2197,#2198,#2199);
#2201=CYLINDRICAL_SURFACE('',#2200,0.625);
#2202=CARTESIAN_POINT('',(5.891693707,5.617928398,6.02427103));
#2203=VERTEX_POINT('',#2202);
#2204=CARTESIAN_POINT('',(5.891693707,5.617928398,6.02427103));
#2205=DIRECTION('',(-1.,-0.,-0.));
#2206=VECTOR('',#2205,11.783947945);
#2207=LINE('',#2204,#2206);
#2208=EDGE_CURVE('',#2203,#2004,#2207,.T.);
#2209=ORIENTED_EDGE('',*,*,#2208,.T.);
#2210=ORIENTED_EDGE('',*,*,#2010,.T.);
#2211=ORIENTED_EDGE('',*,*,#1013,.F.);
#2212=CARTESIAN_POINT('',(5.891693707,5.617928398,5.39927103));
#2213=DIRECTION('',(1.,-0.,0.));
#2214=DIRECTION('',(-0.,-0.,1.));
#2215=AXIS2_PLACEMENT_3D('',#2212,#2213,#2214);
#2216=CIRCLE('',#2215,0.625);
#2217=EDGE_CURVE('',#2203,#993,#2216,.T.);
#2218=ORIENTED_EDGE('',*,*,#2217,.F.);
#2219=EDGE_LOOP('',(#2209,#2210,#2211,#2218));
#2220=FACE_BOUND('',#2219,.T.);
#2221=ADVANCED_FACE('',(#2220),#2201,.T.);
#2222=CARTESIAN_POINT('',(7.125518041,5.074934551,5.422530529));
#2223=CARTESIAN_POINT('',(7.106972339,5.056528268,5.484446878));
#2224=CARTESIAN_POINT('',(7.077957362,5.038125289,5.543215266));
#2225=CARTESIAN_POINT('',(7.001961677,5.003211477,5.648434829));
#2226=CARTESIAN_POINT('',(6.954994616,4.986706912,5.694867108));
#2227=CARTESIAN_POINT('',(6.847934211,4.957293491,5.770619301));
#2228=CARTESIAN_POINT('',(6.787860091,4.944389916,5.799925612));
#2229=CARTESIAN_POINT('',(6.660779094,4.923511113,5.838395997));
#2230=CARTESIAN_POINT('',(6.593795038,4.915539634,5.847553162));
#2231=CARTESIAN_POINT('',(6.52679895,4.910444449,5.846163187));
#2232=CARTESIAN_POINT('',(7.118722166,5.149755083,5.445219115));
#2233=CARTESIAN_POINT('',(7.100097086,5.130105288,5.506543627));
#2234=CARTESIAN_POINT('',(7.07112502,5.109811218,5.564521065));
#2235=CARTESIAN_POINT('',(6.995439413,5.070003718,5.667873787));
#2236=CARTESIAN_POINT('',(6.948739316,5.050497368,5.713230716));
#2237=CARTESIAN_POINT('',(6.84238356,5.014268993,5.786684013));
#2238=CARTESIAN_POINT('',(6.78274679,4.997553418,5.814767337));
#2239=CARTESIAN_POINT('',(6.656632769,4.968625052,5.850786057));
#2240=CARTESIAN_POINT('',(6.590177916,4.956417416,5.85871506));
#2241=CARTESIAN_POINT('',(6.523711258,4.947089526,5.856160023));
#2242=CARTESIAN_POINT('',(7.104699261,5.22306868,5.466527573));
#2243=CARTESIAN_POINT('',(7.08622445,5.202142433,5.527392909));
#2244=CARTESIAN_POINT('',(7.057549039,5.179944492,5.58472652));
#2245=CARTESIAN_POINT('',(6.982713098,5.135262375,5.68649994));
#2246=CARTESIAN_POINT('',(6.936565804,5.1127861,5.730921748));
#2247=CARTESIAN_POINT('',(6.831505404,5.06984848,5.802318194));
#2248=CARTESIAN_POINT('',(6.772610879,5.049394726,5.829280204));
#2249=CARTESIAN_POINT('',(6.648082315,5.012596952,5.862989912));
#2250=CARTESIAN_POINT('',(6.5824703,4.996259438,5.869731648));
#2251=CARTESIAN_POINT('',(6.516846678,4.982813796,5.866017425));
#2252=CARTESIAN_POINT('',(7.062731993,5.366799403,5.506462519));
#2253=CARTESIAN_POINT('',(7.044977834,5.343377437,5.566697714));
#2254=CARTESIAN_POINT('',(7.017368587,5.317431757,5.623048515));
#2255=CARTESIAN_POINT('',(6.94525267,5.263136025,5.722240518));
#2256=CARTESIAN_POINT('',(6.900758802,5.234795609,5.765064111));
#2257=CARTESIAN_POINT('',(6.799432159,5.1786166,5.832803735));
#2258=CARTESIAN_POINT('',(6.74261737,5.150787977,5.85770774));
#2259=CARTESIAN_POINT('',(6.62247299,5.09848721,5.887046933));
#2260=CARTESIAN_POINT('',(6.559164725,5.074024347,5.891476913));
#2261=CARTESIAN_POINT('',(6.49584522,5.052494899,5.88544157));
#2262=CARTESIAN_POINT('',(7.034379377,5.437941274,5.52526507));
#2263=CARTESIAN_POINT('',(7.01720486,5.413287619,5.585329793));
#2264=CARTESIAN_POINT('',(6.990376981,5.385478989,5.641340457));
#2265=CARTESIAN_POINT('',(6.920159361,5.326395018,5.739524349));
#2266=CARTESIAN_POINT('',(6.876782192,5.295130239,5.781680003));
#2267=CARTESIAN_POINT('',(6.77792906,5.232351105,5.847806361));
#2268=CARTESIAN_POINT('',(6.722470795,5.200847968,5.871765228));
#2269=CARTESIAN_POINT('',(6.60516473,5.140834417,5.89902305));
#2270=CARTESIAN_POINT('',(6.543337932,5.112334724,5.902317123));
#2271=CARTESIAN_POINT('',(6.481500061,5.086798314,5.895107502));
#2272=CARTESIAN_POINT('',(6.964953543,5.573229242,5.559002749));
#2273=CARTESIAN_POINT('',(6.949275742,5.546350053,5.619053353));
#2274=CARTESIAN_POINT('',(6.924409987,5.515059357,5.674731116));
#2275=CARTESIAN_POINT('',(6.858882172,5.446898962,5.771566328));
#2276=CARTESIAN_POINT('',(6.818232179,5.410041796,5.812705953));
#2277=CARTESIAN_POINT('',(6.725376925,5.334594106,5.876162164));
#2278=CARTESIAN_POINT('',(6.673188763,5.296017451,5.898467067));
#2279=CARTESIAN_POINT('',(6.562705128,5.221156904,5.921916569));
#2280=CARTESIAN_POINT('',(6.504429998,5.184886772,5.923056848));
#2281=CARTESIAN_POINT('',(6.446144135,5.151656239,5.913553139));
#2282=CARTESIAN_POINT('',(6.924203494,5.637153443,5.573909066));
#2283=CARTESIAN_POINT('',(6.909434353,5.609283303,5.634111998));
#2284=CARTESIAN_POINT('',(6.885739293,5.576378943,5.689793418));
#2285=CARTESIAN_POINT('',(6.822980255,5.503945504,5.786282762));
#2286=CARTESIAN_POINT('',(6.78392807,5.464429997,5.827072581));
#2287=CARTESIAN_POINT('',(6.694570049,5.382936064,5.889470948));
#2288=CARTESIAN_POINT('',(6.644280999,5.340972904,5.911067785));
#2289=CARTESIAN_POINT('',(6.537751624,5.259004216,5.93279449));
#2290=CARTESIAN_POINT('',(6.481531309,5.219014038,5.932920273));
#2291=CARTESIAN_POINT('',(6.42530043,5.182109526,5.922301292));
#2292=CARTESIAN_POINT('',(6.830935442,5.757772208,5.599844522));
#2293=CARTESIAN_POINT('',(6.818205149,5.728240063,5.660668526));
#2294=CARTESIAN_POINT('',(6.797158114,5.692415208,5.716694201));
#2295=CARTESIAN_POINT('',(6.740689969,5.612021147,5.813139237));
#2296=CARTESIAN_POINT('',(6.70528,5.567467763,5.853539593));
#2297=CARTESIAN_POINT('',(6.623909028,5.474424316,5.914361983));
#2298=CARTESIAN_POINT('',(6.577964077,5.42595256,5.934772028));
#2299=CARTESIAN_POINT('',(6.480486538,5.330304395,5.953399674));
#2300=CARTESIAN_POINT('',(6.428973179,5.283146801,5.951613598));
#2301=CARTESIAN_POINT('',(6.377449656,5.239182705,5.938822806));
#2302=CARTESIAN_POINT('',(6.77795625,5.814713427,5.610889385));
#2303=CARTESIAN_POINT('',(6.766365045,5.784510553,5.672188906));
#2304=CARTESIAN_POINT('',(6.746807603,5.747375163,5.728561502));
#2305=CARTESIAN_POINT('',(6.693891608,5.663279204,5.825318189));
#2306=CARTESIAN_POINT('',(6.660543817,5.616335676,5.865682652));
#2307=CARTESIAN_POINT('',(6.583702102,5.517762992,5.925990798));
#2308=CARTESIAN_POINT('',(6.540223803,5.466153802,5.945922242));
#2309=CARTESIAN_POINT('',(6.447889193,5.363901687,5.963169941));
#2310=CARTESIAN_POINT('',(6.399051656,5.313279469,5.960482689));
#2311=CARTESIAN_POINT('',(6.350204183,5.26591308,5.946629857));
#2312=CARTESIAN_POINT('',(6.664396569,5.916888527,5.628170199));
#2313=CARTESIAN_POINT('',(6.655105345,5.885766708,5.690691107));
#2314=CARTESIAN_POINT('',(6.638639509,5.846457148,5.748063714));
#2315=CARTESIAN_POINT('',(6.593212031,5.755878783,5.846064853));
#2316=CARTESIAN_POINT('',(6.564260252,5.704629574,5.886672165));
#2317=CARTESIAN_POINT('',(6.49713854,5.5959674,5.946536456));
#2318=CARTESIAN_POINT('',(6.458983177,5.538577935,5.965780468));
#2319=CARTESIAN_POINT('',(6.377776617,5.424127363,5.980728695));
#2320=CARTESIAN_POINT('',(6.334743046,5.367091003,5.976429665));
#2321=CARTESIAN_POINT('',(6.291700129,5.313446002,5.960598368));
#2322=CARTESIAN_POINT('',(6.603436696,5.962745629,5.6345544));
#2323=CARTESIAN_POINT('',(6.595315565,5.931365285,5.697822313));
#2324=CARTESIAN_POINT('',(6.580463184,5.891175919,5.755847674));
#2325=CARTESIAN_POINT('',(6.538998502,5.797774916,5.854777555));
#2326=CARTESIAN_POINT('',(6.512395545,5.744584218,5.895659884));
#2327=CARTESIAN_POINT('',(6.450497002,5.631303076,5.955583747));
#2328=CARTESIAN_POINT('',(6.415215358,5.571238017,5.974611836));
#2329=CARTESIAN_POINT('',(6.34003004,5.451124303,5.988623524));
#2330=CARTESIAN_POINT('',(6.300143298,5.391102556,5.983603973));
#2331=CARTESIAN_POINT('',(6.26024757,5.334545795,5.96684542));
#2332=CARTESIAN_POINT('',(6.473199063,6.044084678,5.642781228));
#2333=CARTESIAN_POINT('',(6.467342041,6.012599238,5.707792548));
#2334=CARTESIAN_POINT('',(6.455768518,5.971073558,5.76741509));
#2335=CARTESIAN_POINT('',(6.422567105,5.872873773,5.868800813));
#2336=CARTESIAN_POINT('',(6.400947299,5.816223449,5.910539432));
#2337=CARTESIAN_POINT('',(6.350243573,5.694548561,5.971150302));
#2338=CARTESIAN_POINT('',(6.321171991,5.629553451,5.990007864));
#2339=CARTESIAN_POINT('',(6.259050151,5.498964314,6.002586648));
#2340=CARTESIAN_POINT('',(6.226015008,5.433401892,5.996304814));
#2341=CARTESIAN_POINT('',(6.192971825,5.371463188,5.977824221));
#2342=CARTESIAN_POINT('',(6.40447298,6.079076795,5.644540529));
#2343=CARTESIAN_POINT('',(6.399697482,6.047749049,5.710541994));
#2344=CARTESIAN_POINT('',(6.389773407,6.005777248,5.771103919));
#2345=CARTESIAN_POINT('',(6.360834991,5.905632422,5.874010509));
#2346=CARTESIAN_POINT('',(6.341828,5.847484658,5.916329218));
#2347=CARTESIAN_POINT('',(6.297049003,5.722083489,5.977569742));
#2348=CARTESIAN_POINT('',(6.271288367,5.654861701,5.996476108));
#2349=CARTESIAN_POINT('',(6.216155975,5.519518889,6.008569836));
#2350=CARTESIAN_POINT('',(6.186798214,5.451431983,6.001754143));
#2351=CARTESIAN_POINT('',(6.157432998,5.387053237,5.982488435));
#2352=CARTESIAN_POINT('',(6.193630491,6.164896672,5.642865659));
#2353=CARTESIAN_POINT('',(6.191704337,6.134594399,5.712047601));
#2354=CARTESIAN_POINT('',(6.186503516,6.091935285,5.775724224));
#2355=CARTESIAN_POINT('',(6.170238225,5.98739488,5.883876772));
#2356=CARTESIAN_POINT('',(6.159178576,5.925543335,5.928321933));
#2357=CARTESIAN_POINT('',(6.132656328,5.790630595,5.992233354));
#2358=CARTESIAN_POINT('',(6.117201558,5.717607733,6.011681427));
#2359=CARTESIAN_POINT('',(6.08392974,5.569813689,6.02305952));
#2360=CARTESIAN_POINT('',(6.066122498,5.495084469,6.014986284));
#2361=CARTESIAN_POINT('',(6.048310006,5.424323846,5.993668502));
#2362=CARTESIAN_POINT('',(6.04293356,6.198168589,5.63243492));
#2363=CARTESIAN_POINT('',(6.042418841,6.169319494,5.704077578));
#2364=CARTESIAN_POINT('',(6.040145185,6.127068233,5.770285536));
#2365=CARTESIAN_POINT('',(6.032399209,6.021448321,5.88294658));
#2366=CARTESIAN_POINT('',(6.026929525,5.958112548,5.929364766));
#2367=CARTESIAN_POINT('',(6.013564674,5.818902315,5.996149798));
#2368=CARTESIAN_POINT('',(6.005674058,5.743071111,6.016495977));
#2369=CARTESIAN_POINT('',(5.988584234,5.589143335,6.028368662));
#2370=CARTESIAN_POINT('',(5.979390845,5.511094556,6.01989152));
#2371=CARTESIAN_POINT('',(5.970194324,5.4372023,5.997571187));
#2372=CARTESIAN_POINT('',(5.891693707,6.205175674,5.613200076));
#2373=CARTESIAN_POINT('',(5.891693707,6.178170731,5.687330164));
#2374=CARTESIAN_POINT('',(5.891693707,6.136973111,5.756261398));
#2375=CARTESIAN_POINT('',(5.891693707,6.031976396,5.874048654));
#2376=CARTESIAN_POINT('',(5.891693707,5.968213048,5.922864576));
#2377=CARTESIAN_POINT('',(5.891693707,5.827108331,5.993487567));
#2378=CARTESIAN_POINT('',(5.891693707,5.749815003,6.015270592));
#2379=CARTESIAN_POINT('',(5.891693707,5.592597889,6.028721506));
#2380=CARTESIAN_POINT('',(5.891693707,5.512727629,6.020384816));
#2381=CARTESIAN_POINT('',(5.891693707,5.4372023,5.997571187));
#2382=B_SPLINE_SURFACE_WITH_KNOTS('',3,3,((#2222,#2223,#2224,#2225,#2226,#2227,#2228,#2229,#2230,#2231),(#2232,#2233,#2234,#2235,#2236,#2237,#2238,#2239,#2240,#2241),(#2242,#2243,#2244,#2245,#2246,#2247,#2248,#2249,#2250,#2251),(#2252,#2253,#2254,#2255,#2256,#2257,#2258,#2259,#2260,#2261),(#2262,#2263,#2264,#2265,#2266,#2267,#2268,#2269,#2270,#2271),(#2272,#2273,#2274,#2275,#2276,#2277,#2278,#2279,#2280,#2281),(#2282,#2283,#2284,#2285,#2286,#2287,#2288,#2289,#2290,#2291),(#2292,#2293,#2294,#2295,#2296,#2297,#2298,#2299,#2300,#2301),(#2302,#2303,#2304,#2305,#2306,#2307,#2308,#2309,#2310,#2311),(#2312,#2313,#2314,#2315,#2316,#2317,#2318,#2319,#2320,#2321),(#2322,#2323,#2324,#2325,#2326,#2327,#2328,#2329,#2330,#2331),(#2332,#2333,#2334,#2335,#2336,#2337,#2338,#2339,#2340,#2341),(#2342,#2343,#2344,#2345,#2346,#2347,#2348,#2349,#2350,#2351),(#2352,#2353,#2354,#2355,#2356,#2357,#2358,#2359,#2360,#2361),(#2362,#2363,#2364,#2365,#2366,#2367,#2368,#2369,#2370,#2371),(#2372,#2373,#2374,#2375,#2376,#2377,#2378,#2379,#2380,#2381)),.UNSPECIFIED.,.F.,.F.,.U.,(4,2,2,2,2,2,2,4),(4,2,2,2,4),(-0.,0.000116184,0.000232368,0.000348552,0.000464736,0.00058092,0.000697104,0.000929472),(0.,0.25,0.5,0.75,1.),.UNSPECIFIED.);
#2383=ORIENTED_EDGE('',*,*,#2191,.T.);
#2384=ORIENTED_EDGE('',*,*,#1188,.F.);
#2385=CARTESIAN_POINT('',(5.891693707,5.617928398,5.39927103));
#2386=DIRECTION('',(1.,-0.,0.));
#2387=DIRECTION('',(-0.,-0.,1.));
#2388=AXIS2_PLACEMENT_3D('',#2385,#2386,#2387);
#2389=CIRCLE('',#2388,0.625);
#2390=EDGE_CURVE('',#828,#2203,#2389,.T.);
#2391=ORIENTED_EDGE('',*,*,#2390,.T.);
#2392=ORIENTED_EDGE('',*,*,#2217,.T.);
#2393=ORIENTED_EDGE('',*,*,#1005,.F.);
#2394=EDGE_LOOP('',(#2383,#2384,#2391,#2392,#2393));
#2395=FACE_BOUND('',#2394,.T.);
#2396=ADVANCED_FACE('',(#2395),#2382,.T.);
#2397=CARTESIAN_POINT('',(-2.00056053,-3.567449032,5.532190794));
#2398=DIRECTION('',(-0.,0.98014668,-0.198273763));
#2399=DIRECTION('',(1.,0.,0.));
#2400=AXIS2_PLACEMENT_3D('',#2397,#2398,#2399);
#2401=PLANE('',#2400);
#2402=CARTESIAN_POINT('',(1.99943947,-3.566871059,5.535047945));
#2403=VERTEX_POINT('',#2402);
#2404=CARTESIAN_POINT('',(1.99943947,-3.566871059,5.535047945));
#2405=DIRECTION('',(0.,-0.198273763,-0.98014668));
#2406=VECTOR('',#2405,0.005163128);
#2407=LINE('',#2404,#2406);
#2408=EDGE_CURVE('',#2403,#853,#2407,.T.);
#2409=ORIENTED_EDGE('',*,*,#2408,.T.);
#2410=ORIENTED_EDGE('',*,*,#860,.T.);
#2411=CARTESIAN_POINT('',(-2.00056053,-3.566871059,5.535047945));
#2412=VERTEX_POINT('',#2411);
#2413=CARTESIAN_POINT('',(-2.00056053,-3.566871059,5.535047945));
#2414=CARTESIAN_POINT('',(0.89374247,-3.567894772,5.529987322));
#2415=B_SPLINE_CURVE_WITH_KNOTS('',1,(#2413,#2414),.UNSPECIFIED.,.F.,.F.,(2,2),(0.97487442,1.),.UNSPECIFIED.);
#2416=EDGE_CURVE('',#2412,#855,#2415,.T.);
#2417=ORIENTED_EDGE('',*,*,#2416,.F.);
#2418=CARTESIAN_POINT('',(-2.00056053,-3.566871059,5.535047945));
#2419=DIRECTION('',(1.,0.,0.));
#2420=VECTOR('',#2419,4.);
#2421=LINE('',#2418,#2420);
#2422=EDGE_CURVE('',#2412,#2403,#2421,.T.);
#2423=ORIENTED_EDGE('',*,*,#2422,.T.);
#2424=EDGE_LOOP('',(#2409,#2410,#2417,#2423));
#2425=FACE_BOUND('',#2424,.T.);
#2426=ADVANCED_FACE('',(#2425),#2401,.T.);
#2427=CARTESIAN_POINT('',(2.499439523,-4.06458387,5.634753923));
#2428=CARTESIAN_POINT('',(2.499439523,-4.064583869,5.634753923));
#2429=CARTESIAN_POINT('',(2.499439523,-4.064583868,5.634753923));
#2430=CARTESIAN_POINT('',(2.499439523,-4.064583867,5.634753923));
#2431=CARTESIAN_POINT('',(2.499439523,-4.048898568,5.631278523));
#2432=CARTESIAN_POINT('',(2.498660455,-4.033204079,5.627815427));
#2433=CARTESIAN_POINT('',(2.495509798,-4.001450166,5.620837792));
#2434=CARTESIAN_POINT('',(2.493043512,-3.98509125,5.617258645));
#2435=CARTESIAN_POINT('',(2.483562754,-3.937780173,5.606951029));
#2436=CARTESIAN_POINT('',(2.474323074,-3.907170899,5.60033948));
#2437=CARTESIAN_POINT('',(2.437151124,-3.81644093,5.580897849));
#2438=CARTESIAN_POINT('',(2.401066607,-3.761267324,5.569293886));
#2439=CARTESIAN_POINT('',(2.30958325,-3.669257562,5.550155504));
#2440=CARTESIAN_POINT('',(2.253470433,-3.632202377,5.54256934));
#2441=CARTESIAN_POINT('',(2.177184451,-3.600593382,5.536127434));
#2442=CARTESIAN_POINT('',(2.161711884,-3.595029319,5.53499577));
#2443=CARTESIAN_POINT('',(2.130336009,-3.585416761,5.533042959));
#2444=CARTESIAN_POINT('',(2.114783237,-3.581439834,5.532236312));
#2445=CARTESIAN_POINT('',(2.065375591,-3.571353137,5.53019193));
#2446=CARTESIAN_POINT('',(2.032417407,-3.567990839,5.529512428));
#2447=CARTESIAN_POINT('',(1.99943947,-3.567990839,5.529512428));
#2448=CARTESIAN_POINT('',(2.499439523,-4.063992738,5.637421837));
#2449=CARTESIAN_POINT('',(2.499439523,-4.063992737,5.637421837));
#2450=CARTESIAN_POINT('',(2.499439523,-4.063992736,5.637421837));
#2451=CARTESIAN_POINT('',(2.499439523,-4.063992735,5.637421837));
#2452=CARTESIAN_POINT('',(2.499439523,-4.048308987,5.633946779));
#2453=CARTESIAN_POINT('',(2.498660455,-4.03261605,5.630484026));
#2454=CARTESIAN_POINT('',(2.495509798,-4.000865278,5.623507082));
#2455=CARTESIAN_POINT('',(2.493043512,-3.984507982,5.619928288));
#2456=CARTESIAN_POINT('',(2.483562754,-3.93720159,5.609621693));
#2457=CARTESIAN_POINT('',(2.474323074,-3.90659535,5.603010801));
#2458=CARTESIAN_POINT('',(2.437151124,-3.815874382,5.583571099));
#2459=CARTESIAN_POINT('',(2.401066607,-3.760706261,5.571968289));
#2460=CARTESIAN_POINT('',(2.30958325,-3.668705656,5.552831811));
#2461=CARTESIAN_POINT('',(2.253470433,-3.631654166,5.545246403));
#2462=CARTESIAN_POINT('',(2.177184451,-3.600048323,5.538805139));
#2463=CARTESIAN_POINT('',(2.161711884,-3.594484814,5.53767359));
#2464=CARTESIAN_POINT('',(2.130336009,-3.584873217,5.535720972));
#2465=CARTESIAN_POINT('',(2.114783237,-3.580896685,5.534914407));
#2466=CARTESIAN_POINT('',(2.065375591,-3.570810996,5.532870228));
#2467=CARTESIAN_POINT('',(2.032417407,-3.567449032,5.532190794));
#2468=CARTESIAN_POINT('',(1.99943947,-3.567449032,5.532190794));
#2469=CARTESIAN_POINT('',(2.499439523,-4.063362148,5.640267838));
#2470=CARTESIAN_POINT('',(2.499439523,-4.063362147,5.640267837));
#2471=CARTESIAN_POINT('',(2.499439523,-4.063362146,5.640267837));
#2472=CARTESIAN_POINT('',(2.499439523,-4.063362145,5.640267837));
#2473=CARTESIAN_POINT('',(2.499439523,-4.047680051,5.636793144));
#2474=CARTESIAN_POINT('',(2.498660455,-4.031988769,5.633330757));
#2475=CARTESIAN_POINT('',(2.495509798,-4.000241347,5.626354549));
#2476=CARTESIAN_POINT('',(2.493043512,-3.983885781,5.622776133));
#2477=CARTESIAN_POINT('',(2.483562754,-3.936584385,5.612470628));
#2478=CARTESIAN_POINT('',(2.474323074,-3.905981382,5.605860435));
#2479=CARTESIAN_POINT('',(2.437151124,-3.815270016,5.58642279));
#2480=CARTESIAN_POINT('',(2.401066607,-3.760107747,5.574821211));
#2481=CARTESIAN_POINT('',(2.30958325,-3.66811691,5.555686764));
#2482=CARTESIAN_POINT('',(2.253470433,-3.631069361,5.548102163));
#2483=CARTESIAN_POINT('',(2.177184451,-3.59946688,5.541661585));
#2484=CARTESIAN_POINT('',(2.161711884,-3.593903964,5.540530156));
#2485=CARTESIAN_POINT('',(2.130336009,-3.584293389,5.538577746));
#2486=CARTESIAN_POINT('',(2.114783237,-3.58031728,5.537771267));
#2487=CARTESIAN_POINT('',(2.065375591,-3.570232666,5.535727306));
#2488=CARTESIAN_POINT('',(2.032417407,-3.566871059,5.535047945));
#2489=CARTESIAN_POINT('',(1.99943947,-3.566871059,5.535047945));
#2490=B_SPLINE_SURFACE_WITH_KNOTS('',1,3,((#2427,#2428,#2429,#2430,#2431,#2432,#2433,#2434,#2435,#2436,#2437,#2438,#2439,#2440,#2441,#2442,#2443,#2444,#2445,#2446,#2447),(#2448,#2449,#2450,#2451,#2452,#2453,#2454,#2455,#2456,#2457,#2458,#2459,#2460,#2461,#2462,#2463,#2464,#2465,#2466,#2467,#2468),(#2469,#2470,#2471,#2472,#2473,#2474,#2475,#2476,#2477,#2478,#2479,#2480,#2481,#2482,#2483,#2484,#2485,#2486,#2487,#2488,#2489)),.UNSPECIFIED.,.F.,.F.,.U.,(2,1,2),(4,3,2,2,2,2,2,2,2,4),(-0.006831543,0.,0.007287557),(0.50067473696,0.500674739,0.53125,0.5625,0.625,0.75,0.875,0.90625,0.9375,1.),.UNSPECIFIED.);
#2491=ORIENTED_EDGE('',*,*,#878,.F.);
#2492=ORIENTED_EDGE('',*,*,#2408,.F.);
#2493=CARTESIAN_POINT('',(2.499439523,-4.063992734,5.637421836));
#2494=VERTEX_POINT('',#2493);
#2495=CARTESIAN_POINT('',(1.99943947,-3.566871059,5.535047945));
#2496=CARTESIAN_POINT('',(2.020967381,-3.566871059,5.535047945));
#2497=CARTESIAN_POINT('',(2.042302249,-3.568394486,5.53533641));
#2498=CARTESIAN_POINT('',(2.06134264,-3.570831901,5.535799682));
#2499=CARTESIAN_POINT('',(2.070862836,-3.572050608,5.536031319));
#2500=CARTESIAN_POINT('',(2.079865943,-3.573484768,5.536304243));
#2501=CARTESIAN_POINT('',(2.088291889,-3.575033604,5.536599517));
#2502=CARTESIAN_POINT('',(2.096717834,-3.57658244,5.536894792));
#2503=CARTESIAN_POINT('',(2.103457442,-3.577988666,5.537164006));
#2504=CARTESIAN_POINT('',(2.11161115,-3.579879534,5.537525165));
#2505=CARTESIAN_POINT('',(2.119764857,-3.581770402,5.537886323));
#2506=CARTESIAN_POINT('',(2.129041322,-3.584184192,5.538346934));
#2507=CARTESIAN_POINT('',(2.136806958,-3.586412841,5.538773753));
#2508=CARTESIAN_POINT('',(2.140689777,-3.587527165,5.538987162));
#2509=CARTESIAN_POINT('',(2.143604649,-3.588397508,5.539154752));
#2510=CARTESIAN_POINT('',(2.147476681,-3.589598795,5.539385036));
#2511=CARTESIAN_POINT('',(2.151348713,-3.590800082,5.539615319));
#2512=CARTESIAN_POINT('',(2.155417992,-3.592117165,5.53986777));
#2513=CARTESIAN_POINT('',(2.159212545,-3.59339525,5.540113134));
#2514=CARTESIAN_POINT('',(2.174390761,-3.598507591,5.541094591));
#2515=CARTESIAN_POINT('',(2.188396716,-3.603951237,5.542142913));
#2516=CARTESIAN_POINT('',(2.202941665,-3.610372796,5.543382781));
#2517=CARTESIAN_POINT('',(2.232031563,-3.623215912,5.545862517));
#2518=CARTESIAN_POINT('',(2.258923714,-3.63802717,5.548736827));
#2519=CARTESIAN_POINT('',(2.286440694,-3.656987972,5.552450259));
#2520=CARTESIAN_POINT('',(2.300199184,-3.666468373,5.554306975));
#2521=CARTESIAN_POINT('',(2.314107198,-3.676985464,5.556372962));
#2522=CARTESIAN_POINT('',(2.329021975,-3.689878608,5.558920782));
#2523=CARTESIAN_POINT('',(2.336479364,-3.69632518,5.560194692));
#2524=CARTESIAN_POINT('',(2.344260828,-3.703436313,5.561602907));
#2525=CARTESIAN_POINT('',(2.352525685,-3.711621642,5.563229932));
#2526=CARTESIAN_POINT('',(2.360790541,-3.719806971,5.564856956));
#2527=CARTESIAN_POINT('',(2.367063949,-3.726535026,5.566202609));
#2528=CARTESIAN_POINT('',(2.373353306,-3.733610742,5.567621599));
#2529=CARTESIAN_POINT('',(2.398510731,-3.761913608,5.573297559));
#2530=CARTESIAN_POINT('',(2.416494786,-3.788312366,5.578674322));
#2531=CARTESIAN_POINT('',(2.431475544,-3.814211068,5.584011026));
#2532=CARTESIAN_POINT('',(2.446456302,-3.84010977,5.58934773));
#2533=CARTESIAN_POINT('',(2.457817019,-3.864783076,5.594496086));
#2534=CARTESIAN_POINT('',(2.467243829,-3.889777641,5.599766298));
#2535=CARTESIAN_POINT('',(2.471957233,-3.902274923,5.602401404));
#2536=CARTESIAN_POINT('',(2.476503755,-3.915875435,5.605282848));
#2537=CARTESIAN_POINT('',(2.480445081,-3.929715888,5.608233915));
#2538=CARTESIAN_POINT('',(2.482415743,-3.936636115,5.609709449));
#2539=CARTESIAN_POINT('',(2.484235241,-3.943600093,5.611198839));
#2540=CARTESIAN_POINT('',(2.485875271,-3.950461139,5.612670665));
#2541=CARTESIAN_POINT('',(2.487515302,-3.957322185,5.614142492));
#2542=CARTESIAN_POINT('',(2.488860741,-3.96346032,5.615463255));
#2543=CARTESIAN_POINT('',(2.490320314,-3.970924582,5.617073521));
#2544=CARTESIAN_POINT('',(2.493239459,-3.985853106,5.620294053));
#2545=CARTESIAN_POINT('',(2.495032062,-3.997036689,5.622719908));
#2546=CARTESIAN_POINT('',(2.496853322,-4.014463681,5.626525871));
#2547=CARTESIAN_POINT('',(2.498674581,-4.031890674,5.630331834));
#2548=CARTESIAN_POINT('',(2.499439523,-4.047200406,5.63370115));
#2549=CARTESIAN_POINT('',(2.499439523,-4.063992734,5.637421836));
#2550=B_SPLINE_CURVE_WITH_KNOTS('',3,(#2495,#2496,#2497,#2498,#2499,#2500,#2501,#2502,#2503,#2504,#2505,#2506,#2507,#2508,#2509,#2510,#2511,#2512,#2513,#2514,#2515,#2516,#2517,#2518,#2519,#2520,
#2521,#2522,#2523,#2524,#2525,#2526,#2527,#2528,#2529,#2530,#2531,#2532,#2533,#2534,#2535,#2536,#2537,#2538,#2539,#2540,#2541,#2542,#2543,#2544,#2545,
#2546,#2547,#2548,#2549),.UNSPECIFIED.,.F.,.F.,(4,3,3,3,3,3,3,3,3,3,3,3,3,3,3,3,3,3,4),(0.000164229,0.000174396,0.000179479,0.000184562,0.000189646,0.000192187,0.000194729,0.000204896,0.000225229,0.000235396,0.000240479,0.000245563,0.000265896,0.000286229,0.000296396,0.000301479,0.000306563,0.000316729,0.000326896),.UNSPECIFIED.);
#2551=EDGE_CURVE('',#2403,#2494,#2550,.T.);
#2552=ORIENTED_EDGE('',*,*,#2551,.T.);
#2553=CARTESIAN_POINT('',(2.499439523,-4.063992734,5.637421836));
#2554=CARTESIAN_POINT('',(2.499439523,-4.064151902,5.636703484));
#2555=CARTESIAN_POINT('',(2.499439523,-4.064311069,5.635985132));
#2556=CARTESIAN_POINT('',(2.499439523,-4.064470236,5.635266779));
#2557=B_SPLINE_CURVE_WITH_KNOTS('',3,(#2553,#2554,#2555,#2556),.UNSPECIFIED.,.F.,.F.,(4,4),(0.,0.01086327),.UNSPECIFIED.);
#2558=EDGE_CURVE('',#2494,#863,#2557,.T.);
#2559=ORIENTED_EDGE('',*,*,#2558,.T.);
#2560=EDGE_LOOP('',(#2491,#2492,#2552,#2559));
#2561=FACE_BOUND('',#2560,.T.);
#2562=ADVANCED_FACE('',(#2561),#2490,.F.);
#2563=CARTESIAN_POINT('',(0.89374247,-3.567992624,5.529503602));
#2564=CARTESIAN_POINT('',(0.298260232,-3.567992624,5.529503602));
#2565=CARTESIAN_POINT('',(-0.297222006,-3.567992624,5.529503602));
#2566=CARTESIAN_POINT('',(-0.892704244,-3.567992624,5.529503602));
#2567=CARTESIAN_POINT('',(-1.209608761,-3.567992624,5.529503602));
#2568=CARTESIAN_POINT('',(-1.526513277,-3.567992624,5.529503602));
#2569=CARTESIAN_POINT('',(-1.843417794,-3.567992624,5.529503602));
#2570=CARTESIAN_POINT('',(-1.895798706,-3.567992624,5.529503602));
#2571=CARTESIAN_POINT('',(-1.948179618,-3.567992624,5.529503602));
#2572=CARTESIAN_POINT('',(-2.00056053,-3.567992624,5.529503602));
#2573=CARTESIAN_POINT('',(-2.0660466,-3.567992624,5.529503602));
#2574=CARTESIAN_POINT('',(-2.132346856,-3.581600076,5.532247512));
#2575=CARTESIAN_POINT('',(-2.223810571,-3.619424058,5.539955882));
#2576=CARTESIAN_POINT('',(-2.252241026,-3.634448166,5.543026014));
#2577=CARTESIAN_POINT('',(-2.307724369,-3.671137719,5.550568638));
#2578=CARTESIAN_POINT('',(-2.333324911,-3.692077831,5.554893337));
#2579=CARTESIAN_POINT('',(-2.378815904,-3.737715117,5.564385416));
#2580=CARTESIAN_POINT('',(-2.399540976,-3.763313857,5.569740966));
#2581=CARTESIAN_POINT('',(-2.435215422,-3.81743804,5.581156803));
#2582=CARTESIAN_POINT('',(-2.450423713,-3.84626069,5.587279076));
#2583=CARTESIAN_POINT('',(-2.48757079,-3.936571802,5.606629016));
#2584=CARTESIAN_POINT('',(-2.500561077,-4.000697401,5.620588938));
#2585=CARTESIAN_POINT('',(-2.500560459,-4.064749939,5.634781497));
#2586=CARTESIAN_POINT('',(0.89374247,-3.567488686,5.531994765));
#2587=CARTESIAN_POINT('',(0.298260232,-3.567488686,5.531994765));
#2588=CARTESIAN_POINT('',(-0.297222006,-3.567488686,5.531994765));
#2589=CARTESIAN_POINT('',(-0.892704244,-3.567488686,5.531994765));
#2590=CARTESIAN_POINT('',(-1.209608761,-3.567488686,5.531994765));
#2591=CARTESIAN_POINT('',(-1.526513277,-3.567488686,5.531994765));
#2592=CARTESIAN_POINT('',(-1.843417794,-3.567488686,5.531994765));
#2593=CARTESIAN_POINT('',(-1.895798706,-3.567488686,5.531994765));
#2594=CARTESIAN_POINT('',(-1.948179618,-3.567488686,5.531994765));
#2595=CARTESIAN_POINT('',(-2.00056053,-3.567488686,5.531994765));
#2596=CARTESIAN_POINT('',(-2.0660466,-3.567488686,5.531994765));
#2597=CARTESIAN_POINT('',(-2.132346856,-3.581094876,5.534738419));
#2598=CARTESIAN_POINT('',(-2.223810571,-3.618915349,5.542446074));
#2599=CARTESIAN_POINT('',(-2.252241026,-3.633938063,5.545515922));
#2600=CARTESIAN_POINT('',(-2.307724369,-3.670624216,5.553057847));
#2601=CARTESIAN_POINT('',(-2.333324911,-3.691562388,5.557382146));
#2602=CARTESIAN_POINT('',(-2.378815904,-3.73719545,5.566873346));
#2603=CARTESIAN_POINT('',(-2.399540976,-3.762791822,5.5722284));
#2604=CARTESIAN_POINT('',(-2.435215422,-3.816911002,5.583643183));
#2605=CARTESIAN_POINT('',(-2.450423713,-3.84573099,5.589764889));
#2606=CARTESIAN_POINT('',(-2.48757079,-3.936033768,5.609113044));
#2607=CARTESIAN_POINT('',(-2.500561077,-4.00015346,5.62307168));
#2608=CARTESIAN_POINT('',(-2.500560459,-4.06420011,5.637262935));
#2609=CARTESIAN_POINT('',(0.89374247,-3.567449032,5.532190794));
#2610=CARTESIAN_POINT('',(0.298260232,-3.567449032,5.532190794));
#2611=CARTESIAN_POINT('',(-0.297222006,-3.567449032,5.532190794));
#2612=CARTESIAN_POINT('',(-0.892704244,-3.567449032,5.532190794));
#2613=CARTESIAN_POINT('',(-1.209608761,-3.567449032,5.532190794));
#2614=CARTESIAN_POINT('',(-1.526513277,-3.567449032,5.532190794));
#2615=CARTESIAN_POINT('',(-1.843417794,-3.567449032,5.532190794));
#2616=CARTESIAN_POINT('',(-1.895798706,-3.567449032,5.532190794));
#2617=CARTESIAN_POINT('',(-1.948179618,-3.567449032,5.532190794));
#2618=CARTESIAN_POINT('',(-2.00056053,-3.567449032,5.532190794));
#2619=CARTESIAN_POINT('',(-2.0660466,-3.567449032,5.532190794));
#2620=CARTESIAN_POINT('',(-2.132346856,-3.581055122,5.534934428));
#2621=CARTESIAN_POINT('',(-2.223810571,-3.618875318,5.542642027));
#2622=CARTESIAN_POINT('',(-2.252241026,-3.633897923,5.545711853));
#2623=CARTESIAN_POINT('',(-2.307724369,-3.670583809,5.553253723));
#2624=CARTESIAN_POINT('',(-2.333324911,-3.691521828,5.55757799));
#2625=CARTESIAN_POINT('',(-2.378815904,-3.737154558,5.567069121));
#2626=CARTESIAN_POINT('',(-2.399540976,-3.762750743,5.572424136));
#2627=CARTESIAN_POINT('',(-2.435215422,-3.816869529,5.583838836));
#2628=CARTESIAN_POINT('',(-2.450423713,-3.845689308,5.589960498));
#2629=CARTESIAN_POINT('',(-2.48757079,-3.93599143,5.609308512));
#2630=CARTESIAN_POINT('',(-2.500561077,-4.000110657,5.623267046));
#2631=CARTESIAN_POINT('',(-2.500560459,-4.064156844,5.637458199));
#2632=CARTESIAN_POINT('',(0.89374247,-3.566871058,5.535047945));
#2633=CARTESIAN_POINT('',(0.298260232,-3.566871058,5.535047945));
#2634=CARTESIAN_POINT('',(-0.297222006,-3.566871058,5.535047945));
#2635=CARTESIAN_POINT('',(-0.892704244,-3.566871058,5.535047945));
#2636=CARTESIAN_POINT('',(-1.209608761,-3.566871058,5.535047945));
#2637=CARTESIAN_POINT('',(-1.526513277,-3.566871058,5.535047945));
#2638=CARTESIAN_POINT('',(-1.843417794,-3.566871058,5.535047945));
#2639=CARTESIAN_POINT('',(-1.895798706,-3.566871058,5.535047945));
#2640=CARTESIAN_POINT('',(-1.948179618,-3.566871058,5.535047945));
#2641=CARTESIAN_POINT('',(-2.00056053,-3.566871058,5.535047945));
#2642=CARTESIAN_POINT('',(-2.0660466,-3.566871058,5.535047945));
#2643=CARTESIAN_POINT('',(-2.132346856,-3.580475701,5.537791286));
#2644=CARTESIAN_POINT('',(-2.223810571,-3.618291873,5.545498065));
#2645=CARTESIAN_POINT('',(-2.252241026,-3.633312879,5.548567565));
#2646=CARTESIAN_POINT('',(-2.307724369,-3.669994865,5.556108633));
#2647=CARTESIAN_POINT('',(-2.333324911,-3.690930659,5.56043244));
#2648=CARTESIAN_POINT('',(-2.378815904,-3.736558544,5.569922563));
#2649=CARTESIAN_POINT('',(-2.399540976,-3.762152013,5.575277009));
#2650=CARTESIAN_POINT('',(-2.435215422,-3.816265061,5.5866905));
#2651=CARTESIAN_POINT('',(-2.450423713,-3.845081786,5.592811513));
#2652=CARTESIAN_POINT('',(-2.48757079,-3.935374351,5.612157478));
#2653=CARTESIAN_POINT('',(-2.500561077,-3.999486803,5.626114539));
#2654=CARTESIAN_POINT('',(-2.500560459,-4.063526237,5.640304196));
#2655=B_SPLINE_SURFACE_WITH_KNOTS('',1,3,((#2563,#2564,#2565,#2566,#2567,#2568,#2569,#2570,#2571,#2572,#2573,#2574,#2575,#2576,#2577,#2578,#2579,#2580,#2581,#2582,#2583,#2584,#2585),(#2586,#2587,#2588,#2589,#2590,#2591,#2592,#2593,#2594,#2595,#2596,#2597,#2598,#2599,#2600,#2601,#2602,#2603,#2604,#2605,#2606,#2607,#2608),(#2609,#2610,#2611,#2612,#2613,#2614,#2615,#2616,#2617,#2618,#2619,#2620,#2621,#2622,#2623,#2624,#2625,#2626,#2627,#2628,#2629,#2630,#2631),(#2632,#2633,#2634,#2635,#2636,#2637,#2638,#2639,#2640,#2641,#2642,#2643,#2644,#2645,#2646,#2647,#2648,#2649,#2650,#2651,#2652,#2653,#2654)),.UNSPECIFIED.,.F.,.F.,.U.,(2,1,1,2),(4,3,3,3,2,2,2,2,2,4),(-0.006854055,-0.0005,0.,0.007287558),(-1.841551315,-0.704893095,-0.099984836,0.,0.125,0.1875,0.25,0.3125,0.375,0.49992418),.UNSPECIFIED.);
#2656=ORIENTED_EDGE('',*,*,#962,.F.);
#2657=CARTESIAN_POINT('',(-2.500560459,-4.064156844,5.637458199));
#2658=VERTEX_POINT('',#2657);
#2659=CARTESIAN_POINT('',(-2.500560459,-4.064156844,5.637458199));
#2660=CARTESIAN_POINT('',(-2.500560459,-4.06431593,5.63674006));
#2661=CARTESIAN_POINT('',(-2.500560459,-4.064475017,5.636021921));
#2662=CARTESIAN_POINT('',(-2.500560459,-4.064634103,5.635303782));
#2663=B_SPLINE_CURVE_WITH_KNOTS('',3,(#2659,#2660,#2661,#2662),.UNSPECIFIED.,.F.,.F.,(4,4),(0.989140074,1.),.UNSPECIFIED.);
#2664=EDGE_CURVE('',#2658,#916,#2663,.T.);
#2665=ORIENTED_EDGE('',*,*,#2664,.F.);
#2666=CARTESIAN_POINT('',(-2.500560459,-4.064156799,5.637458189));
#2667=CARTESIAN_POINT('',(-2.500561101,-3.996865148,5.622547916));
#2668=CARTESIAN_POINT('',(-2.48766023,-3.941262355,5.610623411));
#2669=CARTESIAN_POINT('',(-2.468655537,-3.890591275,5.599937617));
#2670=CARTESIAN_POINT('',(-2.45915319,-3.865255735,5.594594719));
#2671=CARTESIAN_POINT('',(-2.447807687,-3.840637559,5.589458407));
#2672=CARTESIAN_POINT('',(-2.432902457,-3.814801893,5.58413344));
#2673=CARTESIAN_POINT('',(-2.425449842,-3.80188406,5.581470956));
#2674=CARTESIAN_POINT('',(-2.41691611,-3.788450449,5.578719554));
#2675=CARTESIAN_POINT('',(-2.407520902,-3.77522364,5.576028262));
#2676=CARTESIAN_POINT('',(-2.398125693,-3.76199683,5.57333697));
#2677=CARTESIAN_POINT('',(-2.388399346,-3.749488333,5.570806178));
#2678=CARTESIAN_POINT('',(-2.376182068,-3.735573183,5.568013423));
#2679=CARTESIAN_POINT('',(-2.370073429,-3.728615608,5.566617045));
#2680=CARTESIAN_POINT('',(-2.36255898,-3.720508524,5.564997662));
#2681=CARTESIAN_POINT('',(-2.354675464,-3.712653373,5.563435402));
#2682=CARTESIAN_POINT('',(-2.346791948,-3.704798222,5.561873142));
#2683=CARTESIAN_POINT('',(-2.339457014,-3.698021414,5.560529833));
#2684=CARTESIAN_POINT('',(-2.332197703,-3.691669309,5.559273597));
#2685=CARTESIAN_POINT('',(-2.317679081,-3.678965101,5.556761125));
#2686=CARTESIAN_POINT('',(-2.303558658,-3.668065006,5.554617943));
#2687=CARTESIAN_POINT('',(-2.288951268,-3.657921666,5.552631951));
#2688=CARTESIAN_POINT('',(-2.281647573,-3.652849996,5.551638955));
#2689=CARTESIAN_POINT('',(-2.275432492,-3.648787679,5.550843784));
#2690=CARTESIAN_POINT('',(-2.268827814,-3.644651087,5.550035975));
#2691=CARTESIAN_POINT('',(-2.262223136,-3.640514495,5.549228165));
#2692=CARTESIAN_POINT('',(-2.255011944,-3.636213699,5.548390846));
#2693=CARTESIAN_POINT('',(-2.247480528,-3.63199614,5.547571766));
#2694=CARTESIAN_POINT('',(-2.232417695,-3.623561021,5.545933606));
#2695=CARTESIAN_POINT('',(-2.216544917,-3.615827421,5.544439291));
#2696=CARTESIAN_POINT('',(-2.203098201,-3.60993912,5.543301115));
#2697=CARTESIAN_POINT('',(-2.189651484,-3.604050818,5.54216294));
#2698=CARTESIAN_POINT('',(-2.174635173,-3.598194068,5.541035884));
#2699=CARTESIAN_POINT('',(-2.159515038,-3.593139571,5.540065348));
#2700=CARTESIAN_POINT('',(-2.144394902,-3.588085074,5.539094812));
#2701=CARTESIAN_POINT('',(-2.12923315,-3.583771918,5.538269364));
#2702=CARTESIAN_POINT('',(-2.113408197,-3.580072769,5.537562413));
#2703=CARTESIAN_POINT('',(-2.097583245,-3.576373619,5.536855463));
#2704=CARTESIAN_POINT('',(-2.081296828,-3.573308565,5.536271954));
#2705=CARTESIAN_POINT('',(-2.063232362,-3.570962812,5.535825775));
#2706=CARTESIAN_POINT('',(-2.054200129,-3.569789935,5.535602685));
#2707=CARTESIAN_POINT('',(-2.044700522,-3.56880089,5.5354145));
#2708=CARTESIAN_POINT('',(-2.034476993,-3.568077066,5.535277173));
#2709=CARTESIAN_POINT('',(-2.029365229,-3.567715154,5.535208509));
#2710=CARTESIAN_POINT('',(-2.02397712,-3.567415181,5.535151261));
#2711=CARTESIAN_POINT('',(-2.018389284,-3.567205874,5.535111604));
#2712=CARTESIAN_POINT('',(-2.015595366,-3.56710122,5.535091776));
#2713=CARTESIAN_POINT('',(-2.012677391,-3.567016872,5.535075628));
#2714=CARTESIAN_POINT('',(-2.009726877,-3.566959814,5.535064825));
#2715=CARTESIAN_POINT('',(-2.00825162,-3.566931286,5.535059424));
#2716=CARTESIAN_POINT('',(-2.006738731,-3.566908983,5.535055145));
#2717=CARTESIAN_POINT('',(-2.005216874,-3.566893998,5.535052308));
#2718=CARTESIAN_POINT('',(-2.004455946,-3.566886505,5.53505089));
#2719=CARTESIAN_POINT('',(-2.003681785,-3.566880738,5.535049783));
#2720=CARTESIAN_POINT('',(-2.002906923,-3.566876888,5.535049054));
#2721=CARTESIAN_POINT('',(-2.002132061,-3.566873039,5.535048326));
#2722=CARTESIAN_POINT('',(-2.000668536,-3.566871058,5.535047945));
#2723=CARTESIAN_POINT('',(-2.00056053,-3.566871058,5.535047945));
#2724=B_SPLINE_CURVE_WITH_KNOTS('',3,(#2666,#2667,#2668,#2669,#2670,#2671,#2672,#2673,#2674,#2675,#2676,#2677,#2678,#2679,#2680,#2681,#2682,#2683,#2684,#2685,#2686,#2687,#2688,#2689,#2690,#2691,
#2692,#2693,#2694,#2695,#2696,#2697,#2698,#2699,#2700,#2701,#2702,#2703,#2704,#2705,#2706,#2707,#2708,#2709,#2710,#2711,#2712,#2713,#2714,#2715,#2716,
#2717,#2718,#2719,#2720,#2721,#2722,#2723),.UNSPECIFIED.,.F.,.F.,(4,3,3,3,3,3,3,3,3,3,3,3,3,3,3,3,3,3,3,4),(0.,0.000040729,0.000061094,0.000071277,0.000081459,0.00008655,0.000091641,0.000101824,0.000106915,0.000112006,0.000122188,0.000132371,0.000142553,0.000152736,0.000157827,0.000160372,0.000161645,0.000162282,0.0001626,0.000162918),.UNSPECIFIED.);
#2725=EDGE_CURVE('',#2658,#2412,#2724,.T.);
#2726=ORIENTED_EDGE('',*,*,#2725,.T.);
#2727=ORIENTED_EDGE('',*,*,#2416,.T.);
#2728=EDGE_LOOP('',(#2656,#2665,#2726,#2727));
#2729=FACE_BOUND('',#2728,.T.);
#2730=ADVANCED_FACE('',(#2729),#2655,.F.);
#2731=CARTESIAN_POINT('',(-2.500560459,-4.064634103,5.635303782));
#2732=CARTESIAN_POINT('',(-2.500560459,-4.064634138,5.63530379));
#2733=CARTESIAN_POINT('',(-2.500560459,-4.064634173,5.635303797));
#2734=CARTESIAN_POINT('',(-2.500560459,-4.064634208,5.635303805));
#2735=CARTESIAN_POINT('',(-2.500560459,-4.064673083,5.635312419));
#2736=CARTESIAN_POINT('',(-2.500560453,-4.064711958,5.635321032));
#2737=CARTESIAN_POINT('',(-2.500556344,-4.080773354,5.638879942));
#2738=CARTESIAN_POINT('',(-2.499739934,-4.096802115,5.642446586));
#2739=CARTESIAN_POINT('',(-2.496482492,-4.128872114,5.64961265));
#2740=CARTESIAN_POINT('',(-2.493978073,-4.145226018,5.653282518));
#2741=CARTESIAN_POINT('',(-2.484408207,-4.192430457,5.663918696));
#2742=CARTESIAN_POINT('',(-2.475112538,-4.222981929,5.670859734));
#2743=CARTESIAN_POINT('',(-2.437864608,-4.313371887,5.691550463));
#2744=CARTESIAN_POINT('',(-2.401817383,-4.368282629,5.704336967));
#2745=CARTESIAN_POINT('',(-2.310443777,-4.459916124,5.725886313));
#2746=CARTESIAN_POINT('',(-2.254479866,-4.496812392,5.734683925));
#2747=CARTESIAN_POINT('',(-2.178235286,-4.528353214,5.742233887));
#2748=CARTESIAN_POINT('',(-2.162771573,-4.533905298,5.743565186));
#2749=CARTESIAN_POINT('',(-2.131414553,-4.543497411,5.745867482));
#2750=CARTESIAN_POINT('',(-2.115879353,-4.547464429,5.74682092));
#2751=CARTESIAN_POINT('',(-2.066480723,-4.55753556,5.749242943));
#2752=CARTESIAN_POINT('',(-2.033529852,-4.560892536,5.750052244));
#2753=CARTESIAN_POINT('',(-2.00056053,-4.560892536,5.750052244));
#2754=CARTESIAN_POINT('',(-2.500560459,-4.064156739,5.637458176));
#2755=CARTESIAN_POINT('',(-2.500560459,-4.064156774,5.637458184));
#2756=CARTESIAN_POINT('',(-2.500560459,-4.064156809,5.637458191));
#2757=CARTESIAN_POINT('',(-2.500560459,-4.064156844,5.637458199));
#2758=CARTESIAN_POINT('',(-2.500560459,-4.064195716,5.637466812));
#2759=CARTESIAN_POINT('',(-2.500560453,-4.064234587,5.637475425));
#2760=CARTESIAN_POINT('',(-2.500556344,-4.080294702,5.64103405));
#2761=CARTESIAN_POINT('',(-2.499739934,-4.096322184,5.64460041));
#2762=CARTESIAN_POINT('',(-2.496482492,-4.128389626,5.651765902));
#2763=CARTESIAN_POINT('',(-2.493978073,-4.144742227,5.655435478));
#2764=CARTESIAN_POINT('',(-2.484408207,-4.191942905,5.666070808));
#2765=CARTESIAN_POINT('',(-2.475112538,-4.222491947,5.673011294));
#2766=CARTESIAN_POINT('',(-2.437864608,-4.312874719,5.693700378));
#2767=CARTESIAN_POINT('',(-2.401817383,-4.367781104,5.706485868));
#2768=CARTESIAN_POINT('',(-2.310443777,-4.45940734,5.728033507));
#2769=CARTESIAN_POINT('',(-2.254479866,-4.49630069,5.736830423));
#2770=CARTESIAN_POINT('',(-2.178235286,-4.52783902,5.744379788));
#2771=CARTESIAN_POINT('',(-2.162771573,-4.533390666,5.745710983));
#2772=CARTESIAN_POINT('',(-2.131414553,-4.54298202,5.748013097));
#2773=CARTESIAN_POINT('',(-2.115879353,-4.546948725,5.74896646));
#2774=CARTESIAN_POINT('',(-2.066480723,-4.557019061,5.751388292));
#2775=CARTESIAN_POINT('',(-2.033529852,-4.560375772,5.752197528));
#2776=CARTESIAN_POINT('',(-2.00056053,-4.560375772,5.752197528));
#2777=CARTESIAN_POINT('',(-2.500560459,-4.06353557,5.640261574));
#2778=CARTESIAN_POINT('',(-2.500560459,-4.063535605,5.640261582));
#2779=CARTESIAN_POINT('',(-2.500560459,-4.063535641,5.640261589));
#2780=CARTESIAN_POINT('',(-2.500560459,-4.063535676,5.640261597));
#2781=CARTESIAN_POINT('',(-2.500560459,-4.063574544,5.640270209));
#2782=CARTESIAN_POINT('',(-2.500560453,-4.063613411,5.640278822));
#2783=CARTESIAN_POINT('',(-2.500556344,-4.079671856,5.643837077));
#2784=CARTESIAN_POINT('',(-2.499739934,-4.095697675,5.647403067));
#2785=CARTESIAN_POINT('',(-2.496482492,-4.127761791,5.654567814));
#2786=CARTESIAN_POINT('',(-2.493978073,-4.144112694,5.65823701));
#2787=CARTESIAN_POINT('',(-2.484408207,-4.19130848,5.668871238));
#2788=CARTESIAN_POINT('',(-2.475112538,-4.221854359,5.675811005));
#2789=CARTESIAN_POINT('',(-2.437864608,-4.31222778,5.696497948));
#2790=CARTESIAN_POINT('',(-2.401817383,-4.367128497,5.709282118));
#2791=CARTESIAN_POINT('',(-2.310443777,-4.458745288,5.730827537));
#2792=CARTESIAN_POINT('',(-2.254479866,-4.49563484,5.739623546));
#2793=CARTESIAN_POINT('',(-2.178235286,-4.527169927,5.747172136));
#2794=CARTESIAN_POINT('',(-2.162771573,-4.532721002,5.748503194));
#2795=CARTESIAN_POINT('',(-2.131414553,-4.54231137,5.750805071));
#2796=CARTESIAN_POINT('',(-2.115879353,-4.546277667,5.751758336));
#2797=CARTESIAN_POINT('',(-2.066480723,-4.556346968,5.754179919));
#2798=CARTESIAN_POINT('',(-2.033529852,-4.559703333,5.754989072));
#2799=CARTESIAN_POINT('',(-2.00056053,-4.559703333,5.754989072));
#2800=CARTESIAN_POINT('',(-2.500560459,-4.06353557,5.640261574));
#2801=CARTESIAN_POINT('',(-2.500560459,-4.063535605,5.640261582));
#2802=CARTESIAN_POINT('',(-2.500560459,-4.063535641,5.640261589));
#2803=CARTESIAN_POINT('',(-2.500560459,-4.063535676,5.640261597));
#2804=CARTESIAN_POINT('',(-2.500560459,-4.063574544,5.640270209));
#2805=CARTESIAN_POINT('',(-2.500560453,-4.063613411,5.640278822));
#2806=CARTESIAN_POINT('',(-2.500556344,-4.079671856,5.643837077));
#2807=CARTESIAN_POINT('',(-2.499739934,-4.095697675,5.647403067));
#2808=CARTESIAN_POINT('',(-2.496482492,-4.127761791,5.654567814));
#2809=CARTESIAN_POINT('',(-2.493978073,-4.144112694,5.65823701));
#2810=CARTESIAN_POINT('',(-2.484408207,-4.19130848,5.668871238));
#2811=CARTESIAN_POINT('',(-2.475112538,-4.221854359,5.675811005));
#2812=CARTESIAN_POINT('',(-2.437864608,-4.31222778,5.696497948));
#2813=CARTESIAN_POINT('',(-2.401817383,-4.367128497,5.709282118));
#2814=CARTESIAN_POINT('',(-2.310443777,-4.458745288,5.730827537));
#2815=CARTESIAN_POINT('',(-2.254479866,-4.49563484,5.739623546));
#2816=CARTESIAN_POINT('',(-2.178235286,-4.527169927,5.747172136));
#2817=CARTESIAN_POINT('',(-2.162771573,-4.532721002,5.748503194));
#2818=CARTESIAN_POINT('',(-2.131414553,-4.54231137,5.750805071));
#2819=CARTESIAN_POINT('',(-2.115879353,-4.546277667,5.751758336));
#2820=CARTESIAN_POINT('',(-2.066480723,-4.556346968,5.754179919));
#2821=CARTESIAN_POINT('',(-2.033529852,-4.559703333,5.754989072));
#2822=CARTESIAN_POINT('',(-2.00056053,-4.559703333,5.754989072));
#2823=B_SPLINE_SURFACE_WITH_KNOTS('',1,3,((#2731,#2732,#2733,#2734,#2735,#2736,#2737,#2738,#2739,#2740,#2741,#2742,#2743,#2744,#2745,#2746,#2747,#2748,#2749,#2750,#2751,#2752,#2753),(#2754,#2755,#2756,#2757,#2758,#2759,#2760,#2761,#2762,#2763,#2764,#2765,#2766,#2767,#2768,#2769,#2770,#2771,#2772,#2773,#2774,#2775,#2776),(#2777,#2778,#2779,#2780,#2781,#2782,#2783,#2784,#2785,#2786,#2787,#2788,#2789,#2790,#2791,#2792,#2793,#2794,#2795,#2796,#2797,#2798,#2799),(#2800,#2801,#2802,#2803,#2804,#2805,#2806,#2807,#2808,#2809,#2810,#2811,#2812,#2813,#2814,#2815,#2816,#2817,#2818,#2819,#2820,#2821,#2822)),.UNSPECIFIED.,.F.,.F.,.U.,(2,1,1,2),(4,3,2,2,2,2,2,2,2,2,4),(-0.005516617,0.,0.007178479539,0.007178479799),(0.499924111,0.49992418,0.5,0.53125,0.5625,0.625,0.75,0.875,0.90625,0.9375,1.),.UNSPECIFIED.);
#2824=ORIENTED_EDGE('',*,*,#931,.F.);
#2825=CARTESIAN_POINT('',(-2.00056053,-4.559703333,5.754989072));
#2826=VERTEX_POINT('',#2825);
#2827=CARTESIAN_POINT('',(-2.00056053,-4.559703334,5.754989072));
#2828=DIRECTION('',(0.,-0.234185377,-0.972191961));
#2829=VECTOR('',#2828,0.001050533);
#2830=LINE('',#2827,#2829);
#2831=EDGE_CURVE('',#2826,#908,#2830,.T.);
#2832=ORIENTED_EDGE('',*,*,#2831,.F.);
#2833=CARTESIAN_POINT('',(-2.00056053,-4.559703333,5.754989072));
#2834=CARTESIAN_POINT('',(-2.023152724,-4.559703333,5.754989072));
#2835=CARTESIAN_POINT('',(-2.045576242,-4.558014827,5.754560394));
#2836=CARTESIAN_POINT('',(-2.065105698,-4.555424422,5.753904689));
#2837=CARTESIAN_POINT('',(-2.074870427,-4.554129219,5.753576837));
#2838=CARTESIAN_POINT('',(-2.084023429,-4.552621643,5.753195723));
#2839=CARTESIAN_POINT('',(-2.09254651,-4.551009572,5.752788667));
#2840=CARTESIAN_POINT('',(-2.10106959,-4.549397502,5.75238161));
#2841=CARTESIAN_POINT('',(-2.107725134,-4.547982684,5.75202551));
#2842=CARTESIAN_POINT('',(-2.116381906,-4.545920264,5.751505231));
#2843=CARTESIAN_POINT('',(-2.151008993,-4.537670584,5.749424111));
#2844=CARTESIAN_POINT('',(-2.179792687,-4.527453206,5.746856195));
#2845=CARTESIAN_POINT('',(-2.20903314,-4.514248596,5.743556048));
#2846=CARTESIAN_POINT('',(-2.238273593,-4.501043986,5.740255902));
#2847=CARTESIAN_POINT('',(-2.265128209,-4.485957911,5.736500328));
#2848=CARTESIAN_POINT('',(-2.292802149,-4.466464515,5.73168395));
#2849=CARTESIAN_POINT('',(-2.306639118,-4.456717818,5.729275762));
#2850=CARTESIAN_POINT('',(-2.320664803,-4.445865882,5.726601184));
#2851=CARTESIAN_POINT('',(-2.335661227,-4.432559239,5.723338032));
#2852=CARTESIAN_POINT('',(-2.34315944,-4.425905918,5.721706456));
#2853=CARTESIAN_POINT('',(-2.351762797,-4.417733887,5.719705798));
#2854=CARTESIAN_POINT('',(-2.358706303,-4.410676871,5.717985565));
#2855=CARTESIAN_POINT('',(-2.36564981,-4.403619855,5.716265331));
#2856=CARTESIAN_POINT('',(-2.372101588,-4.396619227,5.71456418));
#2857=CARTESIAN_POINT('',(-2.378067729,-4.389782434,5.712907951));
#2858=CARTESIAN_POINT('',(-2.401932293,-4.362435263,5.706283037));
#2859=CARTESIAN_POINT('',(-2.419334175,-4.336699024,5.70012585));
#2860=CARTESIAN_POINT('',(-2.433875025,-4.311340365,5.694118629));
#2861=CARTESIAN_POINT('',(-2.448415875,-4.285981707,5.688111408));
#2862=CARTESIAN_POINT('',(-2.459386548,-4.262083128,5.682510387));
#2863=CARTESIAN_POINT('',(-2.468711693,-4.237266134,5.676747493));
#2864=CARTESIAN_POINT('',(-2.473374265,-4.224857638,5.673866046));
#2865=CARTESIAN_POINT('',(-2.477838507,-4.211445333,5.670765079));
#2866=CARTESIAN_POINT('',(-2.481715531,-4.197796181,5.667627527));
#2867=CARTESIAN_POINT('',(-2.485592555,-4.18414703,5.664489975));
#2868=CARTESIAN_POINT('',(-2.488652235,-4.171475375,5.66159277));
#2869=CARTESIAN_POINT('',(-2.491505098,-4.156847687,5.658266747));
#2870=CARTESIAN_POINT('',(-2.49435796,-4.142219999,5.654940724));
#2871=CARTESIAN_POINT('',(-2.496144853,-4.131299967,5.652469281));
#2872=CARTESIAN_POINT('',(-2.498006931,-4.113365042,5.648438604));
#2873=CARTESIAN_POINT('',(-2.498937969,-4.10439758,5.646423266));
#2874=CARTESIAN_POINT('',(-2.499462119,-4.097458458,5.644870267));
#2875=CARTESIAN_POINT('',(-2.499897468,-4.089225287,5.643032811));
#2876=CARTESIAN_POINT('',(-2.500332817,-4.080992117,5.641195356));
#2877=CARTESIAN_POINT('',(-2.500560459,-4.072616168,5.639332592));
#2878=CARTESIAN_POINT('',(-2.500560459,-4.064156844,5.637458199));
#2879=B_SPLINE_CURVE_WITH_KNOTS('',3,(#2833,#2834,#2835,#2836,#2837,#2838,#2839,#2840,#2841,#2842,#2843,#2844,#2845,#2846,#2847,#2848,#2849,#2850,#2851,#2852,#2853,#2854,#2855,#2856,#2857,#2858,
#2859,#2860,#2861,#2862,#2863,#2864,#2865,#2866,#2867,#2868,#2869,#2870,#2871,#2872,#2873,#2874,#2875,#2876,#2877,#2878),.UNSPECIFIED.,.F.,.F.,(4,3,3,3,3,3,3,3,3,3,3,3,3,3,3,4),(0.000162918,0.000173159,0.00017828,0.0001834,0.000203883,0.000224365,0.000234606,0.000239727,0.000244847,0.00026533,0.000285812,0.000296053,0.000306295,0.000316536,0.000321656,0.000326777),.UNSPECIFIED.);
#2880=EDGE_CURVE('',#2826,#2658,#2879,.T.);
#2881=ORIENTED_EDGE('',*,*,#2880,.T.);
#2882=ORIENTED_EDGE('',*,*,#2664,.T.);
#2883=EDGE_LOOP('',(#2824,#2832,#2881,#2882));
#2884=FACE_BOUND('',#2883,.T.);
#2885=ADVANCED_FACE('',(#2884),#2823,.F.);
#2886=CARTESIAN_POINT('',(1.99943947,-4.560375772,5.752197528));
#2887=DIRECTION('',(-0.,0.972191961,-0.234185377));
#2888=DIRECTION('',(1.,0.,-0.));
#2889=AXIS2_PLACEMENT_3D('',#2886,#2887,#2888);
#2890=PLANE('',#2889);
#2891=ORIENTED_EDGE('',*,*,#913,.F.);
#2892=CARTESIAN_POINT('',(1.99943947,-4.559703333,5.754989072));
#2893=VERTEX_POINT('',#2892);
#2894=CARTESIAN_POINT('',(1.99943947,-4.559703334,5.754989072));
#2895=CARTESIAN_POINT('',(1.506105744,-4.559949353,5.753967752));
#2896=B_SPLINE_CURVE_WITH_KNOTS('',1,(#2894,#2895),.UNSPECIFIED.,.F.,.F.,(2,2),(0.994918546,1.),.UNSPECIFIED.);
#2897=EDGE_CURVE('',#2893,#881,#2896,.T.);
#2898=ORIENTED_EDGE('',*,*,#2897,.F.);
#2899=CARTESIAN_POINT('',(1.99943947,-4.559703334,5.754989072));
#2900=DIRECTION('',(-1.,-0.,-0.));
#2901=VECTOR('',#2900,4.);
#2902=LINE('',#2899,#2901);
#2903=EDGE_CURVE('',#2893,#2826,#2902,.T.);
#2904=ORIENTED_EDGE('',*,*,#2903,.T.);
#2905=ORIENTED_EDGE('',*,*,#2831,.T.);
#2906=EDGE_LOOP('',(#2891,#2898,#2904,#2905));
#2907=FACE_BOUND('',#2906,.T.);
#2908=ADVANCED_FACE('',(#2907),#2890,.F.);
#2909=CARTESIAN_POINT('',(1.506105744,-4.560892694,5.750051586));
#2910=CARTESIAN_POINT('',(1.667928451,-4.560892694,5.750051586));
#2911=CARTESIAN_POINT('',(1.829751159,-4.560892694,5.750051586));
#2912=CARTESIAN_POINT('',(1.991573866,-4.560892694,5.750051586));
#2913=CARTESIAN_POINT('',(1.994195734,-4.560892694,5.750051586));
#2914=CARTESIAN_POINT('',(1.996817602,-4.560892694,5.750051586));
#2915=CARTESIAN_POINT('',(1.99943947,-4.560892694,5.750051586));
#2916=CARTESIAN_POINT('',(2.06489784,-4.560892694,5.750051586));
#2917=CARTESIAN_POINT('',(2.131239011,-4.547288085,5.746765748));
#2918=CARTESIAN_POINT('',(2.222585503,-4.50957195,5.737737451));
#2919=CARTESIAN_POINT('',(2.251009777,-4.494574419,5.734155714));
#2920=CARTESIAN_POINT('',(2.306382343,-4.458029146,5.725472918));
#2921=CARTESIAN_POINT('',(2.33194502,-4.437167748,5.720536216));
#2922=CARTESIAN_POINT('',(2.377366744,-4.391723396,5.709848506));
#2923=CARTESIAN_POINT('',(2.398075285,-4.366223372,5.703882474));
#2924=CARTESIAN_POINT('',(2.43372418,-4.312332191,5.691365861));
#2925=CARTESIAN_POINT('',(2.44892733,-4.283650414,5.684746977));
#2926=CARTESIAN_POINT('',(2.486181276,-4.193583406,5.664128365));
#2927=CARTESIAN_POINT('',(2.499297809,-4.129631536,5.64970722));
#2928=CARTESIAN_POINT('',(2.499439143,-4.065162506,5.635420174));
#2929=CARTESIAN_POINT('',(2.499439523,-4.064816372,5.635343473));
#2930=CARTESIAN_POINT('',(2.499439523,-4.064470233,5.635266778));
#2931=CARTESIAN_POINT('',(2.499439523,-4.064470233,5.635266778));
#2932=CARTESIAN_POINT('',(2.499439523,-4.064470232,5.635266778));
#2933=CARTESIAN_POINT('',(2.499439523,-4.064470232,5.635266778));
#2934=CARTESIAN_POINT('',(1.506105744,-4.560422609,5.75200309));
#2935=CARTESIAN_POINT('',(1.667928451,-4.560422609,5.75200309));
#2936=CARTESIAN_POINT('',(1.829751159,-4.560422609,5.75200309));
#2937=CARTESIAN_POINT('',(1.991573866,-4.560422609,5.75200309));
#2938=CARTESIAN_POINT('',(1.994195734,-4.560422609,5.75200309));
#2939=CARTESIAN_POINT('',(1.996817602,-4.560422609,5.75200309));
#2940=CARTESIAN_POINT('',(1.99943947,-4.560422609,5.75200309));
#2941=CARTESIAN_POINT('',(2.06489784,-4.560422609,5.75200309));
#2942=CARTESIAN_POINT('',(2.131239011,-4.546818975,5.748717488));
#2943=CARTESIAN_POINT('',(2.222585503,-4.509105553,5.739689839));
#2944=CARTESIAN_POINT('',(2.251009777,-4.494109101,5.736108361));
#2945=CARTESIAN_POINT('',(2.306382343,-4.457566457,5.727426189));
#2946=CARTESIAN_POINT('',(2.33194502,-4.436706561,5.722489843));
#2947=CARTESIAN_POINT('',(2.377366744,-4.391265485,5.711802903));
#2948=CARTESIAN_POINT('',(2.398075285,-4.3657673,5.705837302));
#2949=CARTESIAN_POINT('',(2.43372418,-4.311880009,5.693321591));
#2950=CARTESIAN_POINT('',(2.44892733,-4.283200304,5.686703186));
#2951=CARTESIAN_POINT('',(2.486181276,-4.19313981,5.666086065));
#2952=CARTESIAN_POINT('',(2.499297809,-4.129192572,5.651665965));
#2953=CARTESIAN_POINT('',(2.499439143,-4.064728223,5.637379956));
#2954=CARTESIAN_POINT('',(2.499439523,-4.064382114,5.637303261));
#2955=CARTESIAN_POINT('',(2.499439523,-4.064036,5.637226572));
#2956=CARTESIAN_POINT('',(2.499439523,-4.064036,5.637226572));
#2957=CARTESIAN_POINT('',(2.499439523,-4.064035999,5.637226572));
#2958=CARTESIAN_POINT('',(2.499439523,-4.064035999,5.637226572));
#2959=CARTESIAN_POINT('',(1.506105744,-4.560375772,5.752197528));
#2960=CARTESIAN_POINT('',(1.667928451,-4.560375772,5.752197528));
#2961=CARTESIAN_POINT('',(1.829751159,-4.560375772,5.752197528));
#2962=CARTESIAN_POINT('',(1.991573866,-4.560375772,5.752197528));
#2963=CARTESIAN_POINT('',(1.994195734,-4.560375772,5.752197528));
#2964=CARTESIAN_POINT('',(1.996817602,-4.560375772,5.752197528));
#2965=CARTESIAN_POINT('',(1.99943947,-4.560375772,5.752197528));
#2966=CARTESIAN_POINT('',(2.06489784,-4.560375772,5.752197528));
#2967=CARTESIAN_POINT('',(2.131239011,-4.546772236,5.74891195));
#2968=CARTESIAN_POINT('',(2.222585503,-4.509059083,5.739884366));
#2969=CARTESIAN_POINT('',(2.251009777,-4.494062738,5.736302913));
#2970=CARTESIAN_POINT('',(2.306382343,-4.457520357,5.727620803));
#2971=CARTESIAN_POINT('',(2.33194502,-4.436660611,5.722684493));
#2972=CARTESIAN_POINT('',(2.377366744,-4.391219861,5.71199763));
#2973=CARTESIAN_POINT('',(2.398075285,-4.365721859,5.706032072));
#2974=CARTESIAN_POINT('',(2.43372418,-4.311834955,5.693516451));
#2975=CARTESIAN_POINT('',(2.44892733,-4.283155457,5.686898093));
#2976=CARTESIAN_POINT('',(2.486181276,-4.193095612,5.666281121));
#2977=CARTESIAN_POINT('',(2.499297809,-4.129148836,5.651861125));
#2978=CARTESIAN_POINT('',(2.499439143,-4.064684953,5.637575219));
#2979=CARTESIAN_POINT('',(2.499439523,-4.064338847,5.637498524));
#2980=CARTESIAN_POINT('',(2.499439523,-4.063992735,5.637421837));
#2981=CARTESIAN_POINT('',(2.499439523,-4.063992735,5.637421837));
#2982=CARTESIAN_POINT('',(2.499439523,-4.063992735,5.637421836));
#2983=CARTESIAN_POINT('',(2.499439523,-4.063992734,5.637421836));
#2984=CARTESIAN_POINT('',(1.506105744,-4.559703333,5.754989072));
#2985=CARTESIAN_POINT('',(1.667928451,-4.559703333,5.754989072));
#2986=CARTESIAN_POINT('',(1.829751159,-4.559703333,5.754989072));
#2987=CARTESIAN_POINT('',(1.991573866,-4.559703333,5.754989072));
#2988=CARTESIAN_POINT('',(1.994195734,-4.559703333,5.754989072));
#2989=CARTESIAN_POINT('',(1.996817602,-4.559703333,5.754989072));
#2990=CARTESIAN_POINT('',(1.99943947,-4.559703333,5.754989072));
#2991=CARTESIAN_POINT('',(2.06489784,-4.559703333,5.754989072));
#2992=CARTESIAN_POINT('',(2.131239011,-4.546101195,5.751703833));
#2993=CARTESIAN_POINT('',(2.222585503,-4.508391921,5.742677175));
#2994=CARTESIAN_POINT('',(2.251009777,-4.493397119,5.739096092));
#2995=CARTESIAN_POINT('',(2.306382343,-4.4568585,5.730414876));
#2996=CARTESIAN_POINT('',(2.33194502,-4.436000902,5.725479073));
#2997=CARTESIAN_POINT('',(2.377366744,-4.390564838,5.714793313));
#2998=CARTESIAN_POINT('',(2.398075285,-4.365069466,5.708828371));
#2999=CARTESIAN_POINT('',(2.43372418,-4.311188127,5.696314041));
#3000=CARTESIAN_POINT('',(2.44892733,-4.282511592,5.689696368));
#3001=CARTESIAN_POINT('',(2.486181276,-4.192461065,5.66908153));
#3002=CARTESIAN_POINT('',(2.499297809,-4.128520916,5.654663028));
#3003=CARTESIAN_POINT('',(2.499439143,-4.06406373,5.640378605));
#3004=CARTESIAN_POINT('',(2.499439523,-4.063717659,5.640301919));
#3005=CARTESIAN_POINT('',(2.499439523,-4.063371584,5.640225239));
#3006=CARTESIAN_POINT('',(2.499439523,-4.063371583,5.640225239));
#3007=CARTESIAN_POINT('',(2.499439523,-4.063371583,5.640225239));
#3008=CARTESIAN_POINT('',(2.499439523,-4.063371583,5.640225239));
#3009=B_SPLINE_SURFACE_WITH_KNOTS('',1,3,((#2909,#2910,#2911,#2912,#2913,#2914,#2915,#2916,#2917,#2918,#2919,#2920,#2921,#2922,#2923,#2924,#2925,#2926,#2927,#2928,#2929,#2930,#2931,#2932,#2933),(#2934,#2935,#2936,#2937,#2938,#2939,#2940,#2941,#2942,#2943,#2944,#2945,#2946,#2947,#2948,#2949,#2950,#2951,#2952,#2953,#2954,#2955,#2956,#2957,#2958),(#2959,#2960,#2961,#2962,#2963,#2964,#2965,#2966,#2967,#2968,#2969,#2970,#2971,#2972,#2973,#2974,#2975,#2976,#2977,#2978,#2979,#2980,#2981,#2982,#2983),(#2984,#2985,#2986,#2987,#2988,#2989,#2990,#2991,#2992,#2993,#2994,#2995,#2996,#2997,#2998,#2999,#3000,#3001,#3002,#3003,#3004,#3005,#3006,#3007,#3008)),.UNSPECIFIED.,.F.,.F.,.U.,(2,1,1,2),(4,3,3,2,2,2,2,2,2,3,4),(-0.005518308,-0.0005,0.,0.00717848),(-0.314025111,-0.005006747,0.,0.125,0.1875,0.25,0.3125,0.375,0.5,0.500674739,0.500674739638),.UNSPECIFIED.);
#3010=ORIENTED_EDGE('',*,*,#905,.F.);
#3011=ORIENTED_EDGE('',*,*,#2558,.F.);
#3012=CARTESIAN_POINT('',(2.499439523,-4.063992735,5.637421837));
#3013=CARTESIAN_POINT('',(2.499439523,-4.128147011,5.651881569));
#3014=CARTESIAN_POINT('',(2.486420816,-4.192148355,5.666557003));
#3015=CARTESIAN_POINT('',(2.461646376,-4.252245943,5.680558554));
#3016=CARTESIAN_POINT('',(2.436871936,-4.312343531,5.694560105));
#3017=CARTESIAN_POINT('',(2.400463157,-4.367738479,5.707704956));
#3018=CARTESIAN_POINT('',(2.355023481,-4.413243401,5.718652047));
#3019=CARTESIAN_POINT('',(2.264144128,-4.504253245,5.740546231));
#3020=CARTESIAN_POINT('',(2.130532879,-4.559815406,5.754523814));
#3021=CARTESIAN_POINT('',(1.99943947,-4.559703333,5.754989072));
#3022=B_SPLINE_CURVE_WITH_KNOTS('',3,(#3012,#3013,#3014,#3015,#3016,#3017,#3018,#3019,#3020,#3021),.UNSPECIFIED.,.F.,.F.,(4,3,3,4),(0.,0.25,0.5,1.),.UNSPECIFIED.);
#3023=EDGE_CURVE('',#2494,#2893,#3022,.T.);
#3024=ORIENTED_EDGE('',*,*,#3023,.T.);
#3025=ORIENTED_EDGE('',*,*,#2897,.T.);
#3026=EDGE_LOOP('',(#3010,#3011,#3024,#3025));
#3027=FACE_BOUND('',#3026,.T.);
#3028=ADVANCED_FACE('',(#3027),#3009,.F.);
#3029=CARTESIAN_POINT('',(-2.100591756,-4.082813217,6.051230422));
#3030=CARTESIAN_POINT('',(2.099489955,-4.082813217,6.051230422));
#3031=CARTESIAN_POINT('',(-2.100591756,-4.013209143,6.035524744));
#3032=CARTESIAN_POINT('',(2.099489955,-4.013209143,6.035524744));
#3033=CARTESIAN_POINT('',(-2.100591756,-3.943596666,6.0201053));
#3034=CARTESIAN_POINT('',(2.099489955,-3.943596666,6.0201053));
#3035=CARTESIAN_POINT('',(-2.100591756,-3.87397577,6.004972076));
#3036=CARTESIAN_POINT('',(2.099489955,-3.87397577,6.004972076));
#3037=B_SPLINE_SURFACE_WITH_KNOTS('',3,1,((#3029,#3030),(#3031,#3032),(#3033,#3034),(#3035,#3036)),.UNSPECIFIED.,.F.,.F.,.U.,(4,4),(2,2),(0.156881067,0.171598031),(0.486110244,0.60277918),.UNSPECIFIED.);
#3038=CARTESIAN_POINT('',(1.99943947,-3.873948808,6.005096119));
#3039=VERTEX_POINT('',#3038);
#3040=CARTESIAN_POINT('',(-2.00056053,-3.873948808,6.005096119));
#3041=VERTEX_POINT('',#3040);
#3042=CARTESIAN_POINT('',(1.99943947,-3.873921845,6.005220161));
#3043=DIRECTION('',(-1.,-0.,0.));
#3044=VECTOR('',#3043,4.);
#3045=LINE('',#3042,#3044);
#3046=EDGE_CURVE('',#3039,#3041,#3045,.T.);
#3047=ORIENTED_EDGE('',*,*,#3046,.T.);
#3048=CARTESIAN_POINT('',(-2.00056053,-4.082783002,6.051364325));
#3049=VERTEX_POINT('',#3048);
#3050=CARTESIAN_POINT('',(-2.00056053,-3.87397577,6.004972076));
#3051=CARTESIAN_POINT('',(-2.014416638,-3.87397577,6.004972076));
#3052=CARTESIAN_POINT('',(-2.027803957,-3.877474344,6.005732218));
#3053=CARTESIAN_POINT('',(-2.040285681,-3.882849303,6.006902441));
#3054=CARTESIAN_POINT('',(-2.052767405,-3.888224261,6.008072665));
#3055=CARTESIAN_POINT('',(-2.064402181,-3.895900149,6.009745282));
#3056=CARTESIAN_POINT('',(-2.073186617,-3.90577801,6.011904841));
#3057=CARTESIAN_POINT('',(-2.090755489,-3.925533733,6.016223959));
#3058=CARTESIAN_POINT('',(-2.100688789,-3.952190197,6.022081106));
#3059=CARTESIAN_POINT('',(-2.100559448,-3.978126799,6.027825888));
#3060=CARTESIAN_POINT('',(-2.100430108,-4.004063401,6.033570669));
#3061=CARTESIAN_POINT('',(-2.090532909,-4.030586986,6.039492126));
#3062=CARTESIAN_POINT('',(-2.072858967,-4.05052184,6.043964767));
#3063=CARTESIAN_POINT('',(-2.064021996,-4.060489268,6.046201087));
#3064=CARTESIAN_POINT('',(-2.052598793,-4.068154261,6.047926376));
#3065=CARTESIAN_POINT('',(-2.040133291,-4.073717442,6.049179663));
#3066=CARTESIAN_POINT('',(-2.027667789,-4.079280623,6.05043295));
#3067=CARTESIAN_POINT('',(-2.014346732,-4.082813218,6.051230422));
#3068=CARTESIAN_POINT('',(-2.00056053,-4.082813217,6.051230422));
#3069=B_SPLINE_CURVE_WITH_KNOTS('',3,(#3050,#3051,#3052,#3053,#3054,#3055,#3056,#3057,#3058,#3059,#3060,#3061,#3062,#3063,#3064,#3065,#3066,#3067,#3068),.UNSPECIFIED.,.F.,.F.,(4,3,3,3,3,3,4),(0.,0.000040847,0.000081694,0.000163388,0.000245083,0.00028593,0.000326777),.UNSPECIFIED.);
#3070=EDGE_CURVE('',#3041,#3049,#3069,.T.);
#3071=ORIENTED_EDGE('',*,*,#3070,.T.);
#3072=CARTESIAN_POINT('',(1.99943947,-4.082783002,6.051364325));
#3073=VERTEX_POINT('',#3072);
#3074=CARTESIAN_POINT('',(-2.00056053,-4.082752788,6.051498227));
#3075=DIRECTION('',(1.,0.,-0.));
#3076=VECTOR('',#3075,4.);
#3077=LINE('',#3074,#3076);
#3078=EDGE_CURVE('',#3049,#3073,#3077,.T.);
#3079=ORIENTED_EDGE('',*,*,#3078,.T.);
#3080=CARTESIAN_POINT('',(1.99943947,-4.082813216,6.051230422));
#3081=CARTESIAN_POINT('',(2.013287946,-4.082813216,6.051230422));
#3082=CARTESIAN_POINT('',(2.026676646,-4.079179784,6.05041023));
#3083=CARTESIAN_POINT('',(2.039084492,-4.073703462,6.049176514));
#3084=CARTESIAN_POINT('',(2.051492338,-4.068227141,6.047942798));
#3085=CARTESIAN_POINT('',(2.06298435,-4.06044372,6.046190866));
#3086=CARTESIAN_POINT('',(2.07171154,-4.050517334,6.043963756));
#3087=CARTESIAN_POINT('',(2.08916592,-4.030664562,6.039509535));
#3088=CARTESIAN_POINT('',(2.099225066,-4.004194888,6.033599933));
#3089=CARTESIAN_POINT('',(2.099436977,-3.978263913,6.027856258));
#3090=CARTESIAN_POINT('',(2.099648888,-3.952332938,6.022112582));
#3091=CARTESIAN_POINT('',(2.089918424,-3.92564191,6.016247575));
#3092=CARTESIAN_POINT('',(2.072061981,-3.905734255,6.011895275));
#3093=CARTESIAN_POINT('',(2.06313376,-3.895780427,6.009719125));
#3094=CARTESIAN_POINT('',(2.051564684,-3.888255577,6.008079478));
#3095=CARTESIAN_POINT('',(2.039088132,-3.882826988,6.006897583));
#3096=CARTESIAN_POINT('',(2.02661158,-3.8773984,6.005715688));
#3097=CARTESIAN_POINT('',(2.013203235,-3.873975775,6.004972077));
#3098=CARTESIAN_POINT('',(1.99943947,-3.873975772,6.004972076));
#3099=B_SPLINE_CURVE_WITH_KNOTS('',3,(#3080,#3081,#3082,#3083,#3084,#3085,#3086,#3087,#3088,#3089,#3090,#3091,#3092,#3093,#3094,#3095,#3096,#3097,#3098),.UNSPECIFIED.,.F.,.F.,(4,3,3,3,3,3,4),(0.,0.000040862,0.000081724,0.000163448,0.000245172,0.000286034,0.000326896),.UNSPECIFIED.);
#3100=EDGE_CURVE('',#3073,#3039,#3099,.T.);
#3101=ORIENTED_EDGE('',*,*,#3100,.T.);
#3102=EDGE_LOOP('',(#3047,#3071,#3079,#3101));
#3103=FACE_BOUND('',#3102,.T.);
#3104=ADVANCED_FACE('',(#3103),#3037,.F.);
#3105=CARTESIAN_POINT('',(1.99943947,-4.559703333,5.754989072));
#3106=CARTESIAN_POINT('',(1.99943947,-4.547553645,5.805427015));
#3107=CARTESIAN_POINT('',(1.99943947,-4.525473802,5.853452704));
#3108=CARTESIAN_POINT('',(1.99943947,-4.46472252,5.937569801));
#3109=CARTESIAN_POINT('',(1.99943947,-4.426074127,5.973629305));
#3110=CARTESIAN_POINT('',(1.99943947,-4.337953376,6.028411945));
#3111=CARTESIAN_POINT('',(1.99943947,-4.288514443,6.0471143));
#3112=CARTESIAN_POINT('',(1.99943947,-4.186198445,6.064372368));
#3113=CARTESIAN_POINT('',(1.99943947,-4.13336019,6.062921536));
#3114=CARTESIAN_POINT('',(1.99943947,-4.082752788,6.051498227));
#3115=CARTESIAN_POINT('',(1.999493566,-4.559703333,5.754989072));
#3116=CARTESIAN_POINT('',(1.999493566,-4.547553645,5.805427015));
#3117=CARTESIAN_POINT('',(1.999493566,-4.525473802,5.853452704));
#3118=CARTESIAN_POINT('',(1.999493566,-4.46472252,5.937569801));
#3119=CARTESIAN_POINT('',(1.999493566,-4.426074127,5.973629305));
#3120=CARTESIAN_POINT('',(1.999493566,-4.337953376,6.028411945));
#3121=CARTESIAN_POINT('',(1.999493566,-4.288514443,6.0471143));
#3122=CARTESIAN_POINT('',(1.999493566,-4.186198445,6.064372368));
#3123=CARTESIAN_POINT('',(1.999493566,-4.13336019,6.062921536));
#3124=CARTESIAN_POINT('',(1.999493566,-4.082752788,6.051498227));
#3125=CARTESIAN_POINT('',(2.000275795,-4.559702776,5.754988932));
#3126=CARTESIAN_POINT('',(2.000274438,-4.547553091,5.805426876));
#3127=CARTESIAN_POINT('',(2.000254479,-4.525473263,5.853452567));
#3128=CARTESIAN_POINT('',(2.000180312,-4.464722036,5.937569677));
#3129=CARTESIAN_POINT('',(2.000126132,-4.426073681,5.973629191));
#3130=CARTESIAN_POINT('',(1.999991602,-4.337953024,6.028411853));
#3131=CARTESIAN_POINT('',(1.999911301,-4.288514146,6.047114222));
#3132=CARTESIAN_POINT('',(1.999736519,-4.186198267,6.064372323));
#3133=CARTESIAN_POINT('',(1.999642103,-4.133360076,6.062921507));
#3134=CARTESIAN_POINT('',(1.999547652,-4.082752737,6.051498216));
#3135=CARTESIAN_POINT('',(2.001104976,-4.559700589,5.754988377));
#3136=CARTESIAN_POINT('',(2.001102274,-4.547550914,5.805426327));
#3137=CARTESIAN_POINT('',(2.00106255,-4.525471142,5.853452038));
#3138=CARTESIAN_POINT('',(2.000914939,-4.464720114,5.937569206));
#3139=CARTESIAN_POINT('',(2.000807108,-4.426071902,5.973628759));
#3140=CARTESIAN_POINT('',(2.000539358,-4.337951595,6.028411514));
#3141=CARTESIAN_POINT('',(2.000379541,-4.288512925,6.047113936));
#3142=CARTESIAN_POINT('',(2.000031681,-4.186197498,6.064372146));
#3143=CARTESIAN_POINT('',(1.999843771,-4.133359549,6.062921387));
#3144=CARTESIAN_POINT('',(1.999655789,-4.082752454,6.051498152));
#3145=CARTESIAN_POINT('',(2.001519273,-4.559698948,5.754987966));
#3146=CARTESIAN_POINT('',(2.0015159,-4.547549282,5.805425916));
#3147=CARTESIAN_POINT('',(2.001466303,-4.525469555,5.853451636));
#3148=CARTESIAN_POINT('',(2.001282001,-4.464718686,5.937568841));
#3149=CARTESIAN_POINT('',(2.001147367,-4.426070586,5.973628421));
#3150=CARTESIAN_POINT('',(2.000813061,-4.337950555,6.028411245));
#3151=CARTESIAN_POINT('',(2.000613517,-4.288512048,6.047113709));
#3152=CARTESIAN_POINT('',(2.000179187,-4.186196973,6.06437201));
#3153=CARTESIAN_POINT('',(1.999944566,-4.133359212,6.062921303));
#3154=CARTESIAN_POINT('',(1.999709856,-4.082752303,6.051498118));
#3155=CARTESIAN_POINT('',(2.002750437,-4.559692488,5.754986325));
#3156=CARTESIAN_POINT('',(2.002745072,-4.547542851,5.805424296));
#3157=CARTESIAN_POINT('',(2.002666171,-4.525463292,5.853450072));
#3158=CARTESIAN_POINT('',(2.002372979,-4.46471301,5.937567451));
#3159=CARTESIAN_POINT('',(2.002158799,-4.42606533,5.973627147));
#3160=CARTESIAN_POINT('',(2.001626979,-4.337946332,6.028410242));
#3161=CARTESIAN_POINT('',(2.001309541,-4.288508438,6.04711286));
#3162=CARTESIAN_POINT('',(2.000618601,-4.186194692,6.064371487));
#3163=CARTESIAN_POINT('',(2.000245362,-4.13335765,6.062920949));
#3164=CARTESIAN_POINT('',(1.999871981,-4.082751459,6.051497928));
#3165=CARTESIAN_POINT('',(2.003569651,-4.559686038,5.754984708));
#3166=CARTESIAN_POINT('',(2.003562964,-4.547536433,5.805422679));
#3167=CARTESIAN_POINT('',(2.003464574,-4.525457052,5.853448493));
#3168=CARTESIAN_POINT('',(2.003098953,-4.464707391,5.937566015));
#3169=CARTESIAN_POINT('',(2.00283186,-4.426060154,5.97362582));
#3170=CARTESIAN_POINT('',(2.002168651,-4.337942237,6.028409186));
#3171=CARTESIAN_POINT('',(2.001772787,-4.288504982,6.047111969));
#3172=CARTESIAN_POINT('',(2.000911142,-4.186192614,6.064370956));
#3173=CARTESIAN_POINT('',(2.000445688,-4.133356309,6.062920613));
#3174=CARTESIAN_POINT('',(1.999980056,-4.082750851,6.05149779));
#3175=CARTESIAN_POINT('',(2.00598413,-4.559660958,5.754978336));
#3176=CARTESIAN_POINT('',(2.005973546,-4.547511468,5.805416391));
#3177=CARTESIAN_POINT('',(2.005817852,-4.525432736,5.853442424));
#3178=CARTESIAN_POINT('',(2.005239292,-4.464685351,5.937560618));
#3179=CARTESIAN_POINT('',(2.004816647,-4.426039739,5.973620871));
#3180=CARTESIAN_POINT('',(2.003767192,-4.33792582,6.028405287));
#3181=CARTESIAN_POINT('',(2.003140781,-4.288490936,6.04710867));
#3182=CARTESIAN_POINT('',(2.001777326,-4.186183719,6.064368912));
#3183=CARTESIAN_POINT('',(2.0010408,-4.13335019,6.062919225));
#3184=CARTESIAN_POINT('',(2.000303992,-4.082747514,6.051497037));
#3185=CARTESIAN_POINT('',(2.007554311,-4.559636583,5.754972116));
#3186=CARTESIAN_POINT('',(2.007541195,-4.547487202,5.805410278));
#3187=CARTESIAN_POINT('',(2.007348369,-4.525409086,5.853436552));
#3188=CARTESIAN_POINT('',(2.006631838,-4.464663861,5.937555434));
#3189=CARTESIAN_POINT('',(2.006108405,-4.426019794,5.973616134));
#3190=CARTESIAN_POINT('',(2.004808696,-4.337909683,6.028401568));
#3191=CARTESIAN_POINT('',(2.004032913,-4.288477061,6.047105519));
#3192=CARTESIAN_POINT('',(2.002344337,-4.186174769,6.064366931));
#3193=CARTESIAN_POINT('',(2.001432184,-4.133343905,6.062917842));
#3194=CARTESIAN_POINT('',(2.000519685,-4.082743905,6.051496223));
#3195=CARTESIAN_POINT('',(2.012211197,-4.559542091,5.754948121));
#3196=CARTESIAN_POINT('',(2.012190613,-4.547393145,5.805386591));
#3197=CARTESIAN_POINT('',(2.011887867,-4.525317461,5.853413692));
#3198=CARTESIAN_POINT('',(2.01076287,-4.464580763,5.937535085));
#3199=CARTESIAN_POINT('',(2.009941046,-4.425942788,5.973597469));
#3200=CARTESIAN_POINT('',(2.007900412,-4.33784766,6.028386837));
#3201=CARTESIAN_POINT('',(2.006682375,-4.288423922,6.047093039));
#3202=CARTESIAN_POINT('',(2.004031185,-4.186140927,6.064359158));
#3203=CARTESIAN_POINT('',(2.002599038,-4.133320468,6.062912526));
#3204=CARTESIAN_POINT('',(2.001166346,-4.082730891,6.051493285));
#3205=CARTESIAN_POINT('',(2.015208993,-4.559451259,5.754925059));
#3206=CARTESIAN_POINT('',(2.015183634,-4.547302728,5.805363825));
#3207=CARTESIAN_POINT('',(2.014810519,-4.525229373,5.853391716));
#3208=CARTESIAN_POINT('',(2.013424015,-4.464500842,5.937515515));
#3209=CARTESIAN_POINT('',(2.012411152,-4.425868701,5.973579513));
#3210=CARTESIAN_POINT('',(2.009896151,-4.337787919,6.02837265));
#3211=CARTESIAN_POINT('',(2.008394967,-4.288372689,6.047081006));
#3212=CARTESIAN_POINT('',(2.005127474,-4.186108173,6.064351634));
#3213=CARTESIAN_POINT('',(2.003362404,-4.133297677,6.062907355));
#3214=CARTESIAN_POINT('',(2.001596664,-4.082718079,6.051490393));
#3215=CARTESIAN_POINT('',(2.0239502,-4.55911001,5.75483845));
#3216=CARTESIAN_POINT('',(2.023911009,-4.546963034,5.80527832));
#3217=CARTESIAN_POINT('',(2.023333661,-4.524898381,5.853309167));
#3218=CARTESIAN_POINT('',(2.021188124,-4.464200348,5.937441953));
#3219=CARTESIAN_POINT('',(2.019620749,-4.425589992,5.973511976));
#3220=CARTESIAN_POINT('',(2.015728831,-4.337562783,6.028319193));
#3221=CARTESIAN_POINT('',(2.013405765,-4.288179322,6.047035596));
#3222=CARTESIAN_POINT('',(2.008349341,-4.185983803,6.064323069));
#3223=CARTESIAN_POINT('',(2.005617901,-4.133210512,6.062887581));
#3224=CARTESIAN_POINT('',(2.002885425,-4.082668176,6.051479129));
#3225=CARTESIAN_POINT('',(2.029445051,-4.558791624,5.754757681));
#3226=CARTESIAN_POINT('',(2.029397294,-4.546646092,5.805198572));
#3227=CARTESIAN_POINT('',(2.028692857,-4.524589503,5.853232158));
#3228=CARTESIAN_POINT('',(2.026074917,-4.463919722,5.937373269));
#3229=CARTESIAN_POINT('',(2.024162406,-4.425329547,5.973448876));
#3230=CARTESIAN_POINT('',(2.019413452,-4.337351963,6.028269141));
#3231=CARTESIAN_POINT('',(2.016578811,-4.287997929,6.046993002));
#3232=CARTESIAN_POINT('',(2.01040887,-4.185866319,6.064296086));
#3233=CARTESIAN_POINT('',(2.007075911,-4.133127487,6.062868743));
#3234=CARTESIAN_POINT('',(2.003741687,-4.082619663,6.051468179));
#3235=CARTESIAN_POINT('',(2.045263965,-4.557633514,5.754464082));
#3236=CARTESIAN_POINT('',(2.0451919,-4.545493186,5.804908652));
#3237=CARTESIAN_POINT('',(2.044124354,-4.523465647,5.852952104));
#3238=CARTESIAN_POINT('',(2.040156364,-4.46289765,5.93712322));
#3239=CARTESIAN_POINT('',(2.037257426,-4.424380174,5.973218947));
#3240=CARTESIAN_POINT('',(2.030058889,-4.336581354,6.028086233));
#3241=CARTESIAN_POINT('',(2.02576202,-4.287333322,6.046836972));
#3242=CARTESIAN_POINT('',(2.016409291,-4.185431921,6.06419632));
#3243=CARTESIAN_POINT('',(2.011356979,-4.132817215,6.06279834));
#3244=CARTESIAN_POINT('',(2.006302749,-4.082433701,6.051426203));
#3245=CARTESIAN_POINT('',(2.054936907,-4.556594153,5.754200812));
#3246=CARTESIAN_POINT('',(2.054850465,-4.544458446,5.80464864));
#3247=CARTESIAN_POINT('',(2.053564659,-4.522456664,5.852700838));
#3248=CARTESIAN_POINT('',(2.048784713,-4.461978908,5.93689856));
#3249=CARTESIAN_POINT('',(2.045292387,-4.423525882,5.973012133));
#3250=CARTESIAN_POINT('',(2.036620153,-4.335885533,6.027921125));
#3251=CARTESIAN_POINT('',(2.031443536,-4.286731469,6.046695706));
#3252=CARTESIAN_POINT('',(2.020175827,-4.185034131,6.064104965));
#3253=CARTESIAN_POINT('',(2.01408901,-4.132529451,6.062733035));
#3254=CARTESIAN_POINT('',(2.007999883,-4.082256119,6.051386121));
#3255=CARTESIAN_POINT('',(2.082584374,-4.552910074,5.753268765));
#3256=CARTESIAN_POINT('',(2.082458134,-4.540790473,5.803727944));
#3257=CARTESIAN_POINT('',(2.080555033,-4.518878769,5.851810699));
#3258=CARTESIAN_POINT('',(2.073476979,-4.458716665,5.936101455));
#3259=CARTESIAN_POINT('',(2.068304714,-4.420489109,5.972277452));
#3260=CARTESIAN_POINT('',(2.055459779,-4.333403168,6.027332379));
#3261=CARTESIAN_POINT('',(2.047791987,-4.28457785,6.046190405));
#3262=CARTESIAN_POINT('',(2.031101442,-4.183594419,6.063774377));
#3263=CARTESIAN_POINT('',(2.022085027,-4.131474648,6.062493646));
#3264=CARTESIAN_POINT('',(2.013065187,-4.081586756,6.051235049));
#3265=CARTESIAN_POINT('',(2.099207374,-4.54970894,5.75246016));
#3266=CARTESIAN_POINT('',(2.099058991,-4.537603038,5.802928975));
#3267=CARTESIAN_POINT('',(2.096793791,-4.515768214,5.851037781));
#3268=CARTESIAN_POINT('',(2.088365339,-4.455875609,5.935407937));
#3269=CARTESIAN_POINT('',(2.082205289,-4.41784058,5.971637235));
#3270=CARTESIAN_POINT('',(2.066906127,-4.331228061,6.026816817));
#3271=CARTESIAN_POINT('',(2.057772827,-4.282683474,6.045746138));
#3272=CARTESIAN_POINT('',(2.037891852,-4.182309658,6.06347942));
#3273=CARTESIAN_POINT('',(2.02715173,-4.130518559,6.062276644));
#3274=CARTESIAN_POINT('',(2.016407526,-4.080959767,6.051093551));
#3275=CARTESIAN_POINT('',(2.147356333,-4.53822459,5.749565684));
#3276=CARTESIAN_POINT('',(2.14714875,-4.526166258,5.800068118));
#3277=CARTESIAN_POINT('',(2.143845054,-4.504603504,5.848268789));
#3278=CARTESIAN_POINT('',(2.131535231,-4.445666369,5.932919694));
#3279=CARTESIAN_POINT('',(2.122533788,-4.408314415,5.969337717));
#3280=CARTESIAN_POINT('',(2.100172366,-4.323382098,6.02495906));
#3281=CARTESIAN_POINT('',(2.086820893,-4.275834056,6.044141215));
#3282=CARTESIAN_POINT('',(2.057755877,-4.177624404,6.062404288));
#3283=CARTESIAN_POINT('',(2.042053391,-4.127000165,6.061478257));
#3284=CARTESIAN_POINT('',(2.026344928,-4.078609681,6.050563318));
#3285=CARTESIAN_POINT('',(2.178049296,-4.527570927,5.74688712));
#3286=CARTESIAN_POINT('',(2.177811251,-4.515555044,5.797419771));
#3287=CARTESIAN_POINT('',(2.173856182,-4.494242224,5.845704366));
#3288=CARTESIAN_POINT('',(2.159098797,-4.436185226,5.930612791));
#3289=CARTESIAN_POINT('',(2.148302104,-4.399463174,5.967204263));
#3290=CARTESIAN_POINT('',(2.12147458,-4.316081023,6.023232154));
#3291=CARTESIAN_POINT('',(2.105453969,-4.2694527,6.042647222));
#3292=CARTESIAN_POINT('',(2.070575967,-4.173240592,6.061398748));
#3293=CARTESIAN_POINT('',(2.051731863,-4.123693474,6.06072806));
#3294=CARTESIAN_POINT('',(2.032880569,-4.076381371,6.050060698));
#3295=CARTESIAN_POINT('',(2.219894144,-4.508936062,5.742230919));
#3296=CARTESIAN_POINT('',(2.219626804,-4.496987706,5.792812751));
#3297=CARTESIAN_POINT('',(2.214803065,-4.476101753,5.84123899));
#3298=CARTESIAN_POINT('',(2.196759414,-4.419557586,5.926585821));
#3299=CARTESIAN_POINT('',(2.183546395,-4.383920976,5.963473806));
#3300=CARTESIAN_POINT('',(2.150700918,-4.303213094,6.020198641));
#3301=CARTESIAN_POINT('',(2.131081008,-4.258172656,6.04001382));
#3302=CARTESIAN_POINT('',(2.088361613,-4.165410271,6.059605859));
#3303=CARTESIAN_POINT('',(2.065278448,-4.117723764,6.059375232));
#3304=CARTESIAN_POINT('',(2.042186454,-4.072274244,6.049135097));
#3305=CARTESIAN_POINT('',(2.236042609,-4.500875618,5.740217312));
#3306=CARTESIAN_POINT('',(2.235765987,-4.488956051,5.790820727));
#3307=CARTESIAN_POINT('',(2.230593869,-4.468261402,5.839310135));
#3308=CARTESIAN_POINT('',(2.211227434,-4.412398137,5.924853182));
#3309=CARTESIAN_POINT('',(2.197040524,-4.377250887,5.961874103));
#3310=CARTESIAN_POINT('',(2.161768076,-4.297749696,6.018911728));
#3311=CARTESIAN_POINT('',(2.140696029,-4.253426164,6.03890662));
#3312=CARTESIAN_POINT('',(2.094812461,-4.162221806,6.058876408));
#3313=CARTESIAN_POINT('',(2.070018488,-4.115375865,6.058843669));
#3314=CARTESIAN_POINT('',(2.04521503,-4.070767931,6.048795735));
#3315=CARTESIAN_POINT('',(2.265594636,-4.484021923,5.736025239));
#3316=CARTESIAN_POINT('',(2.265307619,-4.472158508,5.786671242));
#3317=CARTESIAN_POINT('',(2.259511876,-4.451856349,5.835288984));
#3318=CARTESIAN_POINT('',(2.237765353,-4.397395655,5.92123331));
#3319=CARTESIAN_POINT('',(2.221822909,-4.363257995,5.958526952));
#3320=CARTESIAN_POINT('',(2.182171927,-4.286247995,6.016207665));
#3321=CARTESIAN_POINT('',(2.158478585,-4.243405176,6.036572628));
#3322=CARTESIAN_POINT('',(2.106881822,-4.155419247,6.057321339));
#3323=CARTESIAN_POINT('',(2.078998176,-4.110309864,6.057697135));
#3324=CARTESIAN_POINT('',(2.051103838,-4.067440383,6.04804642));
#3325=CARTESIAN_POINT('',(2.277755147,-4.476330534,5.734120809));
#3326=CARTESIAN_POINT('',(2.277466218,-4.464491137,5.784784925));
#3327=CARTESIAN_POINT('',(2.271427481,-4.444359504,5.83345813));
#3328=CARTESIAN_POINT('',(2.248749377,-4.390508879,5.919576521));
#3329=CARTESIAN_POINT('',(2.232118711,-4.356810546,5.956988664));
#3330=CARTESIAN_POINT('',(2.190749955,-4.280884727,6.014949146));
#3331=CARTESIAN_POINT('',(2.166027737,-4.23868637,6.035475246));
#3332=CARTESIAN_POINT('',(2.112188011,-4.152101113,6.056563369));
#3333=CARTESIAN_POINT('',(2.08309116,-4.107747434,6.057117302));
#3334=CARTESIAN_POINT('',(2.053983141,-4.06563432,6.047639884));
#3335=CARTESIAN_POINT('',(2.306587156,-4.455954982,5.729085331));
#3336=CARTESIAN_POINT('',(2.306299674,-4.444176046,5.779797193));
#3337=CARTESIAN_POINT('',(2.29965632,-4.424516896,5.828622259));
#3338=CARTESIAN_POINT('',(2.274648084,-4.372368546,5.91522103));
#3339=CARTESIAN_POINT('',(2.256292822,-4.339899404,5.952961429));
#3340=CARTESIAN_POINT('',(2.210615926,-4.267011028,6.011698754));
#3341=CARTESIAN_POINT('',(2.183311862,-4.226619831,6.03267309));
#3342=CARTESIAN_POINT('',(2.123842271,-4.143964136,6.054706732));
#3343=CARTESIAN_POINT('',(2.091699618,-4.101731429,6.055757565));
#3344=CARTESIAN_POINT('',(2.059544597,-4.061741476,6.046764103));
#3345=CARTESIAN_POINT('',(2.320319489,-4.445184174,5.726432467));
#3346=CARTESIAN_POINT('',(2.320035793,-4.433435248,5.777168506));
#3347=CARTESIAN_POINT('',(2.313106668,-4.414024195,5.826072637));
#3348=CARTESIAN_POINT('',(2.286991023,-4.362773058,5.91292295));
#3349=CARTESIAN_POINT('',(2.26781456,-4.330952714,5.950835684));
#3350=CARTESIAN_POINT('',(2.220084462,-4.259668618,6.009981575));
#3351=CARTESIAN_POINT('',(2.191549209,-4.220232322,6.031191954));
#3352=CARTESIAN_POINT('',(2.129394238,-4.139653353,6.05372404));
#3353=CARTESIAN_POINT('',(2.095798457,-4.098541713,6.05503707));
#3354=CARTESIAN_POINT('',(2.062189733,-4.05967393,6.046299185));
#3355=CARTESIAN_POINT('',(2.34892534,-4.419777081,5.72020364));
#3356=CARTESIAN_POINT('',(2.34865757,-4.408092298,5.770993727));
#3357=CARTESIAN_POINT('',(2.341125819,-4.389274101,5.820083899));
#3358=CARTESIAN_POINT('',(2.312659308,-4.340181702,5.907532045));
#3359=CARTESIAN_POINT('',(2.291735542,-4.309926461,5.945856242));
#3360=CARTESIAN_POINT('',(2.239632186,-4.242517075,6.005980587));
#3361=CARTESIAN_POINT('',(2.208472719,-4.205388965,6.027757515));
#3362=CARTESIAN_POINT('',(2.14059222,-4.129831701,6.051488185));
#3363=CARTESIAN_POINT('',(2.103897405,-4.09143173,6.053432762));
#3364=CARTESIAN_POINT('',(2.067188412,-4.055278311,6.045311373));
#3365=CARTESIAN_POINT('',(2.365464451,-4.402936986,5.716092121));
#3366=CARTESIAN_POINT('',(2.365211957,-4.391290228,5.766916389));
#3367=CARTESIAN_POINT('',(2.357321795,-4.372876385,5.816131394));
#3368=CARTESIAN_POINT('',(2.327445721,-4.325267502,5.903985039));
#3369=CARTESIAN_POINT('',(2.30547137,-4.296090887,5.942589681));
#3370=CARTESIAN_POINT('',(2.250735231,-4.23135541,6.003383072));
#3371=CARTESIAN_POINT('',(2.217994624,-4.195821602,6.025548295));
#3372=CARTESIAN_POINT('',(2.146663088,-4.123734413,6.050102031));
#3373=CARTESIAN_POINT('',(2.108099764,-4.08720893,6.052481041));
#3374=CARTESIAN_POINT('',(2.06952151,-4.052931982,6.044784375));
#3375=CARTESIAN_POINT('',(2.388663767,-4.376288176,5.709637672));
#3376=CARTESIAN_POINT('',(2.388437517,-4.364694153,5.760509462));
#3377=CARTESIAN_POINT('',(2.380076632,-4.346882566,5.809907396));
#3378=CARTESIAN_POINT('',(2.348337175,-4.301490641,5.898360816));
#3379=CARTESIAN_POINT('',(2.324970916,-4.273927914,5.937381982));
#3380=CARTESIAN_POINT('',(2.26674314,-4.213195084,5.999171881));
#3381=CARTESIAN_POINT('',(2.231904215,-4.180048544,6.02191664));
#3382=CARTESIAN_POINT('',(2.155991482,-4.113157282,6.04770097));
#3383=CARTESIAN_POINT('',(2.114947129,-4.079438514,6.05073054));
#3384=CARTESIAN_POINT('',(2.073886845,-4.047970484,6.043670769));
#3385=CARTESIAN_POINT('',(2.398134185,-4.364083162,5.706700283));
#3386=CARTESIAN_POINT('',(2.397920771,-4.352510631,5.757591523));
#3387=CARTESIAN_POINT('',(2.389376371,-4.334964597,5.807068756));
#3388=CARTESIAN_POINT('',(2.35690534,-4.290553534,5.895784675));
#3389=CARTESIAN_POINT('',(2.332991319,-4.263705756,5.934988902));
#3390=CARTESIAN_POINT('',(2.273387991,-4.20474694,5.997218028));
#3391=CARTESIAN_POINT('',(2.237721833,-4.172658804,6.020218754));
#3392=CARTESIAN_POINT('',(2.160002427,-4.108071223,6.046547584));
#3393=CARTESIAN_POINT('',(2.117979365,-4.075596865,6.04986546));
#3394=CARTESIAN_POINT('',(2.075939945,-4.045373947,6.043088341));
#3395=CARTESIAN_POINT('',(2.416497174,-4.338150456,5.700488415));
#3396=CARTESIAN_POINT('',(2.416311801,-4.326619131,5.75141847));
#3397=CARTESIAN_POINT('',(2.407411002,-4.309637005,5.801061897));
#3398=CARTESIAN_POINT('',(2.373513103,-4.267317435,5.89033209));
#3399=CARTESIAN_POINT('',(2.348529198,-4.241996463,5.929924109));
#3400=CARTESIAN_POINT('',(2.286237456,-4.186828771,5.993085675));
#3401=CARTESIAN_POINT('',(2.248953866,-4.157003525,6.016630638));
#3402=CARTESIAN_POINT('',(2.167701388,-4.097342246,6.044118674));
#3403=CARTESIAN_POINT('',(2.123764129,-4.067529438,6.048051048));
#3404=CARTESIAN_POINT('',(2.079809731,-4.039969543,6.041876983));
#3405=CARTESIAN_POINT('',(2.424734487,-4.325161579,5.697394447));
#3406=CARTESIAN_POINT('',(2.424563397,-4.313648485,5.748342237));
#3407=CARTESIAN_POINT('',(2.415506048,-4.296944077,5.798066254));
#3408=CARTESIAN_POINT('',(2.380977529,-4.255658506,5.88760756));
#3409=CARTESIAN_POINT('',(2.355519813,-4.231093432,5.927389958));
#3410=CARTESIAN_POINT('',(2.292036397,-4.177803801,5.991010431));
#3411=CARTESIAN_POINT('',(2.254035433,-4.14910001,6.014823717));
#3412=CARTESIAN_POINT('',(2.171215543,-4.091880449,6.042884131));
#3413=CARTESIAN_POINT('',(2.126428888,-4.063386976,6.047120326));
#3414=CARTESIAN_POINT('',(2.081624759,-4.037147031,6.041244778));
#3415=CARTESIAN_POINT('',(2.446479995,-4.287518602,5.688474365));
#3416=CARTESIAN_POINT('',(2.446349048,-4.276053565,5.739469001));
#3417=CARTESIAN_POINT('',(2.43688608,-4.260140252,5.789418873));
#3418=CARTESIAN_POINT('',(2.400717483,-4.221807453,5.879726224));
#3419=CARTESIAN_POINT('',(2.374025984,-4.199402944,5.920048422));
#3420=CARTESIAN_POINT('',(2.307437759,-4.15148324,5.984973182));
#3421=CARTESIAN_POINT('',(2.267567049,-4.12598677,6.009550378));
#3422=CARTESIAN_POINT('',(2.180661179,-4.075750652,6.039242772));
#3423=CARTESIAN_POINT('',(2.13365997,-4.051030636,6.04434637));
#3424=CARTESIAN_POINT('',(2.086640377,-4.028565401,6.039324106));
#3425=CARTESIAN_POINT('',(2.457639953,-4.263466519,5.682833941));
#3426=CARTESIAN_POINT('',(2.457533211,-4.25202585,5.733853081));
#3427=CARTESIAN_POINT('',(2.447870856,-4.23660187,5.783938197));
#3428=CARTESIAN_POINT('',(2.410887274,-4.200105742,5.874711981));
#3429=CARTESIAN_POINT('',(2.383580518,-4.179047876,5.915365134));
#3430=CARTESIAN_POINT('',(2.31544157,-4.134477917,5.981093317));
#3431=CARTESIAN_POINT('',(2.274636038,-4.110983266,6.006142633));
#3432=CARTESIAN_POINT('',(2.185686363,-4.065106337,6.036846533));
#3433=CARTESIAN_POINT('',(2.137577021,-4.042742011,6.042489105));
#3434=CARTESIAN_POINT('',(2.089448847,-4.02263275,6.037998249));
#3435=CARTESIAN_POINT('',(2.476380973,-4.214053619,5.671354844));
#3436=CARTESIAN_POINT('',(2.476317595,-4.202654686,5.722415839));
#3437=CARTESIAN_POINT('',(2.46632193,-4.188229106,5.772767969));
#3438=CARTESIAN_POINT('',(2.427970261,-4.155495603,5.864477005));
#3439=CARTESIAN_POINT('',(2.399629299,-4.13720052,5.905797941));
#3440=CARTESIAN_POINT('',(2.328882113,-4.099507046,5.973154282));
#3441=CARTESIAN_POINT('',(2.286503636,-4.080123442,5.999163269));
#3442=CARTESIAN_POINT('',(2.194114394,-4.043199723,6.031928818));
#3443=CARTESIAN_POINT('',(2.144139864,-4.025674091,6.03867253));
#3444=CARTESIAN_POINT('',(2.094145725,-4.010403516,6.035269772));
#3445=CARTESIAN_POINT('',(2.48422023,-4.18768788,5.665283498));
#3446=CARTESIAN_POINT('',(2.484177261,-4.176306407,5.7163626));
#3447=CARTESIAN_POINT('',(2.474041891,-4.162414618,5.766852974));
#3448=CARTESIAN_POINT('',(2.435112408,-4.131702105,5.859054027));
#3449=CARTESIAN_POINT('',(2.406333579,-4.11489344,5.900728507));
#3450=CARTESIAN_POINT('',(2.334480907,-4.080902241,5.968950541));
#3451=CARTESIAN_POINT('',(2.291435274,-4.063733052,5.995471311));
#3452=CARTESIAN_POINT('',(2.19758669,-4.031632774,6.029339201));
#3453=CARTESIAN_POINT('',(2.146820586,-4.016714289,6.036673025));
#3454=CARTESIAN_POINT('',(2.096034534,-4.004050666,6.033854626));
#3455=CARTESIAN_POINT('',(2.495601358,-4.130932339,5.652370546));
#3456=CARTESIAN_POINT('',(2.495589657,-4.119580271,5.703477406));
#3457=CARTESIAN_POINT('',(2.485249533,-4.106852131,5.754255316));
#3458=CARTESIAN_POINT('',(2.445470529,-4.080561681,5.847501793));
#3459=CARTESIAN_POINT('',(2.416047292,-4.067009708,5.889933692));
#3460=CARTESIAN_POINT('',(2.34256696,-4.041134438,5.960020997));
#3461=CARTESIAN_POINT('',(2.298538759,-4.028821318,5.987648843));
#3462=CARTESIAN_POINT('',(2.202540635,-4.007299642,6.023909859));
#3463=CARTESIAN_POINT('',(2.150608461,-3.998099554,6.032528772));
#3464=CARTESIAN_POINT('',(2.09865585,-3.991153453,6.030986737));
#3465=CARTESIAN_POINT('',(2.499157478,-4.100916866,5.645611668));
#3466=CARTESIAN_POINT('',(2.499156625,-4.089576385,5.696728096));
#3467=CARTESIAN_POINT('',(2.488750962,-4.077470167,5.747653542));
#3468=CARTESIAN_POINT('',(2.448698387,-4.053550951,5.841446832));
#3469=CARTESIAN_POINT('',(2.419067234,-4.041747362,5.884277773));
#3470=CARTESIAN_POINT('',(2.345061296,-4.020231303,5.955352635));
#3471=CARTESIAN_POINT('',(2.300715628,-4.010527299,5.983568593));
#3472=CARTESIAN_POINT('',(2.204022812,-3.994689967,6.021104766));
#3473=CARTESIAN_POINT('',(2.151713707,-3.98856287,6.030410214));
#3474=CARTESIAN_POINT('',(2.099383999,-3.984689095,6.02955175));
#3475=CARTESIAN_POINT('',(2.499957352,-4.001621138,5.623586388));
#3476=CARTESIAN_POINT('',(2.499958927,-3.990317736,5.674712616));
#3477=CARTESIAN_POINT('',(2.489538386,-3.980319376,5.726107298));
#3478=CARTESIAN_POINT('',(2.449423778,-3.964439816,5.821686764));
#3479=CARTESIAN_POINT('',(2.419745497,-3.958564865,5.865833936));
#3480=CARTESIAN_POINT('',(2.345620439,-3.951830189,5.940188786));
#3481=CARTESIAN_POINT('',(2.30120283,-3.950973113,5.970367204));
#3482=CARTESIAN_POINT('',(2.204352598,-3.954408708,6.012177187));
#3483=CARTESIAN_POINT('',(2.151958084,-3.958700028,6.023792301));
#3484=CARTESIAN_POINT('',(2.099542933,-3.965241471,6.025242158));
#3485=CARTESIAN_POINT('',(2.486915702,-3.942641337,5.610919141));
#3486=CARTESIAN_POINT('',(2.48687674,-3.931373006,5.66202725));
#3487=CARTESIAN_POINT('',(2.476695104,-3.922595116,5.713656339));
#3488=CARTESIAN_POINT('',(2.437579676,-3.911341883,5.810181641));
#3489=CARTESIAN_POINT('',(2.408661244,-3.908870957,5.855039947));
#3490=CARTESIAN_POINT('',(2.336457566,-3.91061206,5.931192566));
#3491=CARTESIAN_POINT('',(2.293200674,-3.9148234,5.962456972));
#3492=CARTESIAN_POINT('',(2.198890534,-3.9292927,6.006653722));
#3493=CARTESIAN_POINT('',(2.14787432,-3.939544969,6.019568706));
#3494=CARTESIAN_POINT('',(2.096838045,-3.952042463,6.022327772));
#3495=CARTESIAN_POINT('',(2.465698847,-3.885609726,5.598886833));
#3496=CARTESIAN_POINT('',(2.465609919,-3.87440437,5.649971483));
#3497=CARTESIAN_POINT('',(2.455807123,-3.866800894,5.701808332));
#3498=CARTESIAN_POINT('',(2.418247989,-3.859941151,5.799190927));
#3499=CARTESIAN_POINT('',(2.39050636,-3.86068757,5.844698534));
#3500=CARTESIAN_POINT('',(2.321270912,-3.870420731,5.922502689));
#3501=CARTESIAN_POINT('',(2.279804208,-3.879403661,5.954768765));
#3502=CARTESIAN_POINT('',(2.189408817,-3.904251307,6.001176571));
#3503=CARTESIAN_POINT('',(2.140515533,-3.920106292,6.015300123));
#3504=CARTESIAN_POINT('',(2.091603075,-3.938200252,6.019281338));
#3505=CARTESIAN_POINT('',(2.463413949,-3.879809542,5.597665769));
#3506=CARTESIAN_POINT('',(2.463319895,-3.868611033,5.648748102));
#3507=CARTESIAN_POINT('',(2.453556796,-3.861124214,5.700605376));
#3508=CARTESIAN_POINT('',(2.416160528,-3.854699698,5.798072316));
#3509=CARTESIAN_POINT('',(2.388542001,-3.855764518,5.843643819));
#3510=CARTESIAN_POINT('',(2.319617001,-3.866288193,5.921610563));
#3511=CARTESIAN_POINT('',(2.278337515,-3.875742928,5.953975276));
#3512=CARTESIAN_POINT('',(2.188351528,-3.901616523,6.00060088));
#3513=CARTESIAN_POINT('',(2.13968026,-3.918025253,6.014843517));
#3514=CARTESIAN_POINT('',(2.090989927,-3.936672264,6.018945193));
#3515=CARTESIAN_POINT('',(2.458202316,-3.867284306,5.595037231));
#3516=CARTESIAN_POINT('',(2.45809655,-3.85610115,5.646113895));
#3517=CARTESIAN_POINT('',(2.448426949,-3.848873498,5.698015874));
#3518=CARTESIAN_POINT('',(2.41141356,-3.843415628,5.795668822));
#3519=CARTESIAN_POINT('',(2.384084255,-3.845187546,5.841381582));
#3520=CARTESIAN_POINT('',(2.31588842,-3.857466728,5.919708361));
#3521=CARTESIAN_POINT('',(2.275048575,-3.867969189,5.952291734));
#3522=CARTESIAN_POINT('',(2.186023859,-3.896121162,5.999400675));
#3523=CARTESIAN_POINT('',(2.137873822,-3.913759658,6.013907811));
#3524=CARTESIAN_POINT('',(2.089704937,-3.933634992,6.018277291));
#3525=CARTESIAN_POINT('',(2.455437707,-3.860988354,5.593719646));
#3526=CARTESIAN_POINT('',(2.455325857,-3.849813305,5.644793313));
#3527=CARTESIAN_POINT('',(2.445706144,-3.842716701,5.696717611));
#3528=CARTESIAN_POINT('',(2.408896729,-3.837746923,5.794463828));
#3529=CARTESIAN_POINT('',(2.381721423,-3.839875691,5.840247516));
#3530=CARTESIAN_POINT('',(2.313913756,-3.853040604,5.918755273));
#3531=CARTESIAN_POINT('',(2.273307915,-3.864071598,5.951448636));
#3532=CARTESIAN_POINT('',(2.184794817,-3.893372817,5.998800879));
#3533=CARTESIAN_POINT('',(2.13692218,-3.911631577,6.013441239));
#3534=CARTESIAN_POINT('',(2.08903081,-3.93212644,6.017945693));
#3535=CARTESIAN_POINT('',(2.446607049,-3.841963049,5.589749668));
#3536=CARTESIAN_POINT('',(2.446476294,-3.830813854,5.640813805));
#3537=CARTESIAN_POINT('',(2.437017161,-3.824115971,5.69280509));
#3538=CARTESIAN_POINT('',(2.400862949,-3.820628876,5.790832564));
#3539=CARTESIAN_POINT('',(2.374181996,-3.823841026,5.836830454));
#3540=CARTESIAN_POINT('',(2.307620006,-3.839694196,5.915885387));
#3541=CARTESIAN_POINT('',(2.267764975,-3.852329022,5.948911545));
#3542=CARTESIAN_POINT('',(2.180893266,-3.885117276,5.997000511));
#3543=CARTESIAN_POINT('',(2.133910527,-3.905257894,6.012044533));
#3544=CARTESIAN_POINT('',(2.086909426,-3.927632347,6.016958235));
#3545=CARTESIAN_POINT('',(2.439987064,-3.829061869,5.587072989));
#3546=CARTESIAN_POINT('',(2.439842782,-3.817931998,5.63813005));
#3547=CARTESIAN_POINT('',(2.430505522,-3.811508101,5.690166163));
#3548=CARTESIAN_POINT('',(2.394846972,-3.809036739,5.788383589));
#3549=CARTESIAN_POINT('',(2.3685396,-3.812990239,5.834526561));
#3550=CARTESIAN_POINT('',(2.302918527,-3.830681957,5.913952925));
#3551=CARTESIAN_POINT('',(2.263630441,-3.844413267,5.947205313));
#3552=CARTESIAN_POINT('',(2.177997993,-3.879585042,5.995795841));
#3553=CARTESIAN_POINT('',(2.131687058,-3.901011775,6.011115013));
#3554=CARTESIAN_POINT('',(2.085358038,-3.924670764,6.016308043));
#3555=CARTESIAN_POINT('',(2.417651772,-3.790067494,5.579033045));
#3556=CARTESIAN_POINT('',(2.417465432,-3.779003068,5.630066758));
#3557=CARTESIAN_POINT('',(2.408547788,-3.773421754,5.682236807));
#3558=CARTESIAN_POINT('',(2.374586951,-3.774062132,5.781027267));
#3559=CARTESIAN_POINT('',(2.349556978,-3.780283571,5.827609223));
#3560=CARTESIAN_POINT('',(2.287150756,-3.803595912,5.908162121));
#3561=CARTESIAN_POINT('',(2.2497988,-3.820677735,5.942101707));
#3562=CARTESIAN_POINT('',(2.168397511,-3.863131163,5.992218242));
#3563=CARTESIAN_POINT('',(2.124379864,-3.888486237,6.008375682));
#3564=CARTESIAN_POINT('',(2.080345077,-3.916068643,6.014420946));
#3565=CARTESIAN_POINT('',(2.399751651,-3.763567794,5.573632704));
#3566=CARTESIAN_POINT('',(2.399534462,-3.752556354,5.624648072));
#3567=CARTESIAN_POINT('',(2.390960284,-3.747565492,5.67690715));
#3568=CARTESIAN_POINT('',(2.358382044,-3.750372294,5.776085585));
#3569=CARTESIAN_POINT('',(2.334390633,-3.758168866,5.82296642));
#3570=CARTESIAN_POINT('',(2.27459623,-3.785380243,5.904289663));
#3571=CARTESIAN_POINT('',(2.238816459,-3.804784476,5.938700483));
#3572=CARTESIAN_POINT('',(2.160850222,-3.852283212,5.98986652));
#3573=CARTESIAN_POINT('',(2.118694033,-3.88035926,6.006601861));
#3574=CARTESIAN_POINT('',(2.076521466,-3.910659119,6.013236189));
#3575=CARTESIAN_POINT('',(2.371636628,-3.731655076,5.567229186));
#3576=CARTESIAN_POINT('',(2.371388138,-3.720726844,5.618218897));
#3577=CARTESIAN_POINT('',(2.36339176,-3.716485568,5.670583374));
#3578=CARTESIAN_POINT('',(2.333098988,-3.722011158,5.770231398));
#3579=CARTESIAN_POINT('',(2.310814322,-3.731775885,5.817476364));
#3580=CARTESIAN_POINT('',(2.255300821,-3.763849002,5.899743307));
#3581=CARTESIAN_POINT('',(2.222093479,-3.786144974,5.934733432));
#3582=CARTESIAN_POINT('',(2.149743352,-3.839921651,5.987194646));
#3583=CARTESIAN_POINT('',(2.110628578,-3.871381536,6.004645424));
#3584=CARTESIAN_POINT('',(2.071498654,-3.905060743,6.0120116));
#3585=CARTESIAN_POINT('',(2.368393671,-3.728079003,5.566512967));
#3586=CARTESIAN_POINT('',(2.368141767,-3.71716036,5.617499755));
#3587=CARTESIAN_POINT('',(2.360212467,-3.713003603,5.669876019));
#3588=CARTESIAN_POINT('',(2.330184589,-3.718835332,5.769576693));
#3589=CARTESIAN_POINT('',(2.308097631,-3.728821563,5.81686252));
#3590=CARTESIAN_POINT('',(2.253079904,-3.761441703,5.899235424));
#3591=CARTESIAN_POINT('',(2.220170427,-3.784062987,5.934290622));
#3592=CARTESIAN_POINT('',(2.148470549,-3.83854586,5.986897389));
#3593=CARTESIAN_POINT('',(2.109707897,-3.870386362,6.004428598));
#3594=CARTESIAN_POINT('',(2.070930238,-3.904445679,6.011877084));
#3595=CARTESIAN_POINT('',(2.361635466,-3.720859803,5.565069947));
#3596=CARTESIAN_POINT('',(2.361376929,-3.70996111,5.616050737));
#3597=CARTESIAN_POINT('',(2.353588447,-3.705976104,5.668450744));
#3598=CARTESIAN_POINT('',(2.324115613,-3.71242904,5.768257782));
#3599=CARTESIAN_POINT('',(2.302442658,-3.722864486,5.815626216));
#3600=CARTESIAN_POINT('',(2.248462787,-3.756593707,5.898213491));
#3601=CARTESIAN_POINT('',(2.216176744,-3.779874437,5.933400395));
#3602=CARTESIAN_POINT('',(2.145837727,-3.835788723,5.986301899));
#3603=CARTESIAN_POINT('',(2.107811954,-3.868400656,6.00399604));
#3604=CARTESIAN_POINT('',(2.069771471,-3.903230373,6.011611335));
#3605=CARTESIAN_POINT('',(2.35850356,-3.71759705,5.564418176));
#3606=CARTESIAN_POINT('',(2.358242183,-3.706707522,5.615396287));
#3607=CARTESIAN_POINT('',(2.350517759,-3.702798918,5.66780675));
#3608=CARTESIAN_POINT('',(2.321297069,-3.709527614,5.76766073));
#3609=CARTESIAN_POINT('',(2.299812099,-3.720162313,5.815065647));
#3610=CARTESIAN_POINT('',(2.246303378,-3.754383268,5.897747657));
#3611=CARTESIAN_POINT('',(2.214300313,-3.777956296,5.932992789));
#3612=CARTESIAN_POINT('',(2.144578945,-3.834504944,5.986024655));
#3613=CARTESIAN_POINT('',(2.106887595,-3.867458703,6.003790888));
#3614=CARTESIAN_POINT('',(2.069181663,-3.902629764,6.011480024));
#3615=CARTESIAN_POINT('',(2.345938729,-3.705016963,5.561916382));
#3616=CARTESIAN_POINT('',(2.345666596,-3.694164657,5.612883316));
#3617=CARTESIAN_POINT('',(2.338214185,-3.690566084,5.665335927));
#3618=CARTESIAN_POINT('',(2.310061622,-3.698413747,5.765380038));
#3619=CARTESIAN_POINT('',(2.289372338,-3.709856952,5.812932917));
#3620=CARTESIAN_POINT('',(2.237857146,-3.746073324,5.895999505));
#3621=CARTESIAN_POINT('',(2.207051124,-3.770832509,5.931481147));
#3622=CARTESIAN_POINT('',(2.139942267,-3.829955667,5.985042836));
#3623=CARTESIAN_POINT('',(2.103665338,-3.864296816,6.003102206));
#3624=CARTESIAN_POINT('',(2.067374394,-3.900853515,6.011091743));
#3625=CARTESIAN_POINT('',(2.338116605,-3.697803317,5.560487197));
#3626=CARTESIAN_POINT('',(2.33783941,-3.686973752,5.611447782));
#3627=CARTESIAN_POINT('',(2.330554263,-3.683550878,5.663923731));
#3628=CARTESIAN_POINT('',(2.30305546,-3.692029406,5.76407362));
#3629=CARTESIAN_POINT('',(2.28285241,-3.703927539,5.81170893));
#3630=CARTESIAN_POINT('',(2.232554565,-3.741265565,5.894990068));
#3631=CARTESIAN_POINT('',(2.20247917,-3.766691056,5.930603774));
#3632=CARTESIAN_POINT('',(2.13696455,-3.827259862,5.98446163));
#3633=CARTESIAN_POINT('',(2.101550595,-3.862379816,6.002685006));
#3634=CARTESIAN_POINT('',(2.066122975,-3.899714238,6.010842784));
#3635=CARTESIAN_POINT('',(2.315517698,-3.678096871,5.556591571));
#3636=CARTESIAN_POINT('',(2.315229091,-3.667331718,5.607534819));
#3637=CARTESIAN_POINT('',(2.30842389,-3.664386153,5.66007325));
#3638=CARTESIAN_POINT('',(2.282794878,-3.674573328,5.760507309));
#3639=CARTESIAN_POINT('',(2.263980929,-3.687702148,5.808364287));
#3640=CARTESIAN_POINT('',(2.217159086,-3.728072732,5.892222942));
#3641=CARTESIAN_POINT('',(2.189169208,-3.755298959,5.928192349));
#3642=CARTESIAN_POINT('',(2.128204504,-3.819773883,5.982848472));
#3643=CARTESIAN_POINT('',(2.095253136,-3.856997767,6.001514155));
#3644=CARTESIAN_POINT('',(2.062289083,-3.896433068,6.010125974));
#3645=CARTESIAN_POINT('',(2.301518649,-3.667441851,5.554497823));
#3646=CARTESIAN_POINT('',(2.301227334,-3.656714794,5.605431801));
#3647=CARTESIAN_POINT('',(2.294714828,-3.654023374,5.658002244));
#3648=CARTESIAN_POINT('',(2.270217769,-3.665112808,5.758583105));
#3649=CARTESIAN_POINT('',(2.252242629,-3.678889401,5.806554867));
#3650=CARTESIAN_POINT('',(2.207517341,-3.720853583,5.89071329));
#3651=CARTESIAN_POINT('',(2.18078438,-3.749025045,5.926867606));
#3652=CARTESIAN_POINT('',(2.122560911,-3.815549109,5.98193947));
#3653=CARTESIAN_POINT('',(2.091092777,-3.853876145,6.00083585));
#3654=CARTESIAN_POINT('',(2.059612545,-3.894412791,6.0096849));
#3655=CARTESIAN_POINT('',(2.260003888,-3.638651312,5.548857899));
#3656=CARTESIAN_POINT('',(2.259712786,-3.628031693,5.59976688));
#3657=CARTESIAN_POINT('',(2.254064477,-3.626025143,5.652422091));
#3658=CARTESIAN_POINT('',(2.232893471,-3.639536558,5.753393085));
#3659=CARTESIAN_POINT('',(2.217378878,-3.655049346,5.801670202));
#3660=CARTESIAN_POINT('',(2.178798852,-3.701281529,5.886626956));
#3661=CARTESIAN_POINT('',(2.155748188,-3.731983216,5.923274059));
#3662=CARTESIAN_POINT('',(2.105553664,-3.803990956,5.979454813));
#3663=CARTESIAN_POINT('',(2.078429021,-3.845269431,5.998966948));
#3664=CARTESIAN_POINT('',(2.051293989,-3.888752482,6.008449699));
#3665=CARTESIAN_POINT('',(2.232975764,-3.623695981,5.545955536));
#3666=CARTESIAN_POINT('',(2.232695883,-3.613139189,5.596851612));
#3667=CARTESIAN_POINT('',(2.227604073,-3.611485229,5.649548077));
#3668=CARTESIAN_POINT('',(2.208553142,-3.626228711,5.750711271));
#3669=CARTESIAN_POINT('',(2.194601301,-3.642620515,5.799139335));
#3670=CARTESIAN_POINT('',(2.159917842,-3.691008391,5.884492146));
#3671=CARTESIAN_POINT('',(2.139199477,-3.722985966,5.92138427));
#3672=CARTESIAN_POINT('',(2.094087825,-3.797756497,5.978117891));
#3673=CARTESIAN_POINT('',(2.069711776,-3.840520872,5.997937704));
#3674=CARTESIAN_POINT('',(2.045326408,-3.885486958,6.007737924));
#3675=CARTESIAN_POINT('',(2.189182506,-3.604267899,5.542203897));
#3676=CARTESIAN_POINT('',(2.188934717,-3.59379771,5.593082807));
#3677=CARTESIAN_POINT('',(2.184763025,-3.592609981,5.645832724));
#3678=CARTESIAN_POINT('',(2.169190914,-3.608975696,5.747246292));
#3679=CARTESIAN_POINT('',(2.157796429,-3.626522902,5.795871282));
#3680=CARTESIAN_POINT('',(2.129481532,-3.677741913,5.881741539));
#3681=CARTESIAN_POINT('',(2.112571912,-3.711394193,5.918954073));
#3682=CARTESIAN_POINT('',(2.075757699,-3.789790144,5.976411463));
#3683=CARTESIAN_POINT('',(2.055867139,-3.83450393,5.996634417));
#3684=CARTESIAN_POINT('',(2.035968994,-3.881415657,6.006851045));
#3685=CARTESIAN_POINT('',(2.175099043,-3.59876951,5.54114496));
#3686=CARTESIAN_POINT('',(2.174863522,-3.588324615,5.592019005));
#3687=CARTESIAN_POINT('',(2.170985089,-3.587267869,5.644783602));
#3688=CARTESIAN_POINT('',(2.156517739,-3.604087436,5.746266354));
#3689=CARTESIAN_POINT('',(2.145934334,-3.62195734,5.794945853));
#3690=CARTESIAN_POINT('',(2.119638045,-3.673966405,5.880959573));
#3691=CARTESIAN_POINT('',(2.103935177,-3.708085756,5.918261028));
#3692=CARTESIAN_POINT('',(2.06974942,-3.787492516,5.975919517));
#3693=CARTESIAN_POINT('',(2.051279552,-3.832749679,5.996254588));
#3694=CARTESIAN_POINT('',(2.03280264,-3.880203698,6.006587143));
#3695=CARTESIAN_POINT('',(2.156059936,-3.59232816,5.539908257));
#3696=CARTESIAN_POINT('',(2.155843799,-3.58191392,5.59077652));
#3697=CARTESIAN_POINT('',(2.152370741,-3.581013656,5.643558574));
#3698=CARTESIAN_POINT('',(2.139425771,-3.598374575,5.745123645));
#3699=CARTESIAN_POINT('',(2.129958787,-3.61662915,5.793868009));
#3700=CARTESIAN_POINT('',(2.106439597,-3.669579707,5.880052485));
#3701=CARTESIAN_POINT('',(2.092396343,-3.704255538,5.9174598));
#3702=CARTESIAN_POINT('',(2.061824872,-3.784866504,5.975357751));
#3703=CARTESIAN_POINT('',(2.045308289,-3.830770962,5.995826353));
#3704=CARTESIAN_POINT('',(2.028785412,-3.878870993,6.006297023));
#3705=CARTESIAN_POINT('',(2.152206437,-3.591074379,5.539667727));
#3706=CARTESIAN_POINT('',(2.151994357,-3.580666158,5.590534858));
#3707=CARTESIAN_POINT('',(2.148603617,-3.579796449,5.643320311));
#3708=CARTESIAN_POINT('',(2.135967558,-3.597263006,5.74490142));
#3709=CARTESIAN_POINT('',(2.126727046,-3.615592625,5.793658425));
#3710=CARTESIAN_POINT('',(2.103771136,-3.668726834,5.879876185));
#3711=CARTESIAN_POINT('',(2.090064473,-3.703511206,5.917304137));
#3712=CARTESIAN_POINT('',(2.060225996,-3.784357042,5.975248781));
#3713=CARTESIAN_POINT('',(2.044105537,-3.830387745,5.995743424));
#3714=CARTESIAN_POINT('',(2.027978935,-3.878613771,6.006241031));
#3715=CARTESIAN_POINT('',(2.144433919,-3.588648269,5.539202593));
#3716=CARTESIAN_POINT('',(2.144230277,-3.578251778,5.590067532));
#3717=CARTESIAN_POINT('',(2.14100596,-3.577441314,5.642859556));
#3718=CARTESIAN_POINT('',(2.128993959,-3.59511258,5.744471699));
#3719=CARTESIAN_POINT('',(2.120210844,-3.613587591,5.793253168));
#3720=CARTESIAN_POINT('',(2.098392422,-3.667077563,5.879535361));
#3721=CARTESIAN_POINT('',(2.085365413,-3.702072179,5.917003267));
#3722=CARTESIAN_POINT('',(2.057006968,-3.783372943,5.975038318));
#3723=CARTESIAN_POINT('',(2.041686318,-3.829648167,5.995583389));
#3724=CARTESIAN_POINT('',(2.026359832,-3.878118229,6.00613317));
#3725=CARTESIAN_POINT('',(2.141199413,-3.587678129,5.539016091));
#3726=CARTESIAN_POINT('',(2.140999181,-3.577286187,5.589880287));
#3727=CARTESIAN_POINT('',(2.13784043,-3.576498263,5.642674867));
#3728=CARTESIAN_POINT('',(2.126074121,-3.594247245,5.744298823));
#3729=CARTESIAN_POINT('',(2.11747104,-3.612777401,5.79308955));
#3730=CARTESIAN_POINT('',(2.096100291,-3.666402239,5.879396042));
#3731=CARTESIAN_POINT('',(2.083340751,-3.701476525,5.916878981));
#3732=CARTESIAN_POINT('',(2.05556474,-3.782949619,5.97494799));
#3733=CARTESIAN_POINT('',(2.040558831,-3.82931744,5.995511975));
#3734=CARTESIAN_POINT('',(2.025547214,-3.877879882,6.006081294));
#3735=CARTESIAN_POINT('',(2.129578791,-3.584329926,5.538374762));
#3736=CARTESIAN_POINT('',(2.129391786,-3.573954338,5.589235937));
#3737=CARTESIAN_POINT('',(2.126481654,-3.573248115,5.642039528));
#3738=CARTESIAN_POINT('',(2.115646412,-3.591279059,5.743706094));
#3739=CARTESIAN_POINT('',(2.107725422,-3.610009371,5.792530421));
#3740=CARTESIAN_POINT('',(2.088050575,-3.664123857,5.878925431));
#3741=CARTESIAN_POINT('',(2.076304198,-3.699487459,5.916463272));
#3742=CARTESIAN_POINT('',(2.050734325,-3.781586514,5.974656548));
#3743=CARTESIAN_POINT('',(2.036920549,-3.828290761,5.99528986));
#3744=CARTESIAN_POINT('',(2.02310152,-3.877188955,6.005930924));
#3745=CARTESIAN_POINT('',(2.120312261,-3.581905785,5.537912167));
#3746=CARTESIAN_POINT('',(2.120136821,-3.571542512,5.58877101));
#3747=CARTESIAN_POINT('',(2.117433687,-3.570897859,5.641581365));
#3748=CARTESIAN_POINT('',(2.107372558,-3.589141314,5.743280055));
#3749=CARTESIAN_POINT('',(2.100018385,-3.608022489,5.792129743));
#3750=CARTESIAN_POINT('',(2.081752501,-3.662506062,5.878591625));
#3751=CARTESIAN_POINT('',(2.070847731,-3.698087756,5.916170963));
#3752=CARTESIAN_POINT('',(2.047110305,-3.780658722,5.974458206));
#3753=CARTESIAN_POINT('',(2.03428667,-3.827616619,5.995143962));
#3754=CARTESIAN_POINT('',(2.021458159,-3.87676799,6.00583932));
#3755=CARTESIAN_POINT('',(2.103848224,-3.578071317,5.537179806));
#3756=CARTESIAN_POINT('',(2.103693669,-3.567727369,5.588035121));
#3757=CARTESIAN_POINT('',(2.101348289,-3.567177628,5.640855843));
#3758=CARTESIAN_POINT('',(2.092623303,-3.585747993,5.742603696));
#3759=CARTESIAN_POINT('',(2.086247009,-3.604861045,5.791492185));
#3760=CARTESIAN_POINT('',(2.07041134,-3.659911647,5.878056369));
#3761=CARTESIAN_POINT('',(2.060957978,-3.695828289,5.91569919));
#3762=CARTESIAN_POINT('',(2.040380526,-3.77912387,5.974130201));
#3763=CARTESIAN_POINT('',(2.029264249,-3.826471176,5.994896202));
#3764=CARTESIAN_POINT('',(2.018143749,-3.876011182,6.005674651));
#3765=CARTESIAN_POINT('',(2.097105779,-3.576660275,5.536909646));
#3766=CARTESIAN_POINT('',(2.096959586,-3.566323267,5.587763734));
#3767=CARTESIAN_POINT('',(2.094752471,-3.56580664,5.640588004));
#3768=CARTESIAN_POINT('',(2.086543309,-3.58449067,5.742352742));
#3769=CARTESIAN_POINT('',(2.080544378,-3.603684232,5.79125457));
#3770=CARTESIAN_POINT('',(2.06564635,-3.65893156,5.877853961));
#3771=CARTESIAN_POINT('',(2.056752909,-3.694964348,5.915518642));
#3772=CARTESIAN_POINT('',(2.037394432,-3.778511107,5.973999199));
#3773=CARTESIAN_POINT('',(2.026936745,-3.825993356,5.994792871));
#3774=CARTESIAN_POINT('',(2.016475082,-3.875668013,6.00559999));
#3775=CARTESIAN_POINT('',(2.080205409,-3.573540918,5.536314933));
#3776=CARTESIAN_POINT('',(2.080082177,-3.563219938,5.587166134));
#3777=CARTESIAN_POINT('',(2.078244458,-3.562780939,5.639998818));
#3778=CARTESIAN_POINT('',(2.071412179,-3.581731914,5.741803539));
#3779=CARTESIAN_POINT('',(2.066420211,-3.601114695,5.790736939));
#3780=CARTESIAN_POINT('',(2.054023835,-3.656824584,5.877419617));
#3781=CARTESIAN_POINT('',(2.046624132,-3.693130548,5.915135998));
#3782=CARTESIAN_POINT('',(2.030517453,-3.777268223,5.973733689));
#3783=CARTESIAN_POINT('',(2.021816589,-3.825068001,5.994592761));
#3784=CARTESIAN_POINT('',(2.013112418,-3.875059555,6.005467623));
#3785=CARTESIAN_POINT('',(2.071174832,-3.572096085,5.536039968));
#3786=CARTESIAN_POINT('',(2.071064392,-3.561782664,5.58688983));
#3787=CARTESIAN_POINT('',(2.069427001,-3.561380202,5.639726497));
#3788=CARTESIAN_POINT('',(2.063340758,-3.580456786,5.741550072));
#3789=CARTESIAN_POINT('',(2.058894216,-3.599928596,5.790498346));
#3790=CARTESIAN_POINT('',(2.047852669,-3.655856114,5.877220239));
#3791=CARTESIAN_POINT('',(2.041261852,-3.692290601,5.914960952));
#3792=CARTESIAN_POINT('',(2.026916006,-3.776706285,5.973613756));
#3793=CARTESIAN_POINT('',(2.019166418,-3.824655452,5.994503592));
#3794=CARTESIAN_POINT('',(2.011413889,-3.874796096,6.005410315));
#3795=CARTESIAN_POINT('',(2.042505733,-3.568409694,5.535339289));
#3796=CARTESIAN_POINT('',(2.042437537,-3.558115825,5.586185605));
#3797=CARTESIAN_POINT('',(2.041444666,-3.55780751,5.639032426));
#3798=CARTESIAN_POINT('',(2.037756533,-3.577207623,5.740904396));
#3799=CARTESIAN_POINT('',(2.035062669,-3.596908693,5.789890914));
#3800=CARTESIAN_POINT('',(2.028374075,-3.653396599,5.876713757));
#3801=CARTESIAN_POINT('',(2.024381881,-3.690162011,5.914517158));
#3802=CARTESIAN_POINT('',(2.015692597,-3.775293533,5.97331205));
#3803=CARTESIAN_POINT('',(2.010998802,-3.823627357,5.994281244));
#3804=CARTESIAN_POINT('',(2.006303227,-3.874151923,6.005270198));
#3805=CARTESIAN_POINT('',(2.021071406,-3.566871058,5.535047945));
#3806=CARTESIAN_POINT('',(2.021037063,-3.556585675,5.585892723));
#3807=CARTESIAN_POINT('',(2.02053811,-3.556317906,5.638743899));
#3808=CARTESIAN_POINT('',(2.018684833,-3.575857233,5.740636672));
#3809=CARTESIAN_POINT('',(2.017331212,-3.59565692,5.789639639));
#3810=CARTESIAN_POINT('',(2.013970349,-3.652385841,5.876505927));
#3811=CARTESIAN_POINT('',(2.011964382,-3.689293567,5.914336315));
#3812=CARTESIAN_POINT('',(2.007598275,-3.774732927,5.973192395));
#3813=CARTESIAN_POINT('',(2.00523979,-3.82323217,5.994195774));
#3814=CARTESIAN_POINT('',(2.002880411,-3.873921848,6.005220162));
#3815=CARTESIAN_POINT('',(1.99943947,-3.566871058,5.535047945));
#3816=CARTESIAN_POINT('',(1.99943947,-3.556585675,5.585892723));
#3817=CARTESIAN_POINT('',(1.99943947,-3.556317906,5.638743899));
#3818=CARTESIAN_POINT('',(1.99943947,-3.575857233,5.740636672));
#3819=CARTESIAN_POINT('',(1.99943947,-3.59565692,5.789639639));
#3820=CARTESIAN_POINT('',(1.99943947,-3.652385841,5.876505927));
#3821=CARTESIAN_POINT('',(1.99943947,-3.689293567,5.914336315));
#3822=CARTESIAN_POINT('',(1.99943947,-3.774732927,5.973192395));
#3823=CARTESIAN_POINT('',(1.99943947,-3.82323217,5.994195774));
#3824=CARTESIAN_POINT('',(1.99943947,-3.873921848,6.005220162));
#3825=B_SPLINE_SURFACE_WITH_KNOTS('',3,3,((#3105,#3106,#3107,#3108,#3109,#3110,#3111,#3112,#3113,#3114),(#3115,#3116,#3117,#3118,#3119,#3120,#3121,#3122,#3123,#3124),(#3125,#3126,#3127,#3128,#3129,#3130,#3131,#3132,#3133,#3134),(#3135,#3136,#3137,#3138,#3139,#3140,#3141,#3142,#3143,#3144),(#3145,#3146,#3147,#3148,#3149,#3150,#3151,#3152,#3153,#3154),(#3155,#3156,#3157,#3158,#3159,#3160,#3161,#3162,#3163,#3164),(#3165,#3166,#3167,#3168,#3169,#3170,#3171,#3172,#3173,#3174),(#3175,#3176,#3177,#3178,#3179,#3180,#3181,#3182,#3183,#3184),(#3185,#3186,#3187,#3188,#3189,#3190,#3191,#3192,#3193,#3194),(#3195,#3196,#3197,#3198,#3199,#3200,#3201,#3202,#3203,#3204),(#3205,#3206,#3207,#3208,#3209,#3210,#3211,#3212,#3213,#3214),(#3215,#3216,#3217,#3218,#3219,#3220,#3221,#3222,#3223,#3224),(#3225,#3226,#3227,#3228,#3229,#3230,#3231,#3232,#3233,#3234),(#3235,#3236,#3237,#3238,#3239,#3240,#3241,#3242,#3243,#3244),(#3245,#3246,#3247,#3248,#3249,#3250,#3251,#3252,#3253,#3254),(#3255,#3256,#3257,#3258,#3259,#3260,#3261,#3262,#3263,#3264),(#3265,#3266,#3267,#3268,#3269,#3270,#3271,#3272,#3273,#3274),(#3275,#3276,#3277,#3278,#3279,#3280,#3281,#3282,#3283,#3284),(#3285,#3286,#3287,#3288,#3289,#3290,#3291,#3292,#3293,#3294),(#3295,#3296,#3297,#3298,#3299,#3300,#3301,#3302,#3303,#3304),(#3305,#3306,#3307,#3308,#3309,#3310,#3311,#3312,#3313,#3314),(#3315,#3316,#3317,#3318,#3319,#3320,#3321,#3322,#3323,#3324),(#3325,#3326,#3327,#3328,#3329,#3330,#3331,#3332,#3333,#3334),(#3335,#3336,#3337,#3338,#3339,#3340,#3341,#3342,#3343,#3344),(#3345,#3346,#3347,#3348,#3349,#3350,#3351,#3352,#3353,#3354),(#3355,#3356,#3357,#3358,#3359,#3360,#3361,#3362,#3363,#3364),
(#3365,#3366,#3367,#3368,#3369,#3370,#3371,#3372,#3373,#3374),(#3375,#3376,#3377,#3378,#3379,#3380,#3381,#3382,#3383,#3384),(#3385,#3386,#3387,#3388,#3389,#3390,#3391,#3392,#3393,#3394),(#3395,#3396,#3397,#3398,#3399,#3400,#3401,#3402,#3403,#3404),(#3405,#3406,#3407,#3408,#3409,#3410,#3411,#3412,#3413,#3414),(#3415,#3416,#3417,#3418,#3419,#3420,#3421,#3422,#3423,#3424),(#3425,#3426,#3427,#3428,#3429,#3430,#3431,#3432,#3433,#3434),(#3435,#3436,#3437,#3438,#3439,#3440,#3441,#3442,#3443,#3444),(#3445,#3446,#3447,#3448,#3449,#3450,#3451,#3452,#3453,#3454),(#3455,#3456,#3457,#3458,#3459,#3460,#3461,#3462,#3463,#3464),(#3465,#3466,#3467,#3468,#3469,#3470,#3471,#3472,#3473,#3474),(#3475,#3476,#3477,#3478,#3479,#3480,#3481,#3482,#3483,#3484),(#3485,#3486,#3487,#3488,#3489,#3490,#3491,#3492,#3493,#3494),(#3495,#3496,#3497,#3498,#3499,#3500,#3501,#3502,#3503,#3504),(#3505,#3506,#3507,#3508,#3509,#3510,#3511,#3512,#3513,#3514),(#3515,#3516,#3517,#3518,#3519,#3520,#3521,#3522,#3523,#3524),(#3525,#3526,#3527,#3528,#3529,#3530,#3531,#3532,#3533,#3534),(#3535,#3536,#3537,#3538,#3539,#3540,#3541,#3542,#3543,#3544),(#3545,#3546,#3547,#3548,#3549,#3550,#3551,#3552,#3553,#3554),(#3555,#3556,#3557,#3558,#3559,#3560,#3561,#3562,#3563,#3564),(#3565,#3566,#3567,#3568,#3569,#3570,#3571,#3572,#3573,#3574),(#3575,#3576,#3577,#3578,#3579,#3580,#3581,#3582,#3583,#3584),(#3585,#3586,#3587,#3588,#3589,#3590,#3591,#3592,#3593,#3594),(#3595,#3596,#3597,#3598,#3599,#3600,#3601,#3602,#3603,#3604),(#3605,#3606,#3607,#3608,#3609,#3610,#3611,#3612,#3613,#3614),
(#3615,#3616,#3617,#3618,#3619,#3620,#3621,#3622,#3623,#3624),(#3625,#3626,#3627,#3628,#3629,#3630,#3631,#3632,#3633,#3634),(#3635,#3636,#3637,#3638,#3639,#3640,#3641,#3642,#3643,#3644),(#3645,#3646,#3647,#3648,#3649,#3650,#3651,#3652,#3653,#3654),(#3655,#3656,#3657,#3658,#3659,#3660,#3661,#3662,#3663,#3664),(#3665,#3666,#3667,#3668,#3669,#3670,#3671,#3672,#3673,#3674),(#3675,#3676,#3677,#3678,#3679,#3680,#3681,#3682,#3683,#3684),(#3685,#3686,#3687,#3688,#3689,#3690,#3691,#3692,#3693,#3694),(#3695,#3696,#3697,#3698,#3699,#3700,#3701,#3702,#3703,#3704),(#3705,#3706,#3707,#3708,#3709,#3710,#3711,#3712,#3713,#3714),(#3715,#3716,#3717,#3718,#3719,#3720,#3721,#3722,#3723,#3724),(#3725,#3726,#3727,#3728,#3729,#3730,#3731,#3732,#3733,#3734),(#3735,#3736,#3737,#3738,#3739,#3740,#3741,#3742,#3743,#3744),(#3745,#3746,#3747,#3748,#3749,#3750,#3751,#3752,#3753,#3754),(#3755,#3756,#3757,#3758,#3759,#3760,#3761,#3762,#3763,#3764),(#3765,#3766,#3767,#3768,#3769,#3770,#3771,#3772,#3773,#3774),(#3775,#3776,#3777,#3778,#3779,#3780,#3781,#3782,#3783,#3784),(#3785,#3786,#3787,#3788,#3789,#3790,#3791,#3792,#3793,#3794),(#3795,#3796,#3797,#3798,#3799,#3800,#3801,#3802,#3803,#3804),(#3805,#3806,#3807,#3808,#3809,#3810,#3811,#3812,#3813,#3814),(#3815,#3816,#3817,#3818,#3819,#3820,#3821,#3822,#3823,#3824)),.UNSPECIFIED.,.F.,.F.,.U.,(4,2,2,2,2,2,2,2,2,2,2,2,2,2,2,2,2,2,2,2,2,2,2,2,2,2,
2,2,2,2,2,2,2,2,2,4),(4,2,2,2,4),(0.,0.00000016,0.000000319,0.000000638,0.000001277,0.000002554,0.000005108,0.000010215,0.000020431,0.000040862,0.000051077,0.000061293,0.000071508,0.000081724,0.000091939,0.000102155,0.000122586,0.000143017,0.000163448,0.00020431,0.000209418,0.000214525,0.000224741,0.000245172,0.000247726,0.00025028,
0.000255387,0.000265603,0.000286034,0.000296249,0.000298803,0.000301357,0.000306465,0.000311572,0.00031668,0.000326896),(0.,0.25,0.5,0.75,1.),.UNSPECIFIED.);
#3826=ORIENTED_EDGE('',*,*,#3023,.F.);
#3827=ORIENTED_EDGE('',*,*,#2551,.F.);
#3828=CARTESIAN_POINT('',(1.99943947,-3.958929731,5.614357449));
#3829=DIRECTION('',(-1.,-0.,0.));
#3830=DIRECTION('',(-0.,0.034899497,0.999390827));
#3831=AXIS2_PLACEMENT_3D('',#3828,#3829,#3830);
#3832=CIRCLE('',#3831,0.4);
#3833=EDGE_CURVE('',#3039,#2403,#3832,.T.);
#3834=ORIENTED_EDGE('',*,*,#3833,.F.);
#3835=ORIENTED_EDGE('',*,*,#3100,.F.);
#3836=CARTESIAN_POINT('',(1.99943947,-4.156867129,6.061059384));
#3837=VERTEX_POINT('',#3836);
#3838=CARTESIAN_POINT('',(1.99943947,-4.170826549,5.661314921));
#3839=DIRECTION('',(-1.,-0.,0.));
#3840=DIRECTION('',(-0.,0.034899497,0.999390827));
#3841=AXIS2_PLACEMENT_3D('',#3838,#3839,#3840);
#3842=CIRCLE('',#3841,0.4);
#3843=EDGE_CURVE('',#3837,#3073,#3842,.T.);
#3844=ORIENTED_EDGE('',*,*,#3843,.F.);
#3845=CARTESIAN_POINT('',(1.99943947,-4.170826549,5.661314921));
#3846=DIRECTION('',(-1.,-0.,0.));
#3847=DIRECTION('',(-0.,0.034899497,0.999390827));
#3848=AXIS2_PLACEMENT_3D('',#3845,#3846,#3847);
#3849=CIRCLE('',#3848,0.4);
#3850=EDGE_CURVE('',#2893,#3837,#3849,.T.);
#3851=ORIENTED_EDGE('',*,*,#3850,.F.);
#3852=EDGE_LOOP('',(#3826,#3827,#3834,#3835,#3844,#3851));
#3853=FACE_BOUND('',#3852,.T.);
#3854=ADVANCED_FACE('',(#3853),#3825,.T.);
#3855=CARTESIAN_POINT('',(-2.00056053,-3.958929731,5.614357449));
#3856=DIRECTION('',(1.,0.,-0.));
#3857=DIRECTION('',(-0.,0.034899497,0.999390827));
#3858=AXIS2_PLACEMENT_3D('',#3855,#3856,#3857);
#3859=CYLINDRICAL_SURFACE('',#3858,0.4);
#3860=ORIENTED_EDGE('',*,*,#3833,.T.);
#3861=ORIENTED_EDGE('',*,*,#2422,.F.);
#3862=CARTESIAN_POINT('',(-2.00056053,-3.958929731,5.614357449));
#3863=DIRECTION('',(-1.,-0.,0.));
#3864=DIRECTION('',(-0.,0.034899497,0.999390827));
#3865=AXIS2_PLACEMENT_3D('',#3862,#3863,#3864);
#3866=CIRCLE('',#3865,0.4);
#3867=EDGE_CURVE('',#3041,#2412,#3866,.T.);
#3868=ORIENTED_EDGE('',*,*,#3867,.F.);
#3869=ORIENTED_EDGE('',*,*,#3046,.F.);
#3870=EDGE_LOOP('',(#3860,#3861,#3868,#3869));
#3871=FACE_BOUND('',#3870,.T.);
#3872=ADVANCED_FACE('',(#3871),#3859,.T.);
#3873=CARTESIAN_POINT('',(1.99943947,-4.170826549,5.661314921));
#3874=DIRECTION('',(1.,0.,-0.));
#3875=DIRECTION('',(-0.,0.034899497,0.999390827));
#3876=AXIS2_PLACEMENT_3D('',#3873,#3874,#3875);
#3877=CYLINDRICAL_SURFACE('',#3876,0.4);
#3878=CARTESIAN_POINT('',(-2.00056053,-4.156867129,6.061059384));
#3879=VERTEX_POINT('',#3878);
#3880=CARTESIAN_POINT('',(1.99943947,-4.15686675,6.061071252));
#3881=DIRECTION('',(-1.,-0.,0.));
#3882=VECTOR('',#3881,4.);
#3883=LINE('',#3880,#3882);
#3884=EDGE_CURVE('',#3837,#3879,#3883,.T.);
#3885=ORIENTED_EDGE('',*,*,#3884,.T.);
#3886=CARTESIAN_POINT('',(-2.00056053,-4.170826549,5.661314921));
#3887=DIRECTION('',(-1.,-0.,0.));
#3888=DIRECTION('',(-0.,0.034899497,0.999390827));
#3889=AXIS2_PLACEMENT_3D('',#3886,#3887,#3888);
#3890=CIRCLE('',#3889,0.4);
#3891=EDGE_CURVE('',#2826,#3879,#3890,.T.);
#3892=ORIENTED_EDGE('',*,*,#3891,.F.);
#3893=ORIENTED_EDGE('',*,*,#2903,.F.);
#3894=ORIENTED_EDGE('',*,*,#3850,.T.);
#3895=EDGE_LOOP('',(#3885,#3892,#3893,#3894));
#3896=FACE_BOUND('',#3895,.T.);
#3897=ADVANCED_FACE('',(#3896),#3877,.T.);
#3898=CARTESIAN_POINT('',(-2.00056053,-3.566871058,5.535047945));
#3899=CARTESIAN_POINT('',(-2.00056053,-3.556585675,5.585892723));
#3900=CARTESIAN_POINT('',(-2.00056053,-3.556317906,5.638743898));
#3901=CARTESIAN_POINT('',(-2.00056053,-3.575857233,5.740636671));
#3902=CARTESIAN_POINT('',(-2.00056053,-3.59565692,5.789639638));
#3903=CARTESIAN_POINT('',(-2.00056053,-3.65238584,5.876505926));
#3904=CARTESIAN_POINT('',(-2.00056053,-3.689293566,5.914336314));
#3905=CARTESIAN_POINT('',(-2.00056053,-3.774732925,5.973192394));
#3906=CARTESIAN_POINT('',(-2.00056053,-3.823232168,5.994195773));
#3907=CARTESIAN_POINT('',(-2.00056053,-3.873921845,6.005220162));
#3908=CARTESIAN_POINT('',(-2.000614655,-3.566871058,5.535047945));
#3909=CARTESIAN_POINT('',(-2.000614655,-3.556585675,5.585892723));
#3910=CARTESIAN_POINT('',(-2.000614655,-3.556317906,5.638743898));
#3911=CARTESIAN_POINT('',(-2.000614655,-3.575857233,5.740636671));
#3912=CARTESIAN_POINT('',(-2.000614655,-3.59565692,5.789639638));
#3913=CARTESIAN_POINT('',(-2.000614655,-3.65238584,5.876505926));
#3914=CARTESIAN_POINT('',(-2.000614655,-3.689293566,5.914336314));
#3915=CARTESIAN_POINT('',(-2.000614655,-3.774732925,5.973192394));
#3916=CARTESIAN_POINT('',(-2.000614655,-3.823232168,5.994195773));
#3917=CARTESIAN_POINT('',(-2.000614655,-3.873921845,6.005220162));
#3918=CARTESIAN_POINT('',(-2.001349401,-3.566871555,5.53504804));
#3919=CARTESIAN_POINT('',(-2.001348116,-3.556586169,5.585892818));
#3920=CARTESIAN_POINT('',(-2.001329448,-3.556318387,5.63874399));
#3921=CARTESIAN_POINT('',(-2.001260107,-3.575857667,5.740636752));
#3922=CARTESIAN_POINT('',(-2.00120946,-3.59565732,5.789639712));
#3923=CARTESIAN_POINT('',(-2.001083711,-3.652386157,5.876505985));
#3924=CARTESIAN_POINT('',(-2.001008656,-3.689293834,5.914336363));
#3925=CARTESIAN_POINT('',(-2.000845294,-3.774733088,5.973192425));
#3926=CARTESIAN_POINT('',(-2.000757049,-3.823232273,5.994195794));
#3927=CARTESIAN_POINT('',(-2.000668771,-3.873921894,6.005220173));
#3928=CARTESIAN_POINT('',(-2.00213267,-3.566873515,5.535048411));
#3929=CARTESIAN_POINT('',(-2.002130111,-3.556588117,5.58589319));
#3930=CARTESIAN_POINT('',(-2.002092927,-3.556320283,5.638744356));
#3931=CARTESIAN_POINT('',(-2.00195481,-3.575859382,5.740637092));
#3932=CARTESIAN_POINT('',(-2.00185393,-3.595658909,5.789640032));
#3933=CARTESIAN_POINT('',(-2.001603459,-3.652387434,5.876506248));
#3934=CARTESIAN_POINT('',(-2.001453962,-3.689294926,5.914336591));
#3935=CARTESIAN_POINT('',(-2.001128573,-3.774733781,5.973192573));
#3936=CARTESIAN_POINT('',(-2.000952805,-3.823232752,5.994195897));
#3937=CARTESIAN_POINT('',(-2.000776969,-3.87392216,6.00522023));
#3938=CARTESIAN_POINT('',(-2.002523894,-3.566874982,5.535048693));
#3939=CARTESIAN_POINT('',(-2.0025207,-3.556589577,5.585893469));
#3940=CARTESIAN_POINT('',(-2.002474269,-3.556321703,5.638744627));
#3941=CARTESIAN_POINT('',(-2.002301808,-3.575860664,5.740637333));
#3942=CARTESIAN_POINT('',(-2.002175842,-3.595660091,5.789640253));
#3943=CARTESIAN_POINT('',(-2.001863085,-3.652388371,5.876506422));
#3944=CARTESIAN_POINT('',(-2.001676412,-3.689295719,5.914336739));
#3945=CARTESIAN_POINT('',(-2.001270106,-3.774734263,5.973192664));
#3946=CARTESIAN_POINT('',(-2.001050628,-3.823233067,5.994195959));
#3947=CARTESIAN_POINT('',(-2.000831066,-3.873922309,6.005220262));
#3948=CARTESIAN_POINT('',(-2.003688758,-3.566880782,5.53504979));
#3949=CARTESIAN_POINT('',(-2.003683671,-3.556595345,5.585894573));
#3950=CARTESIAN_POINT('',(-2.00360974,-3.556327317,5.638745713));
#3951=CARTESIAN_POINT('',(-2.00333513,-3.575865744,5.740638341));
#3952=CARTESIAN_POINT('',(-2.003134556,-3.595664793,5.789641197));
#3953=CARTESIAN_POINT('',(-2.002636556,-3.652392152,5.8765072));
#3954=CARTESIAN_POINT('',(-2.002339319,-3.689298956,5.914337413));
#3955=CARTESIAN_POINT('',(-2.001692364,-3.77473632,5.973193103));
#3956=CARTESIAN_POINT('',(-2.001342892,-3.823234491,5.994196266));
#3957=CARTESIAN_POINT('',(-2.000993286,-3.8739231,6.005220434));
#3958=CARTESIAN_POINT('',(-2.004463459,-3.566886562,5.535050901));
#3959=CARTESIAN_POINT('',(-2.004457118,-3.556601098,5.585895672));
#3960=CARTESIAN_POINT('',(-2.004364907,-3.556332914,5.638746778));
#3961=CARTESIAN_POINT('',(-2.004022393,-3.575870795,5.740639294));
#3962=CARTESIAN_POINT('',(-2.00377222,-3.595669453,5.789642073));
#3963=CARTESIAN_POINT('',(-2.00315107,-3.652395854,5.876507892));
#3964=CARTESIAN_POINT('',(-2.002780327,-3.689302089,5.914337999));
#3965=CARTESIAN_POINT('',(-2.001973381,-3.774738229,5.973193466));
#3966=CARTESIAN_POINT('',(-2.001537484,-3.823235742,5.994196511));
#3967=CARTESIAN_POINT('',(-2.001101419,-3.873923698,6.005220565));
#3968=CARTESIAN_POINT('',(-2.006754799,-3.566909178,5.535055182));
#3969=CARTESIAN_POINT('',(-2.006744745,-3.55662359,5.585899976));
#3970=CARTESIAN_POINT('',(-2.006598577,-3.556354802,5.638751017));
#3971=CARTESIAN_POINT('',(-2.006055648,-3.575890611,5.740643222));
#3972=CARTESIAN_POINT('',(-2.005659093,-3.595687802,5.789645756));
#3973=CARTESIAN_POINT('',(-2.004674493,-3.652410615,5.876510928));
#3974=CARTESIAN_POINT('',(-2.004086821,-3.689314731,5.914340632));
#3975=CARTESIAN_POINT('',(-2.002807717,-3.774746286,5.973195186));
#3976=CARTESIAN_POINT('',(-2.002116768,-3.823241336,5.994197722));
#3977=CARTESIAN_POINT('',(-2.001425557,-3.873926833,6.005221247));
#3978=CARTESIAN_POINT('',(-2.008273333,-3.566931613,5.535059486));
#3979=CARTESIAN_POINT('',(-2.008260837,-3.556645919,5.585904244));
#3980=CARTESIAN_POINT('',(-2.008078956,-3.556376529,5.638755155));
#3981=CARTESIAN_POINT('',(-2.007403347,-3.575910226,5.740646936));
#3982=CARTESIAN_POINT('',(-2.006909875,-3.595705906,5.789649176));
#3983=CARTESIAN_POINT('',(-2.005684631,-3.652425018,5.876513645));
#3984=CARTESIAN_POINT('',(-2.004953324,-3.689326945,5.91434294));
#3985=CARTESIAN_POINT('',(-2.003361581,-3.774753771,5.973196624));
#3986=CARTESIAN_POINT('',(-2.002501747,-3.823246282,5.994198699));
#3987=CARTESIAN_POINT('',(-2.001641583,-3.873929257,6.005221774));
#3988=CARTESIAN_POINT('',(-2.012715233,-3.567017793,5.535075803));
#3989=CARTESIAN_POINT('',(-2.012695579,-3.556731625,5.585920648));
#3990=CARTESIAN_POINT('',(-2.012409618,-3.556459948,5.638771313));
#3991=CARTESIAN_POINT('',(-2.011347405,-3.575985788,5.740661918));
#3992=CARTESIAN_POINT('',(-2.010571556,-3.595775901,5.789663229));
#3993=CARTESIAN_POINT('',(-2.008645204,-3.652481405,5.876525242));
#3994=CARTESIAN_POINT('',(-2.007495432,-3.689375297,5.914353012));
#3995=CARTESIAN_POINT('',(-2.004992871,-3.774784739,5.973203236));
#3996=CARTESIAN_POINT('',(-2.003641032,-3.823267908,5.994203378));
#3997=CARTESIAN_POINT('',(-2.002288675,-3.873941557,6.005224449));
#3998=CARTESIAN_POINT('',(-2.015567794,-3.567100347,5.535091354));
#3999=CARTESIAN_POINT('',(-2.015543559,-3.556813698,5.585936365));
#4000=CARTESIAN_POINT('',(-2.015191155,-3.556539844,5.638786887));
#4001=CARTESIAN_POINT('',(-2.013882168,-3.576058268,5.740676532));
#4002=CARTESIAN_POINT('',(-2.012926081,-3.595843144,5.789677025));
#4003=CARTESIAN_POINT('',(-2.010552231,-3.65253586,5.876536779));
#4004=CARTESIAN_POINT('',(-2.009135369,-3.689422205,5.914363108));
#4005=CARTESIAN_POINT('',(-2.006051477,-3.774815315,5.973209984));
#4006=CARTESIAN_POINT('',(-2.004385618,-3.823289703,5.994208221));
#4007=CARTESIAN_POINT('',(-2.002719126,-3.873954571,6.005227279));
#4008=CARTESIAN_POINT('',(-2.023975978,-3.56741497,5.535150961));
#4009=CARTESIAN_POINT('',(-2.023938362,-3.557126595,5.585996288));
#4010=CARTESIAN_POINT('',(-2.023390752,-3.556844464,5.638845921));
#4011=CARTESIAN_POINT('',(-2.021356598,-3.576334456,5.740731314));
#4012=CARTESIAN_POINT('',(-2.019870824,-3.596099187,5.789728446));
#4013=CARTESIAN_POINT('',(-2.0161818,-3.652742666,5.87657932));
#4014=CARTESIAN_POINT('',(-2.013979948,-3.689599937,5.914400133));
#4015=CARTESIAN_POINT('',(-2.009187467,-3.774930151,5.973234502));
#4016=CARTESIAN_POINT('',(-2.006598656,-3.823370741,5.994225751));
#4017=CARTESIAN_POINT('',(-2.004008862,-3.874001874,6.005237567));
#4018=CARTESIAN_POINT('',(-2.029299471,-3.567711156,5.535207104));
#4019=CARTESIAN_POINT('',(-2.029253496,-3.557421164,5.586052725));
#4020=CARTESIAN_POINT('',(-2.028583429,-3.557131291,5.638901526));
#4021=CARTESIAN_POINT('',(-2.026094296,-3.576594685,5.740782945));
#4022=CARTESIAN_POINT('',(-2.024276172,-3.596340573,5.789776933));
#4023=CARTESIAN_POINT('',(-2.019761923,-3.652937997,5.876619506));
#4024=CARTESIAN_POINT('',(-2.01706751,-3.689768072,5.914435161));
#4025=CARTESIAN_POINT('',(-2.011202924,-3.775039458,5.97325784));
#4026=CARTESIAN_POINT('',(-2.008034974,-3.823448437,5.994242557));
#4027=CARTESIAN_POINT('',(-2.004865823,-3.874048016,6.005247602));
#4028=CARTESIAN_POINT('',(-2.044682331,-3.568798678,5.535413421));
#4029=CARTESIAN_POINT('',(-2.044612525,-3.558502804,5.58626011));
#4030=CARTESIAN_POINT('',(-2.043591109,-3.558184747,5.639105882));
#4031=CARTESIAN_POINT('',(-2.039796256,-3.577551351,5.740972841));
#4032=CARTESIAN_POINT('',(-2.037024258,-3.597228666,5.789955396));
#4033=CARTESIAN_POINT('',(-2.030141451,-3.653658493,5.876767776));
#4034=CARTESIAN_POINT('',(-2.026033253,-3.690389605,5.914564678));
#4035=CARTESIAN_POINT('',(-2.017091395,-3.775446922,5.97334484));
#4036=CARTESIAN_POINT('',(-2.012261126,-3.823740871,5.994305807));
#4037=CARTESIAN_POINT('',(-2.007429024,-3.874225637,6.005286234));
#4038=CARTESIAN_POINT('',(-2.054166217,-3.56978586,5.535600895));
#4039=CARTESIAN_POINT('',(-2.054082164,-3.559484702,5.586448538));
#4040=CARTESIAN_POINT('',(-2.052847543,-3.559141344,5.639291589));
#4041=CARTESIAN_POINT('',(-2.048259939,-3.578421057,5.741145571));
#4042=CARTESIAN_POINT('',(-2.044908695,-3.598036815,5.790117869));
#4043=CARTESIAN_POINT('',(-2.036587438,-3.654316199,5.876903166));
#4044=CARTESIAN_POINT('',(-2.031620581,-3.690958476,5.914683249));
#4045=CARTESIAN_POINT('',(-2.020809699,-3.775823642,5.97342528));
#4046=CARTESIAN_POINT('',(-2.014969774,-3.824014341,5.994364947));
#4047=CARTESIAN_POINT('',(-2.009127633,-3.874396055,6.0053233));
#4048=CARTESIAN_POINT('',(-2.081343486,-3.573314565,5.536272055));
#4049=CARTESIAN_POINT('',(-2.081219831,-3.562994815,5.587123043));
#4050=CARTESIAN_POINT('',(-2.079380411,-3.562562177,5.639956473));
#4051=CARTESIAN_POINT('',(-2.07254241,-3.581535183,5.74176462));
#4052=CARTESIAN_POINT('',(-2.067546425,-3.600933627,5.790700702));
#4053=CARTESIAN_POINT('',(-2.055140261,-3.656681866,5.877390408));
#4054=CARTESIAN_POINT('',(-2.047734792,-3.693010505,5.915111133));
#4055=CARTESIAN_POINT('',(-2.031615638,-3.777197255,5.973718629));
#4056=CARTESIAN_POINT('',(-2.022908071,-3.825023419,5.994583158));
#4057=CARTESIAN_POINT('',(-2.014197198,-3.875041309,6.005463652));
#4058=CARTESIAN_POINT('',(-2.097786027,-3.576413047,5.536862526));
#4059=CARTESIAN_POINT('',(-2.097640102,-3.566077303,5.587716381));
#4060=CARTESIAN_POINT('',(-2.095443254,-3.56556758,5.640541477));
#4061=CARTESIAN_POINT('',(-2.087273084,-3.58427567,5.742310008));
#4062=CARTESIAN_POINT('',(-2.081302863,-3.603486379,5.791214802));
#4063=CARTESIAN_POINT('',(-2.066476389,-3.658775741,5.877821956));
#4064=CARTESIAN_POINT('',(-2.057625764,-3.6948334,5.915491432));
#4065=CARTESIAN_POINT('',(-2.038360585,-3.778434015,5.9739828));
#4066=CARTESIAN_POINT('',(-2.027953346,-3.825945229,5.994782483));
#4067=CARTESIAN_POINT('',(-2.017542154,-3.875648801,6.005595801));
#4068=CARTESIAN_POINT('',(-2.129515865,-3.58384628,5.538283132));
#4069=CARTESIAN_POINT('',(-2.129330159,-3.573473317,5.589143736));
#4070=CARTESIAN_POINT('',(-2.126450487,-3.572781233,5.641948923));
#4071=CARTESIAN_POINT('',(-2.11572994,-3.590861389,5.743623096));
#4072=CARTESIAN_POINT('',(-2.10789314,-3.609626755,5.792453434));
#4073=CARTESIAN_POINT('',(-2.088427813,-3.663827154,5.87886429));
#4074=CARTESIAN_POINT('',(-2.076806683,-3.699241585,5.916411963));
#4075=CARTESIAN_POINT('',(-2.05150961,-3.781450722,5.974627489));
#4076=CARTESIAN_POINT('',(-2.037843281,-3.828214179,5.995273213));
#4077=CARTESIAN_POINT('',(-2.024171755,-3.877171506,6.00592712));
#4078=CARTESIAN_POINT('',(-2.144745388,-3.588188902,5.539114707));
#4079=CARTESIAN_POINT('',(-2.144542258,-3.577794656,5.589979186));
#4080=CARTESIAN_POINT('',(-2.14133875,-3.576997066,5.642772759));
#4081=CARTESIAN_POINT('',(-2.129405847,-3.594713422,5.744392057));
#4082=CARTESIAN_POINT('',(-2.120680989,-3.61322063,5.793179131));
#4083=CARTESIAN_POINT('',(-2.099007777,-3.66678961,5.879476004));
#4084=CARTESIAN_POINT('',(-2.086067665,-3.701831007,5.916952982));
#4085=CARTESIAN_POINT('',(-2.057898582,-3.783233109,5.975008483));
#4086=CARTESIAN_POINT('',(-2.042680324,-3.829562853,5.995564925));
#4087=CARTESIAN_POINT('',(-2.027456276,-3.878087351,6.006126428));
#4088=CARTESIAN_POINT('',(-2.175069005,-3.598352778,5.541066399));
#4089=CARTESIAN_POINT('',(-2.174834913,-3.587910217,5.591939945));
#4090=CARTESIAN_POINT('',(-2.170988574,-3.586866698,5.644706109));
#4091=CARTESIAN_POINT('',(-2.156641967,-3.603732533,5.746196182));
#4092=CARTESIAN_POINT('',(-2.146147162,-3.621635465,5.794881435));
#4093=CARTESIAN_POINT('',(-2.120071335,-3.673725568,5.880910255));
#4094=CARTESIAN_POINT('',(-2.104500244,-3.707892896,5.918221056));
#4095=CARTESIAN_POINT('',(-2.0706015,-3.787403606,5.975900637));
#4096=CARTESIAN_POINT('',(-2.052286757,-3.832716701,5.996247449));
#4097=CARTESIAN_POINT('',(-2.033965036,-3.880226583,6.006592126));
#4098=CARTESIAN_POINT('',(-2.190032036,-3.604202288,5.542192217));
#4099=CARTESIAN_POINT('',(-2.189784765,-3.593732666,5.593070902));
#4100=CARTESIAN_POINT('',(-2.185622483,-3.592548001,5.645821077));
#4101=CARTESIAN_POINT('',(-2.170085573,-3.608924383,5.747236177));
#4102=CARTESIAN_POINT('',(-2.158716868,-3.626479188,5.795862444));
#4103=CARTESIAN_POINT('',(-2.130466048,-3.677716841,5.881736177));
#4104=CARTESIAN_POINT('',(-2.113594702,-3.711380156,5.91895091));
#4105=CARTESIAN_POINT('',(-2.076863812,-3.789800038,5.976413366));
#4106=CARTESIAN_POINT('',(-2.057018268,-3.83452671,5.996639185));
#4107=CARTESIAN_POINT('',(-2.037165144,-3.881451336,6.006858817));
#4108=CARTESIAN_POINT('',(-2.217092169,-3.616082768,5.544488653));
#4109=CARTESIAN_POINT('',(-2.216825148,-3.605560683,5.595377518));
#4110=CARTESIAN_POINT('',(-2.212106322,-3.60409643,5.648095723));
#4111=CARTESIAN_POINT('',(-2.194465871,-3.619501042,5.749361243));
#4112=CARTESIAN_POINT('',(-2.181550981,-3.636364027,5.797869896));
#4113=CARTESIAN_POINT('',(-2.149449912,-3.685906888,5.883434606));
#4114=CARTESIAN_POINT('',(-2.130275988,-3.718567848,5.920457995));
#4115=CARTESIAN_POINT('',(-2.088528956,-3.794818081,5.977488221));
#4116=CARTESIAN_POINT('',(-2.065971787,-3.838378241,5.997473283));
#4117=CARTESIAN_POINT('',(-2.04340599,-3.884138708,6.007444227));
#4118=CARTESIAN_POINT('',(-2.233058703,-3.623891039,5.545997475));
#4119=CARTESIAN_POINT('',(-2.232781705,-3.613334469,5.596893544));
#4120=CARTESIAN_POINT('',(-2.22771923,-3.611678854,5.649589614));
#4121=CARTESIAN_POINT('',(-2.208775568,-3.626415531,5.750751317));
#4122=CARTESIAN_POINT('',(-2.194901619,-3.642802193,5.799178285));
#4123=CARTESIAN_POINT('',(-2.16041103,-3.691177122,5.884528388));
#4124=CARTESIAN_POINT('',(-2.139807571,-3.7231469,5.921418901));
#4125=CARTESIAN_POINT('',(-2.094945807,-3.797900438,5.97814905));
#4126=CARTESIAN_POINT('',(-2.070704649,-3.840655624,5.997967004));
#4127=CARTESIAN_POINT('',(-2.04645422,-3.885612567,6.007765393));
#4128=CARTESIAN_POINT('',(-2.255669346,-3.636597271,5.548465457));
#4129=CARTESIAN_POINT('',(-2.255383353,-3.625987977,5.599372914));
#4130=CARTESIAN_POINT('',(-2.249841275,-3.624024802,5.652032425));
#4131=CARTESIAN_POINT('',(-2.229069151,-3.637682643,5.753024093));
#4132=CARTESIAN_POINT('',(-2.213847059,-3.653298432,5.801317586));
#4133=CARTESIAN_POINT('',(-2.175994605,-3.699781374,5.886317739));
#4134=CARTESIAN_POINT('',(-2.153378735,-3.73063073,5.922991856));
#4135=CARTESIAN_POINT('',(-2.104131089,-3.80295732,5.979234036));
#4136=CARTESIAN_POINT('',(-2.077518166,-3.844406863,5.998780568));
#4137=CARTESIAN_POINT('',(-2.050895048,-3.88806048,6.00829907));
#4138=CARTESIAN_POINT('',(-2.262867606,-3.640905539,5.549304381));
#4139=CARTESIAN_POINT('',(-2.262579569,-3.630278908,5.600215645));
#4140=CARTESIAN_POINT('',(-2.25688659,-3.628212488,5.652862767));
#4141=CARTESIAN_POINT('',(-2.235537628,-3.641507466,5.753796959));
#4142=CARTESIAN_POINT('',(-2.219889822,-3.656863772,5.802045367));
#4143=CARTESIAN_POINT('',(-2.180975308,-3.702709609,5.886927394));
#4144=CARTESIAN_POINT('',(-2.157723506,-3.73318158,5.923528498));
#4145=CARTESIAN_POINT('',(-2.107089716,-3.804690613,5.979606123));
#4146=CARTESIAN_POINT('',(-2.079727125,-3.845700285,5.999061162));
#4147=CARTESIAN_POINT('',(-2.052354047,-3.888914813,6.008485365));
#4148=CARTESIAN_POINT('',(-2.272748705,-3.647114031,5.550517033));
#4149=CARTESIAN_POINT('',(-2.272458766,-3.636463279,5.601433578));
#4150=CARTESIAN_POINT('',(-2.266563423,-3.634251346,5.654063074));
#4151=CARTESIAN_POINT('',(-2.24443925,-3.647034286,5.75491585));
#4152=CARTESIAN_POINT('',(-2.228218902,-3.66202426,5.803100467));
#4153=CARTESIAN_POINT('',(-2.187875526,-3.706970463,5.887815514));
#4154=CARTESIAN_POINT('',(-2.163767965,-3.736909461,5.924313467));
#4155=CARTESIAN_POINT('',(-2.111268684,-3.807263845,5.980158748));
#4156=CARTESIAN_POINT('',(-2.08289709,-3.847652259,5.999484668));
#4157=CARTESIAN_POINT('',(-2.054514615,-3.890246669,6.008775861));
#4158=CARTESIAN_POINT('',(-2.275897612,-3.649144566,5.550914266));
#4159=CARTESIAN_POINT('',(-2.275607224,-3.638486067,5.60183251));
#4160=CARTESIAN_POINT('',(-2.269648212,-3.636227085,5.654456286));
#4161=CARTESIAN_POINT('',(-2.247279842,-3.648844369,5.755282676));
#4162=CARTESIAN_POINT('',(-2.230879061,-3.663715796,5.80344663));
#4163=CARTESIAN_POINT('',(-2.190085304,-3.70837084,5.888107604));
#4164=CARTESIAN_POINT('',(-2.165707971,-3.738137334,5.924572161));
#4165=CARTESIAN_POINT('',(-2.112620572,-3.808117988,5.98034224));
#4166=CARTESIAN_POINT('',(-2.083930863,-3.848305314,5.999626374));
#4167=CARTESIAN_POINT('',(-2.055230149,-3.89069901,6.008874535));
#4168=CARTESIAN_POINT('',(-2.281915335,-3.653109598,5.551691103));
#4169=CARTESIAN_POINT('',(-2.281624337,-3.642436231,5.602612588));
#4170=CARTESIAN_POINT('',(-2.275545271,-3.640086521,5.655225282));
#4171=CARTESIAN_POINT('',(-2.252715987,-3.652384213,5.756000685));
#4172=CARTESIAN_POINT('',(-2.235974527,-3.667026897,5.804124734));
#4173=CARTESIAN_POINT('',(-2.194330255,-3.711120096,5.888681336));
#4174=CARTESIAN_POINT('',(-2.169443419,-3.740553695,5.925081451));
#4175=CARTESIAN_POINT('',(-2.115245223,-3.809813135,5.980706457));
#4176=CARTESIAN_POINT('',(-2.085954657,-3.849612406,5.999910009));
#4177=CARTESIAN_POINT('',(-2.056652848,-3.891618785,6.0090752));
#4178=CARTESIAN_POINT('',(-2.28604943,-3.65589757,5.552235572));
#4179=CARTESIAN_POINT('',(-2.285758163,-3.645213441,5.603159598));
#4180=CARTESIAN_POINT('',(-2.279589684,-3.642795072,5.655763816));
#4181=CARTESIAN_POINT('',(-2.256416758,-3.654849939,5.756500102));
#4182=CARTESIAN_POINT('',(-2.239421204,-3.669318547,5.804593513));
#4183=CARTESIAN_POINT('',(-2.19714247,-3.712983803,5.889069977));
#4184=CARTESIAN_POINT('',(-2.171875515,-3.742163692,5.925420612));
#4185=CARTESIAN_POINT('',(-2.116848555,-3.810873237,5.980934243));
#4186=CARTESIAN_POINT('',(-2.087109668,-3.850376524,6.000075935));
#4187=CARTESIAN_POINT('',(-2.057359361,-3.892087391,6.009177447));
#4188=CARTESIAN_POINT('',(-2.304346036,-3.668653249,5.554733465));
#4189=CARTESIAN_POINT('',(-2.304054868,-3.657921399,5.605668737));
#4190=CARTESIAN_POINT('',(-2.297501412,-3.655196606,5.658234964));
#4191=CARTESIAN_POINT('',(-2.272846441,-3.666167135,5.758796332));
#4192=CARTESIAN_POINT('',(-2.254754402,-3.67985824,5.80675282));
#4193=CARTESIAN_POINT('',(-2.209737061,-3.721611935,5.890871307));
#4194=CARTESIAN_POINT('',(-2.182829063,-3.749658475,5.927000971));
#4195=CARTESIAN_POINT('',(-2.1242239,-3.81591159,5.982017379));
#4196=CARTESIAN_POINT('',(-2.092549261,-3.854092696,6.000882974));
#4197=CARTESIAN_POINT('',(-2.06086244,-3.894483584,6.009700352));
#4198=CARTESIAN_POINT('',(-2.318494351,-3.679617567,5.556889634));
#4199=CARTESIAN_POINT('',(-2.31820651,-3.668846969,5.607834447));
#4200=CARTESIAN_POINT('',(-2.311357609,-3.665860718,5.660367608));
#4201=CARTESIAN_POINT('',(-2.285558885,-3.675902153,5.760777462));
#4202=CARTESIAN_POINT('',(-2.266618991,-3.688925972,5.808615508));
#4203=CARTESIAN_POINT('',(-2.219482145,-3.729037763,5.892424752));
#4204=CARTESIAN_POINT('',(-2.191303335,-3.756110294,5.92836369));
#4205=CARTESIAN_POINT('',(-2.129926501,-3.820251749,5.982951366));
#4206=CARTESIAN_POINT('',(-2.0967521,-3.857295983,6.001579092));
#4207=CARTESIAN_POINT('',(-2.063564925,-3.896551839,6.010151911));
#4208=CARTESIAN_POINT('',(-2.340372685,-3.698855957,5.560695166));
#4209=CARTESIAN_POINT('',(-2.340096266,-3.688022997,5.611656756));
#4210=CARTESIAN_POINT('',(-2.332785262,-3.684573117,5.66412911));
#4211=CARTESIAN_POINT('',(-2.305185408,-3.692954482,5.764262651));
#4212=CARTESIAN_POINT('',(-2.284907206,-3.704782494,5.811885209));
#4213=CARTESIAN_POINT('',(-2.234421211,-3.741947554,5.895133146));
#4214=CARTESIAN_POINT('',(-2.204232893,-3.767270265,5.930726409));
#4215=CARTESIAN_POINT('',(-2.138471877,-3.827616023,5.984538411));
#4216=CARTESIAN_POINT('',(-2.102924546,-3.862615792,6.002736391));
#4217=CARTESIAN_POINT('',(-2.067363496,-3.899830173,6.010868116));
#4218=CARTESIAN_POINT('',(-2.347786106,-3.705740717,5.562060154));
#4219=CARTESIAN_POINT('',(-2.347514566,-3.694886225,5.613027758));
#4220=CARTESIAN_POINT('',(-2.340046179,-3.691269776,5.665477975));
#4221=CARTESIAN_POINT('',(-2.311830958,-3.699053003,5.765511204));
#4222=CARTESIAN_POINT('',(-2.291095018,-3.710449673,5.813055597));
#4223=CARTESIAN_POINT('',(-2.239462958,-3.746551217,5.896100093));
#4224=CARTESIAN_POINT('',(-2.208586771,-3.771242153,5.931568136));
#4225=CARTESIAN_POINT('',(-2.141324797,-3.830217191,5.98509933));
#4226=CARTESIAN_POINT('',(-2.104964978,-3.864478522,6.003141815));
#4227=CARTESIAN_POINT('',(-2.068591116,-3.900955504,6.011114033));
#4228=CARTESIAN_POINT('',(-2.359722806,-3.717711783,5.564441668));
#4229=CARTESIAN_POINT('',(-2.359461478,-3.706821994,5.615419819));
#4230=CARTESIAN_POINT('',(-2.351736135,-3.702912056,5.667830128));
#4231=CARTESIAN_POINT('',(-2.322511812,-3.709636139,5.767683406));
#4232=CARTESIAN_POINT('',(-2.30102413,-3.72026756,5.815087774));
#4233=CARTESIAN_POINT('',(-2.24750861,-3.754480507,5.897768358));
#4234=CARTESIAN_POINT('',(-2.21550146,-3.778048806,5.933012607));
#4235=CARTESIAN_POINT('',(-2.145771184,-3.834587242,5.986042491));
#4236=CARTESIAN_POINT('',(-2.108075014,-3.867535522,6.003807623));
#4237=CARTESIAN_POINT('',(-2.070364265,-3.902701134,6.011495628));
#4238=CARTESIAN_POINT('',(-2.36382681,-3.721992797,5.565294817));
#4239=CARTESIAN_POINT('',(-2.363569424,-3.711090773,5.616276747));
#4240=CARTESIAN_POINT('',(-2.355755248,-3.707075345,5.66867255));
#4241=CARTESIAN_POINT('',(-2.326181254,-3.713417845,5.768460596));
#4242=CARTESIAN_POINT('',(-2.304432874,-3.723773318,5.815814242));
#4243=CARTESIAN_POINT('',(-2.250263954,-3.757304931,5.898363093));
#4244=CARTESIAN_POINT('',(-2.217864363,-3.780468101,5.933526368));
#4245=CARTESIAN_POINT('',(-2.147277502,-3.836127086,5.986374961));
#4246=CARTESIAN_POINT('',(-2.109117532,-3.868601375,6.004039837));
#4247=CARTESIAN_POINT('',(-2.070942796,-3.903293577,6.011625155));
#4248=CARTESIAN_POINT('',(-2.370796736,-3.729501409,5.56679571));
#4249=CARTESIAN_POINT('',(-2.370546399,-3.718578729,5.617783956));
#4250=CARTESIAN_POINT('',(-2.362585627,-3.714383127,5.670154784));
#4251=CARTESIAN_POINT('',(-2.332433527,-3.720073415,5.769830955));
#4252=CARTESIAN_POINT('',(-2.310253872,-3.729957103,5.817097716));
#4253=CARTESIAN_POINT('',(-2.255003715,-3.76232372,5.89942111));
#4254=CARTESIAN_POINT('',(-2.2219546,-3.78479412,5.934445877));
#4255=CARTESIAN_POINT('',(-2.149949894,-3.838949249,5.986984539));
#4256=CARTESIAN_POINT('',(-2.111022175,-3.870613016,6.004478096));
#4257=CARTESIAN_POINT('',(-2.072079382,-3.904495744,6.011888033));
#4258=CARTESIAN_POINT('',(-2.373993421,-3.733064453,5.567509697));
#4259=CARTESIAN_POINT('',(-2.373746533,-3.72213231,5.618500848));
#4260=CARTESIAN_POINT('',(-2.365719643,-3.717852488,5.670859896));
#4261=CARTESIAN_POINT('',(-2.33530628,-3.723237529,5.770483483));
#4262=CARTESIAN_POINT('',(-2.312931583,-3.732900308,5.817709445));
#4263=CARTESIAN_POINT('',(-2.257192292,-3.764721308,5.899927059));
#4264=CARTESIAN_POINT('',(-2.223849282,-3.786867207,5.934886874));
#4265=CARTESIAN_POINT('',(-2.151202975,-3.840317872,5.987280273));
#4266=CARTESIAN_POINT('',(-2.111927809,-3.871601942,6.004693571));
#4267=CARTESIAN_POINT('',(-2.072637429,-3.905105476,6.012021383));
#4268=CARTESIAN_POINT('',(-2.389144796,-3.750413878,5.570993024));
#4269=CARTESIAN_POINT('',(-2.388915029,-3.739436904,5.621998018));
#4270=CARTESIAN_POINT('',(-2.380577943,-3.734750997,5.674299833));
#4271=CARTESIAN_POINT('',(-2.34893699,-3.738662659,5.773668654));
#4272=CARTESIAN_POINT('',(-2.325645395,-3.747258711,5.820697114));
#4273=CARTESIAN_POINT('',(-2.26760614,-3.776444526,5.902402981));
#4274=CARTESIAN_POINT('',(-2.232880993,-3.797022968,5.937048694));
#4275=CARTESIAN_POINT('',(-2.157217144,-3.847070642,5.98873994));
#4276=CARTESIAN_POINT('',(-2.116307791,-3.876520461,6.005765423));
#4277=CARTESIAN_POINT('',(-2.075382564,-3.908192187,6.012696576));
#4278=CARTESIAN_POINT('',(-2.398857018,-3.762957276,5.573531681));
#4279=CARTESIAN_POINT('',(-2.39864058,-3.751951606,5.624545758));
#4280=CARTESIAN_POINT('',(-2.390114129,-3.746984164,5.676806602));
#4281=CARTESIAN_POINT('',(-2.357718121,-3.749869644,5.775995141));
#4282=CARTESIAN_POINT('',(-2.333861146,-3.757721446,5.822884319));
#4283=CARTESIAN_POINT('',(-2.274402065,-3.785067205,5.904230274));
#4284=CARTESIAN_POINT('',(-2.23882305,-3.804550542,5.938655462));
#4285=CARTESIAN_POINT('',(-2.161294375,-3.852220179,5.989854662));
#4286=CARTESIAN_POINT('',(-2.119374822,-3.880387964,6.006608791));
#4287=CARTESIAN_POINT('',(-2.077438983,-3.910779432,6.013262876));
#4288=CARTESIAN_POINT('',(-2.41764727,-3.789554466,5.578945194));
#4289=CARTESIAN_POINT('',(-2.417459851,-3.778493312,5.629977816));
#4290=CARTESIAN_POINT('',(-2.408566585,-3.772930234,5.682149441));
#4291=CARTESIAN_POINT('',(-2.374701699,-3.773634269,5.780948671));
#4292=CARTESIAN_POINT('',(-2.34974326,-3.779901109,5.827537821));
#4293=CARTESIAN_POINT('',(-2.287516325,-3.803324786,5.908110134));
#4294=CARTESIAN_POINT('',(-2.25027205,-3.820472506,5.942061936));
#4295=CARTESIAN_POINT('',(-2.169105797,-3.863068678,5.992206463));
#4296=CARTESIAN_POINT('',(-2.12521541,-3.888500548,6.008379672));
#4297=CARTESIAN_POINT('',(-2.081307933,-3.916159665,6.0144414));
#4298=CARTESIAN_POINT('',(-2.426122875,-3.80297753,5.581695428));
#4299=CARTESIAN_POINT('',(-2.425950379,-3.791891455,5.632736783));
#4300=CARTESIAN_POINT('',(-2.416894803,-3.786032662,5.684862706));
#4301=CARTESIAN_POINT('',(-2.382375874,-3.785648481,5.78346449));
#4302=CARTESIAN_POINT('',(-2.356925969,-3.791123242,5.829901933));
#4303=CARTESIAN_POINT('',(-2.293462886,-3.812585166,5.91008402));
#4304=CARTESIAN_POINT('',(-2.255474435,-3.828563967,5.943797423));
#4305=CARTESIAN_POINT('',(-2.172682163,-3.868620256,5.993411719));
#4306=CARTESIAN_POINT('',(-2.127910599,-3.892682136,6.009293282));
#4307=CARTESIAN_POINT('',(-2.083121581,-3.918972996,6.015058086));
#4308=CARTESIAN_POINT('',(-2.448392636,-3.84180762,5.589701493));
#4309=CARTESIAN_POINT('',(-2.448261948,-3.830656273,5.640766039));
#4310=CARTESIAN_POINT('',(-2.438788748,-3.823959827,5.692758861));
#4311=CARTESIAN_POINT('',(-2.402580257,-3.820482538,5.790791186));
#4312=CARTESIAN_POINT('',(-2.375859113,-3.823703053,5.836792385));
#4313=CARTESIAN_POINT('',(-2.309196706,-3.839578438,5.91585496));
#4314=CARTESIAN_POINT('',(-2.269281487,-3.852227104,5.948885444));
#4315=CARTESIAN_POINT('',(-2.182278525,-3.885046118,5.996983221));
#4316=CARTESIAN_POINT('',(-2.135224772,-3.905203641,6.01203172));
#4317=CARTESIAN_POINT('',(-2.088152627,-3.927595066,6.016949574));
#4318=CARTESIAN_POINT('',(-2.459680042,-3.866453872,5.594845423));
#4319=CARTESIAN_POINT('',(-2.459574334,-3.855269647,5.64592226));
#4320=CARTESIAN_POINT('',(-2.449898675,-3.848060508,5.697828935));
#4321=CARTESIAN_POINT('',(-2.412861852,-3.842676013,5.79549949));
#4322=CARTESIAN_POINT('',(-2.38551518,-3.844502762,5.841225153));
#4323=CARTESIAN_POINT('',(-2.317275941,-3.856919532,5.919583879));
#4324=CARTESIAN_POINT('',(-2.276410073,-3.86750469,5.952186279));
#4325=CARTESIAN_POINT('',(-2.187328607,-3.895837235,5.999336417));
#4326=CARTESIAN_POINT('',(-2.139147863,-3.91357353,6.013865704));
#4327=CARTESIAN_POINT('',(-2.090948261,-3.933546702,6.018257186));
#4328=CARTESIAN_POINT('',(-2.488080459,-3.942812381,5.610954376));
#4329=CARTESIAN_POINT('',(-2.488041827,-3.931544035,5.66206279));
#4330=CARTESIAN_POINT('',(-2.477857688,-3.922758634,5.713690595));
#4331=CARTESIAN_POINT('',(-2.438731977,-3.91147653,5.810210259));
#4332=CARTESIAN_POINT('',(-2.409805771,-3.908984253,5.855064209));
#4333=CARTESIAN_POINT('',(-2.337582495,-3.910672044,5.931205629));
#4334=CARTESIAN_POINT('',(-2.294313789,-3.91485144,5.962463193));
#4335=CARTESIAN_POINT('',(-2.199977835,-3.929251073,6.00664475));
#4336=CARTESIAN_POINT('',(-2.148947633,-3.939465647,6.01955139));
#4337=CARTESIAN_POINT('',(-2.097897383,-3.951925405,6.022301978));
#4338=CARTESIAN_POINT('',(-2.500884833,-3.99925804,5.623068278));
#4339=CARTESIAN_POINT('',(-2.500885822,-3.987954962,5.674194228));
#4340=CARTESIAN_POINT('',(-2.490468841,-3.978014725,5.725601301));
#4341=CARTESIAN_POINT('',(-2.450369091,-3.962358227,5.821229109));
#4342=CARTESIAN_POINT('',(-2.420702101,-3.956648126,5.865412215));
#4343=CARTESIAN_POINT('',(-2.346605589,-3.950324921,5.939857126));
#4344=CARTESIAN_POINT('',(-2.302205224,-3.949714303,5.970089636));
#4345=CARTESIAN_POINT('',(-2.205392737,-3.953687099,6.01201783));
#4346=CARTESIAN_POINT('',(-2.153018709,-3.958268951,6.023697015));
#4347=CARTESIAN_POINT('',(-2.100624062,-3.965100956,6.02521109));
#4348=CARTESIAN_POINT('',(-2.500513483,-4.074882404,5.639836153));
#4349=CARTESIAN_POINT('',(-2.500513341,-4.063551434,5.690955186));
#4350=CARTESIAN_POINT('',(-2.490103293,-4.052000307,5.7420043));
#4351=CARTESIAN_POINT('',(-2.450032449,-4.03019879,5.836268268));
#4352=CARTESIAN_POINT('',(-2.420387418,-4.019956976,5.879446034));
#4353=CARTESIAN_POINT('',(-2.346346414,-4.002334948,5.951385125));
#4354=CARTESIAN_POINT('',(-2.301979572,-3.994961667,5.980118145));
#4355=CARTESIAN_POINT('',(-2.205240437,-3.984201913,6.018780325));
#4356=CARTESIAN_POINT('',(-2.152906207,-3.980819674,6.028694273));
#4357=CARTESIAN_POINT('',(-2.100551375,-3.97968997,6.028443937));
#4358=CARTESIAN_POINT('',(-2.500246731,-4.083240573,5.641696166));
#4359=CARTESIAN_POINT('',(-2.500245783,-4.071906603,5.692813907));
#4360=CARTESIAN_POINT('',(-2.489840767,-4.060177747,5.743822809));
#4361=CARTESIAN_POINT('',(-2.449790871,-4.037698062,5.837934755));
#4362=CARTESIAN_POINT('',(-2.420161747,-4.026956078,5.881000771));
#4363=CARTESIAN_POINT('',(-2.346160922,-4.008086887,5.952661875));
#4364=CARTESIAN_POINT('',(-2.301818335,-3.999967104,5.98122877));
#4365=CARTESIAN_POINT('',(-2.205132233,-3.987580999,6.019529574));
#4366=CARTESIAN_POINT('',(-2.152826758,-3.983319549,6.029248415));
#4367=CARTESIAN_POINT('',(-2.100500662,-3.981310855,6.028803271));
#4368=CARTESIAN_POINT('',(-2.499305786,-4.099602284,5.645350007));
#4369=CARTESIAN_POINT('',(-2.499302005,-4.088262239,5.696464546));
#4370=CARTESIAN_POINT('',(-2.488914453,-4.076187125,5.747394153));
#4371=CARTESIAN_POINT('',(-2.448937338,-4.052386629,5.841207785));
#4372=CARTESIAN_POINT('',(-2.419363501,-4.040670609,5.884054906));
#4373=CARTESIAN_POINT('',(-2.345502407,-4.019372773,5.955172174));
#4374=CARTESIAN_POINT('',(-2.301244206,-4.009799337,5.983414345));
#4375=CARTESIAN_POINT('',(-2.204742747,-3.994246263,6.021009318));
#4376=CARTESIAN_POINT('',(-2.152537451,-3.988272744,6.030347333));
#4377=CARTESIAN_POINT('',(-2.100311577,-3.984552387,6.029522198));
#4378=CARTESIAN_POINT('',(-2.498677407,-4.107271483,5.647068289));
#4379=CARTESIAN_POINT('',(-2.498671763,-4.095928377,5.698181038));
#4380=CARTESIAN_POINT('',(-2.488295606,-4.083693443,5.749073642));
#4381=CARTESIAN_POINT('',(-2.448366018,-4.059283794,5.842748729));
#4382=CARTESIAN_POINT('',(-2.418828292,-4.047118682,5.885494366));
#4383=CARTESIAN_POINT('',(-2.345058492,-4.024701245,5.956359799));
#4384=CARTESIAN_POINT('',(-2.300855436,-4.014457738,5.984451719));
#4385=CARTESIAN_POINT('',(-2.204474682,-3.997444912,6.021720349));
#4386=CARTESIAN_POINT('',(-2.152334895,-3.990682287,6.030882397));
#4387=CARTESIAN_POINT('',(-2.10017459,-3.986173038,6.029881792));
#4388=CARTESIAN_POINT('',(-2.495901385,-4.132736548,5.652794817));
#4389=CARTESIAN_POINT('',(-2.495887413,-4.12138396,5.703899966));
#4390=CARTESIAN_POINT('',(-2.485563331,-4.108605484,5.754664509));
#4391=CARTESIAN_POINT('',(-2.445850537,-4.082122167,5.84786339));
#4392=CARTESIAN_POINT('',(-2.416477439,-4.068427742,5.890261082));
#4393=CARTESIAN_POINT('',(-2.343123659,-4.042196794,5.960264663));
#4394=CARTESIAN_POINT('',(-2.299171818,-4.029670587,5.987843028));
#4395=CARTESIAN_POINT('',(-2.203340719,-4.007684134,6.023997515));
#4396=CARTESIAN_POINT('',(-2.151499139,-3.998232534,6.032559423));
#4397=CARTESIAN_POINT('',(-2.099637167,-3.991034642,6.030960962));
#4398=CARTESIAN_POINT('',(-2.494113039,-4.143752016,5.655287339));
#4399=CARTESIAN_POINT('',(-2.494094363,-4.132392898,5.706387919));
#4400=CARTESIAN_POINT('',(-2.483799947,-4.119407019,5.757102096));
#4401=CARTESIAN_POINT('',(-2.44421058,-4.092138188,5.850117107));
#4402=CARTESIAN_POINT('',(-2.414931192,-4.077865954,5.892381376));
#4403=CARTESIAN_POINT('',(-2.341814197,-4.050196115,5.962055964));
#4404=CARTESIAN_POINT('',(-2.298005332,-4.036809388,5.989438893));
#4405=CARTESIAN_POINT('',(-2.202487055,-4.012949184,6.025170552));
#4406=CARTESIAN_POINT('',(-2.150815189,-4.002485088,6.033505236));
#4407=CARTESIAN_POINT('',(-2.099123004,-3.994275275,6.031680932));
#4408=CARTESIAN_POINT('',(-2.489674401,-4.166069872,5.660364704));
#4409=CARTESIAN_POINT('',(-2.489643366,-4.154699619,5.711454428));
#4410=CARTESIAN_POINT('',(-2.47942979,-4.141251006,5.762054364));
#4411=CARTESIAN_POINT('',(-2.440175853,-4.112222601,5.854653659));
#4412=CARTESIAN_POINT('',(-2.411150913,-4.096654213,5.896616641));
#4413=CARTESIAN_POINT('',(-2.338676617,-4.065753867,5.965549111));
#4414=CARTESIAN_POINT('',(-2.295255733,-4.05043405,5.992491519));
#4415=CARTESIAN_POINT('',(-2.200586234,-4.0223625,6.02727081));
#4416=CARTESIAN_POINT('',(-2.14937481,-4.009621795,6.03509403));
#4417=CARTESIAN_POINT('',(-2.098143259,-3.99913562,6.032761686));
#4418=CARTESIAN_POINT('',(-2.488328748,-4.172114327,5.661743114));
#4419=CARTESIAN_POINT('',(-2.488294237,-4.160740359,5.712829632));
#4420=CARTESIAN_POINT('',(-2.478103711,-4.147173598,5.763400034));
#4421=CARTESIAN_POINT('',(-2.438945318,-4.117697647,5.855892711));
#4422=CARTESIAN_POINT('',(-2.409992832,-4.101800034,5.897778656));
#4423=CARTESIAN_POINT('',(-2.337701519,-4.070079715,5.966521746));
#4424=CARTESIAN_POINT('',(-2.294391087,-4.054269469,5.993351889));
#4425=CARTESIAN_POINT('',(-2.199963211,-4.025129835,6.027888762));
#4426=CARTESIAN_POINT('',(-2.148882857,-4.011811891,6.035581925));
#4427=CARTESIAN_POINT('',(-2.097782431,-4.000748668,6.033120522));
#4428=CARTESIAN_POINT('',(-2.48504437,-4.185675262,5.664844397));
#4429=CARTESIAN_POINT('',(-2.485001171,-4.174293332,5.71592314));
#4430=CARTESIAN_POINT('',(-2.474869228,-4.160450966,5.76642405));
#4431=CARTESIAN_POINT('',(-2.43595339,-4.129929562,5.858666438));
#4432=CARTESIAN_POINT('',(-2.407184773,-4.113262509,5.900371701));
#4433=CARTESIAN_POINT('',(-2.335357745,-4.079625212,5.968670932));
#4434=CARTESIAN_POINT('',(-2.292327534,-4.062668175,5.995238087));
#4435=CARTESIAN_POINT('',(-2.198512637,-4.031030501,6.029207342));
#4436=CARTESIAN_POINT('',(-2.147764785,-4.016362285,6.036596107));
#4437=CARTESIAN_POINT('',(-2.096997001,-4.003948971,6.033832756));
#4438=CARTESIAN_POINT('',(-2.483232957,-4.192527289,5.666415789));
#4439=CARTESIAN_POINT('',(-2.483185007,-4.181141176,5.71749027));
#4440=CARTESIAN_POINT('',(-2.473085603,-4.167158722,5.767955475));
#4441=CARTESIAN_POINT('',(-2.434304333,-4.136106176,5.860069867));
#4442=CARTESIAN_POINT('',(-2.40563769,-4.119048272,5.901682898));
#4443=CARTESIAN_POINT('',(-2.334068109,-4.084437252,5.969755846));
#4444=CARTESIAN_POINT('',(-2.291193263,-4.066897721,5.996189044));
#4445=CARTESIAN_POINT('',(-2.197718207,-4.033991184,6.02986941));
#4446=CARTESIAN_POINT('',(-2.147154686,-4.018637094,6.037103357));
#4447=CARTESIAN_POINT('',(-2.096571306,-4.005537957,6.034186541));
#4448=CARTESIAN_POINT('',(-2.477370318,-4.21291931,5.671105256));
#4449=CARTESIAN_POINT('',(-2.477307298,-4.201519936,5.722166124));
#4450=CARTESIAN_POINT('',(-2.467313405,-4.187120109,5.772523898));
#4451=CARTESIAN_POINT('',(-2.428967854,-4.15448659,5.864254911));
#4452=CARTESIAN_POINT('',(-2.400631234,-4.136265697,5.905592173));
#4453=CARTESIAN_POINT('',(-2.329894683,-4.098757742,5.972989363));
#4454=CARTESIAN_POINT('',(-2.287522495,-4.079485391,5.999022856));
#4455=CARTESIAN_POINT('',(-2.195146878,-4.042804287,6.031841865));
#4456=CARTESIAN_POINT('',(-2.14517968,-4.025409921,6.038614511));
#4457=CARTESIAN_POINT('',(-2.095192872,-4.010270608,6.035240692));
#4458=CARTESIAN_POINT('',(-2.47289163,-4.226237026,5.674185522));
#4459=CARTESIAN_POINT('',(-2.472817507,-4.214827854,5.725236125));
#4460=CARTESIAN_POINT('',(-2.4629045,-4.200155144,5.775522114));
#4461=CARTESIAN_POINT('',(-2.424892086,-4.166490103,5.866999539));
#4462=CARTESIAN_POINT('',(-2.396807578,-4.147510968,5.908155117));
#4463=CARTESIAN_POINT('',(-2.326707151,-4.108114839,5.975108327));
#4464=CARTESIAN_POINT('',(-2.284718709,-4.087713284,6.000879714));
#4465=CARTESIAN_POINT('',(-2.193182344,-4.048572577,6.033134859));
#4466=CARTESIAN_POINT('',(-2.143670299,-4.029848766,6.039605975));
#4467=CARTESIAN_POINT('',(-2.094138827,-4.013379984,6.035933864));
#4468=CARTESIAN_POINT('',(-2.463566491,-4.250853702,5.679903673));
#4469=CARTESIAN_POINT('',(-2.463470834,-4.239423697,5.730933473));
#4470=CARTESIAN_POINT('',(-2.453723274,-4.224254686,5.781086752));
#4471=CARTESIAN_POINT('',(-2.416389968,-4.188719441,5.872099341));
#4472=CARTESIAN_POINT('',(-2.388818837,-4.168367117,5.912923021));
#4473=CARTESIAN_POINT('',(-2.320013138,-4.125553227,5.979067006));
#4474=CARTESIAN_POINT('',(-2.278805506,-4.103108422,6.004361417));
#4475=CARTESIAN_POINT('',(-2.188976545,-4.059517885,6.035591876));
#4476=CARTESIAN_POINT('',(-2.140390382,-4.03838922,6.041515698));
#4477=CARTESIAN_POINT('',(-2.091785178,-4.019515613,6.037302773));
#4478=CARTESIAN_POINT('',(-2.458626796,-4.26257365,5.682638318));
#4479=CARTESIAN_POINT('',(-2.458520301,-4.251132574,5.733657333));
#4480=CARTESIAN_POINT('',(-2.448859597,-4.235729234,5.783746941));
#4481=CARTESIAN_POINT('',(-2.411881888,-4.199313345,5.874538275));
#4482=CARTESIAN_POINT('',(-2.38457935,-4.178315045,5.915204475));
#4483=CARTESIAN_POINT('',(-2.316450795,-4.133894073,5.980965331));
#4484=CARTESIAN_POINT('',(-2.275651433,-4.110488782,6.006034255));
#4485=CARTESIAN_POINT('',(-2.186715157,-4.064806743,6.036780946));
#4486=CARTESIAN_POINT('',(-2.138613039,-4.042547869,6.042446683));
#4487=CARTESIAN_POINT('',(-2.090492093,-4.022544065,6.037979003));
#4488=CARTESIAN_POINT('',(-2.447039607,-4.287239847,5.688423548));
#4489=CARTESIAN_POINT('',(-2.446908761,-4.275773279,5.739417201));
#4490=CARTESIAN_POINT('',(-2.43745765,-4.259864819,5.789367238));
#4491=CARTESIAN_POINT('',(-2.401334494,-4.221553654,5.87967735));
#4492=CARTESIAN_POINT('',(-2.374676563,-4.199165917,5.920002141));
#4493=CARTESIAN_POINT('',(-2.308172125,-4.151288919,5.984934225));
#4494=CARTESIAN_POINT('',(-2.268351601,-4.125818364,6.00951615));
#4495=CARTESIAN_POINT('',(-2.181555152,-4.075638995,6.039219453));
#4496=CARTESIAN_POINT('',(-2.134613137,-4.050949787,6.044329228));
#4497=CARTESIAN_POINT('',(-2.087652775,-4.028515307,6.039313376));
#4498=CARTESIAN_POINT('',(-2.44054392,-4.299780655,5.691379374));
#4499=CARTESIAN_POINT('',(-2.440400031,-4.28829991,5.742358752));
#4500=CARTESIAN_POINT('',(-2.431067908,-4.272131704,5.79223571));
#4501=CARTESIAN_POINT('',(-2.395428351,-4.232847952,5.882296053));
#4502=CARTESIAN_POINT('',(-2.36913483,-4.209747742,5.922444282));
#4503=CARTESIAN_POINT('',(-2.303548095,-4.160099066,5.986948838));
#4504=CARTESIAN_POINT('',(-2.264280484,-4.133569982,6.011279985));
#4505=CARTESIAN_POINT('',(-2.17869254,-4.081085582,6.040446852));
#4506=CARTESIAN_POINT('',(-2.132405617,-4.055150755,6.045271187));
#4507=CARTESIAN_POINT('',(-2.086100577,-4.031470327,6.039974258));
#4508=CARTESIAN_POINT('',(-2.418655847,-4.337731314,5.700372232));
#4509=CARTESIAN_POINT('',(-2.418471425,-4.326202236,5.751304383));
#4510=CARTESIAN_POINT('',(-2.4095483,-4.309235166,5.800953329));
#4511=CARTESIAN_POINT('',(-2.375562594,-4.26696926,5.890240165));
#4512=CARTESIAN_POINT('',(-2.350513243,-4.24168688,5.929843297));
#4513=CARTESIAN_POINT('',(-2.288057487,-4.18661445,5.993030703));
#4514=CARTESIAN_POINT('',(-2.250675395,-4.156845842,6.016590379));
#4515=CARTESIAN_POINT('',(-2.169207911,-4.097307811,6.044109064));
#4516=CARTESIAN_POINT('',(-2.125154233,-4.06756157,6.04805736));
#4517=CARTESIAN_POINT('',(-2.081083359,-4.040068437,6.041898635));
#4518=CARTESIAN_POINT('',(-2.401154695,-4.363477236,5.706533706));
#4519=CARTESIAN_POINT('',(-2.400940715,-4.351908987,5.757428422));
#4520=CARTESIAN_POINT('',(-2.392351888,-4.334384348,5.806913729));
#4521=CARTESIAN_POINT('',(-2.359710961,-4.290047434,5.895653148));
#4522=CARTESIAN_POINT('',(-2.335671541,-4.263252385,5.934872787));
#4523=CARTESIAN_POINT('',(-2.275755365,-4.204423073,5.997137295));
#4524=CARTESIAN_POINT('',(-2.239901883,-4.172411669,6.020157974));
#4525=CARTESIAN_POINT('',(-2.161774195,-4.107990846,6.046528032));
#4526=CARTESIAN_POINT('',(-2.119530335,-4.075606462,6.049867168));
#4527=CARTESIAN_POINT('',(-2.077270061,-4.045473823,6.043110392));
#4528=CARTESIAN_POINT('',(-2.371198175,-4.397613177,5.714805666));
#4529=CARTESIAN_POINT('',(-2.370950689,-4.385976803,5.765638949));
#4530=CARTESIAN_POINT('',(-2.362972902,-4.367677013,5.814888573));
#4531=CARTESIAN_POINT('',(-2.332749717,-4.320487166,5.9028557));
#4532=CARTESIAN_POINT('',(-2.310516022,-4.291615381,5.941539146));
#4533=CARTESIAN_POINT('',(-2.255129243,-4.227635603,6.002521069));
#4534=CARTESIAN_POINT('',(-2.221997603,-4.192552381,6.024795936));
#4535=CARTESIAN_POINT('',(-2.14981231,-4.121445662,6.049582498));
#4536=CARTESIAN_POINT('',(-2.110786606,-4.085449695,6.052084596));
#4537=CARTESIAN_POINT('',(-2.071745786,-4.051702563,6.044508433));
#4538=CARTESIAN_POINT('',(-2.364778538,-4.404541134,5.716489464));
#4539=CARTESIAN_POINT('',(-2.364524573,-4.39289013,5.767309708));
#4540=CARTESIAN_POINT('',(-2.356679294,-4.374431266,5.816510596));
#4541=CARTESIAN_POINT('',(-2.326978873,-4.326657202,5.904318736));
#4542=CARTESIAN_POINT('',(-2.305135222,-4.297360484,5.942892016));
#4543=CARTESIAN_POINT('',(-2.250726368,-4.232327197,6.003610777));
#4544=CARTESIAN_POINT('',(-2.218182216,-4.19661579,6.025732766));
#4545=CARTESIAN_POINT('',(-2.147279372,-4.124141894,6.050195008));
#4546=CARTESIAN_POINT('',(-2.108948111,-4.087407447,6.052525797));
#4547=CARTESIAN_POINT('',(-2.070602014,-4.052921191,6.044782046));
#4548=CARTESIAN_POINT('',(-2.354320859,-4.41511242,5.719067049));
#4549=CARTESIAN_POINT('',(-2.35405789,-4.403437619,5.769866406));
#4550=CARTESIAN_POINT('',(-2.346431756,-4.384732968,5.818991374));
#4551=CARTESIAN_POINT('',(-2.317592528,-4.336058506,5.906553087));
#4552=CARTESIAN_POINT('',(-2.296390579,-4.306107507,5.944955993));
#4553=CARTESIAN_POINT('',(-2.243589651,-4.239452764,6.005268374));
#4554=CARTESIAN_POINT('',(-2.212011077,-4.202774778,6.027154543));
#4555=CARTESIAN_POINT('',(-2.143215653,-4.128197413,6.051116964));
#4556=CARTESIAN_POINT('',(-2.106025389,-4.090326854,6.053183956));
#4557=CARTESIAN_POINT('',(-2.068820747,-4.054703421,6.045182324));
#4558=CARTESIAN_POINT('',(-2.350053559,-4.419287269,5.720087798));
#4559=CARTESIAN_POINT('',(-2.349787119,-4.407602713,5.770878503));
#4560=CARTESIAN_POINT('',(-2.342253711,-4.388797685,5.819972354));
#4561=CARTESIAN_POINT('',(-2.313778213,-4.339755568,5.907433265));
#4562=CARTESIAN_POINT('',(-2.292847122,-4.309537422,5.945766543));
#4563=CARTESIAN_POINT('',(-2.240724699,-4.24222061,6.005912952));
#4564=CARTESIAN_POINT('',(-2.2095535,-4.205147945,6.02770285));
#4565=CARTESIAN_POINT('',(-2.141647117,-4.129711605,6.05146131));
#4566=CARTESIAN_POINT('',(-2.104938162,-4.091377067,6.053420693));
#4567=CARTESIAN_POINT('',(-2.068215022,-4.055289159,6.045313898));
#4568=CARTESIAN_POINT('',(-2.34229087,-4.426605241,5.721878531));
#4569=CARTESIAN_POINT('',(-2.342018937,-4.414903068,5.772653977));
#4570=CARTESIAN_POINT('',(-2.334651315,-4.395925004,5.821693927));
#4571=CARTESIAN_POINT('',(-2.306824731,-4.346250673,5.908980796));
#4572=CARTESIAN_POINT('',(-2.28637651,-4.315573577,5.947194026));
#4573=CARTESIAN_POINT('',(-2.235463277,-4.247119857,6.007054551));
#4574=CARTESIAN_POINT('',(-2.205017915,-4.209369652,6.028678743));
#4575=CARTESIAN_POINT('',(-2.138695416,-4.132458958,6.052086331));
#4576=CARTESIAN_POINT('',(-2.102843875,-4.093328153,6.053860692));
#4577=CARTESIAN_POINT('',(-2.066978492,-4.056443161,6.04557316));
#4578=CARTESIAN_POINT('',(-2.338483811,-4.430069557,5.722727371));
#4579=CARTESIAN_POINT('',(-2.338209499,-4.41835882,5.773495393));
#4580=CARTESIAN_POINT('',(-2.330922878,-4.399299235,5.822509738));
#4581=CARTESIAN_POINT('',(-2.303412747,-4.349327551,5.909714311));
#4582=CARTESIAN_POINT('',(-2.28319985,-4.318434729,5.947870897));
#4583=CARTESIAN_POINT('',(-2.232875728,-4.249446753,6.007596729));
#4584=CARTESIAN_POINT('',(-2.202783917,-4.211378213,6.029142935));
#4585=CARTESIAN_POINT('',(-2.137232831,-4.133774833,6.052385549));
#4586=CARTESIAN_POINT('',(-2.101798845,-4.094269931,6.054072993));
#4587=CARTESIAN_POINT('',(-2.066351167,-4.05701043,6.045700624));
#4588=CARTESIAN_POINT('',(-2.319844818,-4.446523788,5.726763114));
#4589=CARTESIAN_POINT('',(-2.319560339,-4.434771235,5.77749586));
#4590=CARTESIAN_POINT('',(-2.312668679,-4.415325644,5.826389002));
#4591=CARTESIAN_POINT('',(-2.286698769,-4.363948512,5.91320424));
#4592=CARTESIAN_POINT('',(-2.267630519,-4.332036753,5.951092908));
#4593=CARTESIAN_POINT('',(-2.220171137,-4.260526211,6.010181706));
#4594=CARTESIAN_POINT('',(-2.191798278,-4.220954966,6.031359085));
#4595=CARTESIAN_POINT('',(-2.129997554,-4.140082253,6.053821473));
#4596=CARTESIAN_POINT('',(-2.096593484,-4.098811928,6.055097834));
#4597=CARTESIAN_POINT('',(-2.063176531,-4.059785209,6.046324201));
#4598=CARTESIAN_POINT('',(-2.305911356,-4.457264026,5.729410297));
#4599=CARTESIAN_POINT('',(-2.305623589,-4.445481107,5.780118779));
#4600=CARTESIAN_POINT('',(-2.299022929,-4.425787476,5.828932831));
#4601=CARTESIAN_POINT('',(-2.274179591,-4.373514035,5.915496608));
#4602=CARTESIAN_POINT('',(-2.255946467,-4.340954328,5.953213042));
#4603=CARTESIAN_POINT('',(-2.210574787,-4.267841843,6.011893585));
#4604=CARTESIAN_POINT('',(-2.183453679,-4.227317182,6.032835127));
#4605=CARTESIAN_POINT('',(-2.124383077,-4.144371084,6.054799543));
#4606=CARTESIAN_POINT('',(-2.092456298,-4.101981544,6.055813971));
#4607=CARTESIAN_POINT('',(-2.060517237,-4.061834525,6.046785032));
#4608=CARTESIAN_POINT('',(-2.264541774,-4.486301411,5.736585541));
#4609=CARTESIAN_POINT('',(-2.264252521,-4.474432226,5.787226247));
#4610=CARTESIAN_POINT('',(-2.258512501,-4.454070236,5.835825319));
#4611=CARTESIAN_POINT('',(-2.236984858,-4.399390281,5.921709408));
#4612=CARTESIAN_POINT('',(-2.221205482,-4.36509327,5.958961515));
#4613=CARTESIAN_POINT('',(-2.181963072,-4.287688259,6.016543357));
#4614=CARTESIAN_POINT('',(-2.158515071,-4.244609925,6.036851028));
#4615=CARTESIAN_POINT('',(-2.107453763,-4.156111295,6.057478465));
#4616=CARTESIAN_POINT('',(-2.079860017,-4.110724916,6.057790329));
#4617=CARTESIAN_POINT('',(-2.052255696,-4.067578052,6.048077177));
#4618=CARTESIAN_POINT('',(-2.237704751,-4.501338085,5.740329207));
#4619=CARTESIAN_POINT('',(-2.237425568,-4.489417703,5.79093185));
#4620=CARTESIAN_POINT('',(-2.232238243,-4.468713241,5.839418258));
#4621=CARTESIAN_POINT('',(-2.212818293,-4.412813763,5.924951457));
#4622=CARTESIAN_POINT('',(-2.198593093,-4.377640127,5.961965534));
#4623=CARTESIAN_POINT('',(-2.163226497,-4.298073476,6.01898679));
#4624=CARTESIAN_POINT('',(-2.142098625,-4.253710893,6.038972161));
#4625=CARTESIAN_POINT('',(-2.096093915,-4.162421542,6.058921742));
#4626=CARTESIAN_POINT('',(-2.071234668,-4.11552969,6.058878322));
#4627=CARTESIAN_POINT('',(-2.046365912,-4.070875819,6.048819939));
#4628=CARTESIAN_POINT('',(-2.179356521,-4.527612309,5.74689616));
#4629=CARTESIAN_POINT('',(-2.179117812,-4.515596547,5.797428983));
#4630=CARTESIAN_POINT('',(-2.175154769,-4.494284216,5.845713841));
#4631=CARTESIAN_POINT('',(-2.160367994,-4.436228881,5.93062289));
#4632=CARTESIAN_POINT('',(-2.149549894,-4.399508003,5.967214725));
#4633=CARTESIAN_POINT('',(-2.122669296,-4.316128751,6.023243364));
#4634=CARTESIAN_POINT('',(-2.106617038,-4.269502152,6.042658817));
#4635=CARTESIAN_POINT('',(-2.071670189,-4.173293843,6.061411065));
#4636=CARTESIAN_POINT('',(-2.052788913,-4.123748797,6.060740716));
#4637=CARTESIAN_POINT('',(-2.033900441,-4.076438815,6.050073646));
#4638=CARTESIAN_POINT('',(-2.150601042,-4.537786072,5.749453188));
#4639=CARTESIAN_POINT('',(-2.150390162,-4.525729941,5.799957319));
#4640=CARTESIAN_POINT('',(-2.147029528,-4.504181156,5.84816268));
#4641=CARTESIAN_POINT('',(-2.134507004,-4.445293563,5.932827947));
#4642=CARTESIAN_POINT('',(-2.125349878,-4.407977166,5.969255633));
#4643=CARTESIAN_POINT('',(-2.102601538,-4.323132508,6.024899607));
#4644=CARTESIAN_POINT('',(-2.089018978,-4.275636537,6.044094718));
#4645=CARTESIAN_POINT('',(-2.059450839,-4.177540107,6.062384943));
#4646=CARTESIAN_POINT('',(-2.043476508,-4.126976978,6.061473097));
#4647=CARTESIAN_POINT('',(-2.027496097,-4.07864774,6.050571904));
#4648=CARTESIAN_POINT('',(-2.107516203,-4.548027827,5.752036809));
#4649=CARTESIAN_POINT('',(-2.107359359,-4.535928819,5.802510471));
#4650=CARTESIAN_POINT('',(-2.104945496,-4.514133165,5.850632509));
#4651=CARTESIAN_POINT('',(-2.09596139,-4.454378032,5.935043097));
#4652=CARTESIAN_POINT('',(-2.08939456,-4.416441256,5.971299572));
#4653=CARTESIAN_POINT('',(-2.073084343,-4.330070383,6.026542766));
#4654=CARTESIAN_POINT('',(-2.063347154,-4.281669104,6.045508494));
#4655=CARTESIAN_POINT('',(-2.042151353,-4.181606478,6.063318062));
#4656=CARTESIAN_POINT('',(-2.030700796,-4.129983154,6.062155133));
#4657=CARTESIAN_POINT('',(-2.019245887,-4.080592333,6.05101065));
#4658=CARTESIAN_POINT('',(-2.100792514,-4.549454528,5.752395824));
#4659=CARTESIAN_POINT('',(-2.100643852,-4.537349702,5.802865456));
#4660=CARTESIAN_POINT('',(-2.098367814,-4.515521819,5.850976576));
#4661=CARTESIAN_POINT('',(-2.089898191,-4.455653859,5.935353862));
#4662=CARTESIAN_POINT('',(-2.083707822,-4.417636527,5.971587973));
#4663=CARTESIAN_POINT('',(-2.068333101,-4.331067636,6.026778849));
#4664=CARTESIAN_POINT('',(-2.059154589,-4.282548966,6.045714647));
#4665=CARTESIAN_POINT('',(-2.039175096,-4.182231487,6.063461518));
#4666=CARTESIAN_POINT('',(-2.028381705,-4.130470788,6.062265852));
#4667=CARTESIAN_POINT('',(-2.017584213,-4.080942448,6.051089653));
#4668=CARTESIAN_POINT('',(-2.083769858,-4.552664917,5.75320649));
#4669=CARTESIAN_POINT('',(-2.083643945,-4.540546426,5.803666488));
#4670=CARTESIAN_POINT('',(-2.081740769,-4.518641413,5.851751497));
#4671=CARTESIAN_POINT('',(-2.074661789,-4.458502927,5.936049147));
#4672=CARTESIAN_POINT('',(-2.069488673,-4.420292291,5.97222978));
#4673=CARTESIAN_POINT('',(-2.056641425,-4.333248018,6.02729556));
#4674=CARTESIAN_POINT('',(-2.048972171,-4.284447434,6.046159799));
#4675=CARTESIAN_POINT('',(-2.032278367,-4.18351775,6.063756787));
#4676=CARTESIAN_POINT('',(-2.023260155,-4.131426975,6.062482856));
#4677=CARTESIAN_POINT('',(-2.014238517,-4.08156813,6.051230847));
#4678=CARTESIAN_POINT('',(-2.074681064,-4.554157672,5.753584034));
#4679=CARTESIAN_POINT('',(-2.074567852,-4.542032709,5.804039387));
#4680=CARTESIAN_POINT('',(-2.072866808,-4.520091275,5.852111976));
#4681=CARTESIAN_POINT('',(-2.066540984,-4.45982508,5.936371891));
#4682=CARTESIAN_POINT('',(-2.061918605,-4.421523196,5.97252723));
#4683=CARTESIAN_POINT('',(-2.050439496,-4.33425451,6.027533932));
#4684=CARTESIAN_POINT('',(-2.043587124,-4.285320837,6.046364413));
#4685=CARTESIAN_POINT('',(-2.028671594,-4.184102096,6.063890767));
#4686=CARTESIAN_POINT('',(-2.020614098,-4.131855452,6.062579987));
#4687=CARTESIAN_POINT('',(-2.012553537,-4.081840499,6.051292317));
#4688=CARTESIAN_POINT('',(-2.045446462,-4.558025282,5.754563047));
#4689=CARTESIAN_POINT('',(-2.045375826,-4.545883299,5.805006374));
#4690=CARTESIAN_POINT('',(-2.044334563,-4.523846353,5.853046568));
#4691=CARTESIAN_POINT('',(-2.040464937,-4.463245331,5.937207849));
#4692=CARTESIAN_POINT('',(-2.037638043,-4.424704247,5.973297005));
#4693=CARTESIAN_POINT('',(-2.030618607,-4.336847341,6.028148979));
#4694=CARTESIAN_POINT('',(-2.026428729,-4.287564852,6.046890988));
#4695=CARTESIAN_POINT('',(-2.017308954,-4.185588587,6.064232099));
#4696=CARTESIAN_POINT('',(-2.012382517,-4.1329335,6.062824624));
#4697=CARTESIAN_POINT('',(-2.007454205,-4.082509526,6.051443315));
#4698=CARTESIAN_POINT('',(-2.023087484,-4.559703333,5.754989072));
#4699=CARTESIAN_POINT('',(-2.023051902,-4.547553645,5.805427015));
#4700=CARTESIAN_POINT('',(-2.022528879,-4.525473802,5.853452703));
#4701=CARTESIAN_POINT('',(-2.020585383,-4.464722521,5.937569801));
#4702=CARTESIAN_POINT('',(-2.019165646,-4.426074127,5.973629305));
#4703=CARTESIAN_POINT('',(-2.015640374,-4.337953377,6.028411945));
#4704=CARTESIAN_POINT('',(-2.013536176,-4.288514443,6.0471143));
#4705=CARTESIAN_POINT('',(-2.008956164,-4.186198446,6.064372368));
#4706=CARTESIAN_POINT('',(-2.006482086,-4.13336019,6.062921536));
#4707=CARTESIAN_POINT('',(-2.00400707,-4.082752789,6.051498227));
#4708=CARTESIAN_POINT('',(-2.00056053,-4.559703333,5.754989072));
#4709=CARTESIAN_POINT('',(-2.00056053,-4.547553645,5.805427015));
#4710=CARTESIAN_POINT('',(-2.00056053,-4.525473802,5.853452703));
#4711=CARTESIAN_POINT('',(-2.00056053,-4.464722521,5.937569801));
#4712=CARTESIAN_POINT('',(-2.00056053,-4.426074127,5.973629305));
#4713=CARTESIAN_POINT('',(-2.00056053,-4.337953377,6.028411945));
#4714=CARTESIAN_POINT('',(-2.00056053,-4.288514443,6.0471143));
#4715=CARTESIAN_POINT('',(-2.00056053,-4.186198446,6.064372368));
#4716=CARTESIAN_POINT('',(-2.00056053,-4.13336019,6.062921536));
#4717=CARTESIAN_POINT('',(-2.00056053,-4.082752789,6.051498227));
#4718=B_SPLINE_SURFACE_WITH_KNOTS('',3,3,((#3898,#3899,#3900,#3901,#3902,#3903,#3904,#3905,#3906,#3907),(#3908,#3909,#3910,#3911,#3912,#3913,#3914,#3915,#3916,#3917),(#3918,#3919,#3920,#3921,#3922,#3923,#3924,#3925,#3926,#3927),(#3928,#3929,#3930,#3931,#3932,#3933,#3934,#3935,#3936,#3937),(#3938,#3939,#3940,#3941,#3942,#3943,#3944,#3945,#3946,#3947),(#3948,#3949,#3950,#3951,#3952,#3953,#3954,#3955,#3956,#3957),(#3958,#3959,#3960,#3961,#3962,#3963,#3964,#3965,#3966,#3967),(#3968,#3969,#3970,#3971,#3972,#3973,#3974,#3975,#3976,#3977),(#3978,#3979,#3980,#3981,#3982,#3983,#3984,#3985,#3986,#3987),(#3988,#3989,#3990,#3991,#3992,#3993,#3994,#3995,#3996,#3997),(#3998,#3999,#4000,#4001,#4002,#4003,#4004,#4005,#4006,#4007),(#4008,#4009,#4010,#4011,#4012,#4013,#4014,#4015,#4016,#4017),(#4018,#4019,#4020,#4021,#4022,#4023,#4024,#4025,#4026,#4027),(#4028,#4029,#4030,#4031,#4032,#4033,#4034,#4035,#4036,#4037),(#4038,#4039,#4040,#4041,#4042,#4043,#4044,#4045,#4046,#4047),(#4048,#4049,#4050,#4051,#4052,#4053,#4054,#4055,#4056,#4057),(#4058,#4059,#4060,#4061,#4062,#4063,#4064,#4065,#4066,#4067),(#4068,#4069,#4070,#4071,#4072,#4073,#4074,#4075,#4076,#4077),(#4078,#4079,#4080,#4081,#4082,#4083,#4084,#4085,#4086,#4087),(#4088,#4089,#4090,#4091,#4092,#4093,#4094,#4095,#4096,#4097),(#4098,#4099,#4100,#4101,#4102,#4103,#4104,#4105,#4106,#4107),(#4108,#4109,#4110,#4111,#4112,#4113,#4114,#4115,#4116,#4117),(#4118,#4119,#4120,#4121,#4122,#4123,#4124,#4125,#4126,#4127),(#4128,#4129,#4130,#4131,#4132,#4133,#4134,#4135,#4136,#4137),(#4138,#4139,#4140,#4141,#4142,#4143,#4144,#4145,#4146,#4147),(#4148,#4149,#4150,#4151,#4152,#4153,#4154,#4155,#4156,#4157),
(#4158,#4159,#4160,#4161,#4162,#4163,#4164,#4165,#4166,#4167),(#4168,#4169,#4170,#4171,#4172,#4173,#4174,#4175,#4176,#4177),(#4178,#4179,#4180,#4181,#4182,#4183,#4184,#4185,#4186,#4187),(#4188,#4189,#4190,#4191,#4192,#4193,#4194,#4195,#4196,#4197),(#4198,#4199,#4200,#4201,#4202,#4203,#4204,#4205,#4206,#4207),(#4208,#4209,#4210,#4211,#4212,#4213,#4214,#4215,#4216,#4217),(#4218,#4219,#4220,#4221,#4222,#4223,#4224,#4225,#4226,#4227),(#4228,#4229,#4230,#4231,#4232,#4233,#4234,#4235,#4236,#4237),(#4238,#4239,#4240,#4241,#4242,#4243,#4244,#4245,#4246,#4247),(#4248,#4249,#4250,#4251,#4252,#4253,#4254,#4255,#4256,#4257),(#4258,#4259,#4260,#4261,#4262,#4263,#4264,#4265,#4266,#4267),(#4268,#4269,#4270,#4271,#4272,#4273,#4274,#4275,#4276,#4277),(#4278,#4279,#4280,#4281,#4282,#4283,#4284,#4285,#4286,#4287),(#4288,#4289,#4290,#4291,#4292,#4293,#4294,#4295,#4296,#4297),(#4298,#4299,#4300,#4301,#4302,#4303,#4304,#4305,#4306,#4307),(#4308,#4309,#4310,#4311,#4312,#4313,#4314,#4315,#4316,#4317),(#4318,#4319,#4320,#4321,#4322,#4323,#4324,#4325,#4326,#4327),(#4328,#4329,#4330,#4331,#4332,#4333,#4334,#4335,#4336,#4337),(#4338,#4339,#4340,#4341,#4342,#4343,#4344,#4345,#4346,#4347),(#4348,#4349,#4350,#4351,#4352,#4353,#4354,#4355,#4356,#4357),(#4358,#4359,#4360,#4361,#4362,#4363,#4364,#4365,#4366,#4367),(#4368,#4369,#4370,#4371,#4372,#4373,#4374,#4375,#4376,#4377),(#4378,#4379,#4380,#4381,#4382,#4383,#4384,#4385,#4386,#4387),(#4388,#4389,#4390,#4391,#4392,#4393,#4394,#4395,#4396,#4397),(#4398,#4399,#4400,#4401,#4402,#4403,#4404,#4405,#4406,#4407),
(#4408,#4409,#4410,#4411,#4412,#4413,#4414,#4415,#4416,#4417),(#4418,#4419,#4420,#4421,#4422,#4423,#4424,#4425,#4426,#4427),(#4428,#4429,#4430,#4431,#4432,#4433,#4434,#4435,#4436,#4437),(#4438,#4439,#4440,#4441,#4442,#4443,#4444,#4445,#4446,#4447),(#4448,#4449,#4450,#4451,#4452,#4453,#4454,#4455,#4456,#4457),(#4458,#4459,#4460,#4461,#4462,#4463,#4464,#4465,#4466,#4467),(#4468,#4469,#4470,#4471,#4472,#4473,#4474,#4475,#4476,#4477),(#4478,#4479,#4480,#4481,#4482,#4483,#4484,#4485,#4486,#4487),(#4488,#4489,#4490,#4491,#4492,#4493,#4494,#4495,#4496,#4497),(#4498,#4499,#4500,#4501,#4502,#4503,#4504,#4505,#4506,#4507),(#4508,#4509,#4510,#4511,#4512,#4513,#4514,#4515,#4516,#4517),(#4518,#4519,#4520,#4521,#4522,#4523,#4524,#4525,#4526,#4527),(#4528,#4529,#4530,#4531,#4532,#4533,#4534,#4535,#4536,#4537),(#4538,#4539,#4540,#4541,#4542,#4543,#4544,#4545,#4546,#4547),(#4548,#4549,#4550,#4551,#4552,#4553,#4554,#4555,#4556,#4557),(#4558,#4559,#4560,#4561,#4562,#4563,#4564,#4565,#4566,#4567),(#4568,#4569,#4570,#4571,#4572,#4573,#4574,#4575,#4576,#4577),(#4578,#4579,#4580,#4581,#4582,#4583,#4584,#4585,#4586,#4587),(#4588,#4589,#4590,#4591,#4592,#4593,#4594,#4595,#4596,#4597),(#4598,#4599,#4600,#4601,#4602,#4603,#4604,#4605,#4606,#4607),(#4608,#4609,#4610,#4611,#4612,#4613,#4614,#4615,#4616,#4617),(#4618,#4619,#4620,#4621,#4622,#4623,#4624,#4625,#4626,#4627),(#4628,#4629,#4630,#4631,#4632,#4633,#4634,#4635,#4636,#4637),(#4638,#4639,#4640,#4641,#4642,#4643,#4644,#4645,#4646,#4647),(#4648,#4649,#4650,#4651,#4652,#4653,#4654,#4655,#4656,#4657),
(#4658,#4659,#4660,#4661,#4662,#4663,#4664,#4665,#4666,#4667),(#4668,#4669,#4670,#4671,#4672,#4673,#4674,#4675,#4676,#4677),(#4678,#4679,#4680,#4681,#4682,#4683,#4684,#4685,#4686,#4687),(#4688,#4689,#4690,#4691,#4692,#4693,#4694,#4695,#4696,#4697),(#4698,#4699,#4700,#4701,#4702,#4703,#4704,#4705,#4706,#4707),(#4708,#4709,#4710,#4711,#4712,#4713,#4714,#4715,#4716,#4717)),.UNSPECIFIED.,.F.,.F.,.U.,(4,2,2,2,2,2,2,2,2,2,2,2,2,2,2,2,2,2,2,2,2,2,2,2,2,2,
2,2,2,2,2,2,2,2,2,2,2,2,2,2,4),(4,2,2,2,4),(0.,0.00000016,0.000000319,0.000000638,0.000001276,0.000002553,0.000005106,0.000010212,0.000020424,0.000030635,0.000040847,0.000051059,0.000056165,0.000058718,0.000061271,0.000071482,0.000076588,0.000079141,0.000081694,0.000091906,0.000102118,0.000122541,0.000163388,0.000168494,0.0001736,0.000183812,
0.000188918,0.000194024,0.000204235,0.000214447,0.000224659,0.000245083,0.000250188,0.000252741,0.000255294,0.000265506,0.00028593,0.000306353,0.000311459,0.000316565,0.000326777),(0.,0.25,0.5,0.75,1.),.UNSPECIFIED.);
#4719=ORIENTED_EDGE('',*,*,#2725,.F.);
#4720=ORIENTED_EDGE('',*,*,#2880,.F.);
#4721=ORIENTED_EDGE('',*,*,#3891,.T.);
#4722=CARTESIAN_POINT('',(-2.00056053,-4.170826549,5.661314921));
#4723=DIRECTION('',(-1.,-0.,0.));
#4724=DIRECTION('',(-0.,0.034899497,0.999390827));
#4725=AXIS2_PLACEMENT_3D('',#4722,#4723,#4724);
#4726=CIRCLE('',#4725,0.4);
#4727=EDGE_CURVE('',#3879,#3049,#4726,.T.);
#4728=ORIENTED_EDGE('',*,*,#4727,.T.);
#4729=ORIENTED_EDGE('',*,*,#3070,.F.);
#4730=ORIENTED_EDGE('',*,*,#3867,.T.);
#4731=EDGE_LOOP('',(#4719,#4720,#4721,#4728,#4729,#4730));
#4732=FACE_BOUND('',#4731,.T.);
#4733=ADVANCED_FACE('',(#4732),#4718,.T.);
#4734=CARTESIAN_POINT('',(-5.892254238,-5.617897679,5.39927103));
#4735=DIRECTION('',(1.,0.,-0.));
#4736=DIRECTION('',(0.,0.,1.));
#4737=AXIS2_PLACEMENT_3D('',#4734,#4735,#4736);
#4738=CYLINDRICAL_SURFACE('',#4737,0.625);
#4739=ORIENTED_EDGE('',*,*,#1431,.F.);
#4740=ORIENTED_EDGE('',*,*,#1805,.F.);
#4741=ORIENTED_EDGE('',*,*,#1072,.F.);
#4742=ORIENTED_EDGE('',*,*,#1414,.T.);
#4743=EDGE_LOOP('',(#4739,#4740,#4741,#4742));
#4744=FACE_BOUND('',#4743,.T.);
#4745=ADVANCED_FACE('',(#4744),#4738,.T.);
#4746=CARTESIAN_POINT('',(5.891693707,5.617928398,5.39927103));
#4747=DIRECTION('',(1.,0.,-0.));
#4748=DIRECTION('',(0.,0.,1.));
#4749=AXIS2_PLACEMENT_3D('',#4746,#4747,#4748);
#4750=CYLINDRICAL_SURFACE('',#4749,0.625);
#4751=ORIENTED_EDGE('',*,*,#2208,.F.);
#4752=ORIENTED_EDGE('',*,*,#2390,.F.);
#4753=ORIENTED_EDGE('',*,*,#833,.F.);
#4754=ORIENTED_EDGE('',*,*,#2017,.T.);
#4755=EDGE_LOOP('',(#4751,#4752,#4753,#4754));
#4756=FACE_BOUND('',#4755,.T.);
#4757=ADVANCED_FACE('',(#4756),#4750,.T.);
#4758=CARTESIAN_POINT('',(1.99943947,-4.170826549,5.661314921));
#4759=DIRECTION('',(1.,0.,-0.));
#4760=DIRECTION('',(-0.,0.034899497,0.999390827));
#4761=AXIS2_PLACEMENT_3D('',#4758,#4759,#4760);
#4762=CYLINDRICAL_SURFACE('',#4761,0.4);
#4763=ORIENTED_EDGE('',*,*,#3884,.F.);
#4764=ORIENTED_EDGE('',*,*,#3843,.T.);
#4765=ORIENTED_EDGE('',*,*,#3078,.F.);
#4766=ORIENTED_EDGE('',*,*,#4727,.F.);
#4767=EDGE_LOOP('',(#4763,#4764,#4765,#4766));
#4768=FACE_BOUND('',#4767,.T.);
#4769=ADVANCED_FACE('',(#4768),#4762,.T.);
#4770=CLOSED_SHELL('',(#82,#138,#286,#319,#341,#358,#390,#414,#431,#463,#487,#504,#536,#560,#571,#582,#598,#610,#622,#653,#677,#701,#718,#782,#813,#844,
#1086,#1122,#1158,#1194,#1230,#1419,#1444,#1618,#1819,#2022,#2196,#2221,#2396,#2426,#2562,#2730,#2885,#2908,#3028,#3104,#3854,#3872,#3897,#4733,#4745,
#4757,#4769));
#4771=MANIFOLD_SOLID_BREP('1.00u (Homing)',#4770);
#4772=DRAUGHTING_PRE_DEFINED_COLOUR('white');
#4773=FILL_AREA_STYLE_COLOUR('',#4772);
#4774=FILL_AREA_STYLE('',(#4773));
#4775=SURFACE_STYLE_FILL_AREA(#4774);
#4776=SURFACE_SIDE_STYLE('',(#4775));
#4777=SURFACE_STYLE_USAGE(.BOTH.,#4776);
#4778=PRESENTATION_STYLE_ASSIGNMENT((#4777));
#26=STYLED_ITEM('',(#4778),#4771);
#16=SHAPE_REPRESENTATION('1.00u (Homing)',(#15),#10);
#17=ADVANCED_BREP_SHAPE_REPRESENTATION('1.00u (Homing)',(#4771),#10);
#4786=SHAPE_REPRESENTATION_RELATIONSHIP('','',#16,#17);
#4787=CARTESIAN_POINT('',(0.,0.,0.));
#4788=DIRECTION('',(0.,0.,1.));
#4789=DIRECTION('',(1.,0.,0.));
#4790=AXIS2_PLACEMENT_3D('',#4787,#4788,#4789);
#4792=MAPPED_ITEM('',#4791,#4790);
#4791=REPRESENTATION_MAP(#4790,#16);
#4793=APPLICATION_CONTEXT('Managed model based 3d engineering');
#4794=APPLICATION_PROTOCOL_DEFINITION('international standard','ap242_managed_model_based_3d_engineering',2014,#4793);
#4795=PRODUCT_CONTEXT('',#4793,'mechanical');
#4796=PRODUCT_DEFINITION_CONTEXT('part definition',#4793,'design');
#24=PRODUCT('1.00u (Homing)','1.00u (Homing)','',(#4795));
#4797=PRODUCT_RELATED_PRODUCT_CATEGORY('part','',(#24));
#4798=PRODUCT_DEFINITION_FORMATION_WITH_SPECIFIED_SOURCE('','',#24,.NOT_KNOWN.);
#25=PRODUCT_DEFINITION('design','',#4798,#4796);
#23=PRODUCT_DEFINITION_SHAPE('','',#25);
#4799=SHAPE_DEFINITION_REPRESENTATION(#23,#16);
#11=DRAUGHTING_MODEL('',(#4792),#10);
#4800=DESCRIPTIVE_REPRESENTATION_ITEM('KEY','/Users/jscotto/Library/Containers/com.shapr3d.shapr/Data/tmp/BA9FBA97-A9BB-4B75-9DAA-438E03A72871.tmp');
#4801=PROPERTY_DEFINITION('KEY','',#25);
#4802=REPRESENTATION('',(#4800),#10);
#4803=PROPERTY_DEFINITION_REPRESENTATION(#4801,#4802);
#4804=GENERAL_PROPERTY('','KEY','');
#4805=GENERAL_PROPERTY_ASSOCIATION('','',#4804,#4801);
#1=MECHANICAL_DESIGN_GEOMETRIC_PRESENTATION_REPRESENTATION('',(#26),#10);
ENDSEC;
END-ISO-10303-21;
