ISO-10303-21;
HEADER;

/* File generated by Shapr3D Version 26.170.0.11783 */

FILE_DESCRIPTION(('HOOPS Exchange Step'),'2;1');

FILE_NAME('/Users/jscotto/Library/Containers/com.shapr3d.shapr/Data/tmp/export/temp_export',
'2026-10-05T11:50:10-04:00',
('jscotto'),
('Shapr3D Limited'),
'HOOPS Exchange 2026.3',
'Shapr3D',
'Authorized');

FILE_SCHEMA( ('AP242_MANAGED_MODEL_BASED_3D_ENGINEERING_MIM_LF {1 0 10303 442 1 1 4}') );

ENDSEC;

DATA;
#3=(NAMED_UNIT(*)PLANE_ANGLE_UNIT()SI_UNIT($,.RADIAN.));
#4=PLANE_ANGLE_MEASURE_WITH_UNIT(PLANE_ANGLE_MEASURE(0.0174532925),#3);
#5=(CONVERSION_BASED_UNIT('DEGREE',#4)NAMED_UNIT(#6)PLANE_ANGLE_UNIT());
#6=DIMENSIONAL_EXPONENTS(0.,0.,0.,0.,0.,0.,0.);
#7=(NAMED_UNIT(*)SI_UNIT($,.STERADIAN.)SOLID_ANGLE_UNIT());
#8=(LENGTH_UNIT()NAMED_UNIT(*)SI_UNIT(.MILLI.,.METRE.));
#9=UNCERTAINTY_MEASURE_WITH_UNIT(LENGTH_MEASURE(1.000000E-05),#8,'DISTANCE_ACCURACY_VALUE','Maximum Tolerance applied to model');
#10=(GEOMETRIC_REPRESENTATION_CONTEXT(3)GLOBAL_UNCERTAINTY_ASSIGNED_CONTEXT((#9))GLOBAL_UNIT_ASSIGNED_CONTEXT((#8,#5,#7))REPRESENTATION_CONTEXT('','1.00u (Convex)'));
#12=CARTESIAN_POINT('',(0.,0.,0.));
#13=DIRECTION('',(0.,0.,1.));
#14=DIRECTION('',(1.,0.,0.));
#15=AXIS2_PLACEMENT_3D('TS3D_PRODUCT_CSYS',#12,#13,#14);
#27=CARTESIAN_POINT('',(32.60366835,25.98798277,-2.025762096));
#28=DIRECTION('',(-0.,0.939595642,0.342286473));
#29=DIRECTION('',(-0.,0.342286473,-0.939595642));
#30=AXIS2_PLACEMENT_3D('',#27,#28,#29);
#31=PLANE('',#30);
#32=CARTESIAN_POINT('',(-7.573566869,25.25001536,0.));
#33=VERTEX_POINT('',#32);
#34=CARTESIAN_POINT('',(-6.110649862,23.470791973,4.884068379));
#35=VERTEX_POINT('',#34);
#36=CARTESIAN_POINT('',(-7.573566869,25.25001536,-0.));
#37=DIRECTION('',(0.270911087,-0.329486457,0.904458876));
#38=VECTOR('',#37,5.399989441);
#39=LINE('',#36,#38);
#40=EDGE_CURVE('',#33,#35,#39,.T.);
#41=ORIENTED_EDGE('',*,*,#40,.T.);
#42=CARTESIAN_POINT('',(6.11008933,23.470791973,4.884068379));
#43=VERTEX_POINT('',#42);
#44=CARTESIAN_POINT('',(-6.110649862,23.470791973,4.884068379));
#45=DIRECTION('',(1.,0.,0.));
#46=VECTOR('',#45,12.220739192);
#47=LINE('',#44,#46);
#48=EDGE_CURVE('',#35,#43,#47,.T.);
#49=ORIENTED_EDGE('',*,*,#48,.T.);
#50=CARTESIAN_POINT('',(7.573006337,25.25001536,0.));
#51=VERTEX_POINT('',#50);
#52=CARTESIAN_POINT('',(6.11008933,23.470791973,4.884068379));
#53=DIRECTION('',(0.270911087,0.329486457,-0.904458876));
#54=VECTOR('',#53,5.399989441);
#55=LINE('',#52,#54);
#56=EDGE_CURVE('',#43,#51,#55,.T.);
#57=ORIENTED_EDGE('',*,*,#56,.T.);
#58=CARTESIAN_POINT('',(7.573006337,25.25001536,0.));
#59=DIRECTION('',(-1.,-0.,0.));
#60=VECTOR('',#59,15.146573206);
#61=LINE('',#58,#60);
#62=EDGE_CURVE('',#51,#33,#61,.T.);
#63=ORIENTED_EDGE('',*,*,#62,.T.);
#64=EDGE_LOOP('',(#41,#49,#57,#63));
#65=FACE_BOUND('',#64,.T.);
#66=ADVANCED_FACE('',(#65),#31,.T.);
#67=CARTESIAN_POINT('',(-17.99633165,17.00001536,3.3));
#68=DIRECTION('',(0.,0.,1.));
#69=DIRECTION('',(1.,0.,0.));
#70=AXIS2_PLACEMENT_3D('',#67,#68,#69);
#71=PLANE('',#70);
#72=CARTESIAN_POINT('',(-6.750280266,23.25001536,3.3));
#73=VERTEX_POINT('',#72);
#74=CARTESIAN_POINT('',(-6.750280266,10.75001536,3.3));
#75=VERTEX_POINT('',#74);
#76=CARTESIAN_POINT('',(-6.750280266,23.25001536,3.3));
#77=DIRECTION('',(0.,-1.,0.));
#78=VECTOR('',#77,12.5);
#79=LINE('',#76,#78);
#80=EDGE_CURVE('',#73,#75,#79,.T.);
#81=ORIENTED_EDGE('',*,*,#80,.F.);
#82=CARTESIAN_POINT('',(6.749719734,23.25001536,3.3));
#83=VERTEX_POINT('',#82);
#84=CARTESIAN_POINT('',(-6.750280266,23.25001536,3.3));
#85=DIRECTION('',(1.,0.,0.));
#86=VECTOR('',#85,13.5);
#87=LINE('',#84,#86);
#88=EDGE_CURVE('',#73,#83,#87,.T.);
#89=ORIENTED_EDGE('',*,*,#88,.T.);
#90=CARTESIAN_POINT('',(6.749719734,10.75001536,3.3));
#91=VERTEX_POINT('',#90);
#92=CARTESIAN_POINT('',(6.749719734,23.25001536,3.3));
#93=DIRECTION('',(-0.,-1.,0.));
#94=VECTOR('',#93,12.5);
#95=LINE('',#92,#94);
#96=EDGE_CURVE('',#83,#91,#95,.T.);
#97=ORIENTED_EDGE('',*,*,#96,.T.);
#98=CARTESIAN_POINT('',(6.749719734,10.75001536,3.3));
#99=DIRECTION('',(-1.,-0.,0.));
#100=VECTOR('',#99,13.5);
#101=LINE('',#98,#100);
#102=EDGE_CURVE('',#91,#75,#101,.T.);
#103=ORIENTED_EDGE('',*,*,#102,.T.);
#104=EDGE_LOOP('',(#81,#89,#97,#103));
#105=FACE_BOUND('',#104,.T.);
#106=CARTESIAN_POINT('',(-2.71973372,17.650462258,3.3));
#107=VERTEX_POINT('',#106);
#108=CARTESIAN_POINT('',(-0.645776154,19.723656642,3.3));
#109=VERTEX_POINT('',#108);
#110=CARTESIAN_POINT('',(0.00366835,17.00001536,3.3));
#111=DIRECTION('',(-0.,-0.,-1.));
#112=DIRECTION('',(-1.,-0.,0.));
#113=AXIS2_PLACEMENT_3D('',#110,#111,#112);
#114=CIRCLE('',#113,2.8);
#115=EDGE_CURVE('',#107,#109,#114,.T.);
#116=ORIENTED_EDGE('',*,*,#115,.F.);
#117=CARTESIAN_POINT('',(-0.645776154,17.650462258,3.3));
#118=VERTEX_POINT('',#117);
#119=CARTESIAN_POINT('',(-2.71973372,17.650462258,3.3));
#120=DIRECTION('',(1.,0.,0.));
#121=VECTOR('',#120,2.073957566);
#122=LINE('',#119,#121);
#123=EDGE_CURVE('',#107,#118,#122,.T.);
#124=ORIENTED_EDGE('',*,*,#123,.T.);
#125=CARTESIAN_POINT('',(-0.645776154,17.650462258,3.3));
#126=DIRECTION('',(-0.,1.,0.));
#127=VECTOR('',#126,2.073194385);
#128=LINE('',#125,#127);
#129=EDGE_CURVE('',#118,#109,#128,.T.);
#130=ORIENTED_EDGE('',*,*,#129,.T.);
#131=EDGE_LOOP('',(#116,#124,#130));
#132=FACE_BOUND('',#131,.T.);
#133=CARTESIAN_POINT('',(0.654223846,19.72339149,3.3));
#134=VERTEX_POINT('',#133);
#135=CARTESIAN_POINT('',(2.72707042,17.650462258,3.3));
#136=VERTEX_POINT('',#135);
#137=CARTESIAN_POINT('',(0.00366835,17.00001536,3.3));
#138=DIRECTION('',(-0.,-0.,-1.));
#139=DIRECTION('',(-1.,-0.,0.));
#140=AXIS2_PLACEMENT_3D('',#137,#138,#139);
#141=CIRCLE('',#140,2.8);
#142=EDGE_CURVE('',#134,#136,#141,.T.);
#143=ORIENTED_EDGE('',*,*,#142,.F.);
#144=CARTESIAN_POINT('',(0.654223846,17.650462258,3.3));
#145=VERTEX_POINT('',#144);
#146=CARTESIAN_POINT('',(0.654223846,19.72339149,3.3));
#147=DIRECTION('',(0.,-1.,0.));
#148=VECTOR('',#147,2.072929232);
#149=LINE('',#146,#148);
#150=EDGE_CURVE('',#134,#145,#149,.T.);
#151=ORIENTED_EDGE('',*,*,#150,.T.);
#152=CARTESIAN_POINT('',(0.654223846,17.650462258,3.3));
#153=DIRECTION('',(1.,0.,0.));
#154=VECTOR('',#153,2.072846574);
#155=LINE('',#152,#154);
#156=EDGE_CURVE('',#145,#136,#155,.T.);
#157=ORIENTED_EDGE('',*,*,#156,.T.);
#158=EDGE_LOOP('',(#143,#151,#157));
#159=FACE_BOUND('',#158,.T.);
#160=CARTESIAN_POINT('',(2.727283735,16.350462258,3.3));
#161=VERTEX_POINT('',#160);
#162=CARTESIAN_POINT('',(0.654223846,14.276639229,3.3));
#163=VERTEX_POINT('',#162);
#164=CARTESIAN_POINT('',(0.00366835,17.00001536,3.3));
#165=DIRECTION('',(-0.,-0.,-1.));
#166=DIRECTION('',(-1.,-0.,0.));
#167=AXIS2_PLACEMENT_3D('',#164,#165,#166);
#168=CIRCLE('',#167,2.8);
#169=EDGE_CURVE('',#161,#163,#168,.T.);
#170=ORIENTED_EDGE('',*,*,#169,.F.);
#171=CARTESIAN_POINT('',(0.654223846,16.350462258,3.3));
#172=VERTEX_POINT('',#171);
#173=CARTESIAN_POINT('',(2.727283735,16.350462258,3.3));
#174=DIRECTION('',(-1.,-0.,0.));
#175=VECTOR('',#174,2.073059889);
#176=LINE('',#173,#175);
#177=EDGE_CURVE('',#161,#172,#176,.T.);
#178=ORIENTED_EDGE('',*,*,#177,.T.);
#179=CARTESIAN_POINT('',(0.654223846,16.350462258,3.3));
#180=DIRECTION('',(0.,-1.,0.));
#181=VECTOR('',#180,2.073823028);
#182=LINE('',#179,#181);
#183=EDGE_CURVE('',#172,#163,#182,.T.);
#184=ORIENTED_EDGE('',*,*,#183,.T.);
#185=EDGE_LOOP('',(#170,#178,#184));
#186=FACE_BOUND('',#185,.T.);
#187=CARTESIAN_POINT('',(-0.645776154,14.276374077,3.3));
#188=VERTEX_POINT('',#187);
#189=CARTESIAN_POINT('',(-2.719947035,16.350462258,3.3));
#190=VERTEX_POINT('',#189);
#191=CARTESIAN_POINT('',(0.00366835,17.00001536,3.3));
#192=DIRECTION('',(-0.,-0.,-1.));
#193=DIRECTION('',(-1.,-0.,0.));
#194=AXIS2_PLACEMENT_3D('',#191,#192,#193);
#195=CIRCLE('',#194,2.8);
#196=EDGE_CURVE('',#188,#190,#195,.T.);
#197=ORIENTED_EDGE('',*,*,#196,.F.);
#198=CARTESIAN_POINT('',(-0.645776154,16.350462258,3.3));
#199=VERTEX_POINT('',#198);
#200=CARTESIAN_POINT('',(-0.645776154,14.276374077,3.3));
#201=DIRECTION('',(-0.,1.,0.));
#202=VECTOR('',#201,2.074088181);
#203=LINE('',#200,#202);
#204=EDGE_CURVE('',#188,#199,#203,.T.);
#205=ORIENTED_EDGE('',*,*,#204,.T.);
#206=CARTESIAN_POINT('',(-0.645776154,16.350462258,3.3));
#207=DIRECTION('',(-1.,-0.,0.));
#208=VECTOR('',#207,2.074170881);
#209=LINE('',#206,#208);
#210=EDGE_CURVE('',#199,#190,#209,.T.);
#211=ORIENTED_EDGE('',*,*,#210,.T.);
#212=EDGE_LOOP('',(#197,#205,#211));
#213=FACE_BOUND('',#212,.T.);
#214=ADVANCED_FACE('',(#105,#132,#159,#186,#213),#71,.F.);
#215=CARTESIAN_POINT('',(7.70366835,17.00001536,0.000040928));
#216=DIRECTION('',(0.,0.,-1.));
#217=DIRECTION('',(1.,0.,0.));
#218=AXIS2_PLACEMENT_3D('',#215,#216,#217);
#219=PLANE('',#218);
#220=CARTESIAN_POINT('',(0.654223846,14.276639229,0.000040928));
#221=VERTEX_POINT('',#220);
#222=CARTESIAN_POINT('',(2.727283735,16.350462258,0.000040928));
#223=VERTEX_POINT('',#222);
#224=CARTESIAN_POINT('',(0.00366835,17.00001536,0.000040928));
#225=DIRECTION('',(-0.,-0.,1.));
#226=DIRECTION('',(1.,0.,0.));
#227=AXIS2_PLACEMENT_3D('',#224,#225,#226);
#228=CIRCLE('',#227,2.8);
#229=EDGE_CURVE('',#221,#223,#228,.T.);
#230=ORIENTED_EDGE('',*,*,#229,.F.);
#231=CARTESIAN_POINT('',(0.654223846,16.350462258,0.000040928));
#232=VERTEX_POINT('',#231);
#233=CARTESIAN_POINT('',(0.654223846,16.350462258,0.000040928));
#234=DIRECTION('',(0.,-1.,0.));
#235=VECTOR('',#234,2.073823028);
#236=LINE('',#233,#235);
#237=EDGE_CURVE('',#232,#221,#236,.T.);
#238=ORIENTED_EDGE('',*,*,#237,.F.);
#239=CARTESIAN_POINT('',(0.654223846,16.350462258,0.000040928));
#240=DIRECTION('',(1.,0.,0.));
#241=VECTOR('',#240,2.073059889);
#242=LINE('',#239,#241);
#243=EDGE_CURVE('',#232,#223,#242,.T.);
#244=ORIENTED_EDGE('',*,*,#243,.T.);
#245=EDGE_LOOP('',(#230,#238,#244));
#246=FACE_BOUND('',#245,.T.);
#247=ADVANCED_FACE('',(#246),#219,.T.);
#248=CARTESIAN_POINT('',(0.00366835,17.00001536,-0.949959072));
#249=DIRECTION('',(0.,0.,1.));
#250=DIRECTION('',(-1.,-0.,0.));
#251=AXIS2_PLACEMENT_3D('',#248,#249,#250);
#252=CYLINDRICAL_SURFACE('',#251,2.8);
#253=CARTESIAN_POINT('',(2.727283735,16.350462258,0.000040928));
#254=DIRECTION('',(0.,0.,1.));
#255=VECTOR('',#254,3.299959072);
#256=LINE('',#253,#255);
#257=EDGE_CURVE('',#223,#161,#256,.T.);
#258=ORIENTED_EDGE('',*,*,#257,.T.);
#259=ORIENTED_EDGE('',*,*,#169,.T.);
#260=CARTESIAN_POINT('',(0.654223846,14.276639229,0.000040928));
#261=DIRECTION('',(0.,0.,1.));
#262=VECTOR('',#261,3.299959072);
#263=LINE('',#260,#262);
#264=EDGE_CURVE('',#221,#163,#263,.T.);
#265=ORIENTED_EDGE('',*,*,#264,.F.);
#266=ORIENTED_EDGE('',*,*,#229,.T.);
#267=EDGE_LOOP('',(#258,#259,#265,#266));
#268=FACE_BOUND('',#267,.T.);
#269=ADVANCED_FACE('',(#268),#252,.T.);
#270=CARTESIAN_POINT('',(1.471723846,16.350462258,-0.949959072));
#271=DIRECTION('',(-0.,1.,0.));
#272=DIRECTION('',(0.,0.,-1.));
#273=AXIS2_PLACEMENT_3D('',#270,#271,#272);
#274=PLANE('',#273);
#275=ORIENTED_EDGE('',*,*,#257,.F.);
#276=ORIENTED_EDGE('',*,*,#243,.F.);
#277=CARTESIAN_POINT('',(0.654223846,16.350462258,0.000040928));
#278=DIRECTION('',(0.,0.,1.));
#279=VECTOR('',#278,3.299959072);
#280=LINE('',#277,#279);
#281=EDGE_CURVE('',#232,#172,#280,.T.);
#282=ORIENTED_EDGE('',*,*,#281,.T.);
#283=ORIENTED_EDGE('',*,*,#177,.F.);
#284=EDGE_LOOP('',(#275,#276,#282,#283));
#285=FACE_BOUND('',#284,.T.);
#286=ADVANCED_FACE('',(#285),#274,.T.);
#287=CARTESIAN_POINT('',(0.00366835,17.00001536,-0.949959072));
#288=DIRECTION('',(0.,0.,1.));
#289=DIRECTION('',(-1.,-0.,0.));
#290=AXIS2_PLACEMENT_3D('',#287,#288,#289);
#291=CYLINDRICAL_SURFACE('',#290,2.8);
#292=CARTESIAN_POINT('',(0.654223846,19.72339149,0.000040928));
#293=VERTEX_POINT('',#292);
#294=CARTESIAN_POINT('',(0.654223846,19.72339149,0.000040928));
#295=DIRECTION('',(0.,0.,1.));
#296=VECTOR('',#295,3.299959072);
#297=LINE('',#294,#296);
#298=EDGE_CURVE('',#293,#134,#297,.T.);
#299=ORIENTED_EDGE('',*,*,#298,.T.);
#300=ORIENTED_EDGE('',*,*,#142,.T.);
#301=CARTESIAN_POINT('',(2.72707042,17.650462258,0.000040928));
#302=VERTEX_POINT('',#301);
#303=CARTESIAN_POINT('',(2.72707042,17.650462258,0.000040928));
#304=DIRECTION('',(0.,0.,1.));
#305=VECTOR('',#304,3.299959072);
#306=LINE('',#303,#305);
#307=EDGE_CURVE('',#302,#136,#306,.T.);
#308=ORIENTED_EDGE('',*,*,#307,.F.);
#309=CARTESIAN_POINT('',(0.00366835,17.00001536,0.000040928));
#310=DIRECTION('',(-0.,-0.,1.));
#311=DIRECTION('',(1.,0.,0.));
#312=AXIS2_PLACEMENT_3D('',#309,#310,#311);
#313=CIRCLE('',#312,2.8);
#314=EDGE_CURVE('',#302,#293,#313,.T.);
#315=ORIENTED_EDGE('',*,*,#314,.T.);
#316=EDGE_LOOP('',(#299,#300,#308,#315));
#317=FACE_BOUND('',#316,.T.);
#318=ADVANCED_FACE('',(#317),#291,.T.);
#319=CARTESIAN_POINT('',(1.471723846,17.650462258,-0.949959072));
#320=DIRECTION('',(0.,-1.,0.));
#321=DIRECTION('',(0.,0.,1.));
#322=AXIS2_PLACEMENT_3D('',#319,#320,#321);
#323=PLANE('',#322);
#324=CARTESIAN_POINT('',(0.654223846,17.650462258,0.000040928));
#325=VERTEX_POINT('',#324);
#326=CARTESIAN_POINT('',(0.654223846,17.650462258,0.000040928));
#327=DIRECTION('',(0.,0.,1.));
#328=VECTOR('',#327,3.299959072);
#329=LINE('',#326,#328);
#330=EDGE_CURVE('',#325,#145,#329,.T.);
#331=ORIENTED_EDGE('',*,*,#330,.F.);
#332=CARTESIAN_POINT('',(0.654223846,17.650462258,0.000040928));
#333=DIRECTION('',(1.,0.,0.));
#334=VECTOR('',#333,2.072846574);
#335=LINE('',#332,#334);
#336=EDGE_CURVE('',#325,#302,#335,.T.);
#337=ORIENTED_EDGE('',*,*,#336,.T.);
#338=ORIENTED_EDGE('',*,*,#307,.T.);
#339=ORIENTED_EDGE('',*,*,#156,.F.);
#340=EDGE_LOOP('',(#331,#337,#338,#339));
#341=FACE_BOUND('',#340,.T.);
#342=ADVANCED_FACE('',(#341),#323,.T.);
#343=CARTESIAN_POINT('',(0.654223846,18.467962258,-0.949959072));
#344=DIRECTION('',(-1.,-0.,0.));
#345=DIRECTION('',(0.,0.,-1.));
#346=AXIS2_PLACEMENT_3D('',#343,#344,#345);
#347=PLANE('',#346);
#348=ORIENTED_EDGE('',*,*,#298,.F.);
#349=CARTESIAN_POINT('',(0.654223846,17.650462258,0.000040928));
#350=DIRECTION('',(-0.,1.,0.));
#351=VECTOR('',#350,2.072929232);
#352=LINE('',#349,#351);
#353=EDGE_CURVE('',#325,#293,#352,.T.);
#354=ORIENTED_EDGE('',*,*,#353,.F.);
#355=ORIENTED_EDGE('',*,*,#330,.T.);
#356=ORIENTED_EDGE('',*,*,#150,.F.);
#357=EDGE_LOOP('',(#348,#354,#355,#356));
#358=FACE_BOUND('',#357,.T.);
#359=ADVANCED_FACE('',(#358),#347,.T.);
#360=CARTESIAN_POINT('',(0.00366835,17.00001536,-0.949959072));
#361=DIRECTION('',(0.,0.,1.));
#362=DIRECTION('',(-1.,-0.,0.));
#363=AXIS2_PLACEMENT_3D('',#360,#361,#362);
#364=CYLINDRICAL_SURFACE('',#363,2.8);
#365=CARTESIAN_POINT('',(-2.71973372,17.650462258,0.000040928));
#366=VERTEX_POINT('',#365);
#367=CARTESIAN_POINT('',(-2.71973372,17.650462258,0.000040928));
#368=DIRECTION('',(0.,0.,1.));
#369=VECTOR('',#368,3.299959072);
#370=LINE('',#367,#369);
#371=EDGE_CURVE('',#366,#107,#370,.T.);
#372=ORIENTED_EDGE('',*,*,#371,.T.);
#373=ORIENTED_EDGE('',*,*,#115,.T.);
#374=CARTESIAN_POINT('',(-0.645776154,19.723656642,0.000040928));
#375=VERTEX_POINT('',#374);
#376=CARTESIAN_POINT('',(-0.645776154,19.723656642,0.000040928));
#377=DIRECTION('',(0.,0.,1.));
#378=VECTOR('',#377,3.299959072);
#379=LINE('',#376,#378);
#380=EDGE_CURVE('',#375,#109,#379,.T.);
#381=ORIENTED_EDGE('',*,*,#380,.F.);
#382=CARTESIAN_POINT('',(0.00366835,17.00001536,0.000040928));
#383=DIRECTION('',(-0.,-0.,1.));
#384=DIRECTION('',(1.,0.,0.));
#385=AXIS2_PLACEMENT_3D('',#382,#383,#384);
#386=CIRCLE('',#385,2.8);
#387=EDGE_CURVE('',#375,#366,#386,.T.);
#388=ORIENTED_EDGE('',*,*,#387,.T.);
#389=EDGE_LOOP('',(#372,#373,#381,#388));
#390=FACE_BOUND('',#389,.T.);
#391=ADVANCED_FACE('',(#390),#364,.T.);
#392=CARTESIAN_POINT('',(-0.645776154,18.467962258,-0.949959072));
#393=DIRECTION('',(1.,0.,0.));
#394=DIRECTION('',(0.,0.,1.));
#395=AXIS2_PLACEMENT_3D('',#392,#393,#394);
#396=PLANE('',#395);
#397=CARTESIAN_POINT('',(-0.645776154,17.650462258,0.000040928));
#398=VERTEX_POINT('',#397);
#399=CARTESIAN_POINT('',(-0.645776154,17.650462258,0.000040928));
#400=DIRECTION('',(0.,0.,1.));
#401=VECTOR('',#400,3.299959072);
#402=LINE('',#399,#401);
#403=EDGE_CURVE('',#398,#118,#402,.T.);
#404=ORIENTED_EDGE('',*,*,#403,.F.);
#405=CARTESIAN_POINT('',(-0.645776154,17.650462258,0.000040928));
#406=DIRECTION('',(-0.,1.,0.));
#407=VECTOR('',#406,2.073194385);
#408=LINE('',#405,#407);
#409=EDGE_CURVE('',#398,#375,#408,.T.);
#410=ORIENTED_EDGE('',*,*,#409,.T.);
#411=ORIENTED_EDGE('',*,*,#380,.T.);
#412=ORIENTED_EDGE('',*,*,#129,.F.);
#413=EDGE_LOOP('',(#404,#410,#411,#412));
#414=FACE_BOUND('',#413,.T.);
#415=ADVANCED_FACE('',(#414),#396,.T.);
#416=CARTESIAN_POINT('',(-1.463276154,17.650462258,-0.949959072));
#417=DIRECTION('',(0.,-1.,0.));
#418=DIRECTION('',(0.,0.,1.));
#419=AXIS2_PLACEMENT_3D('',#416,#417,#418);
#420=PLANE('',#419);
#421=ORIENTED_EDGE('',*,*,#371,.F.);
#422=CARTESIAN_POINT('',(-0.645776154,17.650462258,0.000040928));
#423=DIRECTION('',(-1.,-0.,0.));
#424=VECTOR('',#423,2.073957566);
#425=LINE('',#422,#424);
#426=EDGE_CURVE('',#398,#366,#425,.T.);
#427=ORIENTED_EDGE('',*,*,#426,.F.);
#428=ORIENTED_EDGE('',*,*,#403,.T.);
#429=ORIENTED_EDGE('',*,*,#123,.F.);
#430=EDGE_LOOP('',(#421,#427,#428,#429));
#431=FACE_BOUND('',#430,.T.);
#432=ADVANCED_FACE('',(#431),#420,.T.);
#433=CARTESIAN_POINT('',(0.00366835,17.00001536,-0.949959072));
#434=DIRECTION('',(0.,0.,1.));
#435=DIRECTION('',(-1.,-0.,0.));
#436=AXIS2_PLACEMENT_3D('',#433,#434,#435);
#437=CYLINDRICAL_SURFACE('',#436,2.8);
#438=CARTESIAN_POINT('',(-0.645776154,14.276374077,0.000040928));
#439=VERTEX_POINT('',#438);
#440=CARTESIAN_POINT('',(-0.645776154,14.276374077,0.000040928));
#441=DIRECTION('',(0.,0.,1.));
#442=VECTOR('',#441,3.299959072);
#443=LINE('',#440,#442);
#444=EDGE_CURVE('',#439,#188,#443,.T.);
#445=ORIENTED_EDGE('',*,*,#444,.T.);
#446=ORIENTED_EDGE('',*,*,#196,.T.);
#447=CARTESIAN_POINT('',(-2.719947035,16.350462258,0.000040928));
#448=VERTEX_POINT('',#447);
#449=CARTESIAN_POINT('',(-2.719947035,16.350462258,0.000040928));
#450=DIRECTION('',(0.,0.,1.));
#451=VECTOR('',#450,3.299959072);
#452=LINE('',#449,#451);
#453=EDGE_CURVE('',#448,#190,#452,.T.);
#454=ORIENTED_EDGE('',*,*,#453,.F.);
#455=CARTESIAN_POINT('',(0.00366835,17.00001536,0.000040928));
#456=DIRECTION('',(-0.,-0.,1.));
#457=DIRECTION('',(1.,0.,0.));
#458=AXIS2_PLACEMENT_3D('',#455,#456,#457);
#459=CIRCLE('',#458,2.8);
#460=EDGE_CURVE('',#448,#439,#459,.T.);
#461=ORIENTED_EDGE('',*,*,#460,.T.);
#462=EDGE_LOOP('',(#445,#446,#454,#461));
#463=FACE_BOUND('',#462,.T.);
#464=ADVANCED_FACE('',(#463),#437,.T.);
#465=CARTESIAN_POINT('',(-1.463276154,16.350462258,-0.949959072));
#466=DIRECTION('',(-0.,1.,0.));
#467=DIRECTION('',(0.,0.,-1.));
#468=AXIS2_PLACEMENT_3D('',#465,#466,#467);
#469=PLANE('',#468);
#470=CARTESIAN_POINT('',(-0.645776154,16.350462258,0.000040928));
#471=VERTEX_POINT('',#470);
#472=CARTESIAN_POINT('',(-0.645776154,16.350462258,0.000040928));
#473=DIRECTION('',(0.,0.,1.));
#474=VECTOR('',#473,3.299959072);
#475=LINE('',#472,#474);
#476=EDGE_CURVE('',#471,#199,#475,.T.);
#477=ORIENTED_EDGE('',*,*,#476,.F.);
#478=CARTESIAN_POINT('',(-0.645776154,16.350462258,0.000040928));
#479=DIRECTION('',(-1.,-0.,0.));
#480=VECTOR('',#479,2.074170881);
#481=LINE('',#478,#480);
#482=EDGE_CURVE('',#471,#448,#481,.T.);
#483=ORIENTED_EDGE('',*,*,#482,.T.);
#484=ORIENTED_EDGE('',*,*,#453,.T.);
#485=ORIENTED_EDGE('',*,*,#210,.F.);
#486=EDGE_LOOP('',(#477,#483,#484,#485));
#487=FACE_BOUND('',#486,.T.);
#488=ADVANCED_FACE('',(#487),#469,.T.);
#489=CARTESIAN_POINT('',(7.70366835,17.00001536,0.000040928));
#490=DIRECTION('',(0.,0.,-1.));
#491=DIRECTION('',(1.,0.,0.));
#492=AXIS2_PLACEMENT_3D('',#489,#490,#491);
#493=PLANE('',#492);
#494=ORIENTED_EDGE('',*,*,#409,.F.);
#495=ORIENTED_EDGE('',*,*,#426,.T.);
#496=ORIENTED_EDGE('',*,*,#387,.F.);
#497=EDGE_LOOP('',(#494,#495,#496));
#498=FACE_BOUND('',#497,.T.);
#499=ADVANCED_FACE('',(#498),#493,.T.);
#500=CARTESIAN_POINT('',(7.70366835,17.00001536,0.000040928));
#501=DIRECTION('',(0.,0.,-1.));
#502=DIRECTION('',(1.,0.,0.));
#503=AXIS2_PLACEMENT_3D('',#500,#501,#502);
#504=PLANE('',#503);
#505=ORIENTED_EDGE('',*,*,#336,.F.);
#506=ORIENTED_EDGE('',*,*,#353,.T.);
#507=ORIENTED_EDGE('',*,*,#314,.F.);
#508=EDGE_LOOP('',(#505,#506,#507));
#509=FACE_BOUND('',#508,.T.);
#510=ADVANCED_FACE('',(#509),#504,.T.);
#511=CARTESIAN_POINT('',(7.70366835,17.00001536,0.000040928));
#512=DIRECTION('',(0.,0.,-1.));
#513=DIRECTION('',(1.,0.,0.));
#514=AXIS2_PLACEMENT_3D('',#511,#512,#513);
#515=PLANE('',#514);
#516=ORIENTED_EDGE('',*,*,#460,.F.);
#517=ORIENTED_EDGE('',*,*,#482,.F.);
#518=CARTESIAN_POINT('',(-0.645776154,16.350462258,0.000040928));
#519=DIRECTION('',(0.,-1.,0.));
#520=VECTOR('',#519,2.074088181);
#521=LINE('',#518,#520);
#522=EDGE_CURVE('',#471,#439,#521,.T.);
#523=ORIENTED_EDGE('',*,*,#522,.T.);
#524=EDGE_LOOP('',(#516,#517,#523));
#525=FACE_BOUND('',#524,.T.);
#526=ADVANCED_FACE('',(#525),#515,.T.);
#527=CARTESIAN_POINT('',(-0.645776154,15.532962258,-0.949959072));
#528=DIRECTION('',(1.,0.,0.));
#529=DIRECTION('',(0.,0.,1.));
#530=AXIS2_PLACEMENT_3D('',#527,#528,#529);
#531=PLANE('',#530);
#532=ORIENTED_EDGE('',*,*,#444,.F.);
#533=ORIENTED_EDGE('',*,*,#522,.F.);
#534=ORIENTED_EDGE('',*,*,#476,.T.);
#535=ORIENTED_EDGE('',*,*,#204,.F.);
#536=EDGE_LOOP('',(#532,#533,#534,#535));
#537=FACE_BOUND('',#536,.T.);
#538=ADVANCED_FACE('',(#537),#531,.T.);
#539=CARTESIAN_POINT('',(0.654223846,15.532962258,-0.949959072));
#540=DIRECTION('',(-1.,-0.,0.));
#541=DIRECTION('',(0.,0.,-1.));
#542=AXIS2_PLACEMENT_3D('',#539,#540,#541);
#543=PLANE('',#542);
#544=ORIENTED_EDGE('',*,*,#281,.F.);
#545=ORIENTED_EDGE('',*,*,#237,.T.);
#546=ORIENTED_EDGE('',*,*,#264,.T.);
#547=ORIENTED_EDGE('',*,*,#183,.F.);
#548=EDGE_LOOP('',(#544,#545,#546,#547));
#549=FACE_BOUND('',#548,.T.);
#550=ADVANCED_FACE('',(#549),#543,.T.);
#551=CARTESIAN_POINT('',(0.00366835,25.111243282,-2.842052145));
#552=DIRECTION('',(0.,-0.957024404,-0.290007395));
#553=DIRECTION('',(0.,-0.290007395,0.957024404));
#554=AXIS2_PLACEMENT_3D('',#551,#552,#553);
#555=PLANE('',#554);
#556=ORIENTED_EDGE('',*,*,#88,.F.);
#557=CARTESIAN_POINT('',(-7.750280266,24.25001536,0.));
#558=VERTEX_POINT('',#557);
#559=CARTESIAN_POINT('',(-7.750280266,24.25001536,0.));
#560=DIRECTION('',(0.278531002,-0.278531002,0.919152306));
#561=VECTOR('',#560,3.590264614);
#562=LINE('',#559,#561);
#563=EDGE_CURVE('',#558,#73,#562,.T.);
#564=ORIENTED_EDGE('',*,*,#563,.F.);
#565=CARTESIAN_POINT('',(7.749719734,24.25001536,0.));
#566=VERTEX_POINT('',#565);
#567=CARTESIAN_POINT('',(-7.750280266,24.25001536,0.));
#568=DIRECTION('',(1.,0.,0.));
#569=VECTOR('',#568,15.5);
#570=LINE('',#567,#569);
#571=EDGE_CURVE('',#558,#566,#570,.T.);
#572=ORIENTED_EDGE('',*,*,#571,.T.);
#573=CARTESIAN_POINT('',(7.749719734,24.25001536,0.));
#574=DIRECTION('',(-0.278531002,-0.278531002,0.919152306));
#575=VECTOR('',#574,3.590264614);
#576=LINE('',#573,#575);
#577=EDGE_CURVE('',#566,#83,#576,.T.);
#578=ORIENTED_EDGE('',*,*,#577,.T.);
#579=EDGE_LOOP('',(#556,#564,#572,#578));
#580=FACE_BOUND('',#579,.T.);
#581=ADVANCED_FACE('',(#580),#555,.T.);
#582=CARTESIAN_POINT('',(-8.569123948,17.00001536,-2.702184152));
#583=DIRECTION('',(0.957024404,0.,-0.290007395));
#584=DIRECTION('',(0.290007395,0.,0.957024404));
#585=AXIS2_PLACEMENT_3D('',#582,#583,#584);
#586=PLANE('',#585);
#587=ORIENTED_EDGE('',*,*,#80,.T.);
#588=CARTESIAN_POINT('',(-7.750280266,9.75001536,0.));
#589=VERTEX_POINT('',#588);
#590=CARTESIAN_POINT('',(-7.750280266,9.75001536,0.));
#591=DIRECTION('',(0.278531002,0.278531002,0.919152306));
#592=VECTOR('',#591,3.590264614);
#593=LINE('',#590,#592);
#594=EDGE_CURVE('',#589,#75,#593,.T.);
#595=ORIENTED_EDGE('',*,*,#594,.F.);
#596=CARTESIAN_POINT('',(-7.750280266,24.25001536,0.));
#597=DIRECTION('',(0.,-1.,0.));
#598=VECTOR('',#597,14.5);
#599=LINE('',#596,#598);
#600=EDGE_CURVE('',#558,#589,#599,.T.);
#601=ORIENTED_EDGE('',*,*,#600,.F.);
#602=ORIENTED_EDGE('',*,*,#563,.T.);
#603=EDGE_LOOP('',(#587,#595,#601,#602));
#604=FACE_BOUND('',#603,.T.);
#605=ADVANCED_FACE('',(#604),#586,.T.);
#606=CARTESIAN_POINT('',(0.00366835,8.888787437,-2.842052145));
#607=DIRECTION('',(-0.,0.957024404,-0.290007395));
#608=DIRECTION('',(0.,-0.290007395,-0.957024404));
#609=AXIS2_PLACEMENT_3D('',#606,#607,#608);
#610=PLANE('',#609);
#611=ORIENTED_EDGE('',*,*,#102,.F.);
#612=CARTESIAN_POINT('',(7.749719734,9.75001536,0.));
#613=VERTEX_POINT('',#612);
#614=CARTESIAN_POINT('',(7.749719734,9.75001536,0.));
#615=DIRECTION('',(-0.278531002,0.278531002,0.919152306));
#616=VECTOR('',#615,3.590264614);
#617=LINE('',#614,#616);
#618=EDGE_CURVE('',#613,#91,#617,.T.);
#619=ORIENTED_EDGE('',*,*,#618,.F.);
#620=CARTESIAN_POINT('',(7.749719734,9.75001536,0.));
#621=DIRECTION('',(-1.,-0.,0.));
#622=VECTOR('',#621,15.5);
#623=LINE('',#620,#622);
#624=EDGE_CURVE('',#613,#589,#623,.T.);
#625=ORIENTED_EDGE('',*,*,#624,.T.);
#626=ORIENTED_EDGE('',*,*,#594,.T.);
#627=EDGE_LOOP('',(#611,#619,#625,#626));
#628=FACE_BOUND('',#627,.T.);
#629=ADVANCED_FACE('',(#628),#610,.T.);
#630=CARTESIAN_POINT('',(8.569227608,17.00001536,-2.704375983));
#631=DIRECTION('',(-0.957024404,0.,-0.290007395));
#632=DIRECTION('',(0.290007395,0.,-0.957024404));
#633=AXIS2_PLACEMENT_3D('',#630,#631,#632);
#634=PLANE('',#633);
#635=ORIENTED_EDGE('',*,*,#96,.F.);
#636=ORIENTED_EDGE('',*,*,#577,.F.);
#637=CARTESIAN_POINT('',(7.749719734,24.25001536,0.));
#638=DIRECTION('',(0.,-1.,0.));
#639=VECTOR('',#638,14.5);
#640=LINE('',#637,#639);
#641=EDGE_CURVE('',#566,#613,#640,.T.);
#642=ORIENTED_EDGE('',*,*,#641,.T.);
#643=ORIENTED_EDGE('',*,*,#618,.T.);
#644=EDGE_LOOP('',(#635,#636,#642,#643));
#645=FACE_BOUND('',#644,.T.);
#646=ADVANCED_FACE('',(#645),#634,.T.);
#647=CARTESIAN_POINT('',(-17.99633165,17.00001536,0.));
#648=DIRECTION('',(0.,0.,-1.));
#649=DIRECTION('',(-1.,0.,0.));
#650=AXIS2_PLACEMENT_3D('',#647,#648,#649);
#651=PLANE('',#650);
#652=CARTESIAN_POINT('',(-8.750280266,24.050314988,0.));
#653=VERTEX_POINT('',#652);
#654=CARTESIAN_POINT('',(-8.750280266,9.949715731,0.));
#655=VERTEX_POINT('',#654);
#656=CARTESIAN_POINT('',(-8.750280266,24.050314988,0.));
#657=DIRECTION('',(0.,-1.,0.));
#658=VECTOR('',#657,14.100599257);
#659=LINE('',#656,#658);
#660=EDGE_CURVE('',#653,#655,#659,.T.);
#661=ORIENTED_EDGE('',*,*,#660,.F.);
#662=CARTESIAN_POINT('',(-7.445411235,23.919655847,0.));
#663=DIRECTION('',(0.,0.,-1.));
#664=DIRECTION('',(0.6351054,-0.772425486,0.));
#665=AXIS2_PLACEMENT_3D('',#662,#663,#664);
#666=ELLIPSE('',#665,1.38204183,1.25);
#667=EDGE_CURVE('',#653,#33,#666,.T.);
#668=ORIENTED_EDGE('',*,*,#667,.T.);
#669=ORIENTED_EDGE('',*,*,#62,.F.);
#670=CARTESIAN_POINT('',(8.749719734,24.050314988,0.));
#671=VERTEX_POINT('',#670);
#672=CARTESIAN_POINT('',(7.444850703,23.919655847,0.));
#673=DIRECTION('',(-0.,0.,-1.));
#674=DIRECTION('',(-0.6351054,-0.772425486,0.));
#675=AXIS2_PLACEMENT_3D('',#672,#673,#674);
#676=ELLIPSE('',#675,1.38204183,1.25);
#677=EDGE_CURVE('',#51,#671,#676,.T.);
#678=ORIENTED_EDGE('',*,*,#677,.T.);
#679=CARTESIAN_POINT('',(8.749719734,9.949715731,0.));
#680=VERTEX_POINT('',#679);
#681=CARTESIAN_POINT('',(8.749719734,9.949715731,0.));
#682=DIRECTION('',(-0.,1.,0.));
#683=VECTOR('',#682,14.100599257);
#684=LINE('',#681,#683);
#685=EDGE_CURVE('',#680,#671,#684,.T.);
#686=ORIENTED_EDGE('',*,*,#685,.F.);
#687=CARTESIAN_POINT('',(7.573006337,8.75001536,0.));
#688=VERTEX_POINT('',#687);
#689=CARTESIAN_POINT('',(7.444850703,10.080374872,0.));
#690=DIRECTION('',(0.,0.,-1.));
#691=DIRECTION('',(-0.6351054,0.772425486,0.));
#692=AXIS2_PLACEMENT_3D('',#689,#690,#691);
#693=ELLIPSE('',#692,1.38204183,1.25);
#694=EDGE_CURVE('',#680,#688,#693,.T.);
#695=ORIENTED_EDGE('',*,*,#694,.T.);
#696=CARTESIAN_POINT('',(-7.573566869,8.75001536,0.));
#697=VERTEX_POINT('',#696);
#698=CARTESIAN_POINT('',(-7.573566869,8.75001536,0.));
#699=DIRECTION('',(1.,0.,0.));
#700=VECTOR('',#699,15.146573206);
#701=LINE('',#698,#700);
#702=EDGE_CURVE('',#697,#688,#701,.T.);
#703=ORIENTED_EDGE('',*,*,#702,.F.);
#704=CARTESIAN_POINT('',(-7.445411235,10.080374872,0.));
#705=DIRECTION('',(0.,0.,-1.));
#706=DIRECTION('',(0.6351054,0.772425486,0.));
#707=AXIS2_PLACEMENT_3D('',#704,#705,#706);
#708=ELLIPSE('',#707,1.38204183,1.25);
#709=EDGE_CURVE('',#697,#655,#708,.T.);
#710=ORIENTED_EDGE('',*,*,#709,.T.);
#711=EDGE_LOOP('',(#661,#668,#669,#678,#686,#695,#703,#710));
#712=FACE_BOUND('',#711,.T.);
#713=ORIENTED_EDGE('',*,*,#571,.F.);
#714=ORIENTED_EDGE('',*,*,#600,.T.);
#715=ORIENTED_EDGE('',*,*,#624,.F.);
#716=ORIENTED_EDGE('',*,*,#641,.F.);
#717=EDGE_LOOP('',(#713,#714,#715,#716));
#718=FACE_BOUND('',#717,.T.);
#719=ADVANCED_FACE('',(#712,#718),#651,.T.);
#720=CARTESIAN_POINT('',(32.60366835,8.012047949,-2.025762096));
#721=DIRECTION('',(0.,-0.939595642,0.342286473));
#722=DIRECTION('',(-0.,0.342286473,0.939595642));
#723=AXIS2_PLACEMENT_3D('',#720,#721,#722);
#724=PLANE('',#723);
#725=CARTESIAN_POINT('',(6.11008933,10.529238746,4.884068379));
#726=VERTEX_POINT('',#725);
#727=CARTESIAN_POINT('',(7.573006337,8.75001536,0.));
#728=DIRECTION('',(-0.270911087,0.329486457,0.904458876));
#729=VECTOR('',#728,5.399989441);
#730=LINE('',#727,#729);
#731=EDGE_CURVE('',#688,#726,#730,.T.);
#732=ORIENTED_EDGE('',*,*,#731,.T.);
#733=CARTESIAN_POINT('',(-6.110649862,10.529238746,4.884068379));
#734=VERTEX_POINT('',#733);
#735=CARTESIAN_POINT('',(6.11008933,10.529238746,4.884068379));
#736=DIRECTION('',(-1.,-0.,-0.));
#737=VECTOR('',#736,12.220739192);
#738=LINE('',#735,#737);
#739=EDGE_CURVE('',#726,#734,#738,.T.);
#740=ORIENTED_EDGE('',*,*,#739,.T.);
#741=CARTESIAN_POINT('',(-6.110649862,10.529238746,4.884068379));
#742=DIRECTION('',(-0.270911087,-0.329486457,-0.904458876));
#743=VECTOR('',#742,5.399989441);
#744=LINE('',#741,#743);
#745=EDGE_CURVE('',#734,#697,#744,.T.);
#746=ORIENTED_EDGE('',*,*,#745,.T.);
#747=ORIENTED_EDGE('',*,*,#702,.T.);
#748=EDGE_LOOP('',(#732,#740,#746,#747));
#749=FACE_BOUND('',#748,.T.);
#750=ADVANCED_FACE('',(#749),#724,.T.);
#751=CARTESIAN_POINT('',(9.486450972,17.00001536,-2.459637644));
#752=DIRECTION('',(0.957950545,0.,0.286933359));
#753=DIRECTION('',(-0.286933359,-0.,0.957950545));
#754=AXIS2_PLACEMENT_3D('',#751,#752,#753);
#755=PLANE('',#754);
#756=CARTESIAN_POINT('',(7.24060892,22.214909944,5.038290193));
#757=VERTEX_POINT('',#756);
#758=CARTESIAN_POINT('',(8.749719734,24.050314988,0.));
#759=DIRECTION('',(-0.270911087,-0.329486457,0.904458876));
#760=VECTOR('',#759,5.570502239);
#761=LINE('',#758,#760);
#762=EDGE_CURVE('',#671,#757,#761,.T.);
#763=ORIENTED_EDGE('',*,*,#762,.T.);
#764=CARTESIAN_POINT('',(7.24060892,11.785120775,5.038290193));
#765=VERTEX_POINT('',#764);
#766=CARTESIAN_POINT('',(7.24060892,22.214909944,5.038290193));
#767=CARTESIAN_POINT('',(7.1730056,21.364549078,5.263989421));
#768=CARTESIAN_POINT('',(7.12107903,20.503969365,5.437350538));
#769=CARTESIAN_POINT('',(7.086074515,19.632359055,5.554215976));
#770=CARTESIAN_POINT('',(7.068572257,19.1965539,5.612648694));
#771=CARTESIAN_POINT('',(7.055293233,18.757079125,5.656981808));
#772=CARTESIAN_POINT('',(7.046459386,18.317778507,5.686474332));
#773=CARTESIAN_POINT('',(7.037625538,17.878477889,5.715966857));
#774=CARTESIAN_POINT('',(7.033207299,17.439112341,5.730717509));
#775=CARTESIAN_POINT('',(7.033209536,16.999681791,5.730710041));
#776=CARTESIAN_POINT('',(7.033211773,16.560251242,5.730702573));
#777=CARTESIAN_POINT('',(7.037634487,16.120755691,5.71593698));
#778=CARTESIAN_POINT('',(7.046480652,15.681195095,5.686403333));
#779=CARTESIAN_POINT('',(7.055326817,15.241634499,5.656869685));
#780=CARTESIAN_POINT('',(7.068607218,14.802473062,5.612531975));
#781=CARTESIAN_POINT('',(7.086104564,14.366915281,5.554115655));
#782=CARTESIAN_POINT('',(7.121099256,13.495799719,5.437283015));
#783=CARTESIAN_POINT('',(7.173007273,12.635460596,5.263983835));
#784=CARTESIAN_POINT('',(7.24060892,11.785120775,5.038290193));
#785=B_SPLINE_CURVE_WITH_KNOTS('',3,(#766,#767,#768,#769,#770,#771,#772,#773,#774,#775,#776,#777,#778,#779,#780,#781,#782,#783,#784),.UNSPECIFIED.,.F.,.F.,(4,3,3,3,3,3,4),(0.,0.002637546,0.003956319,0.005275092,0.006593865,0.007912638,0.010550184),.UNSPECIFIED.);
#786=EDGE_CURVE('',#757,#765,#785,.T.);
#787=ORIENTED_EDGE('',*,*,#786,.T.);
#788=CARTESIAN_POINT('',(7.24060892,11.785120775,5.038290193));
#789=DIRECTION('',(0.270911087,-0.329486457,-0.904458876));
#790=VECTOR('',#789,5.570502239);
#791=LINE('',#788,#790);
#792=EDGE_CURVE('',#765,#680,#791,.T.);
#793=ORIENTED_EDGE('',*,*,#792,.T.);
#794=ORIENTED_EDGE('',*,*,#685,.T.);
#795=EDGE_LOOP('',(#763,#787,#793,#794));
#796=FACE_BOUND('',#795,.T.);
#797=ADVANCED_FACE('',(#796),#755,.T.);
#798=CARTESIAN_POINT('',(-9.486361318,17.00001536,-2.457466948));
#799=DIRECTION('',(-0.957950545,-0.,0.286933359));
#800=DIRECTION('',(-0.286933359,-0.,-0.957950545));
#801=AXIS2_PLACEMENT_3D('',#798,#799,#800);
#802=PLANE('',#801);
#803=CARTESIAN_POINT('',(-7.241169452,11.785120775,5.038290193));
#804=VERTEX_POINT('',#803);
#805=CARTESIAN_POINT('',(-8.750280266,9.949715731,0.));
#806=DIRECTION('',(0.270911087,0.329486457,0.904458876));
#807=VECTOR('',#806,5.570502239);
#808=LINE('',#805,#807);
#809=EDGE_CURVE('',#655,#804,#808,.T.);
#810=ORIENTED_EDGE('',*,*,#809,.T.);
#811=CARTESIAN_POINT('',(-7.241169452,22.214909944,5.038290193));
#812=VERTEX_POINT('',#811);
#813=CARTESIAN_POINT('',(-7.241169452,11.785120775,5.038290193));
#814=CARTESIAN_POINT('',(-7.173566131,12.635481641,5.263989421));
#815=CARTESIAN_POINT('',(-7.121639562,13.496061355,5.437350538));
#816=CARTESIAN_POINT('',(-7.086635047,14.367671664,5.554215976));
#817=CARTESIAN_POINT('',(-7.069132789,14.803476819,5.612648694));
#818=CARTESIAN_POINT('',(-7.055853765,15.242951594,5.656981808));
#819=CARTESIAN_POINT('',(-7.047019917,15.682252213,5.686474332));
#820=CARTESIAN_POINT('',(-7.03818607,16.121552831,5.715966857));
#821=CARTESIAN_POINT('',(-7.033767831,16.560918378,5.730717509));
#822=CARTESIAN_POINT('',(-7.033770068,17.000348928,5.730710041));
#823=CARTESIAN_POINT('',(-7.033772305,17.439779477,5.730702573));
#824=CARTESIAN_POINT('',(-7.038195019,17.879275028,5.71593698));
#825=CARTESIAN_POINT('',(-7.047041184,18.318835624,5.686403333));
#826=CARTESIAN_POINT('',(-7.055887349,18.75839622,5.656869685));
#827=CARTESIAN_POINT('',(-7.069167749,19.197557657,5.612531975));
#828=CARTESIAN_POINT('',(-7.086665096,19.633115438,5.554115655));
#829=CARTESIAN_POINT('',(-7.121659788,20.504231,5.437283015));
#830=CARTESIAN_POINT('',(-7.173567804,21.364570123,5.263983835));
#831=CARTESIAN_POINT('',(-7.241169452,22.214909944,5.038290193));
#832=B_SPLINE_CURVE_WITH_KNOTS('',3,(#813,#814,#815,#816,#817,#818,#819,#820,#821,#822,#823,#824,#825,#826,#827,#828,#829,#830,#831),.UNSPECIFIED.,.F.,.F.,(4,3,3,3,3,3,4),(0.,0.002637546,0.003956319,0.005275092,0.006593865,0.007912638,0.010550184),.UNSPECIFIED.);
#833=EDGE_CURVE('',#804,#812,#832,.T.);
#834=ORIENTED_EDGE('',*,*,#833,.T.);
#835=CARTESIAN_POINT('',(-7.241169452,22.214909944,5.038290193));
#836=DIRECTION('',(-0.270911087,0.329486457,-0.904458876));
#837=VECTOR('',#836,5.570502239);
#838=LINE('',#835,#837);
#839=EDGE_CURVE('',#812,#653,#838,.T.);
#840=ORIENTED_EDGE('',*,*,#839,.T.);
#841=ORIENTED_EDGE('',*,*,#660,.T.);
#842=EDGE_LOOP('',(#810,#834,#840,#841));
#843=FACE_BOUND('',#842,.T.);
#844=ADVANCED_FACE('',(#843),#802,.T.);
#845=CARTESIAN_POINT('',(-6.646004241,10.937242278,5.268885256));
#846=CARTESIAN_POINT('',(6.64544371,10.937242278,5.268885256));
#847=CARTESIAN_POINT('',(-6.646004241,17.00001536,7.083868127));
#848=CARTESIAN_POINT('',(6.64544371,17.00001536,7.083868127));
#849=CARTESIAN_POINT('',(-6.646004241,23.062788442,5.268885256));
#850=CARTESIAN_POINT('',(6.64544371,23.062788442,5.268885256));
#851=B_SPLINE_SURFACE_WITH_KNOTS('',2,1,((#845,#846),(#847,#848),(#849,#850)),.UNSPECIFIED.,.F.,.F.,.U.,(3,3),(2,2),(0.023688276,0.976311724),(0.103888754,0.407346469),.UNSPECIFIED.);
#852=CARTESIAN_POINT('',(6.11008933,10.937242364,5.268885282));
#853=VERTEX_POINT('',#852);
#854=CARTESIAN_POINT('',(6.641889829,11.624787179,5.463041389));
#855=VERTEX_POINT('',#854);
#856=CARTESIAN_POINT('',(6.11008933,10.937242364,5.268885282));
#857=CARTESIAN_POINT('',(6.193326329,10.937242364,5.268885282));
#858=CARTESIAN_POINT('',(6.275864134,10.95696688,5.274816745));
#859=CARTESIAN_POINT('',(6.347954731,10.995277295,5.286175763));
#860=CARTESIAN_POINT('',(6.384000029,11.014432502,5.291855273));
#861=CARTESIAN_POINT('',(6.418115578,11.038533466,5.298973668));
#862=CARTESIAN_POINT('',(6.44843774,11.066030453,5.307030447));
#863=CARTESIAN_POINT('',(6.478759902,11.09352744,5.315087226));
#864=CARTESIAN_POINT('',(6.505463159,11.124308747,5.324050666));
#865=CARTESIAN_POINT('',(6.528867048,11.158097924,5.333797486));
#866=CARTESIAN_POINT('',(6.575674826,11.225676278,5.353291125));
#867=CARTESIAN_POINT('',(6.607022205,11.301943316,5.374937621));
#868=CARTESIAN_POINT('',(6.625218,11.381781262,5.397085854));
#869=CARTESIAN_POINT('',(6.643413795,11.461619207,5.419234087));
#870=CARTESIAN_POINT('',(6.648235608,11.542677629,5.441248215));
#871=CARTESIAN_POINT('',(6.641889829,11.624787179,5.463041389));
#872=B_SPLINE_CURVE_WITH_KNOTS('',3,(#856,#857,#858,#859,#860,#861,#862,#863,#864,#865,#866,#867,#868,#869,#870,#871),.UNSPECIFIED.,.F.,.F.,(4,3,3,3,3,4),(0.,0.000245355,0.000368033,0.000490711,0.000736066,0.000981421),.UNSPECIFIED.);
#873=EDGE_CURVE('',#853,#855,#872,.T.);
#874=ORIENTED_EDGE('',*,*,#873,.T.);
#875=CARTESIAN_POINT('',(6.641889829,22.37524354,5.463041389));
#876=VERTEX_POINT('',#875);
#877=CARTESIAN_POINT('',(6.641889829,11.624787179,5.463041389));
#878=CARTESIAN_POINT('',(6.574288182,12.499501129,5.695204311));
#879=CARTESIAN_POINT('',(6.522380168,13.385734617,5.873779927));
#880=CARTESIAN_POINT('',(6.487385473,14.283835089,5.994231761));
#881=CARTESIAN_POINT('',(6.469888125,14.732885325,6.054457678));
#882=CARTESIAN_POINT('',(6.456607726,15.18583581,6.100196427));
#883=CARTESIAN_POINT('',(6.447761561,15.639296421,6.130664003));
#884=CARTESIAN_POINT('',(6.438915396,16.092757032,6.161131579));
#885=CARTESIAN_POINT('',(6.434492682,16.546247515,6.176368982));
#886=CARTESIAN_POINT('',(6.434490445,16.999671169,6.176376689));
#887=CARTESIAN_POINT('',(6.434488209,17.453094824,6.176384395));
#888=CARTESIAN_POINT('',(6.438906447,17.906451185,6.161162409));
#889=CARTESIAN_POINT('',(6.447740295,18.359643751,6.130737246));
#890=CARTESIAN_POINT('',(6.456574142,18.812836318,6.100312084));
#891=CARTESIAN_POINT('',(6.469853165,19.266110318,6.054579185));
#892=CARTESIAN_POINT('',(6.487355424,19.715415803,5.994336335));
#893=CARTESIAN_POINT('',(6.522359942,20.614026772,5.873850636));
#894=CARTESIAN_POINT('',(6.574286509,21.500507942,5.695210057));
#895=CARTESIAN_POINT('',(6.641889829,22.37524354,5.463041389));
#896=B_SPLINE_CURVE_WITH_KNOTS('',3,(#877,#878,#879,#880,#881,#882,#883,#884,#885,#886,#887,#888,#889,#890,#891,#892,#893,#894,#895),.UNSPECIFIED.,.F.,.F.,(4,3,3,3,3,3,4),(0.,0.002637546,0.003956319,0.005275092,0.006593865,0.007912638,0.010550184),.UNSPECIFIED.);
#897=EDGE_CURVE('',#855,#876,#896,.T.);
#898=ORIENTED_EDGE('',*,*,#897,.T.);
#899=CARTESIAN_POINT('',(6.11008933,23.062788355,5.268885282));
#900=VERTEX_POINT('',#899);
#901=CARTESIAN_POINT('',(6.641889829,22.37524354,5.463041389));
#902=CARTESIAN_POINT('',(6.64823317,22.457321553,5.441256586));
#903=CARTESIAN_POINT('',(6.643278683,22.539104697,5.419042486));
#904=CARTESIAN_POINT('',(6.625179428,22.618427876,5.397036358));
#905=CARTESIAN_POINT('',(6.607080174,22.697751055,5.37503023));
#906=CARTESIAN_POINT('',(6.575513122,22.774691164,5.353195105));
#907=CARTESIAN_POINT('',(6.528635656,22.842266585,5.333701198));
#908=CARTESIAN_POINT('',(6.505196924,22.876054296,5.323954244));
#909=CARTESIAN_POINT('',(6.478447471,22.906841383,5.314988624));
#910=CARTESIAN_POINT('',(6.448057769,22.934344163,5.306929681));
#911=CARTESIAN_POINT('',(6.417668067,22.961846944,5.298870737));
#912=CARTESIAN_POINT('',(6.383677471,22.985808524,5.291793098));
#913=CARTESIAN_POINT('',(6.34759258,23.004945885,5.286118698));
#914=CARTESIAN_POINT('',(6.311507689,23.024083245,5.280444298));
#915=CARTESIAN_POINT('',(6.272334647,23.038875541,5.276032113));
#916=CARTESIAN_POINT('',(6.232380089,23.048496827,5.273158625));
#917=CARTESIAN_POINT('',(6.192425531,23.058118113,5.270285137));
#918=CARTESIAN_POINT('',(6.151646543,23.062788355,5.268885282));
#919=CARTESIAN_POINT('',(6.11008933,23.062788355,5.268885282));
#920=B_SPLINE_CURVE_WITH_KNOTS('',3,(#901,#902,#903,#904,#905,#906,#907,#908,#909,#910,#911,#912,#913,#914,#915,#916,#917,#918,#919),.UNSPECIFIED.,.F.,.F.,(4,3,3,3,3,3,4),(0.,0.000246054,0.000492108,0.000615135,0.000738162,0.000861188,0.000984215),.UNSPECIFIED.);
#921=EDGE_CURVE('',#876,#900,#920,.T.);
#922=ORIENTED_EDGE('',*,*,#921,.T.);
#923=CARTESIAN_POINT('',(-6.110649862,23.062788355,5.268885282));
#924=VERTEX_POINT('',#923);
#925=CARTESIAN_POINT('',(6.11008933,23.062788355,5.268885282));
#926=DIRECTION('',(-1.,-0.,-0.));
#927=VECTOR('',#926,12.220739192);
#928=LINE('',#925,#927);
#929=EDGE_CURVE('',#900,#924,#928,.T.);
#930=ORIENTED_EDGE('',*,*,#929,.T.);
#931=CARTESIAN_POINT('',(-6.642450361,22.37524354,5.463041389));
#932=VERTEX_POINT('',#931);
#933=CARTESIAN_POINT('',(-6.110649862,23.062788355,5.268885282));
#934=CARTESIAN_POINT('',(-6.19388686,23.062788355,5.268885282));
#935=CARTESIAN_POINT('',(-6.276424666,23.043063839,5.274816745));
#936=CARTESIAN_POINT('',(-6.348515262,23.004753425,5.286175763));
#937=CARTESIAN_POINT('',(-6.38456056,22.985598217,5.291855273));
#938=CARTESIAN_POINT('',(-6.418676109,22.961497253,5.298973668));
#939=CARTESIAN_POINT('',(-6.448998271,22.934000266,5.307030447));
#940=CARTESIAN_POINT('',(-6.479320433,22.906503279,5.315087226));
#941=CARTESIAN_POINT('',(-6.50602369,22.875721972,5.324050666));
#942=CARTESIAN_POINT('',(-6.529427579,22.841932795,5.333797486));
#943=CARTESIAN_POINT('',(-6.576235358,22.774354442,5.353291125));
#944=CARTESIAN_POINT('',(-6.607582737,22.698087403,5.374937621));
#945=CARTESIAN_POINT('',(-6.625778532,22.618249458,5.397085854));
#946=CARTESIAN_POINT('',(-6.643974327,22.538411512,5.419234087));
#947=CARTESIAN_POINT('',(-6.648796139,22.457353091,5.441248215));
#948=CARTESIAN_POINT('',(-6.642450361,22.37524354,5.463041389));
#949=B_SPLINE_CURVE_WITH_KNOTS('',3,(#933,#934,#935,#936,#937,#938,#939,#940,#941,#942,#943,#944,#945,#946,#947,#948),.UNSPECIFIED.,.F.,.F.,(4,3,3,3,3,4),(-0.,0.000245355,0.000368033,0.000490711,0.000736066,0.000981421),.UNSPECIFIED.);
#950=EDGE_CURVE('',#924,#932,#949,.T.);
#951=ORIENTED_EDGE('',*,*,#950,.T.);
#952=CARTESIAN_POINT('',(-6.642450361,11.624787179,5.463041389));
#953=VERTEX_POINT('',#952);
#954=CARTESIAN_POINT('',(-6.642450361,22.37524354,5.463041389));
#955=CARTESIAN_POINT('',(-6.574848713,21.500529591,5.695204311));
#956=CARTESIAN_POINT('',(-6.5229407,20.614296103,5.873779927));
#957=CARTESIAN_POINT('',(-6.487946005,19.71619563,5.994231761));
#958=CARTESIAN_POINT('',(-6.470448657,19.267145394,6.054457678));
#959=CARTESIAN_POINT('',(-6.457168258,18.814194909,6.100196427));
#960=CARTESIAN_POINT('',(-6.448322093,18.360734298,6.130664003));
#961=CARTESIAN_POINT('',(-6.439475928,17.907273687,6.161131579));
#962=CARTESIAN_POINT('',(-6.435053214,17.453783204,6.176368982));
#963=CARTESIAN_POINT('',(-6.435050977,17.00035955,6.176376689));
#964=CARTESIAN_POINT('',(-6.43504874,16.546935896,6.176384395));
#965=CARTESIAN_POINT('',(-6.439466979,16.093579534,6.161162409));
#966=CARTESIAN_POINT('',(-6.448300827,15.640386968,6.130737246));
#967=CARTESIAN_POINT('',(-6.457134674,15.187194401,6.100312084));
#968=CARTESIAN_POINT('',(-6.470413697,14.733920401,6.054579185));
#969=CARTESIAN_POINT('',(-6.487915956,14.284614917,5.994336335));
#970=CARTESIAN_POINT('',(-6.522920473,13.386003947,5.873850636));
#971=CARTESIAN_POINT('',(-6.57484704,12.499522777,5.695210057));
#972=CARTESIAN_POINT('',(-6.642450361,11.624787179,5.463041389));
#973=B_SPLINE_CURVE_WITH_KNOTS('',3,(#954,#955,#956,#957,#958,#959,#960,#961,#962,#963,#964,#965,#966,#967,#968,#969,#970,#971,#972),.UNSPECIFIED.,.F.,.F.,(4,3,3,3,3,3,4),(0.,0.002637546,0.003956319,0.005275092,0.006593865,0.007912638,0.010550184),.UNSPECIFIED.);
#974=EDGE_CURVE('',#932,#953,#973,.T.);
#975=ORIENTED_EDGE('',*,*,#974,.T.);
#976=CARTESIAN_POINT('',(-6.110649862,10.937242364,5.268885282));
#977=VERTEX_POINT('',#976);
#978=CARTESIAN_POINT('',(-6.642450361,11.624787179,5.463041389));
#979=CARTESIAN_POINT('',(-6.648793702,11.542709166,5.441256586));
#980=CARTESIAN_POINT('',(-6.643839214,11.460926022,5.419042486));
#981=CARTESIAN_POINT('',(-6.62573996,11.381602843,5.397036358));
#982=CARTESIAN_POINT('',(-6.607640706,11.302279665,5.37503023));
#983=CARTESIAN_POINT('',(-6.576073654,11.225339555,5.353195105));
#984=CARTESIAN_POINT('',(-6.529196188,11.157764134,5.333701198));
#985=CARTESIAN_POINT('',(-6.505757455,11.123976424,5.323954244));
#986=CARTESIAN_POINT('',(-6.479008003,11.093189336,5.314988624));
#987=CARTESIAN_POINT('',(-6.448618301,11.065686556,5.306929681));
#988=CARTESIAN_POINT('',(-6.418228598,11.038183776,5.298870737));
#989=CARTESIAN_POINT('',(-6.384238002,11.014222195,5.291793098));
#990=CARTESIAN_POINT('',(-6.348153111,10.995084835,5.286118698));
#991=CARTESIAN_POINT('',(-6.31206822,10.975947474,5.280444298));
#992=CARTESIAN_POINT('',(-6.272895178,10.961155178,5.276032113));
#993=CARTESIAN_POINT('',(-6.232940621,10.951533892,5.273158625));
#994=CARTESIAN_POINT('',(-6.192986063,10.941912607,5.270285137));
#995=CARTESIAN_POINT('',(-6.152207075,10.937242364,5.268885282));
#996=CARTESIAN_POINT('',(-6.110649862,10.937242364,5.268885282));
#997=B_SPLINE_CURVE_WITH_KNOTS('',3,(#978,#979,#980,#981,#982,#983,#984,#985,#986,#987,#988,#989,#990,#991,#992,#993,#994,#995,#996),.UNSPECIFIED.,.F.,.F.,(4,3,3,3,3,3,4),(0.,0.000246054,0.000492108,0.000615135,0.000738162,0.000861188,0.000984215),.UNSPECIFIED.);
#998=EDGE_CURVE('',#953,#977,#997,.T.);
#999=ORIENTED_EDGE('',*,*,#998,.T.);
#1000=CARTESIAN_POINT('',(-6.110649862,10.937242364,5.268885282));
#1001=DIRECTION('',(1.,0.,0.));
#1002=VECTOR('',#1001,12.220739192);
#1003=LINE('',#1000,#1002);
#1004=EDGE_CURVE('',#977,#853,#1003,.T.);
#1005=ORIENTED_EDGE('',*,*,#1004,.T.);
#1006=EDGE_LOOP('',(#874,#898,#922,#930,#951,#975,#999,#1005));
#1007=FACE_BOUND('',#1006,.T.);
#1008=ADVANCED_FACE('',(#1007),#851,.F.);
#1009=CARTESIAN_POINT('',(-5.187086814,21.173045065,7.539601251));
#1010=DIRECTION('',(0.270911087,-0.329486457,0.904458876));
#1011=DIRECTION('',(-0.,0.939595642,0.342286473));
#1012=AXIS2_PLACEMENT_3D('',#1009,#1010,#1011);
#1013=CYLINDRICAL_SURFACE('',#1012,1.25);
#1014=ORIENTED_EDGE('',*,*,#839,.F.);
#1015=CARTESIAN_POINT('',(-7.241169452,22.214909944,5.038290193));
#1016=CARTESIAN_POINT('',(-7.241079142,22.359007525,5.038591698));
#1017=CARTESIAN_POINT('',(-7.219509348,22.502123659,5.035597896));
#1018=CARTESIAN_POINT('',(-7.172246464,22.644168577,5.028819366));
#1019=CARTESIAN_POINT('',(-7.12498358,22.786213495,5.022040836));
#1020=CARTESIAN_POINT('',(-7.0528114,22.923029261,5.011581744));
#1021=CARTESIAN_POINT('',(-6.952118441,23.045878509,4.997290196));
#1022=CARTESIAN_POINT('',(-6.901771961,23.107303134,4.990144422));
#1023=CARTESIAN_POINT('',(-6.845515891,23.163718406,4.982218718));
#1024=CARTESIAN_POINT('',(-6.782789226,23.21467988,4.973496723));
#1025=CARTESIAN_POINT('',(-6.720062561,23.265641354,4.964774728));
#1026=CARTESIAN_POINT('',(-6.650546722,23.310968647,4.955219211));
#1027=CARTESIAN_POINT('',(-6.578084479,23.347785134,4.945409892));
#1028=CARTESIAN_POINT('',(-6.505622236,23.38460162,4.935600572));
#1029=CARTESIAN_POINT('',(-6.42836739,23.413959264,4.925287376));
#1030=CARTESIAN_POINT('',(-6.349399001,23.4345865,4.914919555));
#1031=CARTESIAN_POINT('',(-6.270430613,23.455213735,4.904551734));
#1032=CARTESIAN_POINT('',(-6.190832362,23.467077042,4.894266074));
#1033=CARTESIAN_POINT('',(-6.110649862,23.470791973,4.884068379));
#1034=B_SPLINE_CURVE_WITH_KNOTS('',3,(#1015,#1016,#1017,#1018,#1019,#1020,#1021,#1022,#1023,#1024,#1025,#1026,#1027,#1028,#1029,#1030,#1031,#1032,#1033),.UNSPECIFIED.,.F.,.F.,(4,3,3,3,3,3,4),(-0.,0.000245355,0.000490711,0.000613388,0.000736066,0.000858744,0.000981421),.UNSPECIFIED.);
#1035=EDGE_CURVE('',#812,#35,#1034,.T.);
#1036=ORIENTED_EDGE('',*,*,#1035,.T.);
#1037=ORIENTED_EDGE('',*,*,#40,.F.);
#1038=ORIENTED_EDGE('',*,*,#667,.F.);
#1039=EDGE_LOOP('',(#1014,#1036,#1037,#1038));
#1040=FACE_BOUND('',#1039,.T.);
#1041=ADVANCED_FACE('',(#1040),#1013,.T.);
#1042=CARTESIAN_POINT('',(7.579711711,24.083675991,-0.450244531));
#1043=DIRECTION('',(-0.270911087,-0.329486457,0.904458876));
#1044=DIRECTION('',(-0.,0.939595642,0.342286473));
#1045=AXIS2_PLACEMENT_3D('',#1042,#1043,#1044);
#1046=CYLINDRICAL_SURFACE('',#1045,1.25);
#1047=ORIENTED_EDGE('',*,*,#56,.F.);
#1048=CARTESIAN_POINT('',(6.11008933,23.470791973,4.884068379));
#1049=CARTESIAN_POINT('',(6.190153755,23.467082513,4.894251057));
#1050=CARTESIAN_POINT('',(6.269458144,23.455254006,4.904499238));
#1051=CARTESIAN_POINT('',(6.347955346,23.434816649,4.914803978));
#1052=CARTESIAN_POINT('',(6.426452548,23.414379293,4.925108719));
#1053=CARTESIAN_POINT('',(6.504260065,23.384943597,4.935492657));
#1054=CARTESIAN_POINT('',(6.576795821,23.348154927,4.945310976));
#1055=CARTESIAN_POINT('',(6.649331577,23.311366256,4.955129295));
#1056=CARTESIAN_POINT('',(6.718585183,23.266295183,4.964648151));
#1057=CARTESIAN_POINT('',(6.781442993,23.215317632,4.973387505));
#1058=CARTESIAN_POINT('',(6.844300804,23.16434008,4.982126858));
#1059=CARTESIAN_POINT('',(6.90064669,23.107910356,4.990064652));
#1060=CARTESIAN_POINT('',(6.951060205,23.046485336,4.997219543));
#1061=CARTESIAN_POINT('',(7.001473721,22.985060315,5.004374434));
#1062=CARTESIAN_POINT('',(7.044664056,22.920150112,5.010562398));
#1063=CARTESIAN_POINT('',(7.081259395,22.852829081,5.015819134));
#1064=CARTESIAN_POINT('',(7.117854734,22.78550805,5.021075869));
#1065=CARTESIAN_POINT('',(7.148081959,22.715050055,5.025433006));
#1066=CARTESIAN_POINT('',(7.1715811,22.644484676,5.028803368));
#1067=CARTESIAN_POINT('',(7.218579382,22.503353919,5.035544091));
#1068=CARTESIAN_POINT('',(7.240518646,22.358952179,5.038591582));
#1069=CARTESIAN_POINT('',(7.24060892,22.214909944,5.038290193));
#1070=B_SPLINE_CURVE_WITH_KNOTS('',3,(#1048,#1049,#1050,#1051,#1052,#1053,#1054,#1055,#1056,#1057,#1058,#1059,#1060,#1061,#1062,#1063,#1064,#1065,#1066,#1067,#1068,#1069),.UNSPECIFIED.,.F.,.F.,(4,3,3,3,3,3,3,4),(0.,0.000123027,0.000246054,0.000369081,0.000492108,0.000615135,0.000738162,0.000984215),.UNSPECIFIED.);
#1071=EDGE_CURVE('',#43,#757,#1070,.T.);
#1072=ORIENTED_EDGE('',*,*,#1071,.T.);
#1073=ORIENTED_EDGE('',*,*,#762,.F.);
#1074=ORIENTED_EDGE('',*,*,#677,.F.);
#1075=EDGE_LOOP('',(#1047,#1072,#1073,#1074));
#1076=FACE_BOUND('',#1075,.T.);
#1077=ADVANCED_FACE('',(#1076),#1046,.T.);
#1078=CARTESIAN_POINT('',(-7.579692642,9.917059647,-0.448309488));
#1079=DIRECTION('',(0.270911087,0.329486457,0.904458876));
#1080=DIRECTION('',(-0.,0.939595642,-0.342286473));
#1081=AXIS2_PLACEMENT_3D('',#1078,#1079,#1080);
#1082=CYLINDRICAL_SURFACE('',#1081,1.25);
#1083=ORIENTED_EDGE('',*,*,#745,.F.);
#1084=CARTESIAN_POINT('',(-6.110649862,10.529238746,4.884068379));
#1085=CARTESIAN_POINT('',(-6.190714287,10.532948207,4.894251057));
#1086=CARTESIAN_POINT('',(-6.270018676,10.544776714,4.904499238));
#1087=CARTESIAN_POINT('',(-6.348515878,10.56521407,4.914803978));
#1088=CARTESIAN_POINT('',(-6.427013079,10.585651426,4.925108719));
#1089=CARTESIAN_POINT('',(-6.504820596,10.615087122,4.935492657));
#1090=CARTESIAN_POINT('',(-6.577356353,10.651875793,4.945310976));
#1091=CARTESIAN_POINT('',(-6.649892109,10.688664463,4.955129295));
#1092=CARTESIAN_POINT('',(-6.719145714,10.733735536,4.964648151));
#1093=CARTESIAN_POINT('',(-6.782003525,10.784713088,4.973387505));
#1094=CARTESIAN_POINT('',(-6.844861335,10.835690639,4.982126858));
#1095=CARTESIAN_POINT('',(-6.901207221,10.892120363,4.990064652));
#1096=CARTESIAN_POINT('',(-6.951620737,10.953545384,4.997219543));
#1097=CARTESIAN_POINT('',(-7.002034253,11.014970404,5.004374434));
#1098=CARTESIAN_POINT('',(-7.045224588,11.079880607,5.010562398));
#1099=CARTESIAN_POINT('',(-7.081819927,11.147201638,5.015819134));
#1100=CARTESIAN_POINT('',(-7.118415265,11.21452267,5.021075869));
#1101=CARTESIAN_POINT('',(-7.148642491,11.284980664,5.025433006));
#1102=CARTESIAN_POINT('',(-7.172141632,11.355546043,5.028803368));
#1103=CARTESIAN_POINT('',(-7.219139913,11.496676801,5.035544091));
#1104=CARTESIAN_POINT('',(-7.241079177,11.64107854,5.038591582));
#1105=CARTESIAN_POINT('',(-7.241169452,11.785120775,5.038290193));
#1106=B_SPLINE_CURVE_WITH_KNOTS('',3,(#1084,#1085,#1086,#1087,#1088,#1089,#1090,#1091,#1092,#1093,#1094,#1095,#1096,#1097,#1098,#1099,#1100,#1101,#1102,#1103,#1104,#1105),.UNSPECIFIED.,.F.,.F.,(4,3,3,3,3,3,3,4),(0.,0.000123027,0.000246054,0.000369081,0.000492108,0.000615135,0.000738162,0.000984215),.UNSPECIFIED.);
#1107=EDGE_CURVE('',#734,#804,#1106,.T.);
#1108=ORIENTED_EDGE('',*,*,#1107,.T.);
#1109=ORIENTED_EDGE('',*,*,#809,.F.);
#1110=ORIENTED_EDGE('',*,*,#709,.F.);
#1111=EDGE_LOOP('',(#1083,#1108,#1109,#1110));
#1112=FACE_BOUND('',#1111,.T.);
#1113=ADVANCED_FACE('',(#1112),#1082,.T.);
#1114=CARTESIAN_POINT('',(9.972317539,7.006428721,-8.43815527));
#1115=DIRECTION('',(-0.270911087,0.329486457,0.904458876));
#1116=DIRECTION('',(-0.,0.939595642,-0.342286473));
#1117=AXIS2_PLACEMENT_3D('',#1114,#1115,#1116);
#1118=CYLINDRICAL_SURFACE('',#1117,1.25);
#1119=ORIENTED_EDGE('',*,*,#792,.F.);
#1120=CARTESIAN_POINT('',(7.24060892,11.785120775,5.038290193));
#1121=CARTESIAN_POINT('',(7.240518611,11.641023194,5.038591698));
#1122=CARTESIAN_POINT('',(7.218948817,11.49790706,5.035597896));
#1123=CARTESIAN_POINT('',(7.171685932,11.355862142,5.028819366));
#1124=CARTESIAN_POINT('',(7.124423048,11.213817225,5.022040836));
#1125=CARTESIAN_POINT('',(7.052250868,11.077001459,5.011581744));
#1126=CARTESIAN_POINT('',(6.951557909,10.95415221,4.997290196));
#1127=CARTESIAN_POINT('',(6.90121143,10.892727585,4.990144422));
#1128=CARTESIAN_POINT('',(6.844955359,10.836312313,4.982218718));
#1129=CARTESIAN_POINT('',(6.782228694,10.785350839,4.973496723));
#1130=CARTESIAN_POINT('',(6.719502029,10.734389365,4.964774728));
#1131=CARTESIAN_POINT('',(6.64998619,10.689062072,4.955219211));
#1132=CARTESIAN_POINT('',(6.577523947,10.652245586,4.945409892));
#1133=CARTESIAN_POINT('',(6.505061704,10.615429099,4.935600572));
#1134=CARTESIAN_POINT('',(6.427806858,10.586071455,4.925287376));
#1135=CARTESIAN_POINT('',(6.34883847,10.565444219,4.914919555));
#1136=CARTESIAN_POINT('',(6.269870082,10.544816984,4.904551734));
#1137=CARTESIAN_POINT('',(6.19027183,10.532953677,4.894266074));
#1138=CARTESIAN_POINT('',(6.11008933,10.529238746,4.884068379));
#1139=B_SPLINE_CURVE_WITH_KNOTS('',3,(#1120,#1121,#1122,#1123,#1124,#1125,#1126,#1127,#1128,#1129,#1130,#1131,#1132,#1133,#1134,#1135,#1136,#1137,#1138),.UNSPECIFIED.,.F.,.F.,(4,3,3,3,3,3,4),(0.,0.000245355,0.000490711,0.000613388,0.000736066,0.000858744,0.000981421),.UNSPECIFIED.);
#1140=EDGE_CURVE('',#765,#726,#1139,.T.);
#1141=ORIENTED_EDGE('',*,*,#1140,.T.);
#1142=ORIENTED_EDGE('',*,*,#731,.F.);
#1143=ORIENTED_EDGE('',*,*,#694,.F.);
#1144=EDGE_LOOP('',(#1119,#1141,#1142,#1143));
#1145=FACE_BOUND('',#1144,.T.);
#1146=ADVANCED_FACE('',(#1145),#1118,.T.);
#1147=CARTESIAN_POINT('',(-6.642450361,11.624787179,5.463041389));
#1148=CARTESIAN_POINT('',(-6.70942902,11.629761533,5.464361661));
#1149=CARTESIAN_POINT('',(-6.776395672,11.637537156,5.455124066));
#1150=CARTESIAN_POINT('',(-6.903449284,11.657894919,5.416478836));
#1151=CARTESIAN_POINT('',(-6.963513466,11.670473408,5.387078129));
#1152=CARTESIAN_POINT('',(-7.070567543,11.699141886,5.311130413));
#1153=CARTESIAN_POINT('',(-7.117538246,11.715226736,5.26459702));
#1154=CARTESIAN_POINT('',(-7.193558378,11.749250976,5.159174996));
#1155=CARTESIAN_POINT('',(-7.222594179,11.767184268,5.100305265));
#1156=CARTESIAN_POINT('',(-7.241169452,11.785120775,5.038290193));
#1157=CARTESIAN_POINT('',(-6.57484704,12.499522777,5.695210057));
#1158=CARTESIAN_POINT('',(-6.641724933,12.503786693,5.696126914));
#1159=CARTESIAN_POINT('',(-6.708590951,12.510412471,5.686423946));
#1160=CARTESIAN_POINT('',(-6.835486221,12.527713196,5.646767233));
#1161=CARTESIAN_POINT('',(-6.895492942,12.538385078,5.616820531));
#1162=CARTESIAN_POINT('',(-7.002510422,12.562685427,5.539742009));
#1163=CARTESIAN_POINT('',(-7.049502179,12.576309588,5.492623877));
#1164=CARTESIAN_POINT('',(-7.125663666,12.605118887,5.38603108));
#1165=CARTESIAN_POINT('',(-7.154819873,12.620298918,5.326575343));
#1166=CARTESIAN_POINT('',(-7.173566131,12.635481641,5.263989421));
#1167=CARTESIAN_POINT('',(-6.522920473,13.386003947,5.873850636));
#1168=CARTESIAN_POINT('',(-6.589716456,13.389479715,5.874433593));
#1169=CARTESIAN_POINT('',(-6.656500686,13.394860213,5.864347704));
#1170=CARTESIAN_POINT('',(-6.783267245,13.408884916,5.823861995));
#1171=CARTESIAN_POINT('',(-6.843227241,13.417526654,5.793469308));
#1172=CARTESIAN_POINT('',(-6.950214906,13.437192362,5.715469123));
#1173=CARTESIAN_POINT('',(-6.997223726,13.448212871,5.667875367));
#1174=CARTESIAN_POINT('',(-7.073500075,13.471511382,5.560331248));
#1175=CARTESIAN_POINT('',(-7.102754166,13.483785283,5.500399832));
#1176=CARTESIAN_POINT('',(-7.121639562,13.496061355,5.437350538));
#1177=CARTESIAN_POINT('',(-6.470413697,14.733920401,6.054579185));
#1178=CARTESIAN_POINT('',(-6.537125832,14.736131997,6.054817396));
#1179=CARTESIAN_POINT('',(-6.603826323,14.73954296,6.044336768));
#1180=CARTESIAN_POINT('',(-6.730461079,14.748418885,6.002997364));
#1181=CARTESIAN_POINT('',(-6.790373212,14.753882296,5.972145814));
#1182=CARTESIAN_POINT('',(-6.897330303,14.766307846,5.893197909));
#1183=CARTESIAN_POINT('',(-6.944356569,14.773267816,5.845115351));
#1184=CARTESIAN_POINT('',(-7.020750519,14.787978722,5.736593851));
#1185=CARTESIAN_POINT('',(-7.050104854,14.795727088,5.676173873));
#1186=CARTESIAN_POINT('',(-7.069132789,14.803476819,5.612648694));
#1187=CARTESIAN_POINT('',(-6.457134674,15.187194401,6.100312084));
#1188=CARTESIAN_POINT('',(-6.523825463,15.188970377,6.100461183));
#1189=CARTESIAN_POINT('',(-6.590504621,15.19170685,6.089878636));
#1190=CARTESIAN_POINT('',(-6.717105783,15.198824483,6.048318977));
#1191=CARTESIAN_POINT('',(-6.777005708,15.203204402,6.017349114));
#1192=CARTESIAN_POINT('',(-6.883954983,15.213164196,5.938156957));
#1193=CARTESIAN_POINT('',(-6.930985682,15.218742334,5.889948473));
#1194=CARTESIAN_POINT('',(-7.007409594,15.230531855,5.781175253));
#1195=CARTESIAN_POINT('',(-7.03678948,15.236741184,5.720629486));
#1196=CARTESIAN_POINT('',(-7.055853765,15.242951594,5.656981808));
#1197=CARTESIAN_POINT('',(-6.439466979,16.093579534,6.161162409));
#1198=CARTESIAN_POINT('',(-6.506129034,16.094473104,6.16119253));
#1199=CARTESIAN_POINT('',(-6.572779496,16.095847792,6.150474017));
#1200=CARTESIAN_POINT('',(-6.699335485,16.099420814,6.108620696));
#1201=CARTESIAN_POINT('',(-6.759219003,16.101618526,6.077493168));
#1202=CARTESIAN_POINT('',(-6.866157789,16.106614788,5.997975616));
#1203=CARTESIAN_POINT('',(-6.913194459,16.109412469,5.94959942));
#1204=CARTESIAN_POINT('',(-6.989658671,16.115324882,5.840490972));
#1205=CARTESIAN_POINT('',(-7.019072914,16.118438586,5.779777695));
#1206=CARTESIAN_POINT('',(-7.03818607,16.121552831,5.715966857));
#1207=CARTESIAN_POINT('',(-6.43504874,16.546935896,6.176384395));
#1208=CARTESIAN_POINT('',(-6.501703543,16.547382552,6.17638438));
#1209=CARTESIAN_POINT('',(-6.568346761,16.548069695,6.165631461));
#1210=CARTESIAN_POINT('',(-6.694891348,16.549855677,6.123703882));
#1211=CARTESIAN_POINT('',(-6.754770725,16.550954206,6.092536507));
#1212=CARTESIAN_POINT('',(-6.861706862,16.553451592,6.012936749));
#1213=CARTESIAN_POINT('',(-6.908745039,16.554850015,5.964518198));
#1214=CARTESIAN_POINT('',(-6.985219421,16.557805337,5.855325104));
#1215=CARTESIAN_POINT('',(-7.014642337,16.559361722,5.794569538));
#1216=CARTESIAN_POINT('',(-7.033767831,16.560918378,5.730717509));
#1217=CARTESIAN_POINT('',(-6.435053214,17.453783204,6.176368982));
#1218=CARTESIAN_POINT('',(-6.501708024,17.453335869,6.176368998));
#1219=CARTESIAN_POINT('',(-6.56835125,17.452647683,6.165616114));
#1220=CARTESIAN_POINT('',(-6.694895849,17.450858987,6.12368861));
#1221=CARTESIAN_POINT('',(-6.754775229,17.449758788,6.092521275));
#1222=CARTESIAN_POINT('',(-6.861711369,17.447257608,6.0129216));
#1223=CARTESIAN_POINT('',(-6.908749544,17.445857061,5.964503092));
#1224=CARTESIAN_POINT('',(-6.985223917,17.442897249,5.855310084));
#1225=CARTESIAN_POINT('',(-7.014646823,17.441338498,5.79455456));
#1226=CARTESIAN_POINT('',(-7.033772305,17.439779477,5.730702573));
#1227=CARTESIAN_POINT('',(-6.439475928,17.907273687,6.161131579));
#1228=CARTESIAN_POINT('',(-6.506137998,17.906379307,6.161161761));
#1229=CARTESIAN_POINT('',(-6.572788474,17.905003373,6.150443317));
#1230=CARTESIAN_POINT('',(-6.699344486,17.901427113,6.108590147));
#1231=CARTESIAN_POINT('',(-6.759228013,17.899227408,6.0774627));
#1232=CARTESIAN_POINT('',(-6.866166804,17.894226616,5.997945314));
#1233=CARTESIAN_POINT('',(-6.913203471,17.891426398,5.949569204));
#1234=CARTESIAN_POINT('',(-6.989667662,17.885508624,5.840460927));
#1235=CARTESIAN_POINT('',(-7.019081888,17.882392097,5.779747735));
#1236=CARTESIAN_POINT('',(-7.038195019,17.879275028,5.71593698));
#1237=CARTESIAN_POINT('',(-6.452745176,18.587464603,6.115430215));
#1238=CARTESIAN_POINT('',(-6.519428826,18.585908041,6.115549754));
#1239=CARTESIAN_POINT('',(-6.586100854,18.58351018,6.104933425));
#1240=CARTESIAN_POINT('',(-6.712690793,18.577273922,6.063300806));
#1241=CARTESIAN_POINT('',(-6.772586642,18.573436613,6.032291771));
#1242=CARTESIAN_POINT('',(-6.879533311,18.564711009,5.953018769));
#1243=CARTESIAN_POINT('',(-6.926565493,18.559824236,5.904768617));
#1244=CARTESIAN_POINT('',(-7.002999418,18.549496065,5.795912109));
#1245=CARTESIAN_POINT('',(-7.03238784,18.544056468,5.735324724));
#1246=CARTESIAN_POINT('',(-7.051464266,18.538615922,5.671636509));
#1247=CARTESIAN_POINT('',(-6.458281281,18.814384806,6.096363856));
#1248=CARTESIAN_POINT('',(-6.524973873,18.81260873,6.096520578));
#1249=CARTESIAN_POINT('',(-6.591654835,18.809871554,6.085946761));
#1250=CARTESIAN_POINT('',(-6.71825884,18.802751432,6.044405993));
#1251=CARTESIAN_POINT('',(-6.778159799,18.798369728,6.013446287));
#1252=CARTESIAN_POINT('',(-6.885109737,18.788405551,5.934275111));
#1253=CARTESIAN_POINT('',(-6.932140062,18.782824816,5.886077451));
#1254=CARTESIAN_POINT('',(-7.00856144,18.771029661,5.777325869));
#1255=CARTESIAN_POINT('',(-7.037939164,18.764817299,5.716790917));
#1256=CARTESIAN_POINT('',(-7.057000372,18.758603851,5.653153767));
#1257=CARTESIAN_POINT('',(-6.471507315,19.266404118,6.05082336));
#1258=CARTESIAN_POINT('',(-6.538221253,19.264194821,6.051068204));
#1259=CARTESIAN_POINT('',(-6.604923534,19.260786417,6.040595175));
#1260=CARTESIAN_POINT('',(-6.731561094,19.251915973,5.999272212));
#1261=CARTESIAN_POINT('',(-6.79147424,19.246455483,5.968429499));
#1262=CARTESIAN_POINT('',(-6.898431967,19.234036002,5.889499855));
#1263=CARTESIAN_POINT('',(-6.945457853,19.227079182,5.841426718));
#1264=CARTESIAN_POINT('',(-7.021849293,19.212374689,5.732924076));
#1265=CARTESIAN_POINT('',(-7.051201495,19.204629586,5.672513535));
#1266=CARTESIAN_POINT('',(-7.070226406,19.196883127,5.608997567));
#1267=CARTESIAN_POINT('',(-6.479197331,19.491670512,6.02434472));
#1268=CARTESIAN_POINT('',(-6.545923425,19.48924737,6.02464064));
#1269=CARTESIAN_POINT('',(-6.612637864,19.485506823,6.014226107));
#1270=CARTESIAN_POINT('',(-6.739294576,19.475769295,5.973029674));
#1271=CARTESIAN_POINT('',(-6.799214685,19.469774016,5.942254983));
#1272=CARTESIAN_POINT('',(-6.906176876,19.45613688,5.863465836));
#1273=CARTESIAN_POINT('',(-6.953200239,19.448497409,5.815465167));
#1274=CARTESIAN_POINT('',(-7.029574602,19.432349424,5.707107407));
#1275=CARTESIAN_POINT('',(-7.058912237,19.423843737,5.646769278));
#1276=CARTESIAN_POINT('',(-7.077916422,19.415336547,5.583323815));
#1277=CARTESIAN_POINT('',(-6.5229407,20.614296103,5.873779927));
#1278=CARTESIAN_POINT('',(-6.589736646,20.610820108,5.87436305));
#1279=CARTESIAN_POINT('',(-6.656520846,20.605439247,5.86427737));
#1280=CARTESIAN_POINT('',(-6.783287361,20.591413581,5.823792139));
#1281=CARTESIAN_POINT('',(-6.843247345,20.582771243,5.793399721));
#1282=CARTESIAN_POINT('',(-6.950235006,20.56310416,5.715400108));
#1283=CARTESIAN_POINT('',(-6.997243834,20.552082875,5.667806655));
#1284=CARTESIAN_POINT('',(-7.073520225,20.528782718,5.560263139));
#1285=CARTESIAN_POINT('',(-7.102774349,20.516507946,5.500332025));
#1286=CARTESIAN_POINT('',(-7.121659788,20.504231,5.437283015));
#1287=CARTESIAN_POINT('',(-6.574848713,21.500529591,5.695204311));
#1288=CARTESIAN_POINT('',(-6.641726608,21.496265657,5.696121178));
#1289=CARTESIAN_POINT('',(-6.708592629,21.489639851,5.686418221));
#1290=CARTESIAN_POINT('',(-6.835487903,21.47233905,5.646761533));
#1291=CARTESIAN_POINT('',(-6.895494625,21.461667121,5.616814845));
#1292=CARTESIAN_POINT('',(-7.002512106,21.437366664,5.539736351));
#1293=CARTESIAN_POINT('',(-7.049503863,21.423742442,5.492618234));
#1294=CARTESIAN_POINT('',(-7.125665346,21.394933014,5.386025465));
#1295=CARTESIAN_POINT('',(-7.15482155,21.379752914,5.326569743));
#1296=CARTESIAN_POINT('',(-7.173567804,21.364570123,5.263983835));
#1297=CARTESIAN_POINT('',(-6.642450361,22.37524354,5.463041389));
#1298=CARTESIAN_POINT('',(-6.70942902,22.370269187,5.464361661));
#1299=CARTESIAN_POINT('',(-6.776395672,22.362493563,5.455124066));
#1300=CARTESIAN_POINT('',(-6.903449284,22.3421358,5.416478836));
#1301=CARTESIAN_POINT('',(-6.963513466,22.329557311,5.387078129));
#1302=CARTESIAN_POINT('',(-7.070567543,22.300888833,5.311130413));
#1303=CARTESIAN_POINT('',(-7.117538246,22.284803984,5.26459702));
#1304=CARTESIAN_POINT('',(-7.193558378,22.250779743,5.159174996));
#1305=CARTESIAN_POINT('',(-7.222594179,22.232846451,5.100305265));
#1306=CARTESIAN_POINT('',(-7.241169452,22.214909944,5.038290193));
#1307=B_SPLINE_SURFACE_WITH_KNOTS('',3,3,((#1147,#1148,#1149,#1150,#1151,#1152,#1153,#1154,#1155,#1156),(#1157,#1158,#1159,#1160,#1161,#1162,#1163,#1164,#1165,#1166),(#1167,#1168,#1169,#1170,#1171,#1172,#1173,#1174,#1175,#1176),(#1177,#1178,#1179,#1180,#1181,#1182,#1183,#1184,#1185,#1186),(#1187,#1188,#1189,#1190,#1191,#1192,#1193,#1194,#1195,#1196),(#1197,#1198,#1199,#1200,#1201,#1202,#1203,#1204,#1205,#1206),(#1207,#1208,#1209,#1210,#1211,#1212,#1213,#1214,#1215,#1216),(#1217,#1218,#1219,#1220,#1221,#1222,#1223,#1224,#1225,#1226),(#1227,#1228,#1229,#1230,#1231,#1232,#1233,#1234,#1235,#1236),(#1237,#1238,#1239,#1240,#1241,#1242,#1243,#1244,#1245,#1246),(#1247,#1248,#1249,#1250,#1251,#1252,#1253,#1254,#1255,#1256),(#1257,#1258,#1259,#1260,#1261,#1262,#1263,#1264,#1265,#1266),(#1267,#1268,#1269,#1270,#1271,#1272,#1273,#1274,#1275,#1276),(#1277,#1278,#1279,#1280,#1281,#1282,#1283,#1284,#1285,#1286),(#1287,#1288,#1289,#1290,#1291,#1292,#1293,#1294,#1295,#1296),(#1297,#1298,#1299,#1300,#1301,#1302,#1303,#1304,#1305,#1306)),.UNSPECIFIED.,.F.,.F.,.U.,(4,2,2,2,2,2,2,4),(4,2,2,2,4),(0.,0.002637546,0.003956319,0.005275092,0.006593865,0.007253251,0.007912638,0.010550184),(0.,0.25,0.5,0.75,1.),.UNSPECIFIED.);
#1308=CARTESIAN_POINT('',(-6.642450361,22.214909944,4.858956844));
#1309=DIRECTION('',(-0.076613296,0.963694512,-0.255779771));
#1310=DIRECTION('',(0.,-0.256533754,-0.966535273));
#1311=AXIS2_PLACEMENT_3D('',#1308,#1309,#1310);
#1312=CIRCLE('',#1311,0.625);
#1313=EDGE_CURVE('',#812,#932,#1312,.T.);
#1314=ORIENTED_EDGE('',*,*,#1313,.F.);
#1315=ORIENTED_EDGE('',*,*,#833,.F.);
#1316=CARTESIAN_POINT('',(-6.642450361,11.785120775,4.858956844));
#1317=DIRECTION('',(-0.076613296,-0.963694512,-0.255779771));
#1318=DIRECTION('',(0.,-0.256533754,0.966535273));
#1319=AXIS2_PLACEMENT_3D('',#1316,#1317,#1318);
#1320=CIRCLE('',#1319,0.625);
#1321=EDGE_CURVE('',#953,#804,#1320,.T.);
#1322=ORIENTED_EDGE('',*,*,#1321,.F.);
#1323=ORIENTED_EDGE('',*,*,#974,.F.);
#1324=EDGE_LOOP('',(#1314,#1315,#1322,#1323));
#1325=FACE_BOUND('',#1324,.T.);
#1326=ADVANCED_FACE('',(#1325),#1307,.T.);
#1327=CARTESIAN_POINT('',(-6.110649862,10.937242364,5.268885282));
#1328=CARTESIAN_POINT('',(-6.110649862,10.890810973,5.254985343));
#1329=CARTESIAN_POINT('',(-6.110649862,10.846005959,5.235660879));
#1330=CARTESIAN_POINT('',(-6.110649862,10.762054134,5.187200373));
#1331=CARTESIAN_POINT('',(-6.110649862,10.722911411,5.158066692));
#1332=CARTESIAN_POINT('',(-6.110649862,10.652393798,5.091556573));
#1333=CARTESIAN_POINT('',(-6.110649862,10.621022343,5.054183374));
#1334=CARTESIAN_POINT('',(-6.110649862,10.567738376,4.973207153));
#1335=CARTESIAN_POINT('',(-6.110649862,10.545828459,4.929608074));
#1336=CARTESIAN_POINT('',(-6.110649862,10.529238746,4.884068379));
#1337=CARTESIAN_POINT('',(-6.152207075,10.937242364,5.268885282));
#1338=CARTESIAN_POINT('',(-6.155930625,10.891676145,5.255244345));
#1339=CARTESIAN_POINT('',(-6.159653994,10.847675298,5.236381897));
#1340=CARTESIAN_POINT('',(-6.166900474,10.765077703,5.189188298));
#1341=CARTESIAN_POINT('',(-6.170423231,10.726484673,5.160859268));
#1342=CARTESIAN_POINT('',(-6.177078654,10.656704407,5.096199831));
#1343=CARTESIAN_POINT('',(-6.180210996,10.625520314,5.059872331));
#1344=CARTESIAN_POINT('',(-6.185916773,10.572176129,4.981097912));
#1345=CARTESIAN_POINT('',(-6.188489932,10.550018441,4.938654536));
#1346=CARTESIAN_POINT('',(-6.190714287,10.532948207,4.894251057));
#1347=CARTESIAN_POINT('',(-6.192986063,10.941912607,5.270285137));
#1348=CARTESIAN_POINT('',(-6.200371291,10.897394802,5.256968908));
#1349=CARTESIAN_POINT('',(-6.2077562,10.854397436,5.238576661));
#1350=CARTESIAN_POINT('',(-6.222150954,10.773604185,5.192564373));
#1351=CARTESIAN_POINT('',(-6.229160175,10.735811743,5.164946294));
#1352=CARTESIAN_POINT('',(-6.242446918,10.66733429,5.101874207));
#1353=CARTESIAN_POINT('',(-6.248723863,10.636652196,5.066422889));
#1354=CARTESIAN_POINT('',(-6.260226619,10.583943078,4.989471389));
#1355=CARTESIAN_POINT('',(-6.26545193,10.561918299,4.947974487));
#1356=CARTESIAN_POINT('',(-6.270018676,10.544776714,4.904499238));
#1357=CARTESIAN_POINT('',(-6.252917899,10.956344535,5.274595369));
#1358=CARTESIAN_POINT('',(-6.265784501,10.913707164,5.26187158));
#1359=CARTESIAN_POINT('',(-6.27865058,10.872547326,5.2442029));
#1360=CARTESIAN_POINT('',(-6.30375072,10.795198482,5.199841074));
#1361=CARTESIAN_POINT('',(-6.315983762,10.759012605,5.173149723));
#1362=CARTESIAN_POINT('',(-6.339215861,10.693390111,5.112053366));
#1363=CARTESIAN_POINT('',(-6.350213974,10.663956149,5.077650832));
#1364=CARTESIAN_POINT('',(-6.370434958,10.613284306,5.002821956));
#1365=CARTESIAN_POINT('',(-6.379657008,10.592048475,4.962398641));
#1366=CARTESIAN_POINT('',(-6.387764478,10.575432748,4.919956349));
#1367=CARTESIAN_POINT('',(-6.272825651,10.96245812,5.276419619));
#1368=CARTESIAN_POINT('',(-6.287530474,10.920504787,5.263912755));
#1369=CARTESIAN_POINT('',(-6.302234708,10.880018769,5.246490111));
#1370=CARTESIAN_POINT('',(-6.330925787,10.803952577,5.202661556));
#1371=CARTESIAN_POINT('',(-6.344911483,10.768375447,5.176257399));
#1372=CARTESIAN_POINT('',(-6.371481971,10.703865318,5.115754941));
#1373=CARTESIAN_POINT('',(-6.3840657,10.674934901,5.08165906));
#1374=CARTESIAN_POINT('',(-6.407217198,10.625131937,5.007438129));
#1375=CARTESIAN_POINT('',(-6.41778404,10.604261382,4.967316049));
#1376=CARTESIAN_POINT('',(-6.42708463,10.587929831,4.925159134));
#1377=CARTESIAN_POINT('',(-6.311444319,10.97706414,5.280768699));
#1378=CARTESIAN_POINT('',(-6.329765561,10.936567179,5.268725216));
#1379=CARTESIAN_POINT('',(-6.348086078,10.89752591,5.25179283));
#1380=CARTESIAN_POINT('',(-6.383838367,10.824244972,5.208970053));
#1381=CARTESIAN_POINT('',(-6.401268724,10.790008201,5.183081357));
#1382=CARTESIAN_POINT('',(-6.434393679,10.727999651,5.123602801));
#1383=CARTESIAN_POINT('',(-6.450086966,10.700230324,5.090015294));
#1384=CARTESIAN_POINT('',(-6.478975105,10.652506033,5.016770037));
#1385=CARTESIAN_POINT('',(-6.492168813,10.632552955,4.977115184));
#1386=CARTESIAN_POINT('',(-6.503792662,10.616991963,4.935388103));
#1387=CARTESIAN_POINT('',(-6.330110666,10.985516155,5.283281498));
#1388=CARTESIAN_POINT('',(-6.3502056,10.945788747,5.271483612));
#1389=CARTESIAN_POINT('',(-6.370299742,10.907515565,5.254794819));
#1390=CARTESIAN_POINT('',(-6.409513512,10.835731442,5.212443741));
#1391=CARTESIAN_POINT('',(-6.428631589,10.802223343,5.18678313));
#1392=CARTESIAN_POINT('',(-6.464964458,10.741598074,5.127734605));
#1393=CARTESIAN_POINT('',(-6.482177813,10.714483304,5.094349027));
#1394=CARTESIAN_POINT('',(-6.513864914,10.667962841,5.021472209));
#1395=CARTESIAN_POINT('',(-6.528337408,10.64855899,4.981983853));
#1396=CARTESIAN_POINT('',(-6.541088474,10.633481457,4.940401816));
#1397=CARTESIAN_POINT('',(-6.366195557,11.004653515,5.288955898));
#1398=CARTESIAN_POINT('',(-6.389783947,10.966552555,5.277677041));
#1399=CARTESIAN_POINT('',(-6.413371395,10.929911172,5.261473421));
#1400=CARTESIAN_POINT('',(-6.459394764,10.861334004,5.220006644));
#1401=CARTESIAN_POINT('',(-6.481828841,10.82940097,5.194745149));
#1402=CARTESIAN_POINT('',(-6.524448354,10.771802905,5.13639751));
#1403=CARTESIAN_POINT('',(-6.544632082,10.746140183,5.103313705));
#1404=CARTESIAN_POINT('',(-6.581763733,10.70233857,5.030939028));
#1405=CARTESIAN_POINT('',(-6.598710168,10.684201436,4.991651059));
#1406=CARTESIAN_POINT('',(-6.613624231,10.670270128,4.950220136));
#1407=CARTESIAN_POINT('',(-6.38361395,11.015339078,5.292117575));
#1408=CARTESIAN_POINT('',(-6.408922064,10.978095006,5.28111216));
#1409=CARTESIAN_POINT('',(-6.434229153,10.942317331,5.265150127));
#1410=CARTESIAN_POINT('',(-6.483600575,10.875450299,5.224095969));
#1411=CARTESIAN_POINT('',(-6.507662907,10.844363658,5.199005511));
#1412=CARTESIAN_POINT('',(-6.553361129,10.788409525,5.140928744));
#1413=CARTESIAN_POINT('',(-6.574995165,10.763544307,5.107944793));
#1414=CARTESIAN_POINT('',(-6.614772442,10.721257746,5.03570384));
#1415=CARTESIAN_POINT('',(-6.63291407,10.703838123,4.996449773));
#1416=CARTESIAN_POINT('',(-6.648863966,10.690569605,4.955024933));
#1417=CARTESIAN_POINT('',(-6.41720227,11.038946954,5.299080153));
#1418=CARTESIAN_POINT('',(-6.445907954,11.003512755,5.288650877));
#1419=CARTESIAN_POINT('',(-6.474612432,10.969566692,5.273171417));
#1420=CARTESIAN_POINT('',(-6.530585788,10.906347046,5.232885527));
#1421=CARTESIAN_POINT('',(-6.557852311,10.877076127,5.208080794));
#1422=CARTESIAN_POINT('',(-6.609583651,10.824674754,5.150386949));
#1423=CARTESIAN_POINT('',(-6.634046291,10.801546508,5.117500269));
#1424=CARTESIAN_POINT('',(-6.678944103,10.762590673,5.045290288));
#1425=CARTESIAN_POINT('',(-6.699377386,10.746764726,5.005970028));
#1426=CARTESIAN_POINT('',(-6.717284923,10.734986228,4.964416627));
#1427=CARTESIAN_POINT('',(-6.43342345,11.051935166,5.302900209));
#1428=CARTESIAN_POINT('',(-6.463813018,11.017458345,5.292774942));
#1429=CARTESIAN_POINT('',(-6.494201276,10.984484708,5.277537304));
#1430=CARTESIAN_POINT('',(-6.553440073,10.923211511,5.237607795));
#1431=CARTESIAN_POINT('',(-6.582288061,10.894914597,5.212917647));
#1432=CARTESIAN_POINT('',(-6.63698391,10.844431421,5.155334835));
#1433=CARTESIAN_POINT('',(-6.662829416,10.82224734,5.122444655));
#1434=CARTESIAN_POINT('',(-6.710209922,10.785116426,5.050129469));
#1435=CARTESIAN_POINT('',(-6.731742882,10.770171197,5.010707582));
#1436=CARTESIAN_POINT('',(-6.75057462,10.759224312,4.969017828));
#1437=CARTESIAN_POINT('',(-6.479008003,11.093189336,5.314988624));
#1438=CARTESIAN_POINT('',(-6.51427477,11.061666782,5.305797248));
#1439=CARTESIAN_POINT('',(-6.549539888,11.031703064,5.291267489));
#1440=CARTESIAN_POINT('',(-6.61821186,10.976476341,5.252298106));
#1441=CARTESIAN_POINT('',(-6.651615508,10.951215938,5.227860314));
#1442=CARTESIAN_POINT('',(-6.714801013,10.906736084,5.170367488));
#1443=CARTESIAN_POINT('',(-6.744579919,10.887518731,5.137315153));
#1444=CARTESIAN_POINT('',(-6.798943474,10.856145466,5.064341479));
#1445=CARTESIAN_POINT('',(-6.823525582,10.843991036,5.024423565));
#1446=CARTESIAN_POINT('',(-6.844861335,10.835690639,4.982126858));
#1447=CARTESIAN_POINT('',(-6.505757455,11.123976424,5.323954244));
#1448=CARTESIAN_POINT('',(-6.544088013,11.094552616,5.315420852));
#1449=CARTESIAN_POINT('',(-6.582416651,11.066738797,5.30134559));
#1450=CARTESIAN_POINT('',(-6.656980716,11.015858176,5.2628823));
#1451=CARTESIAN_POINT('',(-6.693212408,10.992793964,5.238496216));
#1452=CARTESIAN_POINT('',(-6.761599781,10.952685118,5.180748913));
#1453=CARTESIAN_POINT('',(-6.793752034,10.93564253,5.147390604));
#1454=CARTESIAN_POINT('',(-6.852220222,10.908518964,5.073528118));
#1455=CARTESIAN_POINT('',(-6.878533224,10.898439376,5.033027662));
#1456=CARTESIAN_POINT('',(-6.901207221,10.892120363,4.990064652));
#1457=CARTESIAN_POINT('',(-6.552634921,11.191551844,5.343448151));
#1458=CARTESIAN_POINT('',(-6.596817942,11.166645772,5.33630866));
#1459=CARTESIAN_POINT('',(-6.640998328,11.143476638,5.323120214));
#1460=CARTESIAN_POINT('',(-6.726728648,11.101998367,5.285432279));
#1461=CARTESIAN_POINT('',(-6.768273468,11.083691739,5.260935052));
#1462=CARTESIAN_POINT('',(-6.846253618,11.053040037,5.20209352));
#1463=CARTESIAN_POINT('',(-6.882684296,11.040696824,5.16775274));
#1464=CARTESIAN_POINT('',(-6.948261492,11.022716835,5.091276024));
#1465=CARTESIAN_POINT('',(-6.977404095,11.017081159,5.049144666));
#1466=CARTESIAN_POINT('',(-7.002034253,11.014970404,5.004374434));
#1467=CARTESIAN_POINT('',(-6.572160647,11.22751049,5.353735978));
#1468=CARTESIAN_POINT('',(-6.619058452,11.204968284,5.347315211));
#1469=CARTESIAN_POINT('',(-6.665953177,11.184237293,5.334547926));
#1470=CARTESIAN_POINT('',(-6.756816388,11.147700443,5.297118827));
#1471=CARTESIAN_POINT('',(-6.800778926,11.131897028,5.27245948));
#1472=CARTESIAN_POINT('',(-6.883027824,11.106215414,5.212790153));
#1473=CARTESIAN_POINT('',(-6.921308797,11.096338943,5.177784094));
#1474=CARTESIAN_POINT('',(-6.98979852,11.083139541,5.099612423));
#1475=CARTESIAN_POINT('',(-7.020002778,11.079817513,5.056451942));
#1476=CARTESIAN_POINT('',(-7.045224588,11.079880607,5.010562398));
#1477=CARTESIAN_POINT('',(-6.604144604,11.302501389,5.374971972));
#1478=CARTESIAN_POINT('',(-6.656100238,11.28490893,5.370027183));
#1479=CARTESIAN_POINT('',(-6.70805171,11.269292818,5.358065086));
#1480=CARTESIAN_POINT('',(-6.80837657,11.24309698,5.320931396));
#1481=CARTESIAN_POINT('',(-6.85674194,11.232519394,5.295762785));
#1482=CARTESIAN_POINT('',(-6.946554725,11.217141764,5.233954567));
#1483=CARTESIAN_POINT('',(-6.987994958,11.21234299,5.197319915));
#1484=CARTESIAN_POINT('',(-7.061094206,11.208864176,5.115109922));
#1485=CARTESIAN_POINT('',(-7.09274737,11.210184449,5.069541166));
#1486=CARTESIAN_POINT('',(-7.118415265,11.21452267,5.021075869));
#1487=CARTESIAN_POINT('',(-6.616690333,11.341941254,5.386033294));
#1488=CARTESIAN_POINT('',(-6.671010045,11.326962086,5.381853382));
#1489=CARTESIAN_POINT('',(-6.725324917,11.314051124,5.370278768));
#1490=CARTESIAN_POINT('',(-6.830016656,11.293312001,5.333180414));
#1491=CARTESIAN_POINT('',(-6.880384255,11.28548574,5.307659972));
#1492=CARTESIAN_POINT('',(-6.973519199,11.275497761,5.244524543));
#1493=CARTESIAN_POINT('',(-7.016278292,11.273336986,5.206915154));
#1494=CARTESIAN_POINT('',(-7.091084681,11.274848524,5.122334647));
#1495=CARTESIAN_POINT('',(-7.123125337,11.278520751,5.075371024));
#1496=CARTESIAN_POINT('',(-7.148642491,11.284980664,5.025433006));
#1497=CARTESIAN_POINT('',(-6.634789587,11.421264433,5.408039422));
#1498=CARTESIAN_POINT('',(-6.693388824,11.411640822,5.405393435));
#1499=CARTESIAN_POINT('',(-6.751981658,11.404278341,5.394546133));
#1500=CARTESIAN_POINT('',(-6.864466273,11.394676424,5.35731975));
#1501=CARTESIAN_POINT('',(-6.91834583,11.39243809,5.330944726));
#1502=CARTESIAN_POINT('',(-7.017067513,11.393276811,5.264783443));
#1503=CARTESIAN_POINT('',(-7.061898905,11.396353828,5.225004382));
#1504=CARTESIAN_POINT('',(-7.138913344,11.407586594,5.13523371));
#1505=CARTESIAN_POINT('',(-7.171088006,11.415741168,5.085251861));
#1506=CARTESIAN_POINT('',(-7.195640772,11.426111422,5.032173729));
#1507=CARTESIAN_POINT('',(-6.64049577,11.46140576,5.419058993));
#1508=CARTESIAN_POINT('',(-6.70103038,11.454540601,5.41718705));
#1509=CARTESIAN_POINT('',(-6.761557692,11.450038154,5.40668256));
#1510=CARTESIAN_POINT('',(-6.87750619,11.446150922,5.369294861));
#1511=CARTESIAN_POINT('',(-6.932913445,11.446766684,5.342416154));
#1512=CARTESIAN_POINT('',(-7.033931907,11.453077824,5.274550924));
#1513=CARTESIAN_POINT('',(-7.079530967,11.458772514,5.233572554));
#1514=CARTESIAN_POINT('',(-7.15706952,11.47477172,5.140970854));
#1515=CARTESIAN_POINT('',(-7.188999669,11.485074368,5.089358643));
#1516=CARTESIAN_POINT('',(-7.212744578,11.49725047,5.034605338));
#1517=CARTESIAN_POINT('',(-6.645928478,11.542557587,5.441090064));
#1518=CARTESIAN_POINT('',(-6.70996732,11.54143411,5.440792868));
#1519=CARTESIAN_POINT('',(-6.773996739,11.542885844,5.430943555));
#1520=CARTESIAN_POINT('',(-6.896093963,11.550817752,5.393057431));
#1521=CARTESIAN_POINT('',(-6.954143854,11.557296838,5.365026188));
#1522=CARTESIAN_POINT('',(-7.058857249,11.574691893,5.293389832));
#1523=CARTESIAN_POINT('',(-7.10550538,11.585605378,5.249795229));
#1524=CARTESIAN_POINT('',(-7.183051687,11.610861386,5.151098818));
#1525=CARTESIAN_POINT('',(-7.21393846,11.625200257,5.096011482));
#1526=CARTESIAN_POINT('',(-7.235502538,11.640588107,5.037740929));
#1527=CARTESIAN_POINT('',(-6.645622031,11.583748173,5.452148988));
#1528=CARTESIAN_POINT('',(-6.711234707,11.585621294,5.452656224));
#1529=CARTESIAN_POINT('',(-6.776836766,11.590181068,5.443120627));
#1530=CARTESIAN_POINT('',(-6.901626765,11.604244629,5.4048954));
#1531=CARTESIAN_POINT('',(-6.960794506,11.613746244,5.376211962));
#1532=CARTESIAN_POINT('',(-7.066907995,11.636777107,5.302498041));
#1533=CARTESIAN_POINT('',(-7.113836551,11.650302716,5.257479472));
#1534=CARTESIAN_POINT('',(-7.190859615,11.680067216,5.155503368));
#1535=CARTESIAN_POINT('',(-7.220941616,11.696301353,5.09856231));
#1536=CARTESIAN_POINT('',(-7.241124314,11.713099658,5.038440888));
#1537=CARTESIAN_POINT('',(-6.642450361,11.624787179,5.463041389));
#1538=CARTESIAN_POINT('',(-6.70942902,11.629761533,5.464361661));
#1539=CARTESIAN_POINT('',(-6.776395672,11.637537156,5.455124066));
#1540=CARTESIAN_POINT('',(-6.903449284,11.657894919,5.416478836));
#1541=CARTESIAN_POINT('',(-6.963513466,11.670473408,5.387078129));
#1542=CARTESIAN_POINT('',(-7.070567543,11.699141886,5.311130413));
#1543=CARTESIAN_POINT('',(-7.117538246,11.715226736,5.26459702));
#1544=CARTESIAN_POINT('',(-7.193558378,11.749250976,5.159174996));
#1545=CARTESIAN_POINT('',(-7.222594179,11.767184268,5.100305265));
#1546=CARTESIAN_POINT('',(-7.241169452,11.785120775,5.038290193));
#1547=B_SPLINE_SURFACE_WITH_KNOTS('',3,3,((#1327,#1328,#1329,#1330,#1331,#1332,#1333,#1334,#1335,#1336),(#1337,#1338,#1339,#1340,#1341,#1342,#1343,#1344,#1345,#1346),(#1347,#1348,#1349,#1350,#1351,#1352,#1353,#1354,#1355,#1356),(#1357,#1358,#1359,#1360,#1361,#1362,#1363,#1364,#1365,#1366),(#1367,#1368,#1369,#1370,#1371,#1372,#1373,#1374,#1375,#1376),(#1377,#1378,#1379,#1380,#1381,#1382,#1383,#1384,#1385,#1386),(#1387,#1388,#1389,#1390,#1391,#1392,#1393,#1394,#1395,#1396),(#1397,#1398,#1399,#1400,#1401,#1402,#1403,#1404,#1405,#1406),(#1407,#1408,#1409,#1410,#1411,#1412,#1413,#1414,#1415,#1416),(#1417,#1418,#1419,#1420,#1421,#1422,#1423,#1424,#1425,#1426),(#1427,#1428,#1429,#1430,#1431,#1432,#1433,#1434,#1435,#1436),(#1437,#1438,#1439,#1440,#1441,#1442,#1443,#1444,#1445,#1446),(#1447,#1448,#1449,#1450,#1451,#1452,#1453,#1454,#1455,#1456),(#1457,#1458,#1459,#1460,#1461,#1462,#1463,#1464,#1465,#1466),(#1467,#1468,#1469,#1470,#1471,#1472,#1473,#1474,#1475,#1476),(#1477,#1478,#1479,#1480,#1481,#1482,#1483,#1484,#1485,#1486),(#1487,#1488,#1489,#1490,#1491,#1492,#1493,#1494,#1495,#1496),(#1497,#1498,#1499,#1500,#1501,#1502,#1503,#1504,#1505,#1506),(#1507,#1508,#1509,#1510,#1511,#1512,#1513,#1514,#1515,#1516),(#1517,#1518,#1519,#1520,#1521,#1522,#1523,#1524,#1525,#1526),(#1527,#1528,#1529,#1530,#1531,#1532,#1533,#1534,#1535,#1536),(#1537,#1538,#1539,#1540,#1541,#1542,#1543,#1544,#1545,#1546)),.UNSPECIFIED.,.F.,.F.,.U.,(4,2,2,2,2,2,2,2,2,2,4),(4,2,2,2,4),(0.,0.000123027,0.00018454,0.000246054,0.000307567,0.000369081,0.000492108,0.000615135,0.000738162,0.000861188,0.000984215),(0.,0.25,0.5,0.75,1.),.UNSPECIFIED.);
#1548=ORIENTED_EDGE('',*,*,#1321,.T.);
#1549=ORIENTED_EDGE('',*,*,#1107,.F.);
#1550=CARTESIAN_POINT('',(-6.110649862,11.116486022,4.670139334));
#1551=DIRECTION('',(1.,0.,-0.));
#1552=DIRECTION('',(0.,0.,1.));
#1553=AXIS2_PLACEMENT_3D('',#1550,#1551,#1552);
#1554=CIRCLE('',#1553,0.625);
#1555=EDGE_CURVE('',#977,#734,#1554,.T.);
#1556=ORIENTED_EDGE('',*,*,#1555,.F.);
#1557=ORIENTED_EDGE('',*,*,#998,.F.);
#1558=EDGE_LOOP('',(#1548,#1549,#1556,#1557));
#1559=FACE_BOUND('',#1558,.T.);
#1560=ADVANCED_FACE('',(#1559),#1547,.T.);
#1561=CARTESIAN_POINT('',(-6.642450361,22.37524354,5.463041389));
#1562=CARTESIAN_POINT('',(-6.70942902,22.370269187,5.464361661));
#1563=CARTESIAN_POINT('',(-6.776395672,22.362493563,5.455124066));
#1564=CARTESIAN_POINT('',(-6.903449284,22.3421358,5.416478836));
#1565=CARTESIAN_POINT('',(-6.963513466,22.329557311,5.387078129));
#1566=CARTESIAN_POINT('',(-7.070567543,22.300888833,5.311130413));
#1567=CARTESIAN_POINT('',(-7.117538246,22.284803984,5.26459702));
#1568=CARTESIAN_POINT('',(-7.193558378,22.250779743,5.159174996));
#1569=CARTESIAN_POINT('',(-7.222594179,22.232846451,5.100305265));
#1570=CARTESIAN_POINT('',(-7.241169452,22.214909944,5.038290193));
#1571=CARTESIAN_POINT('',(-6.648796139,22.457353091,5.441248215));
#1572=CARTESIAN_POINT('',(-6.713041781,22.458583584,5.440941791));
#1573=CARTESIAN_POINT('',(-6.7772782,22.457242132,5.431107963));
#1574=CARTESIAN_POINT('',(-6.899802845,22.449477608,5.393303063));
#1575=CARTESIAN_POINT('',(-6.958073457,22.443055232,5.365337445));
#1576=CARTESIAN_POINT('',(-7.063245634,22.425666318,5.293859034));
#1577=CARTESIAN_POINT('',(-7.110132011,22.414701916,5.250356455));
#1578=CARTESIAN_POINT('',(-7.188158777,22.38920043,5.151828919));
#1579=CARTESIAN_POINT('',(-7.219287783,22.374666752,5.096818015));
#1580=CARTESIAN_POINT('',(-7.241079142,22.359007525,5.038591698));
#1581=CARTESIAN_POINT('',(-6.643974327,22.538411512,5.419234087));
#1582=CARTESIAN_POINT('',(-6.704749369,22.545310398,5.417368624));
#1583=CARTESIAN_POINT('',(-6.765517243,22.549849982,5.406891329));
#1584=CARTESIAN_POINT('',(-6.881963672,22.553785772,5.369599472));
#1585=CARTESIAN_POINT('',(-6.937628499,22.553181282,5.342789354));
#1586=CARTESIAN_POINT('',(-7.039189406,22.546834877,5.275087794));
#1587=CARTESIAN_POINT('',(-7.085073489,22.541093497,5.234204363));
#1588=CARTESIAN_POINT('',(-7.163207927,22.524916271,5.141792047));
#1589=CARTESIAN_POINT('',(-7.195449009,22.514482155,5.090274077));
#1590=CARTESIAN_POINT('',(-7.219509348,22.502123659,5.035597896));
#1591=CARTESIAN_POINT('',(-6.607582737,22.698087403,5.374937621));
#1592=CARTESIAN_POINT('',(-6.659745976,22.715767495,5.369984403));
#1593=CARTESIAN_POINT('',(-6.711905187,22.731476683,5.358043332));
#1594=CARTESIAN_POINT('',(-6.812670515,22.757832382,5.321010343));
#1595=CARTESIAN_POINT('',(-6.861268854,22.768476589,5.295921339));
#1596=CARTESIAN_POINT('',(-6.951590171,22.783924019,5.234312854));
#1597=CARTESIAN_POINT('',(-6.993306149,22.788725805,5.197798165));
#1598=CARTESIAN_POINT('',(-7.067002987,22.792115352,5.115836047));
#1599=CARTESIAN_POINT('',(-7.098978087,22.790702648,5.070394967));
#1600=CARTESIAN_POINT('',(-7.12498358,22.786213495,5.022040836));
#1601=CARTESIAN_POINT('',(-6.576235358,22.774354442,5.353291125));
#1602=CARTESIAN_POINT('',(-6.623368456,22.796979673,5.346855224));
#1603=CARTESIAN_POINT('',(-6.670498557,22.817803769,5.334113931));
#1604=CARTESIAN_POINT('',(-6.761856884,22.854534842,5.296815498));
#1605=CARTESIAN_POINT('',(-6.806079299,22.870439353,5.27226078));
#1606=CARTESIAN_POINT('',(-6.888892542,22.896316187,5.212863427));
#1607=CARTESIAN_POINT('',(-6.927478098,22.906286746,5.178024629));
#1608=CARTESIAN_POINT('',(-6.996633702,22.919650503,5.100223746));
#1609=CARTESIAN_POINT('',(-7.027199338,22.923042749,5.057266677));
#1610=CARTESIAN_POINT('',(-7.0528114,22.923029261,5.011581744));
#1611=CARTESIAN_POINT('',(-6.50602369,22.875721972,5.324050666));
#1612=CARTESIAN_POINT('',(-6.544385667,22.905123291,5.31552428));
#1613=CARTESIAN_POINT('',(-6.58274572,22.932914042,5.301453713));
#1614=CARTESIAN_POINT('',(-6.657370037,22.983748006,5.262995251));
#1615=CARTESIAN_POINT('',(-6.693630557,23.006788629,5.2386093));
#1616=CARTESIAN_POINT('',(-6.76207061,23.04685055,5.180858234));
#1617=CARTESIAN_POINT('',(-6.794246709,23.063869802,5.147496034));
#1618=CARTESIAN_POINT('',(-6.852755575,23.090947842,5.073622695));
#1619=CARTESIAN_POINT('',(-6.879085404,23.101005242,5.033115282));
#1620=CARTESIAN_POINT('',(-6.901771961,23.107303134,4.990144422));
#1621=CARTESIAN_POINT('',(-6.479320433,22.906503279,5.315087226));
#1622=CARTESIAN_POINT('',(-6.5146223,22.938002482,5.305903166));
#1623=CARTESIAN_POINT('',(-6.549922514,22.967942309,5.291378577));
#1624=CARTESIAN_POINT('',(-6.618662088,23.023120812,5.252415275));
#1625=CARTESIAN_POINT('',(-6.652098235,23.048356886,5.227978394));
#1626=CARTESIAN_POINT('',(-6.715343734,23.092788397,5.170483589));
#1627=CARTESIAN_POINT('',(-6.745150128,23.111981738,5.137428365));
#1628=CARTESIAN_POINT('',(-6.799561573,23.143308164,5.06444595));
#1629=CARTESIAN_POINT('',(-6.824164079,23.155439768,5.024522186));
#1630=CARTESIAN_POINT('',(-6.845515891,23.163718406,4.982218718));
#1631=CARTESIAN_POINT('',(-6.43383719,22.94774876,5.303002058));
#1632=CARTESIAN_POINT('',(-6.464270168,22.982200273,5.292884794));
#1633=CARTESIAN_POINT('',(-6.49470183,23.015148175,5.277653407));
#1634=CARTESIAN_POINT('',(-6.55402472,23.076369788,5.23773284));
#1635=CARTESIAN_POINT('',(-6.58291339,23.104640854,5.213045382));
#1636=CARTESIAN_POINT('',(-6.637685334,23.155073049,5.155464671));
#1637=CARTESIAN_POINT('',(-6.663566245,23.177231998,5.122573903));
#1638=CARTESIAN_POINT('',(-6.711010055,23.214314262,5.05025485));
#1639=CARTESIAN_POINT('',(-6.732570909,23.229235974,5.010829686));
#1640=CARTESIAN_POINT('',(-6.751425893,23.240160617,4.969135726));
#1641=CARTESIAN_POINT('',(-6.417635503,22.960754546,5.299177084));
#1642=CARTESIAN_POINT('',(-6.446385681,22.996164106,5.288755636));
#1643=CARTESIAN_POINT('',(-6.475134649,23.030085177,5.273282531));
#1644=CARTESIAN_POINT('',(-6.531194358,23.093254898,5.233006305));
#1645=CARTESIAN_POINT('',(-6.558502738,23.122500884,5.208204882));
#1646=CARTESIAN_POINT('',(-6.610312684,23.174853277,5.150514804));
#1647=CARTESIAN_POINT('',(-6.634812068,23.197957476,5.11762858));
#1648=CARTESIAN_POINT('',(-6.679776073,23.236866971,5.045417103));
#1649=CARTESIAN_POINT('',(-6.700238801,23.252670626,5.006094892));
#1650=CARTESIAN_POINT('',(-6.718171255,23.264428155,4.964538664));
#1651=CARTESIAN_POINT('',(-6.383969255,22.984466196,5.292184226));
#1652=CARTESIAN_POINT('',(-6.409312652,23.021692399,5.281184504));
#1653=CARTESIAN_POINT('',(-6.434655021,23.057452045,5.265227434));
#1654=CARTESIAN_POINT('',(-6.484095101,23.124283326,5.224181609));
#1655=CARTESIAN_POINT('',(-6.508190806,23.155352244,5.199094521));
#1656=CARTESIAN_POINT('',(-6.553952064,23.211271887,5.141022912));
#1657=CARTESIAN_POINT('',(-6.575615761,23.236120339,5.108040749));
#1658=CARTESIAN_POINT('',(-6.615447044,23.278374964,5.035801936));
#1659=CARTESIAN_POINT('',(-6.633613014,23.29577942,4.996548221));
#1660=CARTESIAN_POINT('',(-6.649583933,23.30903388,4.955123143));
#1661=CARTESIAN_POINT('',(-6.366537911,22.995175821,5.289015518));
#1662=CARTESIAN_POINT('',(-6.390159904,23.03326036,5.277741915));
#1663=CARTESIAN_POINT('',(-6.413780953,23.069885216,5.261543021));
#1664=CARTESIAN_POINT('',(-6.45986977,23.138429738,5.22008449));
#1665=CARTESIAN_POINT('',(-6.48233569,23.170346654,5.194826516));
#1666=CARTESIAN_POINT('',(-6.525015465,23.227913515,5.136484669));
#1667=CARTESIAN_POINT('',(-6.545227609,23.253561152,5.103403135));
#1668=CARTESIAN_POINT('',(-6.582411178,23.297334235,5.031031809));
#1669=CARTESIAN_POINT('',(-6.599381112,23.315457925,4.991744919));
#1670=CARTESIAN_POINT('',(-6.6143156,23.32937689,4.950314552));
#1671=CARTESIAN_POINT('',(-6.330492613,23.014331028,5.283336009));
#1672=CARTESIAN_POINT('',(-6.350624087,23.054042159,5.27154333));
#1673=CARTESIAN_POINT('',(-6.370754768,23.092299066,5.254859596));
#1674=CARTESIAN_POINT('',(-6.410039822,23.164051377,5.212518113));
#1675=CARTESIAN_POINT('',(-6.42919264,23.197543941,5.18686204));
#1676=CARTESIAN_POINT('',(-6.465591486,23.258139587,5.127821883));
#1677=CARTESIAN_POINT('',(-6.482836073,23.28524027,5.094440135));
#1678=CARTESIAN_POINT('',(-6.514580594,23.331734653,5.02157013));
#1679=CARTESIAN_POINT('',(-6.529079273,23.351126512,4.982084756));
#1680=CARTESIAN_POINT('',(-6.541853357,23.366193377,4.940505232));
#1681=CARTESIAN_POINT('',(-6.311878562,23.022776527,5.280825216));
#1682=CARTESIAN_POINT('',(-6.330240944,23.063255881,5.268787363));
#1683=CARTESIAN_POINT('',(-6.348602602,23.102279598,5.251860637));
#1684=CARTESIAN_POINT('',(-6.384435194,23.175526411,5.209048963));
#1685=CARTESIAN_POINT('',(-6.40190471,23.209746611,5.183165708));
#1686=CARTESIAN_POINT('',(-6.435104118,23.271723812,5.123697542));
#1687=CARTESIAN_POINT('',(-6.450832696,23.299478364,5.090114983));
#1688=CARTESIAN_POINT('',(-6.479785848,23.347175628,5.016878875));
#1689=CARTESIAN_POINT('',(-6.493009277,23.367116454,4.977228224));
#1690=CARTESIAN_POINT('',(-6.504659346,23.382666758,4.935504859));
#1691=CARTESIAN_POINT('',(-6.273444859,23.037363145,5.276482057));
#1692=CARTESIAN_POINT('',(-6.288207213,23.079294278,5.263982258));
#1693=CARTESIAN_POINT('',(-6.302968977,23.11975836,5.246567383));
#1694=CARTESIAN_POINT('',(-6.331772423,23.195782556,5.202755278));
#1695=CARTESIAN_POINT('',(-6.345812952,23.231339631,5.176359799));
#1696=CARTESIAN_POINT('',(-6.372487842,23.295812755,5.115874998));
#1697=CARTESIAN_POINT('',(-6.385121136,23.324726227,5.081788094));
#1698=CARTESIAN_POINT('',(-6.408364173,23.374499438,5.007584739));
#1699=CARTESIAN_POINT('',(-6.418972987,23.395357187,4.967471255));
#1700=CARTESIAN_POINT('',(-6.428310767,23.411678389,4.925322396));
#1701=CARTESIAN_POINT('',(-6.253485735,23.043529528,5.274642129));
#1702=CARTESIAN_POINT('',(-6.266404535,23.086148227,5.261924251));
#1703=CARTESIAN_POINT('',(-6.279322811,23.127289737,5.244262498));
#1704=CARTESIAN_POINT('',(-6.304524908,23.204603929,5.199916041));
#1705=CARTESIAN_POINT('',(-6.316807707,23.240773482,5.173233131));
#1706=CARTESIAN_POINT('',(-6.340134557,23.306366504,5.112154485));
#1707=CARTESIAN_POINT('',(-6.351177661,23.335787318,5.077761221));
#1708=CARTESIAN_POINT('',(-6.371481759,23.386436986,5.002950908));
#1709=CARTESIAN_POINT('',(-6.38074193,23.407663791,4.962536886));
#1710=CARTESIAN_POINT('',(-6.388883196,23.424272882,4.920103466));
#1711=CARTESIAN_POINT('',(-6.193198877,23.058105805,5.270288864));
#1712=CARTESIAN_POINT('',(-6.200603054,23.102618734,5.256974137));
#1713=CARTESIAN_POINT('',(-6.20800691,23.145611494,5.238584277));
#1714=CARTESIAN_POINT('',(-6.222438646,23.226396684,5.192578248));
#1715=CARTESIAN_POINT('',(-6.2294659,23.264185673,5.164964039));
#1716=CARTESIAN_POINT('',(-6.242786927,23.332657887,5.101900742));
#1717=CARTESIAN_POINT('',(-6.249080122,23.363338195,5.06645434));
#1718=CARTESIAN_POINT('',(-6.260612809,23.416045772,4.989513159));
#1719=CARTESIAN_POINT('',(-6.265851801,23.438070796,4.948021658));
#1720=CARTESIAN_POINT('',(-6.270430613,23.455213735,4.904551734));
#1721=CARTESIAN_POINT('',(-6.152268361,23.062788355,5.268885282));
#1722=CARTESIAN_POINT('',(-6.155997403,23.108353298,5.255244727));
#1723=CARTESIAN_POINT('',(-6.159726263,23.152352959,5.236382961));
#1724=CARTESIAN_POINT('',(-6.166983429,23.234948557,5.189191229));
#1725=CARTESIAN_POINT('',(-6.170511382,23.273540777,5.160863386));
#1726=CARTESIAN_POINT('',(-6.17717662,23.343319955,5.096206678));
#1727=CARTESIAN_POINT('',(-6.180313581,23.374503772,5.059880721));
#1728=CARTESIAN_POINT('',(-6.186027773,23.427848046,4.981109549));
#1729=CARTESIAN_POINT('',(-6.188604726,23.450006099,4.938667877));
#1730=CARTESIAN_POINT('',(-6.190832362,23.467077042,4.894266074));
#1731=CARTESIAN_POINT('',(-6.110649862,23.062788355,5.268885282));
#1732=CARTESIAN_POINT('',(-6.110649862,23.109219746,5.254985343));
#1733=CARTESIAN_POINT('',(-6.110649862,23.15402476,5.235660879));
#1734=CARTESIAN_POINT('',(-6.110649862,23.237976585,5.187200373));
#1735=CARTESIAN_POINT('',(-6.110649862,23.277119309,5.158066692));
#1736=CARTESIAN_POINT('',(-6.110649862,23.347636921,5.091556573));
#1737=CARTESIAN_POINT('',(-6.110649862,23.379008376,5.054183374));
#1738=CARTESIAN_POINT('',(-6.110649862,23.432292343,4.973207153));
#1739=CARTESIAN_POINT('',(-6.110649862,23.454202261,4.929608074));
#1740=CARTESIAN_POINT('',(-6.110649862,23.470791973,4.884068379));
#1741=B_SPLINE_SURFACE_WITH_KNOTS('',3,3,((#1561,#1562,#1563,#1564,#1565,#1566,#1567,#1568,#1569,#1570),(#1571,#1572,#1573,#1574,#1575,#1576,#1577,#1578,#1579,#1580),(#1581,#1582,#1583,#1584,#1585,#1586,#1587,#1588,#1589,#1590),(#1591,#1592,#1593,#1594,#1595,#1596,#1597,#1598,#1599,#1600),(#1601,#1602,#1603,#1604,#1605,#1606,#1607,#1608,#1609,#1610),(#1611,#1612,#1613,#1614,#1615,#1616,#1617,#1618,#1619,#1620),(#1621,#1622,#1623,#1624,#1625,#1626,#1627,#1628,#1629,#1630),(#1631,#1632,#1633,#1634,#1635,#1636,#1637,#1638,#1639,#1640),(#1641,#1642,#1643,#1644,#1645,#1646,#1647,#1648,#1649,#1650),(#1651,#1652,#1653,#1654,#1655,#1656,#1657,#1658,#1659,#1660),(#1661,#1662,#1663,#1664,#1665,#1666,#1667,#1668,#1669,#1670),(#1671,#1672,#1673,#1674,#1675,#1676,#1677,#1678,#1679,#1680),(#1681,#1682,#1683,#1684,#1685,#1686,#1687,#1688,#1689,#1690),(#1691,#1692,#1693,#1694,#1695,#1696,#1697,#1698,#1699,#1700),(#1701,#1702,#1703,#1704,#1705,#1706,#1707,#1708,#1709,#1710),(#1711,#1712,#1713,#1714,#1715,#1716,#1717,#1718,#1719,#1720),(#1721,#1722,#1723,#1724,#1725,#1726,#1727,#1728,#1729,#1730),(#1731,#1732,#1733,#1734,#1735,#1736,#1737,#1738,#1739,#1740)),.UNSPECIFIED.,.F.,.F.,.U.,(4,2,2,2,2,2,2,2,4),(4,2,2,2,4),(-0.,0.000245355,0.000490711,0.000613388,0.000674727,0.000736066,0.000797405,0.000858744,0.000981421),(0.,0.25,0.5,0.75,1.),.UNSPECIFIED.);
#1742=ORIENTED_EDGE('',*,*,#1313,.T.);
#1743=ORIENTED_EDGE('',*,*,#950,.F.);
#1744=CARTESIAN_POINT('',(-6.110649862,22.883544697,4.670139334));
#1745=DIRECTION('',(1.,-0.,0.));
#1746=DIRECTION('',(-0.,-0.,1.));
#1747=AXIS2_PLACEMENT_3D('',#1744,#1745,#1746);
#1748=CIRCLE('',#1747,0.625);
#1749=EDGE_CURVE('',#35,#924,#1748,.T.);
#1750=ORIENTED_EDGE('',*,*,#1749,.F.);
#1751=ORIENTED_EDGE('',*,*,#1035,.F.);
#1752=EDGE_LOOP('',(#1742,#1743,#1750,#1751));
#1753=FACE_BOUND('',#1752,.T.);
#1754=ADVANCED_FACE('',(#1753),#1741,.T.);
#1755=CARTESIAN_POINT('',(6.11008933,11.116486022,4.670139334));
#1756=DIRECTION('',(1.,0.,-0.));
#1757=DIRECTION('',(0.,0.,1.));
#1758=AXIS2_PLACEMENT_3D('',#1755,#1756,#1757);
#1759=CYLINDRICAL_SURFACE('',#1758,0.625);
#1760=ORIENTED_EDGE('',*,*,#1555,.T.);
#1761=ORIENTED_EDGE('',*,*,#739,.F.);
#1762=CARTESIAN_POINT('',(6.11008933,11.116486022,4.670139334));
#1763=DIRECTION('',(1.,0.,0.));
#1764=DIRECTION('',(-0.,1.,0.));
#1765=AXIS2_PLACEMENT_3D('',#1762,#1763,#1764);
#1766=CIRCLE('',#1765,0.625);
#1767=EDGE_CURVE('',#853,#726,#1766,.T.);
#1768=ORIENTED_EDGE('',*,*,#1767,.F.);
#1769=ORIENTED_EDGE('',*,*,#1004,.F.);
#1770=EDGE_LOOP('',(#1760,#1761,#1768,#1769));
#1771=FACE_BOUND('',#1770,.T.);
#1772=ADVANCED_FACE('',(#1771),#1759,.T.);
#1773=CARTESIAN_POINT('',(6.11008933,22.883544697,4.670139334));
#1774=DIRECTION('',(1.,0.,-0.));
#1775=DIRECTION('',(0.,0.,1.));
#1776=AXIS2_PLACEMENT_3D('',#1773,#1774,#1775);
#1777=CYLINDRICAL_SURFACE('',#1776,0.625);
#1778=ORIENTED_EDGE('',*,*,#1749,.T.);
#1779=ORIENTED_EDGE('',*,*,#929,.F.);
#1780=CARTESIAN_POINT('',(6.11008933,22.883544697,4.670139334));
#1781=DIRECTION('',(1.,0.,-0.));
#1782=DIRECTION('',(0.,0.,1.));
#1783=AXIS2_PLACEMENT_3D('',#1780,#1781,#1782);
#1784=CIRCLE('',#1783,0.625);
#1785=EDGE_CURVE('',#43,#900,#1784,.T.);
#1786=ORIENTED_EDGE('',*,*,#1785,.F.);
#1787=ORIENTED_EDGE('',*,*,#48,.F.);
#1788=EDGE_LOOP('',(#1778,#1779,#1786,#1787));
#1789=FACE_BOUND('',#1788,.T.);
#1790=ADVANCED_FACE('',(#1789),#1777,.T.);
#1791=CARTESIAN_POINT('',(6.641889829,11.624787179,5.463041389));
#1792=CARTESIAN_POINT('',(6.708868489,11.629761533,5.464361661));
#1793=CARTESIAN_POINT('',(6.775835141,11.637537156,5.455124066));
#1794=CARTESIAN_POINT('',(6.902888752,11.657894919,5.416478836));
#1795=CARTESIAN_POINT('',(6.962952935,11.670473408,5.387078129));
#1796=CARTESIAN_POINT('',(7.070007012,11.699141886,5.311130413));
#1797=CARTESIAN_POINT('',(7.116977714,11.715226736,5.26459702));
#1798=CARTESIAN_POINT('',(7.192997846,11.749250976,5.159174996));
#1799=CARTESIAN_POINT('',(7.222033647,11.767184268,5.100305265));
#1800=CARTESIAN_POINT('',(7.24060892,11.785120775,5.038290193));
#1801=CARTESIAN_POINT('',(6.648235608,11.542677629,5.441248215));
#1802=CARTESIAN_POINT('',(6.71248125,11.541447135,5.440941791));
#1803=CARTESIAN_POINT('',(6.776717668,11.542788588,5.431107963));
#1804=CARTESIAN_POINT('',(6.899242313,11.550553111,5.393303063));
#1805=CARTESIAN_POINT('',(6.957512925,11.556975488,5.365337445));
#1806=CARTESIAN_POINT('',(7.062685103,11.574364402,5.293859034));
#1807=CARTESIAN_POINT('',(7.109571479,11.585328804,5.250356455));
#1808=CARTESIAN_POINT('',(7.187598246,11.61083029,5.151828919));
#1809=CARTESIAN_POINT('',(7.218727251,11.625363967,5.096818015));
#1810=CARTESIAN_POINT('',(7.240518611,11.641023194,5.038591698));
#1811=CARTESIAN_POINT('',(6.643413795,11.461619207,5.419234087));
#1812=CARTESIAN_POINT('',(6.704188838,11.454720321,5.417368624));
#1813=CARTESIAN_POINT('',(6.764956712,11.450180738,5.406891329));
#1814=CARTESIAN_POINT('',(6.88140314,11.446244948,5.369599472));
#1815=CARTESIAN_POINT('',(6.937067967,11.446849437,5.342789354));
#1816=CARTESIAN_POINT('',(7.038628875,11.453195843,5.275087794));
#1817=CARTESIAN_POINT('',(7.084512957,11.458937222,5.234204363));
#1818=CARTESIAN_POINT('',(7.162647395,11.475114448,5.141792047));
#1819=CARTESIAN_POINT('',(7.194888477,11.485548564,5.090274077));
#1820=CARTESIAN_POINT('',(7.218948817,11.49790706,5.035597896));
#1821=CARTESIAN_POINT('',(6.607022205,11.301943316,5.374937621));
#1822=CARTESIAN_POINT('',(6.659185444,11.284263225,5.369984403));
#1823=CARTESIAN_POINT('',(6.711344656,11.268554036,5.358043332));
#1824=CARTESIAN_POINT('',(6.812109984,11.242198338,5.321010343));
#1825=CARTESIAN_POINT('',(6.860708323,11.23155413,5.295921339));
#1826=CARTESIAN_POINT('',(6.951029639,11.2161067,5.234312854));
#1827=CARTESIAN_POINT('',(6.992745617,11.211304915,5.197798165));
#1828=CARTESIAN_POINT('',(7.066442455,11.207915368,5.115836047));
#1829=CARTESIAN_POINT('',(7.098417555,11.209328071,5.070394967));
#1830=CARTESIAN_POINT('',(7.124423048,11.213817225,5.022040836));
#1831=CARTESIAN_POINT('',(6.575674826,11.225676278,5.353291125));
#1832=CARTESIAN_POINT('',(6.622807924,11.203051046,5.346855224));
#1833=CARTESIAN_POINT('',(6.669938025,11.182226951,5.334113931));
#1834=CARTESIAN_POINT('',(6.761296352,11.145495877,5.296815498));
#1835=CARTESIAN_POINT('',(6.805518767,11.129591367,5.27226078));
#1836=CARTESIAN_POINT('',(6.88833201,11.103714532,5.212863427));
#1837=CARTESIAN_POINT('',(6.926917566,11.093743974,5.178024629));
#1838=CARTESIAN_POINT('',(6.99607317,11.080380216,5.100223746));
#1839=CARTESIAN_POINT('',(7.026638806,11.07698797,5.057266677));
#1840=CARTESIAN_POINT('',(7.052250868,11.077001459,5.011581744));
#1841=CARTESIAN_POINT('',(6.505463159,11.124308747,5.324050666));
#1842=CARTESIAN_POINT('',(6.543825135,11.094907428,5.31552428));
#1843=CARTESIAN_POINT('',(6.582185189,11.067116677,5.301453713));
#1844=CARTESIAN_POINT('',(6.656809505,11.016282713,5.262995251));
#1845=CARTESIAN_POINT('',(6.693070026,10.99324209,5.2386093));
#1846=CARTESIAN_POINT('',(6.761510079,10.953180169,5.180858234));
#1847=CARTESIAN_POINT('',(6.793686177,10.936160917,5.147496034));
#1848=CARTESIAN_POINT('',(6.852195043,10.909082877,5.073622695));
#1849=CARTESIAN_POINT('',(6.878524872,10.899025477,5.033115282));
#1850=CARTESIAN_POINT('',(6.90121143,10.892727585,4.990144422));
#1851=CARTESIAN_POINT('',(6.478759902,11.09352744,5.315087226));
#1852=CARTESIAN_POINT('',(6.514061769,11.062028237,5.305903166));
#1853=CARTESIAN_POINT('',(6.549361982,11.03208841,5.291378577));
#1854=CARTESIAN_POINT('',(6.618101556,10.976909907,5.252415275));
#1855=CARTESIAN_POINT('',(6.651537704,10.951673834,5.227978394));
#1856=CARTESIAN_POINT('',(6.714783202,10.907242322,5.170483589));
#1857=CARTESIAN_POINT('',(6.744589596,10.888048981,5.137428365));
#1858=CARTESIAN_POINT('',(6.799001041,10.856722555,5.06444595));
#1859=CARTESIAN_POINT('',(6.823603548,10.844590951,5.024522186));
#1860=CARTESIAN_POINT('',(6.844955359,10.836312313,4.982218718));
#1861=CARTESIAN_POINT('',(6.433276659,11.052281959,5.303002058));
#1862=CARTESIAN_POINT('',(6.463709636,11.017830446,5.292884794));
#1863=CARTESIAN_POINT('',(6.494141298,10.984882544,5.277653407));
#1864=CARTESIAN_POINT('',(6.553464188,10.923660931,5.23773284));
#1865=CARTESIAN_POINT('',(6.582352859,10.895389865,5.213045382));
#1866=CARTESIAN_POINT('',(6.637124802,10.84495767,5.155464671));
#1867=CARTESIAN_POINT('',(6.663005714,10.822798721,5.122573903));
#1868=CARTESIAN_POINT('',(6.710449524,10.785716457,5.05025485));
#1869=CARTESIAN_POINT('',(6.732010377,10.770794745,5.010829686));
#1870=CARTESIAN_POINT('',(6.750865362,10.759870102,4.969135726));
#1871=CARTESIAN_POINT('',(6.417074971,11.039276173,5.299177084));
#1872=CARTESIAN_POINT('',(6.445825149,11.003866614,5.288755636));
#1873=CARTESIAN_POINT('',(6.474574118,10.969945542,5.273282531));
#1874=CARTESIAN_POINT('',(6.530633826,10.906775821,5.233006305));
#1875=CARTESIAN_POINT('',(6.557942206,10.877529835,5.208204882));
#1876=CARTESIAN_POINT('',(6.609752152,10.825177443,5.150514804));
#1877=CARTESIAN_POINT('',(6.634251536,10.802073244,5.11762858));
#1878=CARTESIAN_POINT('',(6.679215542,10.763163748,5.045417103));
#1879=CARTESIAN_POINT('',(6.699678269,10.747360093,5.006094892));
#1880=CARTESIAN_POINT('',(6.717610723,10.735602564,4.964538664));
#1881=CARTESIAN_POINT('',(6.383408723,11.015564523,5.292184226));
#1882=CARTESIAN_POINT('',(6.40875212,10.97833832,5.281184504));
#1883=CARTESIAN_POINT('',(6.434094489,10.942578674,5.265227434));
#1884=CARTESIAN_POINT('',(6.483534569,10.875747393,5.224181609));
#1885=CARTESIAN_POINT('',(6.507630275,10.844678475,5.199094521));
#1886=CARTESIAN_POINT('',(6.553391533,10.788758832,5.141022912));
#1887=CARTESIAN_POINT('',(6.575055229,10.763910381,5.108040749));
#1888=CARTESIAN_POINT('',(6.614886512,10.721655755,5.035801936));
#1889=CARTESIAN_POINT('',(6.633052482,10.704251299,4.996548221));
#1890=CARTESIAN_POINT('',(6.649023402,10.69099684,4.955123143));
#1891=CARTESIAN_POINT('',(6.36597738,11.004854898,5.289015518));
#1892=CARTESIAN_POINT('',(6.389599372,10.966770359,5.277741915));
#1893=CARTESIAN_POINT('',(6.413220421,10.930145503,5.261543021));
#1894=CARTESIAN_POINT('',(6.459309238,10.861600981,5.22008449));
#1895=CARTESIAN_POINT('',(6.481775159,10.829684066,5.194826516));
#1896=CARTESIAN_POINT('',(6.524454933,10.772117204,5.136484669));
#1897=CARTESIAN_POINT('',(6.544667077,10.746469567,5.103403135));
#1898=CARTESIAN_POINT('',(6.581850646,10.702696484,5.031031809));
#1899=CARTESIAN_POINT('',(6.59882058,10.684572794,4.991744919));
#1900=CARTESIAN_POINT('',(6.613755069,10.670653829,4.950314552));
#1901=CARTESIAN_POINT('',(6.329932082,10.985699691,5.283336009));
#1902=CARTESIAN_POINT('',(6.350063555,10.945988561,5.27154333));
#1903=CARTESIAN_POINT('',(6.370194236,10.907731653,5.254859596));
#1904=CARTESIAN_POINT('',(6.40947929,10.835979342,5.212518113));
#1905=CARTESIAN_POINT('',(6.428632109,10.802486778,5.18686204));
#1906=CARTESIAN_POINT('',(6.465030954,10.741891132,5.127821883));
#1907=CARTESIAN_POINT('',(6.482275541,10.714790449,5.094440135));
#1908=CARTESIAN_POINT('',(6.514020063,10.668296066,5.02157013));
#1909=CARTESIAN_POINT('',(6.528518742,10.648904207,4.982084756));
#1910=CARTESIAN_POINT('',(6.541292826,10.633837342,4.940505232));
#1911=CARTESIAN_POINT('',(6.31131803,10.977254192,5.280825216));
#1912=CARTESIAN_POINT('',(6.329680413,10.936774839,5.268787363));
#1913=CARTESIAN_POINT('',(6.34804207,10.897751121,5.251860637));
#1914=CARTESIAN_POINT('',(6.383874662,10.824504308,5.209048963));
#1915=CARTESIAN_POINT('',(6.401344179,10.790284109,5.183165708));
#1916=CARTESIAN_POINT('',(6.434543587,10.728306907,5.123697542));
#1917=CARTESIAN_POINT('',(6.450272164,10.700552356,5.090114983));
#1918=CARTESIAN_POINT('',(6.479225317,10.652855092,5.016878875));
#1919=CARTESIAN_POINT('',(6.492448745,10.632914265,4.977228224));
#1920=CARTESIAN_POINT('',(6.504098814,10.617363961,4.935504859));
#1921=CARTESIAN_POINT('',(6.272884328,10.962667574,5.276482057));
#1922=CARTESIAN_POINT('',(6.287646681,10.920736441,5.263982258));
#1923=CARTESIAN_POINT('',(6.302408445,10.880272359,5.246567383));
#1924=CARTESIAN_POINT('',(6.331211891,10.804248163,5.202755278));
#1925=CARTESIAN_POINT('',(6.34525242,10.768691089,5.176359799));
#1926=CARTESIAN_POINT('',(6.37192731,10.704217964,5.115874998));
#1927=CARTESIAN_POINT('',(6.384560604,10.675304493,5.081788094));
#1928=CARTESIAN_POINT('',(6.407803642,10.625531282,5.007584739));
#1929=CARTESIAN_POINT('',(6.418412455,10.604673533,4.967471255));
#1930=CARTESIAN_POINT('',(6.427750236,10.588352331,4.925322396));
#1931=CARTESIAN_POINT('',(6.252925203,10.956501191,5.274642129));
#1932=CARTESIAN_POINT('',(6.265844003,10.913882492,5.261924251));
#1933=CARTESIAN_POINT('',(6.278762279,10.872740982,5.244262498));
#1934=CARTESIAN_POINT('',(6.303964377,10.795426791,5.199916041));
#1935=CARTESIAN_POINT('',(6.316247176,10.759257237,5.173233131));
#1936=CARTESIAN_POINT('',(6.339574025,10.693664215,5.112154485));
#1937=CARTESIAN_POINT('',(6.350617129,10.664243401,5.077761221));
#1938=CARTESIAN_POINT('',(6.370921228,10.613593733,5.002950908));
#1939=CARTESIAN_POINT('',(6.380181398,10.592366928,4.962536886));
#1940=CARTESIAN_POINT('',(6.388322664,10.575757837,4.920103466));
#1941=CARTESIAN_POINT('',(6.192638346,10.941924914,5.270288864));
#1942=CARTESIAN_POINT('',(6.200042523,10.897411985,5.256974137));
#1943=CARTESIAN_POINT('',(6.207446378,10.854419226,5.238584277));
#1944=CARTESIAN_POINT('',(6.221878114,10.773634035,5.192578248));
#1945=CARTESIAN_POINT('',(6.228905368,10.735845046,5.164964039));
#1946=CARTESIAN_POINT('',(6.242226395,10.667372832,5.101900742));
#1947=CARTESIAN_POINT('',(6.24851959,10.636692525,5.06645434));
#1948=CARTESIAN_POINT('',(6.260052277,10.583984948,4.989513159));
#1949=CARTESIAN_POINT('',(6.265291269,10.561959923,4.948021658));
#1950=CARTESIAN_POINT('',(6.269870082,10.544816984,4.904551734));
#1951=CARTESIAN_POINT('',(6.15170783,10.937242364,5.268885282));
#1952=CARTESIAN_POINT('',(6.155436871,10.891677421,5.255244727));
#1953=CARTESIAN_POINT('',(6.159165732,10.84767776,5.236382961));
#1954=CARTESIAN_POINT('',(6.166422898,10.765082162,5.189191229));
#1955=CARTESIAN_POINT('',(6.16995085,10.726489942,5.160863386));
#1956=CARTESIAN_POINT('',(6.176616088,10.656710764,5.096206678));
#1957=CARTESIAN_POINT('',(6.179753049,10.625526948,5.059880721));
#1958=CARTESIAN_POINT('',(6.185467242,10.572182674,4.981109549));
#1959=CARTESIAN_POINT('',(6.188044195,10.55002462,4.938667877));
#1960=CARTESIAN_POINT('',(6.19027183,10.532953677,4.894266074));
#1961=CARTESIAN_POINT('',(6.11008933,10.937242364,5.268885282));
#1962=CARTESIAN_POINT('',(6.11008933,10.890810973,5.254985343));
#1963=CARTESIAN_POINT('',(6.11008933,10.846005959,5.235660879));
#1964=CARTESIAN_POINT('',(6.11008933,10.762054134,5.187200373));
#1965=CARTESIAN_POINT('',(6.11008933,10.722911411,5.158066692));
#1966=CARTESIAN_POINT('',(6.11008933,10.652393798,5.091556573));
#1967=CARTESIAN_POINT('',(6.11008933,10.621022343,5.054183374));
#1968=CARTESIAN_POINT('',(6.11008933,10.567738376,4.973207153));
#1969=CARTESIAN_POINT('',(6.11008933,10.545828459,4.929608074));
#1970=CARTESIAN_POINT('',(6.11008933,10.529238746,4.884068379));
#1971=B_SPLINE_SURFACE_WITH_KNOTS('',3,3,((#1791,#1792,#1793,#1794,#1795,#1796,#1797,#1798,#1799,#1800),(#1801,#1802,#1803,#1804,#1805,#1806,#1807,#1808,#1809,#1810),(#1811,#1812,#1813,#1814,#1815,#1816,#1817,#1818,#1819,#1820),(#1821,#1822,#1823,#1824,#1825,#1826,#1827,#1828,#1829,#1830),(#1831,#1832,#1833,#1834,#1835,#1836,#1837,#1838,#1839,#1840),(#1841,#1842,#1843,#1844,#1845,#1846,#1847,#1848,#1849,#1850),(#1851,#1852,#1853,#1854,#1855,#1856,#1857,#1858,#1859,#1860),(#1861,#1862,#1863,#1864,#1865,#1866,#1867,#1868,#1869,#1870),(#1871,#1872,#1873,#1874,#1875,#1876,#1877,#1878,#1879,#1880),(#1881,#1882,#1883,#1884,#1885,#1886,#1887,#1888,#1889,#1890),(#1891,#1892,#1893,#1894,#1895,#1896,#1897,#1898,#1899,#1900),(#1901,#1902,#1903,#1904,#1905,#1906,#1907,#1908,#1909,#1910),(#1911,#1912,#1913,#1914,#1915,#1916,#1917,#1918,#1919,#1920),(#1921,#1922,#1923,#1924,#1925,#1926,#1927,#1928,#1929,#1930),(#1931,#1932,#1933,#1934,#1935,#1936,#1937,#1938,#1939,#1940),(#1941,#1942,#1943,#1944,#1945,#1946,#1947,#1948,#1949,#1950),(#1951,#1952,#1953,#1954,#1955,#1956,#1957,#1958,#1959,#1960),(#1961,#1962,#1963,#1964,#1965,#1966,#1967,#1968,#1969,#1970)),.UNSPECIFIED.,.F.,.F.,.U.,(4,2,2,2,2,2,2,2,4),(4,2,2,2,4),(0.,0.000245355,0.000490711,0.000613388,0.000674727,0.000736066,0.000797405,0.000858744,0.000981421),(0.,0.25,0.5,0.75,1.),.UNSPECIFIED.);
#1972=ORIENTED_EDGE('',*,*,#1767,.T.);
#1973=ORIENTED_EDGE('',*,*,#1140,.F.);
#1974=CARTESIAN_POINT('',(6.641889829,11.785120775,4.858956844));
#1975=DIRECTION('',(-0.076613296,0.963694512,0.255779771));
#1976=DIRECTION('',(-0.,0.256533754,-0.966535273));
#1977=AXIS2_PLACEMENT_3D('',#1974,#1975,#1976);
#1978=CIRCLE('',#1977,0.625);
#1979=EDGE_CURVE('',#855,#765,#1978,.T.);
#1980=ORIENTED_EDGE('',*,*,#1979,.F.);
#1981=ORIENTED_EDGE('',*,*,#873,.F.);
#1982=EDGE_LOOP('',(#1972,#1973,#1980,#1981));
#1983=FACE_BOUND('',#1982,.T.);
#1984=ADVANCED_FACE('',(#1983),#1971,.T.);
#1985=CARTESIAN_POINT('',(6.11008933,23.062788355,5.268885282));
#1986=CARTESIAN_POINT('',(6.11008933,23.109219746,5.254985343));
#1987=CARTESIAN_POINT('',(6.11008933,23.15402476,5.235660879));
#1988=CARTESIAN_POINT('',(6.11008933,23.237976585,5.187200373));
#1989=CARTESIAN_POINT('',(6.11008933,23.277119309,5.158066692));
#1990=CARTESIAN_POINT('',(6.11008933,23.347636921,5.091556573));
#1991=CARTESIAN_POINT('',(6.11008933,23.379008376,5.054183374));
#1992=CARTESIAN_POINT('',(6.11008933,23.432292343,4.973207153));
#1993=CARTESIAN_POINT('',(6.11008933,23.454202261,4.929608074));
#1994=CARTESIAN_POINT('',(6.11008933,23.470791973,4.884068379));
#1995=CARTESIAN_POINT('',(6.151646543,23.062788355,5.268885282));
#1996=CARTESIAN_POINT('',(6.155370094,23.108354574,5.255244345));
#1997=CARTESIAN_POINT('',(6.159093463,23.152355421,5.236381897));
#1998=CARTESIAN_POINT('',(6.166339942,23.234953016,5.189188298));
#1999=CARTESIAN_POINT('',(6.169862699,23.273546046,5.160859268));
#2000=CARTESIAN_POINT('',(6.176518122,23.343326312,5.096199831));
#2001=CARTESIAN_POINT('',(6.179650464,23.374510405,5.059872331));
#2002=CARTESIAN_POINT('',(6.185356242,23.42785459,4.981097912));
#2003=CARTESIAN_POINT('',(6.1879294,23.450012278,4.938654536));
#2004=CARTESIAN_POINT('',(6.190153755,23.467082513,4.894251057));
#2005=CARTESIAN_POINT('',(6.192425531,23.058118113,5.270285137));
#2006=CARTESIAN_POINT('',(6.19981076,23.102635918,5.256968908));
#2007=CARTESIAN_POINT('',(6.207195668,23.145633284,5.238576661));
#2008=CARTESIAN_POINT('',(6.221590422,23.226426534,5.192564373));
#2009=CARTESIAN_POINT('',(6.228599643,23.264218976,5.164946294));
#2010=CARTESIAN_POINT('',(6.241886386,23.33269643,5.101874207));
#2011=CARTESIAN_POINT('',(6.248163332,23.363378523,5.066422889));
#2012=CARTESIAN_POINT('',(6.259666087,23.416087641,4.989471389));
#2013=CARTESIAN_POINT('',(6.264891399,23.43811242,4.947974487));
#2014=CARTESIAN_POINT('',(6.269458144,23.455254006,4.904499238));
#2015=CARTESIAN_POINT('',(6.252357368,23.043686184,5.274595369));
#2016=CARTESIAN_POINT('',(6.265223969,23.086323556,5.26187158));
#2017=CARTESIAN_POINT('',(6.278090048,23.127483393,5.2442029));
#2018=CARTESIAN_POINT('',(6.303190189,23.204832238,5.199841074));
#2019=CARTESIAN_POINT('',(6.315423231,23.241018114,5.173149723));
#2020=CARTESIAN_POINT('',(6.338655329,23.306640608,5.112053366));
#2021=CARTESIAN_POINT('',(6.349653443,23.33607457,5.077650832));
#2022=CARTESIAN_POINT('',(6.369874426,23.386746413,5.002821956));
#2023=CARTESIAN_POINT('',(6.379096476,23.407982244,4.962398641));
#2024=CARTESIAN_POINT('',(6.387203947,23.424597971,4.919956349));
#2025=CARTESIAN_POINT('',(6.272265119,23.0375726,5.276419619));
#2026=CARTESIAN_POINT('',(6.286969942,23.079525933,5.263912755));
#2027=CARTESIAN_POINT('',(6.301674177,23.120011951,5.246490111));
#2028=CARTESIAN_POINT('',(6.330365255,23.196078142,5.202661556));
#2029=CARTESIAN_POINT('',(6.344350951,23.231655272,5.176257399));
#2030=CARTESIAN_POINT('',(6.370921439,23.296165401,5.115754941));
#2031=CARTESIAN_POINT('',(6.383505168,23.325095819,5.08165906));
#2032=CARTESIAN_POINT('',(6.406656666,23.374898783,5.007438129));
#2033=CARTESIAN_POINT('',(6.417223509,23.395769337,4.967316049));
#2034=CARTESIAN_POINT('',(6.426524099,23.412100889,4.925159134));
#2035=CARTESIAN_POINT('',(6.310883787,23.022966579,5.280768699));
#2036=CARTESIAN_POINT('',(6.329205029,23.063463541,5.268725216));
#2037=CARTESIAN_POINT('',(6.347525546,23.102504809,5.25179283));
#2038=CARTESIAN_POINT('',(6.383277835,23.175785747,5.208970053));
#2039=CARTESIAN_POINT('',(6.400708192,23.210022518,5.183081357));
#2040=CARTESIAN_POINT('',(6.433833147,23.272031068,5.123602801));
#2041=CARTESIAN_POINT('',(6.449526434,23.299800395,5.090015294));
#2042=CARTESIAN_POINT('',(6.478414573,23.347524687,5.016770037));
#2043=CARTESIAN_POINT('',(6.491608281,23.367477764,4.977115184));
#2044=CARTESIAN_POINT('',(6.50323213,23.383038757,4.935388103));
#2045=CARTESIAN_POINT('',(6.329550134,23.014514565,5.283281498));
#2046=CARTESIAN_POINT('',(6.349645068,23.054241972,5.271483612));
#2047=CARTESIAN_POINT('',(6.36973921,23.092515155,5.254794819));
#2048=CARTESIAN_POINT('',(6.40895298,23.164299277,5.212443741));
#2049=CARTESIAN_POINT('',(6.428071058,23.197807376,5.18678313));
#2050=CARTESIAN_POINT('',(6.464403927,23.258432645,5.127734605));
#2051=CARTESIAN_POINT('',(6.481617281,23.285547415,5.094349027));
#2052=CARTESIAN_POINT('',(6.513304383,23.332067878,5.021472209));
#2053=CARTESIAN_POINT('',(6.527776876,23.351471729,4.981983853));
#2054=CARTESIAN_POINT('',(6.540527943,23.366549262,4.940401816));
#2055=CARTESIAN_POINT('',(6.365635025,22.995377204,5.288955898));
#2056=CARTESIAN_POINT('',(6.389223416,23.033478164,5.277677041));
#2057=CARTESIAN_POINT('',(6.412810863,23.070119548,5.261473421));
#2058=CARTESIAN_POINT('',(6.458834232,23.138696715,5.220006644));
#2059=CARTESIAN_POINT('',(6.48126831,23.170629749,5.194745149));
#2060=CARTESIAN_POINT('',(6.523887822,23.228227815,5.13639751));
#2061=CARTESIAN_POINT('',(6.54407155,23.253890536,5.103313705));
#2062=CARTESIAN_POINT('',(6.581203201,23.297692149,5.030939028));
#2063=CARTESIAN_POINT('',(6.598149636,23.315829283,4.991651059));
#2064=CARTESIAN_POINT('',(6.613063699,23.329760592,4.950220136));
#2065=CARTESIAN_POINT('',(6.383053418,22.984691642,5.292117575));
#2066=CARTESIAN_POINT('',(6.408361532,23.021935713,5.28111216));
#2067=CARTESIAN_POINT('',(6.433668621,23.057713388,5.265150127));
#2068=CARTESIAN_POINT('',(6.483040044,23.12458042,5.224095969));
#2069=CARTESIAN_POINT('',(6.507102376,23.155667061,5.199005511));
#2070=CARTESIAN_POINT('',(6.552800597,23.211621194,5.140928744));
#2071=CARTESIAN_POINT('',(6.574434633,23.236486413,5.107944793));
#2072=CARTESIAN_POINT('',(6.614211911,23.278772973,5.03570384));
#2073=CARTESIAN_POINT('',(6.632353539,23.296192596,4.996449773));
#2074=CARTESIAN_POINT('',(6.648303435,23.309461114,4.955024933));
#2075=CARTESIAN_POINT('',(6.416641738,22.961083765,5.299080153));
#2076=CARTESIAN_POINT('',(6.445347423,22.996517964,5.288650877));
#2077=CARTESIAN_POINT('',(6.4740519,23.030464028,5.273171417));
#2078=CARTESIAN_POINT('',(6.530025256,23.093683674,5.232885527));
#2079=CARTESIAN_POINT('',(6.557291779,23.122954592,5.208080794));
#2080=CARTESIAN_POINT('',(6.609023119,23.175355965,5.150386949));
#2081=CARTESIAN_POINT('',(6.63348576,23.198484212,5.117500269));
#2082=CARTESIAN_POINT('',(6.678383572,23.237440046,5.045290288));
#2083=CARTESIAN_POINT('',(6.698816854,23.253265993,5.005970028));
#2084=CARTESIAN_POINT('',(6.716724392,23.265044492,4.964416627));
#2085=CARTESIAN_POINT('',(6.432862918,22.948095554,5.302900209));
#2086=CARTESIAN_POINT('',(6.463252487,22.982572374,5.292774942));
#2087=CARTESIAN_POINT('',(6.493640744,23.015546011,5.277537304));
#2088=CARTESIAN_POINT('',(6.552879541,23.076819208,5.237607795));
#2089=CARTESIAN_POINT('',(6.581727529,23.105116123,5.212917647));
#2090=CARTESIAN_POINT('',(6.636423379,23.155599298,5.155334835));
#2091=CARTESIAN_POINT('',(6.662268884,23.177783379,5.122444655));
#2092=CARTESIAN_POINT('',(6.709649391,23.214914293,5.050129469));
#2093=CARTESIAN_POINT('',(6.731182351,23.229859522,5.010707582));
#2094=CARTESIAN_POINT('',(6.750014088,23.240806407,4.969017828));
#2095=CARTESIAN_POINT('',(6.478447471,22.906841383,5.314988624));
#2096=CARTESIAN_POINT('',(6.513714238,22.938363938,5.305797248));
#2097=CARTESIAN_POINT('',(6.548979356,22.968327655,5.291267489));
#2098=CARTESIAN_POINT('',(6.617651329,23.023554378,5.252298106));
#2099=CARTESIAN_POINT('',(6.651054976,23.048814781,5.227860314));
#2100=CARTESIAN_POINT('',(6.714240481,23.093294635,5.170367488));
#2101=CARTESIAN_POINT('',(6.744019388,23.112511988,5.137315153));
#2102=CARTESIAN_POINT('',(6.798382942,23.143885253,5.064341479));
#2103=CARTESIAN_POINT('',(6.82296505,23.156039683,5.024423565));
#2104=CARTESIAN_POINT('',(6.844300804,23.16434008,4.982126858));
#2105=CARTESIAN_POINT('',(6.505196924,22.876054296,5.323954244));
#2106=CARTESIAN_POINT('',(6.543527482,22.905478103,5.315420852));
#2107=CARTESIAN_POINT('',(6.581856119,22.933291922,5.30134559));
#2108=CARTESIAN_POINT('',(6.656420185,22.984172543,5.2628823));
#2109=CARTESIAN_POINT('',(6.692651876,23.007236755,5.238496216));
#2110=CARTESIAN_POINT('',(6.761039249,23.047345602,5.180748913));
#2111=CARTESIAN_POINT('',(6.793191502,23.064388189,5.147390604));
#2112=CARTESIAN_POINT('',(6.851659691,23.091511756,5.073528118));
#2113=CARTESIAN_POINT('',(6.877972692,23.101591344,5.033027662));
#2114=CARTESIAN_POINT('',(6.90064669,23.107910356,4.990064652));
#2115=CARTESIAN_POINT('',(6.552074389,22.808478875,5.343448151));
#2116=CARTESIAN_POINT('',(6.596257411,22.833384948,5.33630866));
#2117=CARTESIAN_POINT('',(6.640437797,22.856554081,5.323120214));
#2118=CARTESIAN_POINT('',(6.726168116,22.898032352,5.285432279));
#2119=CARTESIAN_POINT('',(6.767712936,22.916338981,5.260935052));
#2120=CARTESIAN_POINT('',(6.845693086,22.946990683,5.20209352));
#2121=CARTESIAN_POINT('',(6.882123764,22.959333896,5.16775274));
#2122=CARTESIAN_POINT('',(6.94770096,22.977313884,5.091276024));
#2123=CARTESIAN_POINT('',(6.976843563,22.98294956,5.049144666));
#2124=CARTESIAN_POINT('',(7.001473721,22.985060315,5.004374434));
#2125=CARTESIAN_POINT('',(6.571600115,22.772520229,5.353735978));
#2126=CARTESIAN_POINT('',(6.61849792,22.795062435,5.347315211));
#2127=CARTESIAN_POINT('',(6.665392646,22.815793427,5.334547926));
#2128=CARTESIAN_POINT('',(6.756255857,22.852330276,5.297118827));
#2129=CARTESIAN_POINT('',(6.800218394,22.868133691,5.27245948));
#2130=CARTESIAN_POINT('',(6.882467292,22.893815305,5.212790153));
#2131=CARTESIAN_POINT('',(6.920748265,22.903691776,5.177784094));
#2132=CARTESIAN_POINT('',(6.989237989,22.916891179,5.099612423));
#2133=CARTESIAN_POINT('',(7.019442247,22.920213206,5.056451942));
#2134=CARTESIAN_POINT('',(7.044664056,22.920150112,5.010562398));
#2135=CARTESIAN_POINT('',(6.603584072,22.69752933,5.374971972));
#2136=CARTESIAN_POINT('',(6.655539707,22.715121789,5.370027183));
#2137=CARTESIAN_POINT('',(6.707491178,22.730737902,5.358065086));
#2138=CARTESIAN_POINT('',(6.807816038,22.75693374,5.320931396));
#2139=CARTESIAN_POINT('',(6.856181408,22.767511325,5.295762785));
#2140=CARTESIAN_POINT('',(6.945994193,22.782888955,5.233954567));
#2141=CARTESIAN_POINT('',(6.987434426,22.787687729,5.197319915));
#2142=CARTESIAN_POINT('',(7.060533674,22.791166543,5.115109922));
#2143=CARTESIAN_POINT('',(7.092186838,22.78984627,5.069541166));
#2144=CARTESIAN_POINT('',(7.117854734,22.78550805,5.021075869));
#2145=CARTESIAN_POINT('',(6.616129801,22.658089465,5.386033294));
#2146=CARTESIAN_POINT('',(6.670449513,22.673068633,5.381853382));
#2147=CARTESIAN_POINT('',(6.724764385,22.685979595,5.370278768));
#2148=CARTESIAN_POINT('',(6.829456124,22.706718718,5.333180414));
#2149=CARTESIAN_POINT('',(6.879823723,22.71454498,5.307659972));
#2150=CARTESIAN_POINT('',(6.972958667,22.724532958,5.244524543));
#2151=CARTESIAN_POINT('',(7.015717761,22.726693733,5.206915154));
#2152=CARTESIAN_POINT('',(7.09052415,22.725182195,5.122334647));
#2153=CARTESIAN_POINT('',(7.122564806,22.721509968,5.075371024));
#2154=CARTESIAN_POINT('',(7.148081959,22.715050055,5.025433006));
#2155=CARTESIAN_POINT('',(6.634229055,22.578766286,5.408039422));
#2156=CARTESIAN_POINT('',(6.692828292,22.588389897,5.405393435));
#2157=CARTESIAN_POINT('',(6.751421126,22.595752378,5.394546133));
#2158=CARTESIAN_POINT('',(6.863905741,22.605354295,5.35731975));
#2159=CARTESIAN_POINT('',(6.917785298,22.607592629,5.330944726));
#2160=CARTESIAN_POINT('',(7.016506982,22.606753908,5.264783443));
#2161=CARTESIAN_POINT('',(7.061338373,22.603676891,5.225004382));
#2162=CARTESIAN_POINT('',(7.138352812,22.592444125,5.13523371));
#2163=CARTESIAN_POINT('',(7.170527474,22.584289551,5.085251861));
#2164=CARTESIAN_POINT('',(7.195080241,22.573919298,5.032173729));
#2165=CARTESIAN_POINT('',(6.639935239,22.538624959,5.419058993));
#2166=CARTESIAN_POINT('',(6.700469849,22.545490118,5.41718705));
#2167=CARTESIAN_POINT('',(6.760997161,22.549992566,5.40668256));
#2168=CARTESIAN_POINT('',(6.876945659,22.553879798,5.369294861));
#2169=CARTESIAN_POINT('',(6.932352913,22.553264035,5.342416154));
#2170=CARTESIAN_POINT('',(7.033371376,22.546952895,5.274550924));
#2171=CARTESIAN_POINT('',(7.078970436,22.541258205,5.233572554));
#2172=CARTESIAN_POINT('',(7.156508989,22.525259,5.140970854));
#2173=CARTESIAN_POINT('',(7.188439138,22.514956351,5.089358643));
#2174=CARTESIAN_POINT('',(7.212184046,22.502780249,5.034605338));
#2175=CARTESIAN_POINT('',(6.645367947,22.457473133,5.441090064));
#2176=CARTESIAN_POINT('',(6.709406788,22.458596609,5.440792868));
#2177=CARTESIAN_POINT('',(6.773436208,22.457144875,5.430943555));
#2178=CARTESIAN_POINT('',(6.895533431,22.449212968,5.393057431));
#2179=CARTESIAN_POINT('',(6.953583323,22.442733882,5.365026188));
#2180=CARTESIAN_POINT('',(7.058296718,22.425338826,5.293389832));
#2181=CARTESIAN_POINT('',(7.104944848,22.414425341,5.249795229));
#2182=CARTESIAN_POINT('',(7.182491155,22.389169333,5.151098818));
#2183=CARTESIAN_POINT('',(7.213377929,22.374830462,5.096011482));
#2184=CARTESIAN_POINT('',(7.234942006,22.359442612,5.037740929));
#2185=CARTESIAN_POINT('',(6.6450615,22.416282547,5.452148988));
#2186=CARTESIAN_POINT('',(6.710674175,22.414409425,5.452656224));
#2187=CARTESIAN_POINT('',(6.776276235,22.409849651,5.443120627));
#2188=CARTESIAN_POINT('',(6.901066233,22.39578609,5.4048954));
#2189=CARTESIAN_POINT('',(6.960233975,22.386284475,5.376211962));
#2190=CARTESIAN_POINT('',(7.066347463,22.363253613,5.302498041));
#2191=CARTESIAN_POINT('',(7.113276019,22.349728004,5.257479472));
#2192=CARTESIAN_POINT('',(7.190299083,22.319963504,5.155503368));
#2193=CARTESIAN_POINT('',(7.220381084,22.303729366,5.09856231));
#2194=CARTESIAN_POINT('',(7.240563783,22.286931062,5.038440888));
#2195=CARTESIAN_POINT('',(6.641889829,22.37524354,5.463041389));
#2196=CARTESIAN_POINT('',(6.708868489,22.370269187,5.464361661));
#2197=CARTESIAN_POINT('',(6.775835141,22.362493563,5.455124066));
#2198=CARTESIAN_POINT('',(6.902888752,22.3421358,5.416478836));
#2199=CARTESIAN_POINT('',(6.962952935,22.329557311,5.387078129));
#2200=CARTESIAN_POINT('',(7.070007012,22.300888833,5.311130413));
#2201=CARTESIAN_POINT('',(7.116977714,22.284803984,5.26459702));
#2202=CARTESIAN_POINT('',(7.192997846,22.250779743,5.159174996));
#2203=CARTESIAN_POINT('',(7.222033647,22.232846451,5.100305265));
#2204=CARTESIAN_POINT('',(7.24060892,22.214909944,5.038290193));
#2205=B_SPLINE_SURFACE_WITH_KNOTS('',3,3,((#1985,#1986,#1987,#1988,#1989,#1990,#1991,#1992,#1993,#1994),(#1995,#1996,#1997,#1998,#1999,#2000,#2001,#2002,#2003,#2004),(#2005,#2006,#2007,#2008,#2009,#2010,#2011,#2012,#2013,#2014),(#2015,#2016,#2017,#2018,#2019,#2020,#2021,#2022,#2023,#2024),(#2025,#2026,#2027,#2028,#2029,#2030,#2031,#2032,#2033,#2034),(#2035,#2036,#2037,#2038,#2039,#2040,#2041,#2042,#2043,#2044),(#2045,#2046,#2047,#2048,#2049,#2050,#2051,#2052,#2053,#2054),(#2055,#2056,#2057,#2058,#2059,#2060,#2061,#2062,#2063,#2064),(#2065,#2066,#2067,#2068,#2069,#2070,#2071,#2072,#2073,#2074),(#2075,#2076,#2077,#2078,#2079,#2080,#2081,#2082,#2083,#2084),(#2085,#2086,#2087,#2088,#2089,#2090,#2091,#2092,#2093,#2094),(#2095,#2096,#2097,#2098,#2099,#2100,#2101,#2102,#2103,#2104),(#2105,#2106,#2107,#2108,#2109,#2110,#2111,#2112,#2113,#2114),(#2115,#2116,#2117,#2118,#2119,#2120,#2121,#2122,#2123,#2124),(#2125,#2126,#2127,#2128,#2129,#2130,#2131,#2132,#2133,#2134),(#2135,#2136,#2137,#2138,#2139,#2140,#2141,#2142,#2143,#2144),(#2145,#2146,#2147,#2148,#2149,#2150,#2151,#2152,#2153,#2154),(#2155,#2156,#2157,#2158,#2159,#2160,#2161,#2162,#2163,#2164),(#2165,#2166,#2167,#2168,#2169,#2170,#2171,#2172,#2173,#2174),(#2175,#2176,#2177,#2178,#2179,#2180,#2181,#2182,#2183,#2184),(#2185,#2186,#2187,#2188,#2189,#2190,#2191,#2192,#2193,#2194),(#2195,#2196,#2197,#2198,#2199,#2200,#2201,#2202,#2203,#2204)),.UNSPECIFIED.,.F.,.F.,.U.,(4,2,2,2,2,2,2,2,2,2,4),(4,2,2,2,4),(0.,0.000123027,0.00018454,0.000246054,0.000307567,0.000369081,0.000492108,0.000615135,0.000738162,0.000861188,0.000984215),(0.,0.25,0.5,0.75,1.),.UNSPECIFIED.);
#2206=ORIENTED_EDGE('',*,*,#1785,.T.);
#2207=ORIENTED_EDGE('',*,*,#921,.F.);
#2208=CARTESIAN_POINT('',(6.641889829,22.214909944,4.858956844));
#2209=DIRECTION('',(-0.076613296,-0.963694512,0.255779771));
#2210=DIRECTION('',(-0.,0.256533754,0.966535273));
#2211=AXIS2_PLACEMENT_3D('',#2208,#2209,#2210);
#2212=CIRCLE('',#2211,0.625);
#2213=EDGE_CURVE('',#757,#876,#2212,.T.);
#2214=ORIENTED_EDGE('',*,*,#2213,.F.);
#2215=ORIENTED_EDGE('',*,*,#1071,.F.);
#2216=EDGE_LOOP('',(#2206,#2207,#2214,#2215));
#2217=FACE_BOUND('',#2216,.T.);
#2218=ADVANCED_FACE('',(#2217),#2205,.T.);
#2219=CARTESIAN_POINT('',(6.641889829,22.37524354,5.463041389));
#2220=CARTESIAN_POINT('',(6.708868489,22.370269187,5.464361661));
#2221=CARTESIAN_POINT('',(6.775835141,22.362493563,5.455124066));
#2222=CARTESIAN_POINT('',(6.902888752,22.3421358,5.416478836));
#2223=CARTESIAN_POINT('',(6.962952935,22.329557311,5.387078129));
#2224=CARTESIAN_POINT('',(7.070007012,22.300888833,5.311130413));
#2225=CARTESIAN_POINT('',(7.116977714,22.284803984,5.26459702));
#2226=CARTESIAN_POINT('',(7.192997846,22.250779743,5.159174996));
#2227=CARTESIAN_POINT('',(7.222033647,22.232846451,5.100305265));
#2228=CARTESIAN_POINT('',(7.24060892,22.214909944,5.038290193));
#2229=CARTESIAN_POINT('',(6.574286509,21.500507942,5.695210057));
#2230=CARTESIAN_POINT('',(6.641164401,21.496244026,5.696126914));
#2231=CARTESIAN_POINT('',(6.708030419,21.489618249,5.686423946));
#2232=CARTESIAN_POINT('',(6.834925689,21.472317523,5.646767233));
#2233=CARTESIAN_POINT('',(6.89493241,21.461645642,5.616820531));
#2234=CARTESIAN_POINT('',(7.001949891,21.437345292,5.539742009));
#2235=CARTESIAN_POINT('',(7.048941648,21.423721132,5.492623877));
#2236=CARTESIAN_POINT('',(7.125103135,21.394911833,5.38603108));
#2237=CARTESIAN_POINT('',(7.154259341,21.379731801,5.326575343));
#2238=CARTESIAN_POINT('',(7.1730056,21.364549078,5.263989421));
#2239=CARTESIAN_POINT('',(6.522359942,20.614026772,5.873850636));
#2240=CARTESIAN_POINT('',(6.589155924,20.610551004,5.874433593));
#2241=CARTESIAN_POINT('',(6.655940154,20.605170507,5.864347704));
#2242=CARTESIAN_POINT('',(6.782706713,20.591145803,5.823861995));
#2243=CARTESIAN_POINT('',(6.84266671,20.582504065,5.793469308));
#2244=CARTESIAN_POINT('',(6.949654374,20.562838358,5.715469123));
#2245=CARTESIAN_POINT('',(6.996663194,20.551817848,5.667875367));
#2246=CARTESIAN_POINT('',(7.072939543,20.528519337,5.560331248));
#2247=CARTESIAN_POINT('',(7.102193635,20.516245436,5.500399832));
#2248=CARTESIAN_POINT('',(7.12107903,20.503969365,5.437350538));
#2249=CARTESIAN_POINT('',(6.469853165,19.266110318,6.054579185));
#2250=CARTESIAN_POINT('',(6.5365653,19.263898722,6.054817396));
#2251=CARTESIAN_POINT('',(6.603265792,19.260487759,6.044336768));
#2252=CARTESIAN_POINT('',(6.729900547,19.251611835,6.002997364));
#2253=CARTESIAN_POINT('',(6.789812681,19.246148424,5.972145814));
#2254=CARTESIAN_POINT('',(6.896769771,19.233722873,5.893197909));
#2255=CARTESIAN_POINT('',(6.943796037,19.226762904,5.845115351));
#2256=CARTESIAN_POINT('',(7.020189988,19.212051998,5.736593851));
#2257=CARTESIAN_POINT('',(7.049544323,19.204303631,5.676173873));
#2258=CARTESIAN_POINT('',(7.068572257,19.1965539,5.612648694));
#2259=CARTESIAN_POINT('',(6.456574142,18.812836318,6.100312084));
#2260=CARTESIAN_POINT('',(6.523264931,18.811060342,6.100461183));
#2261=CARTESIAN_POINT('',(6.58994409,18.808323869,6.089878636));
#2262=CARTESIAN_POINT('',(6.716545252,18.801206236,6.048318977));
#2263=CARTESIAN_POINT('',(6.776445177,18.796826317,6.017349114));
#2264=CARTESIAN_POINT('',(6.883394452,18.786866524,5.938156957));
#2265=CARTESIAN_POINT('',(6.93042515,18.781288386,5.889948473));
#2266=CARTESIAN_POINT('',(7.006849063,18.769498864,5.781175253));
#2267=CARTESIAN_POINT('',(7.036228948,18.763289536,5.720629486));
#2268=CARTESIAN_POINT('',(7.055293233,18.757079125,5.656981808));
#2269=CARTESIAN_POINT('',(6.438906447,17.906451185,6.161162409));
#2270=CARTESIAN_POINT('',(6.505568502,17.905557615,6.16119253));
#2271=CARTESIAN_POINT('',(6.572218964,17.904182927,6.150474017));
#2272=CARTESIAN_POINT('',(6.698774953,17.900609906,6.108620696));
#2273=CARTESIAN_POINT('',(6.758658471,17.898412194,6.077493168));
#2274=CARTESIAN_POINT('',(6.865597257,17.893415932,5.997975616));
#2275=CARTESIAN_POINT('',(6.912633927,17.89061825,5.94959942));
#2276=CARTESIAN_POINT('',(6.989098139,17.884705837,5.840490972));
#2277=CARTESIAN_POINT('',(7.018512382,17.881592134,5.779777695));
#2278=CARTESIAN_POINT('',(7.037625538,17.878477889,5.715966857));
#2279=CARTESIAN_POINT('',(6.434488209,17.453094824,6.176384395));
#2280=CARTESIAN_POINT('',(6.501143011,17.452648167,6.17638438));
#2281=CARTESIAN_POINT('',(6.56778623,17.451961025,6.165631461));
#2282=CARTESIAN_POINT('',(6.694330817,17.450175042,6.123703882));
#2283=CARTESIAN_POINT('',(6.754210193,17.449076513,6.092536507));
#2284=CARTESIAN_POINT('',(6.861146331,17.446579127,6.012936749));
#2285=CARTESIAN_POINT('',(6.908184507,17.445180704,5.964518198));
#2286=CARTESIAN_POINT('',(6.98465889,17.442225382,5.855325104));
#2287=CARTESIAN_POINT('',(7.014081805,17.440668997,5.794569538));
#2288=CARTESIAN_POINT('',(7.033207299,17.439112341,5.730717509));
#2289=CARTESIAN_POINT('',(6.434492682,16.546247515,6.176368982));
#2290=CARTESIAN_POINT('',(6.501147492,16.54669485,6.176368998));
#2291=CARTESIAN_POINT('',(6.567790718,16.547383037,6.165616114));
#2292=CARTESIAN_POINT('',(6.694335317,16.549171732,6.12368861));
#2293=CARTESIAN_POINT('',(6.754214698,16.550271931,6.092521275));
#2294=CARTESIAN_POINT('',(6.861150838,16.552773111,6.0129216));
#2295=CARTESIAN_POINT('',(6.908189013,16.554173659,5.964503092));
#2296=CARTESIAN_POINT('',(6.984663385,16.557133471,5.855310084));
#2297=CARTESIAN_POINT('',(7.014086292,16.558692221,5.79455456));
#2298=CARTESIAN_POINT('',(7.033211773,16.560251242,5.730702573));
#2299=CARTESIAN_POINT('',(6.438915396,16.092757032,6.161131579));
#2300=CARTESIAN_POINT('',(6.505577466,16.093651412,6.161161761));
#2301=CARTESIAN_POINT('',(6.572227942,16.095027346,6.150443317));
#2302=CARTESIAN_POINT('',(6.698783955,16.098603606,6.108590147));
#2303=CARTESIAN_POINT('',(6.758667481,16.100803311,6.0774627));
#2304=CARTESIAN_POINT('',(6.865606273,16.105804103,5.997945314));
#2305=CARTESIAN_POINT('',(6.91264294,16.108604321,5.949569204));
#2306=CARTESIAN_POINT('',(6.989107131,16.114522095,5.840460927));
#2307=CARTESIAN_POINT('',(7.018521356,16.117638622,5.779747735));
#2308=CARTESIAN_POINT('',(7.037634487,16.120755691,5.71593698));
#2309=CARTESIAN_POINT('',(6.452184644,15.412566116,6.115430215));
#2310=CARTESIAN_POINT('',(6.518868294,15.414122678,6.115549754));
#2311=CARTESIAN_POINT('',(6.585540323,15.416520539,6.104933425));
#2312=CARTESIAN_POINT('',(6.712130262,15.422756797,6.063300806));
#2313=CARTESIAN_POINT('',(6.77202611,15.426594106,6.032291771));
#2314=CARTESIAN_POINT('',(6.878972779,15.43531971,5.953018769));
#2315=CARTESIAN_POINT('',(6.926004962,15.440206484,5.904768617));
#2316=CARTESIAN_POINT('',(7.002438886,15.450534654,5.795912109));
#2317=CARTESIAN_POINT('',(7.031827308,15.455974252,5.735324724));
#2318=CARTESIAN_POINT('',(7.050903735,15.461414797,5.671636509));
#2319=CARTESIAN_POINT('',(6.457720749,15.185645913,6.096363856));
#2320=CARTESIAN_POINT('',(6.524413341,15.187421989,6.096520578));
#2321=CARTESIAN_POINT('',(6.591094304,15.190159165,6.085946761));
#2322=CARTESIAN_POINT('',(6.717698309,15.197279287,6.044405993));
#2323=CARTESIAN_POINT('',(6.777599268,15.201660991,6.013446287));
#2324=CARTESIAN_POINT('',(6.884549206,15.211625168,5.934275111));
#2325=CARTESIAN_POINT('',(6.93157953,15.217205903,5.886077451));
#2326=CARTESIAN_POINT('',(7.008000908,15.229001058,5.777325869));
#2327=CARTESIAN_POINT('',(7.037378632,15.23521342,5.716790917));
#2328=CARTESIAN_POINT('',(7.05643984,15.241426868,5.653153767));
#2329=CARTESIAN_POINT('',(6.470946784,14.733626602,6.05082336));
#2330=CARTESIAN_POINT('',(6.537660722,14.735835899,6.051068204));
#2331=CARTESIAN_POINT('',(6.604363002,14.739244302,6.040595175));
#2332=CARTESIAN_POINT('',(6.731000563,14.748114746,5.999272212));
#2333=CARTESIAN_POINT('',(6.790913708,14.753575236,5.968429499));
#2334=CARTESIAN_POINT('',(6.897871435,14.765994717,5.889499855));
#2335=CARTESIAN_POINT('',(6.944897321,14.772951537,5.841426718));
#2336=CARTESIAN_POINT('',(7.021288762,14.787656031,5.732924076));
#2337=CARTESIAN_POINT('',(7.050640964,14.795401134,5.672513535));
#2338=CARTESIAN_POINT('',(7.069665875,14.803147592,5.608997567));
#2339=CARTESIAN_POINT('',(6.478636799,14.508360207,6.02434472));
#2340=CARTESIAN_POINT('',(6.545362894,14.510783349,6.02464064));
#2341=CARTESIAN_POINT('',(6.612077332,14.514523896,6.014226107));
#2342=CARTESIAN_POINT('',(6.738734044,14.524261425,5.973029674));
#2343=CARTESIAN_POINT('',(6.798654154,14.530256703,5.942254983));
#2344=CARTESIAN_POINT('',(6.905616344,14.543893839,5.863465836));
#2345=CARTESIAN_POINT('',(6.952639707,14.551533311,5.815465167));
#2346=CARTESIAN_POINT('',(7.02901407,14.567681295,5.707107407));
#2347=CARTESIAN_POINT('',(7.058351705,14.576186983,5.646769278));
#2348=CARTESIAN_POINT('',(7.077355891,14.584694172,5.583323815));
#2349=CARTESIAN_POINT('',(6.522380168,13.385734617,5.873779927));
#2350=CARTESIAN_POINT('',(6.589176115,13.389210611,5.87436305));
#2351=CARTESIAN_POINT('',(6.655960314,13.394591472,5.86427737));
#2352=CARTESIAN_POINT('',(6.78272683,13.408617139,5.823792139));
#2353=CARTESIAN_POINT('',(6.842686813,13.417259476,5.793399721));
#2354=CARTESIAN_POINT('',(6.949674474,13.436926559,5.715400108));
#2355=CARTESIAN_POINT('',(6.996683303,13.447947844,5.667806655));
#2356=CARTESIAN_POINT('',(7.072959694,13.471248001,5.560263139));
#2357=CARTESIAN_POINT('',(7.102213818,13.483522773,5.500332025));
#2358=CARTESIAN_POINT('',(7.121099256,13.495799719,5.437283015));
#2359=CARTESIAN_POINT('',(6.574288182,12.499501129,5.695204311));
#2360=CARTESIAN_POINT('',(6.641166077,12.503765062,5.696121178));
#2361=CARTESIAN_POINT('',(6.708032097,12.510390868,5.686418221));
#2362=CARTESIAN_POINT('',(6.834927371,12.527691669,5.646761533));
#2363=CARTESIAN_POINT('',(6.894934094,12.538363598,5.616814845));
#2364=CARTESIAN_POINT('',(7.001951575,12.562664055,5.539736351));
#2365=CARTESIAN_POINT('',(7.048943331,12.576288277,5.492618234));
#2366=CARTESIAN_POINT('',(7.125104815,12.605097705,5.386025465));
#2367=CARTESIAN_POINT('',(7.154261018,12.620277805,5.326569743));
#2368=CARTESIAN_POINT('',(7.173007273,12.635460596,5.263983835));
#2369=CARTESIAN_POINT('',(6.641889829,11.624787179,5.463041389));
#2370=CARTESIAN_POINT('',(6.708868489,11.629761532,5.464361661));
#2371=CARTESIAN_POINT('',(6.775835141,11.637537156,5.455124066));
#2372=CARTESIAN_POINT('',(6.902888752,11.657894919,5.416478836));
#2373=CARTESIAN_POINT('',(6.962952935,11.670473408,5.387078129));
#2374=CARTESIAN_POINT('',(7.070007012,11.699141886,5.311130413));
#2375=CARTESIAN_POINT('',(7.116977714,11.715226736,5.26459702));
#2376=CARTESIAN_POINT('',(7.192997846,11.749250976,5.159174996));
#2377=CARTESIAN_POINT('',(7.222033647,11.767184268,5.100305265));
#2378=CARTESIAN_POINT('',(7.24060892,11.785120775,5.038290193));
#2379=B_SPLINE_SURFACE_WITH_KNOTS('',3,3,((#2219,#2220,#2221,#2222,#2223,#2224,#2225,#2226,#2227,#2228),(#2229,#2230,#2231,#2232,#2233,#2234,#2235,#2236,#2237,#2238),(#2239,#2240,#2241,#2242,#2243,#2244,#2245,#2246,#2247,#2248),(#2249,#2250,#2251,#2252,#2253,#2254,#2255,#2256,#2257,#2258),(#2259,#2260,#2261,#2262,#2263,#2264,#2265,#2266,#2267,#2268),(#2269,#2270,#2271,#2272,#2273,#2274,#2275,#2276,#2277,#2278),(#2279,#2280,#2281,#2282,#2283,#2284,#2285,#2286,#2287,#2288),(#2289,#2290,#2291,#2292,#2293,#2294,#2295,#2296,#2297,#2298),(#2299,#2300,#2301,#2302,#2303,#2304,#2305,#2306,#2307,#2308),(#2309,#2310,#2311,#2312,#2313,#2314,#2315,#2316,#2317,#2318),(#2319,#2320,#2321,#2322,#2323,#2324,#2325,#2326,#2327,#2328),(#2329,#2330,#2331,#2332,#2333,#2334,#2335,#2336,#2337,#2338),(#2339,#2340,#2341,#2342,#2343,#2344,#2345,#2346,#2347,#2348),(#2349,#2350,#2351,#2352,#2353,#2354,#2355,#2356,#2357,#2358),(#2359,#2360,#2361,#2362,#2363,#2364,#2365,#2366,#2367,#2368),(#2369,#2370,#2371,#2372,#2373,#2374,#2375,#2376,#2377,#2378)),.UNSPECIFIED.,.F.,.F.,.U.,(4,2,2,2,2,2,2,4),(4,2,2,2,4),(0.,0.002637546,0.003956319,0.005275092,0.006593865,0.007253251,0.007912638,0.010550184),(0.,0.25,0.5,0.75,1.),.UNSPECIFIED.);
#2380=ORIENTED_EDGE('',*,*,#1979,.T.);
#2381=ORIENTED_EDGE('',*,*,#786,.F.);
#2382=ORIENTED_EDGE('',*,*,#2213,.T.);
#2383=ORIENTED_EDGE('',*,*,#897,.F.);
#2384=EDGE_LOOP('',(#2380,#2381,#2382,#2383));
#2385=FACE_BOUND('',#2384,.T.);
#2386=ADVANCED_FACE('',(#2385),#2379,.T.);
#2387=CLOSED_SHELL('',(#66,#214,#247,#269,#286,#318,#342,#359,#391,#415,#432,#464,#488,#499,#510,#526,#538,#550,#581,#605,#629,#646,#719,#750,#797,#844,
#1008,#1041,#1077,#1113,#1146,#1326,#1560,#1754,#1772,#1790,#1984,#2218,#2386));
#2388=MANIFOLD_SOLID_BREP('1.00u (Convex)',#2387);
#2389=DRAUGHTING_PRE_DEFINED_COLOUR('white');
#2390=FILL_AREA_STYLE_COLOUR('',#2389);
#2391=FILL_AREA_STYLE('',(#2390));
#2392=SURFACE_STYLE_FILL_AREA(#2391);
#2393=SURFACE_SIDE_STYLE('',(#2392));
#2394=SURFACE_STYLE_USAGE(.BOTH.,#2393);
#2395=PRESENTATION_STYLE_ASSIGNMENT((#2394));
#26=STYLED_ITEM('',(#2395),#2388);
#16=SHAPE_REPRESENTATION('1.00u (Convex)',(#15),#10);
#17=ADVANCED_BREP_SHAPE_REPRESENTATION('1.00u (Convex)',(#2388),#10);
#2403=SHAPE_REPRESENTATION_RELATIONSHIP('','',#16,#17);
#2404=CARTESIAN_POINT('',(0.,0.,0.));
#2405=DIRECTION('',(0.,0.,1.));
#2406=DIRECTION('',(1.,0.,0.));
#2407=AXIS2_PLACEMENT_3D('',#2404,#2405,#2406);
#2409=MAPPED_ITEM('',#2408,#2407);
#2408=REPRESENTATION_MAP(#2407,#16);
#2410=APPLICATION_CONTEXT('Managed model based 3d engineering');
#2411=APPLICATION_PROTOCOL_DEFINITION('international standard','ap242_managed_model_based_3d_engineering',2014,#2410);
#2412=PRODUCT_CONTEXT('',#2410,'mechanical');
#2413=PRODUCT_DEFINITION_CONTEXT('part definition',#2410,'design');
#24=PRODUCT('1.00u (Convex)','1.00u (Convex)','',(#2412));
#2414=PRODUCT_RELATED_PRODUCT_CATEGORY('part','',(#24));
#2415=PRODUCT_DEFINITION_FORMATION_WITH_SPECIFIED_SOURCE('','',#24,.NOT_KNOWN.);
#25=PRODUCT_DEFINITION('design','',#2415,#2413);
#23=PRODUCT_DEFINITION_SHAPE('','',#25);
#2416=SHAPE_DEFINITION_REPRESENTATION(#23,#16);
#11=DRAUGHTING_MODEL('',(#2409),#10);
#2417=DESCRIPTIVE_REPRESENTATION_ITEM('KEY','/Users/jscotto/Library/Containers/com.shapr3d.shapr/Data/tmp/BF6DB948-4B70-4516-B21D-F4EC330AE3AD.tmp');
#2418=PROPERTY_DEFINITION('KEY','',#25);
#2419=REPRESENTATION('',(#2417),#10);
#2420=PROPERTY_DEFINITION_REPRESENTATION(#2418,#2419);
#2421=GENERAL_PROPERTY('','KEY','');
#2422=GENERAL_PROPERTY_ASSOCIATION('','',#2421,#2418);
#1=MECHANICAL_DESIGN_GEOMETRIC_PRESENTATION_REPRESENTATION('',(#26),#10);
ENDSEC;
END-ISO-10303-21;
