ISO-10303-21;
HEADER;

/* File generated by Shapr3D Version 26.170.0.11783 */

FILE_DESCRIPTION(('HOOPS Exchange Step'),'2;1');

FILE_NAME('/Users/jscotto/Library/Containers/com.shapr3d.shapr/Data/tmp/export/temp_export',
'2026-10-05T11:50:10-04:00',
('jscotto'),
('Shapr3D Limited'),
'HOOPS Exchange 2026.3',
'Shapr3D',
'Authorized');

FILE_SCHEMA( ('AP242_MANAGED_MODEL_BASED_3D_ENGINEERING_MIM_LF {1 0 10303 442 1 1 4}') );

ENDSEC;

DATA;
#3=(NAMED_UNIT(*)PLANE_ANGLE_UNIT()SI_UNIT($,.RADIAN.));
#4=PLANE_ANGLE_MEASURE_WITH_UNIT(PLANE_ANGLE_MEASURE(0.0174532925),#3);
#5=(CONVERSION_BASED_UNIT('DEGREE',#4)NAMED_UNIT(#6)PLANE_ANGLE_UNIT());
#6=DIMENSIONAL_EXPONENTS(0.,0.,0.,0.,0.,0.,0.);
#7=(NAMED_UNIT(*)SI_UNIT($,.STERADIAN.)SOLID_ANGLE_UNIT());
#8=(LENGTH_UNIT()NAMED_UNIT(*)SI_UNIT(.MILLI.,.METRE.));
#9=UNCERTAINTY_MEASURE_WITH_UNIT(LENGTH_MEASURE(1.000000E-05),#8,'DISTANCE_ACCURACY_VALUE','Maximum Tolerance applied to model');
#10=(GEOMETRIC_REPRESENTATION_CONTEXT(3)GLOBAL_UNCERTAINTY_ASSIGNED_CONTEXT((#9))GLOBAL_UNIT_ASSIGNED_CONTEXT((#8,#5,#7))REPRESENTATION_CONTEXT('','1.00u (Concave)'));
#12=CARTESIAN_POINT('',(0.,0.,0.));
#13=DIRECTION('',(0.,0.,1.));
#14=DIRECTION('',(1.,0.,0.));
#15=AXIS2_PLACEMENT_3D('TS3D_PRODUCT_CSYS',#12,#13,#14);
#27=CARTESIAN_POINT('',(9.486450972,34.00001536,-2.459637644));
#28=DIRECTION('',(0.957950545,0.,0.286933359));
#29=DIRECTION('',(-0.286933359,-0.,0.957950545));
#30=AXIS2_PLACEMENT_3D('',#27,#28,#29);
#31=PLANE('',#30);
#32=CARTESIAN_POINT('',(8.749719734,41.050314988,0.));
#33=VERTEX_POINT('',#32);
#34=CARTESIAN_POINT('',(7.125518041,39.074934551,5.422530529));
#35=VERTEX_POINT('',#34);
#36=CARTESIAN_POINT('',(8.749719734,41.050314988,0.));
#37=DIRECTION('',(-0.270911087,-0.329486457,0.904458876));
#38=VECTOR('',#37,5.995331212);
#39=LINE('',#36,#38);
#40=EDGE_CURVE('',#33,#35,#39,.T.);
#41=ORIENTED_EDGE('',*,*,#40,.T.);
#42=CARTESIAN_POINT('',(7.125518041,28.925096168,5.422530529));
#43=VERTEX_POINT('',#42);
#44=CARTESIAN_POINT('',(7.125518041,39.074934551,5.422530529));
#45=CARTESIAN_POINT('',(7.19329857,38.245427537,5.196239675));
#46=CARTESIAN_POINT('',(7.245311764,37.405247554,5.022589362));
#47=CARTESIAN_POINT('',(7.280298752,36.553542467,4.905782435));
#48=CARTESIAN_POINT('',(7.297792246,36.127689923,4.847378971));
#49=CARTESIAN_POINT('',(7.311033096,35.697791638,4.803173307));
#50=CARTESIAN_POINT('',(7.3197757,35.269651236,4.773985406));
#51=CARTESIAN_POINT('',(7.328518305,34.841510834,4.744797505));
#52=CARTESIAN_POINT('',(7.332819042,34.414369191,4.730439139));
#53=CARTESIAN_POINT('',(7.332738154,33.988212761,4.730709193));
#54=CARTESIAN_POINT('',(7.332576376,33.135899901,4.731249301));
#55=CARTESIAN_POINT('',(7.314895429,32.287526245,4.790278592));
#56=CARTESIAN_POINT('',(7.280155282,31.442988369,4.90626142));
#57=CARTESIAN_POINT('',(7.262785209,31.020719431,4.964252834));
#58=CARTESIAN_POINT('',(7.2411485,30.599409851,5.036488762));
#59=CARTESIAN_POINT('',(7.215299907,30.179047317,5.122786409));
#60=CARTESIAN_POINT('',(7.189451314,29.758684783,5.209084056));
#61=CARTESIAN_POINT('',(7.159397032,29.339711702,5.309422741));
#62=CARTESIAN_POINT('',(7.125518041,28.925096168,5.422530529));
#63=B_SPLINE_CURVE_WITH_KNOTS('',3,(#44,#45,#46,#47,#48,#49,#50,#51,#52,#53,#54,#55,#56,#57,#58,#59,#60,#61,#62),.UNSPECIFIED.,.F.,.F.,(4,3,3,3,3,3,4),(-0.,0.002577988,0.003866982,0.005155976,0.007733964,0.009022958,0.010311952),.UNSPECIFIED.);
#64=EDGE_CURVE('',#35,#43,#63,.T.);
#65=ORIENTED_EDGE('',*,*,#64,.T.);
#66=CARTESIAN_POINT('',(8.749719734,26.949715731,0.));
#67=VERTEX_POINT('',#66);
#68=CARTESIAN_POINT('',(7.125518041,28.925096168,5.422530529));
#69=DIRECTION('',(0.270911087,-0.329486457,-0.904458876));
#70=VECTOR('',#69,5.995331212);
#71=LINE('',#68,#70);
#72=EDGE_CURVE('',#43,#67,#71,.T.);
#73=ORIENTED_EDGE('',*,*,#72,.T.);
#74=CARTESIAN_POINT('',(8.749719734,26.949715731,0.));
#75=DIRECTION('',(-0.,1.,0.));
#76=VECTOR('',#75,14.100599257);
#77=LINE('',#74,#76);
#78=EDGE_CURVE('',#67,#33,#77,.T.);
#79=ORIENTED_EDGE('',*,*,#78,.T.);
#80=EDGE_LOOP('',(#41,#65,#73,#79));
#81=FACE_BOUND('',#80,.T.);
#82=ADVANCED_FACE('',(#81),#31,.T.);
#83=CARTESIAN_POINT('',(-9.486361318,34.00001536,-2.457466948));
#84=DIRECTION('',(-0.957950545,-0.,0.286933359));
#85=DIRECTION('',(-0.286933359,-0.,-0.957950545));
#86=AXIS2_PLACEMENT_3D('',#83,#84,#85);
#87=PLANE('',#86);
#88=CARTESIAN_POINT('',(-8.750280266,26.949715731,0.));
#89=VERTEX_POINT('',#88);
#90=CARTESIAN_POINT('',(-7.126078573,28.925096168,5.422530529));
#91=VERTEX_POINT('',#90);
#92=CARTESIAN_POINT('',(-8.750280266,26.949715731,0.));
#93=DIRECTION('',(0.270911087,0.329486457,0.904458876));
#94=VECTOR('',#93,5.995331212);
#95=LINE('',#92,#94);
#96=EDGE_CURVE('',#89,#91,#95,.T.);
#97=ORIENTED_EDGE('',*,*,#96,.T.);
#98=CARTESIAN_POINT('',(-7.126078573,39.074934551,5.422530529));
#99=VERTEX_POINT('',#98);
#100=CARTESIAN_POINT('',(-7.126078573,28.925096168,5.422530529));
#101=CARTESIAN_POINT('',(-7.193859102,29.754603182,5.196239675));
#102=CARTESIAN_POINT('',(-7.245872296,30.594783165,5.022589362));
#103=CARTESIAN_POINT('',(-7.280859284,31.446488252,4.905782435));
#104=CARTESIAN_POINT('',(-7.298352778,31.872340796,4.847378971));
#105=CARTESIAN_POINT('',(-7.311593628,32.302239081,4.803173307));
#106=CARTESIAN_POINT('',(-7.320336232,32.730379483,4.773985406));
#107=CARTESIAN_POINT('',(-7.329078836,33.158519885,4.744797505));
#108=CARTESIAN_POINT('',(-7.333379574,33.585661528,4.730439139));
#109=CARTESIAN_POINT('',(-7.333298685,34.011817958,4.730709193));
#110=CARTESIAN_POINT('',(-7.333136908,34.864130818,4.731249301));
#111=CARTESIAN_POINT('',(-7.315455961,35.712504474,4.790278592));
#112=CARTESIAN_POINT('',(-7.280715814,36.55704235,4.90626142));
#113=CARTESIAN_POINT('',(-7.263345741,36.979311288,4.964252834));
#114=CARTESIAN_POINT('',(-7.241709031,37.400620869,5.036488762));
#115=CARTESIAN_POINT('',(-7.215860439,37.820983403,5.122786409));
#116=CARTESIAN_POINT('',(-7.190011846,38.241345936,5.209084056));
#117=CARTESIAN_POINT('',(-7.159957563,38.660319017,5.309422741));
#118=CARTESIAN_POINT('',(-7.126078573,39.074934551,5.422530529));
#119=B_SPLINE_CURVE_WITH_KNOTS('',3,(#100,#101,#102,#103,#104,#105,#106,#107,#108,#109,#110,#111,#112,#113,#114,#115,#116,#117,#118),.UNSPECIFIED.,.F.,.F.,(4,3,3,3,3,3,4),(0.,0.002577988,0.003866982,0.005155976,0.007733964,0.009022958,0.010311952),.UNSPECIFIED.);
#120=EDGE_CURVE('',#91,#99,#119,.T.);
#121=ORIENTED_EDGE('',*,*,#120,.T.);
#122=CARTESIAN_POINT('',(-8.750280266,41.050314988,0.));
#123=VERTEX_POINT('',#122);
#124=CARTESIAN_POINT('',(-7.126078573,39.074934551,5.422530529));
#125=DIRECTION('',(-0.270911087,0.329486457,-0.904458876));
#126=VECTOR('',#125,5.995331212);
#127=LINE('',#124,#126);
#128=EDGE_CURVE('',#99,#123,#127,.T.);
#129=ORIENTED_EDGE('',*,*,#128,.T.);
#130=CARTESIAN_POINT('',(-8.750280266,41.050314988,0.));
#131=DIRECTION('',(0.,-1.,0.));
#132=VECTOR('',#131,14.100599257);
#133=LINE('',#130,#132);
#134=EDGE_CURVE('',#123,#89,#133,.T.);
#135=ORIENTED_EDGE('',*,*,#134,.T.);
#136=EDGE_LOOP('',(#97,#121,#129,#135));
#137=FACE_BOUND('',#136,.T.);
#138=ADVANCED_FACE('',(#137),#87,.T.);
#139=CARTESIAN_POINT('',(-17.99633165,34.00001536,3.3));
#140=DIRECTION('',(0.,0.,1.));
#141=DIRECTION('',(1.,0.,0.));
#142=AXIS2_PLACEMENT_3D('',#139,#140,#141);
#143=PLANE('',#142);
#144=CARTESIAN_POINT('',(-6.750280266,40.25001536,3.3));
#145=VERTEX_POINT('',#144);
#146=CARTESIAN_POINT('',(-6.750280266,27.75001536,3.3));
#147=VERTEX_POINT('',#146);
#148=CARTESIAN_POINT('',(-6.750280266,40.25001536,3.3));
#149=DIRECTION('',(0.,-1.,0.));
#150=VECTOR('',#149,12.5);
#151=LINE('',#148,#150);
#152=EDGE_CURVE('',#145,#147,#151,.T.);
#153=ORIENTED_EDGE('',*,*,#152,.F.);
#154=CARTESIAN_POINT('',(6.749719734,40.25001536,3.3));
#155=VERTEX_POINT('',#154);
#156=CARTESIAN_POINT('',(-6.750280266,40.25001536,3.3));
#157=DIRECTION('',(1.,0.,0.));
#158=VECTOR('',#157,13.5);
#159=LINE('',#156,#158);
#160=EDGE_CURVE('',#145,#155,#159,.T.);
#161=ORIENTED_EDGE('',*,*,#160,.T.);
#162=CARTESIAN_POINT('',(6.749719734,27.75001536,3.3));
#163=VERTEX_POINT('',#162);
#164=CARTESIAN_POINT('',(6.749719734,40.25001536,3.3));
#165=DIRECTION('',(-0.,-1.,0.));
#166=VECTOR('',#165,12.5);
#167=LINE('',#164,#166);
#168=EDGE_CURVE('',#155,#163,#167,.T.);
#169=ORIENTED_EDGE('',*,*,#168,.T.);
#170=CARTESIAN_POINT('',(6.749719734,27.75001536,3.3));
#171=DIRECTION('',(-1.,-0.,0.));
#172=VECTOR('',#171,13.5);
#173=LINE('',#170,#172);
#174=EDGE_CURVE('',#163,#147,#173,.T.);
#175=ORIENTED_EDGE('',*,*,#174,.T.);
#176=EDGE_LOOP('',(#153,#161,#169,#175));
#177=FACE_BOUND('',#176,.T.);
#178=CARTESIAN_POINT('',(-2.71973372,34.650462258,3.3));
#179=VERTEX_POINT('',#178);
#180=CARTESIAN_POINT('',(-0.645776154,36.723656642,3.3));
#181=VERTEX_POINT('',#180);
#182=CARTESIAN_POINT('',(0.00366835,34.00001536,3.3));
#183=DIRECTION('',(-0.,-0.,-1.));
#184=DIRECTION('',(-1.,-0.,0.));
#185=AXIS2_PLACEMENT_3D('',#182,#183,#184);
#186=CIRCLE('',#185,2.8);
#187=EDGE_CURVE('',#179,#181,#186,.T.);
#188=ORIENTED_EDGE('',*,*,#187,.F.);
#189=CARTESIAN_POINT('',(-0.645776154,34.650462258,3.3));
#190=VERTEX_POINT('',#189);
#191=CARTESIAN_POINT('',(-2.71973372,34.650462258,3.3));
#192=DIRECTION('',(1.,0.,0.));
#193=VECTOR('',#192,2.073957566);
#194=LINE('',#191,#193);
#195=EDGE_CURVE('',#179,#190,#194,.T.);
#196=ORIENTED_EDGE('',*,*,#195,.T.);
#197=CARTESIAN_POINT('',(-0.645776154,34.650462258,3.3));
#198=DIRECTION('',(-0.,1.,0.));
#199=VECTOR('',#198,2.073194385);
#200=LINE('',#197,#199);
#201=EDGE_CURVE('',#190,#181,#200,.T.);
#202=ORIENTED_EDGE('',*,*,#201,.T.);
#203=EDGE_LOOP('',(#188,#196,#202));
#204=FACE_BOUND('',#203,.T.);
#205=CARTESIAN_POINT('',(0.654223846,36.72339149,3.3));
#206=VERTEX_POINT('',#205);
#207=CARTESIAN_POINT('',(2.72707042,34.650462258,3.3));
#208=VERTEX_POINT('',#207);
#209=CARTESIAN_POINT('',(0.00366835,34.00001536,3.3));
#210=DIRECTION('',(-0.,-0.,-1.));
#211=DIRECTION('',(-1.,-0.,0.));
#212=AXIS2_PLACEMENT_3D('',#209,#210,#211);
#213=CIRCLE('',#212,2.8);
#214=EDGE_CURVE('',#206,#208,#213,.T.);
#215=ORIENTED_EDGE('',*,*,#214,.F.);
#216=CARTESIAN_POINT('',(0.654223846,34.650462258,3.3));
#217=VERTEX_POINT('',#216);
#218=CARTESIAN_POINT('',(0.654223846,36.72339149,3.3));
#219=DIRECTION('',(0.,-1.,0.));
#220=VECTOR('',#219,2.072929232);
#221=LINE('',#218,#220);
#222=EDGE_CURVE('',#206,#217,#221,.T.);
#223=ORIENTED_EDGE('',*,*,#222,.T.);
#224=CARTESIAN_POINT('',(0.654223846,34.650462258,3.3));
#225=DIRECTION('',(1.,0.,0.));
#226=VECTOR('',#225,2.072846574);
#227=LINE('',#224,#226);
#228=EDGE_CURVE('',#217,#208,#227,.T.);
#229=ORIENTED_EDGE('',*,*,#228,.T.);
#230=EDGE_LOOP('',(#215,#223,#229));
#231=FACE_BOUND('',#230,.T.);
#232=CARTESIAN_POINT('',(2.727283735,33.350462258,3.3));
#233=VERTEX_POINT('',#232);
#234=CARTESIAN_POINT('',(0.654223846,31.276639229,3.3));
#235=VERTEX_POINT('',#234);
#236=CARTESIAN_POINT('',(0.00366835,34.00001536,3.3));
#237=DIRECTION('',(-0.,-0.,-1.));
#238=DIRECTION('',(-1.,-0.,0.));
#239=AXIS2_PLACEMENT_3D('',#236,#237,#238);
#240=CIRCLE('',#239,2.8);
#241=EDGE_CURVE('',#233,#235,#240,.T.);
#242=ORIENTED_EDGE('',*,*,#241,.F.);
#243=CARTESIAN_POINT('',(0.654223846,33.350462258,3.3));
#244=VERTEX_POINT('',#243);
#245=CARTESIAN_POINT('',(2.727283735,33.350462258,3.3));
#246=DIRECTION('',(-1.,-0.,0.));
#247=VECTOR('',#246,2.073059889);
#248=LINE('',#245,#247);
#249=EDGE_CURVE('',#233,#244,#248,.T.);
#250=ORIENTED_EDGE('',*,*,#249,.T.);
#251=CARTESIAN_POINT('',(0.654223846,33.350462258,3.3));
#252=DIRECTION('',(0.,-1.,0.));
#253=VECTOR('',#252,2.073823028);
#254=LINE('',#251,#253);
#255=EDGE_CURVE('',#244,#235,#254,.T.);
#256=ORIENTED_EDGE('',*,*,#255,.T.);
#257=EDGE_LOOP('',(#242,#250,#256));
#258=FACE_BOUND('',#257,.T.);
#259=CARTESIAN_POINT('',(-0.645776154,31.276374077,3.3));
#260=VERTEX_POINT('',#259);
#261=CARTESIAN_POINT('',(-2.719947035,33.350462258,3.3));
#262=VERTEX_POINT('',#261);
#263=CARTESIAN_POINT('',(0.00366835,34.00001536,3.3));
#264=DIRECTION('',(-0.,-0.,-1.));
#265=DIRECTION('',(-1.,-0.,0.));
#266=AXIS2_PLACEMENT_3D('',#263,#264,#265);
#267=CIRCLE('',#266,2.8);
#268=EDGE_CURVE('',#260,#262,#267,.T.);
#269=ORIENTED_EDGE('',*,*,#268,.F.);
#270=CARTESIAN_POINT('',(-0.645776154,33.350462258,3.3));
#271=VERTEX_POINT('',#270);
#272=CARTESIAN_POINT('',(-0.645776154,31.276374077,3.3));
#273=DIRECTION('',(-0.,1.,0.));
#274=VECTOR('',#273,2.074088181);
#275=LINE('',#272,#274);
#276=EDGE_CURVE('',#260,#271,#275,.T.);
#277=ORIENTED_EDGE('',*,*,#276,.T.);
#278=CARTESIAN_POINT('',(-0.645776154,33.350462258,3.3));
#279=DIRECTION('',(-1.,-0.,0.));
#280=VECTOR('',#279,2.074170881);
#281=LINE('',#278,#280);
#282=EDGE_CURVE('',#271,#262,#281,.T.);
#283=ORIENTED_EDGE('',*,*,#282,.T.);
#284=EDGE_LOOP('',(#269,#277,#283));
#285=FACE_BOUND('',#284,.T.);
#286=ADVANCED_FACE('',(#177,#204,#231,#258,#285),#143,.F.);
#287=CARTESIAN_POINT('',(7.70366835,34.00001536,0.000040928));
#288=DIRECTION('',(0.,0.,-1.));
#289=DIRECTION('',(1.,0.,0.));
#290=AXIS2_PLACEMENT_3D('',#287,#288,#289);
#291=PLANE('',#290);
#292=CARTESIAN_POINT('',(0.654223846,31.276639229,0.000040928));
#293=VERTEX_POINT('',#292);
#294=CARTESIAN_POINT('',(2.727283735,33.350462258,0.000040928));
#295=VERTEX_POINT('',#294);
#296=CARTESIAN_POINT('',(0.00366835,34.00001536,0.000040928));
#297=DIRECTION('',(-0.,-0.,1.));
#298=DIRECTION('',(1.,0.,0.));
#299=AXIS2_PLACEMENT_3D('',#296,#297,#298);
#300=CIRCLE('',#299,2.8);
#301=EDGE_CURVE('',#293,#295,#300,.T.);
#302=ORIENTED_EDGE('',*,*,#301,.F.);
#303=CARTESIAN_POINT('',(0.654223846,33.350462258,0.000040928));
#304=VERTEX_POINT('',#303);
#305=CARTESIAN_POINT('',(0.654223846,33.350462258,0.000040928));
#306=DIRECTION('',(0.,-1.,0.));
#307=VECTOR('',#306,2.073823028);
#308=LINE('',#305,#307);
#309=EDGE_CURVE('',#304,#293,#308,.T.);
#310=ORIENTED_EDGE('',*,*,#309,.F.);
#311=CARTESIAN_POINT('',(0.654223846,33.350462258,0.000040928));
#312=DIRECTION('',(1.,0.,0.));
#313=VECTOR('',#312,2.073059889);
#314=LINE('',#311,#313);
#315=EDGE_CURVE('',#304,#295,#314,.T.);
#316=ORIENTED_EDGE('',*,*,#315,.T.);
#317=EDGE_LOOP('',(#302,#310,#316));
#318=FACE_BOUND('',#317,.T.);
#319=ADVANCED_FACE('',(#318),#291,.T.);
#320=CARTESIAN_POINT('',(0.00366835,34.00001536,-0.949959072));
#321=DIRECTION('',(0.,0.,1.));
#322=DIRECTION('',(-1.,-0.,0.));
#323=AXIS2_PLACEMENT_3D('',#320,#321,#322);
#324=CYLINDRICAL_SURFACE('',#323,2.8);
#325=CARTESIAN_POINT('',(2.727283735,33.350462258,0.000040928));
#326=DIRECTION('',(0.,0.,1.));
#327=VECTOR('',#326,3.299959072);
#328=LINE('',#325,#327);
#329=EDGE_CURVE('',#295,#233,#328,.T.);
#330=ORIENTED_EDGE('',*,*,#329,.T.);
#331=ORIENTED_EDGE('',*,*,#241,.T.);
#332=CARTESIAN_POINT('',(0.654223846,31.276639229,0.000040928));
#333=DIRECTION('',(0.,0.,1.));
#334=VECTOR('',#333,3.299959072);
#335=LINE('',#332,#334);
#336=EDGE_CURVE('',#293,#235,#335,.T.);
#337=ORIENTED_EDGE('',*,*,#336,.F.);
#338=ORIENTED_EDGE('',*,*,#301,.T.);
#339=EDGE_LOOP('',(#330,#331,#337,#338));
#340=FACE_BOUND('',#339,.T.);
#341=ADVANCED_FACE('',(#340),#324,.T.);
#342=CARTESIAN_POINT('',(1.471723846,33.350462258,-0.949959072));
#343=DIRECTION('',(-0.,1.,0.));
#344=DIRECTION('',(0.,0.,-1.));
#345=AXIS2_PLACEMENT_3D('',#342,#343,#344);
#346=PLANE('',#345);
#347=ORIENTED_EDGE('',*,*,#329,.F.);
#348=ORIENTED_EDGE('',*,*,#315,.F.);
#349=CARTESIAN_POINT('',(0.654223846,33.350462258,0.000040928));
#350=DIRECTION('',(0.,0.,1.));
#351=VECTOR('',#350,3.299959072);
#352=LINE('',#349,#351);
#353=EDGE_CURVE('',#304,#244,#352,.T.);
#354=ORIENTED_EDGE('',*,*,#353,.T.);
#355=ORIENTED_EDGE('',*,*,#249,.F.);
#356=EDGE_LOOP('',(#347,#348,#354,#355));
#357=FACE_BOUND('',#356,.T.);
#358=ADVANCED_FACE('',(#357),#346,.T.);
#359=CARTESIAN_POINT('',(0.00366835,34.00001536,-0.949959072));
#360=DIRECTION('',(0.,0.,1.));
#361=DIRECTION('',(-1.,-0.,0.));
#362=AXIS2_PLACEMENT_3D('',#359,#360,#361);
#363=CYLINDRICAL_SURFACE('',#362,2.8);
#364=CARTESIAN_POINT('',(0.654223846,36.72339149,0.000040928));
#365=VERTEX_POINT('',#364);
#366=CARTESIAN_POINT('',(0.654223846,36.72339149,0.000040928));
#367=DIRECTION('',(0.,0.,1.));
#368=VECTOR('',#367,3.299959072);
#369=LINE('',#366,#368);
#370=EDGE_CURVE('',#365,#206,#369,.T.);
#371=ORIENTED_EDGE('',*,*,#370,.T.);
#372=ORIENTED_EDGE('',*,*,#214,.T.);
#373=CARTESIAN_POINT('',(2.72707042,34.650462258,0.000040928));
#374=VERTEX_POINT('',#373);
#375=CARTESIAN_POINT('',(2.72707042,34.650462258,0.000040928));
#376=DIRECTION('',(0.,0.,1.));
#377=VECTOR('',#376,3.299959072);
#378=LINE('',#375,#377);
#379=EDGE_CURVE('',#374,#208,#378,.T.);
#380=ORIENTED_EDGE('',*,*,#379,.F.);
#381=CARTESIAN_POINT('',(0.00366835,34.00001536,0.000040928));
#382=DIRECTION('',(-0.,-0.,1.));
#383=DIRECTION('',(1.,0.,0.));
#384=AXIS2_PLACEMENT_3D('',#381,#382,#383);
#385=CIRCLE('',#384,2.8);
#386=EDGE_CURVE('',#374,#365,#385,.T.);
#387=ORIENTED_EDGE('',*,*,#386,.T.);
#388=EDGE_LOOP('',(#371,#372,#380,#387));
#389=FACE_BOUND('',#388,.T.);
#390=ADVANCED_FACE('',(#389),#363,.T.);
#391=CARTESIAN_POINT('',(1.471723846,34.650462258,-0.949959072));
#392=DIRECTION('',(0.,-1.,0.));
#393=DIRECTION('',(0.,0.,1.));
#394=AXIS2_PLACEMENT_3D('',#391,#392,#393);
#395=PLANE('',#394);
#396=CARTESIAN_POINT('',(0.654223846,34.650462258,0.000040928));
#397=VERTEX_POINT('',#396);
#398=CARTESIAN_POINT('',(0.654223846,34.650462258,0.000040928));
#399=DIRECTION('',(0.,0.,1.));
#400=VECTOR('',#399,3.299959072);
#401=LINE('',#398,#400);
#402=EDGE_CURVE('',#397,#217,#401,.T.);
#403=ORIENTED_EDGE('',*,*,#402,.F.);
#404=CARTESIAN_POINT('',(0.654223846,34.650462258,0.000040928));
#405=DIRECTION('',(1.,0.,0.));
#406=VECTOR('',#405,2.072846574);
#407=LINE('',#404,#406);
#408=EDGE_CURVE('',#397,#374,#407,.T.);
#409=ORIENTED_EDGE('',*,*,#408,.T.);
#410=ORIENTED_EDGE('',*,*,#379,.T.);
#411=ORIENTED_EDGE('',*,*,#228,.F.);
#412=EDGE_LOOP('',(#403,#409,#410,#411));
#413=FACE_BOUND('',#412,.T.);
#414=ADVANCED_FACE('',(#413),#395,.T.);
#415=CARTESIAN_POINT('',(0.654223846,35.467962258,-0.949959072));
#416=DIRECTION('',(-1.,-0.,0.));
#417=DIRECTION('',(0.,0.,-1.));
#418=AXIS2_PLACEMENT_3D('',#415,#416,#417);
#419=PLANE('',#418);
#420=ORIENTED_EDGE('',*,*,#370,.F.);
#421=CARTESIAN_POINT('',(0.654223846,34.650462258,0.000040928));
#422=DIRECTION('',(-0.,1.,0.));
#423=VECTOR('',#422,2.072929232);
#424=LINE('',#421,#423);
#425=EDGE_CURVE('',#397,#365,#424,.T.);
#426=ORIENTED_EDGE('',*,*,#425,.F.);
#427=ORIENTED_EDGE('',*,*,#402,.T.);
#428=ORIENTED_EDGE('',*,*,#222,.F.);
#429=EDGE_LOOP('',(#420,#426,#427,#428));
#430=FACE_BOUND('',#429,.T.);
#431=ADVANCED_FACE('',(#430),#419,.T.);
#432=CARTESIAN_POINT('',(0.00366835,34.00001536,-0.949959072));
#433=DIRECTION('',(0.,0.,1.));
#434=DIRECTION('',(-1.,-0.,0.));
#435=AXIS2_PLACEMENT_3D('',#432,#433,#434);
#436=CYLINDRICAL_SURFACE('',#435,2.8);
#437=CARTESIAN_POINT('',(-2.71973372,34.650462258,0.000040928));
#438=VERTEX_POINT('',#437);
#439=CARTESIAN_POINT('',(-2.71973372,34.650462258,0.000040928));
#440=DIRECTION('',(0.,0.,1.));
#441=VECTOR('',#440,3.299959072);
#442=LINE('',#439,#441);
#443=EDGE_CURVE('',#438,#179,#442,.T.);
#444=ORIENTED_EDGE('',*,*,#443,.T.);
#445=ORIENTED_EDGE('',*,*,#187,.T.);
#446=CARTESIAN_POINT('',(-0.645776154,36.723656642,0.000040928));
#447=VERTEX_POINT('',#446);
#448=CARTESIAN_POINT('',(-0.645776154,36.723656642,0.000040928));
#449=DIRECTION('',(0.,0.,1.));
#450=VECTOR('',#449,3.299959072);
#451=LINE('',#448,#450);
#452=EDGE_CURVE('',#447,#181,#451,.T.);
#453=ORIENTED_EDGE('',*,*,#452,.F.);
#454=CARTESIAN_POINT('',(0.00366835,34.00001536,0.000040928));
#455=DIRECTION('',(-0.,-0.,1.));
#456=DIRECTION('',(1.,0.,0.));
#457=AXIS2_PLACEMENT_3D('',#454,#455,#456);
#458=CIRCLE('',#457,2.8);
#459=EDGE_CURVE('',#447,#438,#458,.T.);
#460=ORIENTED_EDGE('',*,*,#459,.T.);
#461=EDGE_LOOP('',(#444,#445,#453,#460));
#462=FACE_BOUND('',#461,.T.);
#463=ADVANCED_FACE('',(#462),#436,.T.);
#464=CARTESIAN_POINT('',(-0.645776154,35.467962258,-0.949959072));
#465=DIRECTION('',(1.,0.,0.));
#466=DIRECTION('',(0.,0.,1.));
#467=AXIS2_PLACEMENT_3D('',#464,#465,#466);
#468=PLANE('',#467);
#469=CARTESIAN_POINT('',(-0.645776154,34.650462258,0.000040928));
#470=VERTEX_POINT('',#469);
#471=CARTESIAN_POINT('',(-0.645776154,34.650462258,0.000040928));
#472=DIRECTION('',(0.,0.,1.));
#473=VECTOR('',#472,3.299959072);
#474=LINE('',#471,#473);
#475=EDGE_CURVE('',#470,#190,#474,.T.);
#476=ORIENTED_EDGE('',*,*,#475,.F.);
#477=CARTESIAN_POINT('',(-0.645776154,34.650462258,0.000040928));
#478=DIRECTION('',(-0.,1.,0.));
#479=VECTOR('',#478,2.073194385);
#480=LINE('',#477,#479);
#481=EDGE_CURVE('',#470,#447,#480,.T.);
#482=ORIENTED_EDGE('',*,*,#481,.T.);
#483=ORIENTED_EDGE('',*,*,#452,.T.);
#484=ORIENTED_EDGE('',*,*,#201,.F.);
#485=EDGE_LOOP('',(#476,#482,#483,#484));
#486=FACE_BOUND('',#485,.T.);
#487=ADVANCED_FACE('',(#486),#468,.T.);
#488=CARTESIAN_POINT('',(-1.463276154,34.650462258,-0.949959072));
#489=DIRECTION('',(0.,-1.,0.));
#490=DIRECTION('',(0.,0.,1.));
#491=AXIS2_PLACEMENT_3D('',#488,#489,#490);
#492=PLANE('',#491);
#493=ORIENTED_EDGE('',*,*,#443,.F.);
#494=CARTESIAN_POINT('',(-0.645776154,34.650462258,0.000040928));
#495=DIRECTION('',(-1.,-0.,0.));
#496=VECTOR('',#495,2.073957566);
#497=LINE('',#494,#496);
#498=EDGE_CURVE('',#470,#438,#497,.T.);
#499=ORIENTED_EDGE('',*,*,#498,.F.);
#500=ORIENTED_EDGE('',*,*,#475,.T.);
#501=ORIENTED_EDGE('',*,*,#195,.F.);
#502=EDGE_LOOP('',(#493,#499,#500,#501));
#503=FACE_BOUND('',#502,.T.);
#504=ADVANCED_FACE('',(#503),#492,.T.);
#505=CARTESIAN_POINT('',(0.00366835,34.00001536,-0.949959072));
#506=DIRECTION('',(0.,0.,1.));
#507=DIRECTION('',(-1.,-0.,0.));
#508=AXIS2_PLACEMENT_3D('',#505,#506,#507);
#509=CYLINDRICAL_SURFACE('',#508,2.8);
#510=CARTESIAN_POINT('',(-0.645776154,31.276374077,0.000040928));
#511=VERTEX_POINT('',#510);
#512=CARTESIAN_POINT('',(-0.645776154,31.276374077,0.000040928));
#513=DIRECTION('',(0.,0.,1.));
#514=VECTOR('',#513,3.299959072);
#515=LINE('',#512,#514);
#516=EDGE_CURVE('',#511,#260,#515,.T.);
#517=ORIENTED_EDGE('',*,*,#516,.T.);
#518=ORIENTED_EDGE('',*,*,#268,.T.);
#519=CARTESIAN_POINT('',(-2.719947035,33.350462258,0.000040928));
#520=VERTEX_POINT('',#519);
#521=CARTESIAN_POINT('',(-2.719947035,33.350462258,0.000040928));
#522=DIRECTION('',(0.,0.,1.));
#523=VECTOR('',#522,3.299959072);
#524=LINE('',#521,#523);
#525=EDGE_CURVE('',#520,#262,#524,.T.);
#526=ORIENTED_EDGE('',*,*,#525,.F.);
#527=CARTESIAN_POINT('',(0.00366835,34.00001536,0.000040928));
#528=DIRECTION('',(-0.,-0.,1.));
#529=DIRECTION('',(1.,0.,0.));
#530=AXIS2_PLACEMENT_3D('',#527,#528,#529);
#531=CIRCLE('',#530,2.8);
#532=EDGE_CURVE('',#520,#511,#531,.T.);
#533=ORIENTED_EDGE('',*,*,#532,.T.);
#534=EDGE_LOOP('',(#517,#518,#526,#533));
#535=FACE_BOUND('',#534,.T.);
#536=ADVANCED_FACE('',(#535),#509,.T.);
#537=CARTESIAN_POINT('',(-1.463276154,33.350462258,-0.949959072));
#538=DIRECTION('',(-0.,1.,0.));
#539=DIRECTION('',(0.,0.,-1.));
#540=AXIS2_PLACEMENT_3D('',#537,#538,#539);
#541=PLANE('',#540);
#542=CARTESIAN_POINT('',(-0.645776154,33.350462258,0.000040928));
#543=VERTEX_POINT('',#542);
#544=CARTESIAN_POINT('',(-0.645776154,33.350462258,0.000040928));
#545=DIRECTION('',(0.,0.,1.));
#546=VECTOR('',#545,3.299959072);
#547=LINE('',#544,#546);
#548=EDGE_CURVE('',#543,#271,#547,.T.);
#549=ORIENTED_EDGE('',*,*,#548,.F.);
#550=CARTESIAN_POINT('',(-0.645776154,33.350462258,0.000040928));
#551=DIRECTION('',(-1.,-0.,0.));
#552=VECTOR('',#551,2.074170881);
#553=LINE('',#550,#552);
#554=EDGE_CURVE('',#543,#520,#553,.T.);
#555=ORIENTED_EDGE('',*,*,#554,.T.);
#556=ORIENTED_EDGE('',*,*,#525,.T.);
#557=ORIENTED_EDGE('',*,*,#282,.F.);
#558=EDGE_LOOP('',(#549,#555,#556,#557));
#559=FACE_BOUND('',#558,.T.);
#560=ADVANCED_FACE('',(#559),#541,.T.);
#561=CARTESIAN_POINT('',(7.70366835,34.00001536,0.000040928));
#562=DIRECTION('',(0.,0.,-1.));
#563=DIRECTION('',(1.,0.,0.));
#564=AXIS2_PLACEMENT_3D('',#561,#562,#563);
#565=PLANE('',#564);
#566=ORIENTED_EDGE('',*,*,#481,.F.);
#567=ORIENTED_EDGE('',*,*,#498,.T.);
#568=ORIENTED_EDGE('',*,*,#459,.F.);
#569=EDGE_LOOP('',(#566,#567,#568));
#570=FACE_BOUND('',#569,.T.);
#571=ADVANCED_FACE('',(#570),#565,.T.);
#572=CARTESIAN_POINT('',(7.70366835,34.00001536,0.000040928));
#573=DIRECTION('',(0.,0.,-1.));
#574=DIRECTION('',(1.,0.,0.));
#575=AXIS2_PLACEMENT_3D('',#572,#573,#574);
#576=PLANE('',#575);
#577=ORIENTED_EDGE('',*,*,#408,.F.);
#578=ORIENTED_EDGE('',*,*,#425,.T.);
#579=ORIENTED_EDGE('',*,*,#386,.F.);
#580=EDGE_LOOP('',(#577,#578,#579));
#581=FACE_BOUND('',#580,.T.);
#582=ADVANCED_FACE('',(#581),#576,.T.);
#583=CARTESIAN_POINT('',(7.70366835,34.00001536,0.000040928));
#584=DIRECTION('',(0.,0.,-1.));
#585=DIRECTION('',(1.,0.,0.));
#586=AXIS2_PLACEMENT_3D('',#583,#584,#585);
#587=PLANE('',#586);
#588=ORIENTED_EDGE('',*,*,#532,.F.);
#589=ORIENTED_EDGE('',*,*,#554,.F.);
#590=CARTESIAN_POINT('',(-0.645776154,33.350462258,0.000040928));
#591=DIRECTION('',(0.,-1.,0.));
#592=VECTOR('',#591,2.074088181);
#593=LINE('',#590,#592);
#594=EDGE_CURVE('',#543,#511,#593,.T.);
#595=ORIENTED_EDGE('',*,*,#594,.T.);
#596=EDGE_LOOP('',(#588,#589,#595));
#597=FACE_BOUND('',#596,.T.);
#598=ADVANCED_FACE('',(#597),#587,.T.);
#599=CARTESIAN_POINT('',(-0.645776154,32.532962258,-0.949959072));
#600=DIRECTION('',(1.,0.,0.));
#601=DIRECTION('',(0.,0.,1.));
#602=AXIS2_PLACEMENT_3D('',#599,#600,#601);
#603=PLANE('',#602);
#604=ORIENTED_EDGE('',*,*,#516,.F.);
#605=ORIENTED_EDGE('',*,*,#594,.F.);
#606=ORIENTED_EDGE('',*,*,#548,.T.);
#607=ORIENTED_EDGE('',*,*,#276,.F.);
#608=EDGE_LOOP('',(#604,#605,#606,#607));
#609=FACE_BOUND('',#608,.T.);
#610=ADVANCED_FACE('',(#609),#603,.T.);
#611=CARTESIAN_POINT('',(0.654223846,32.532962258,-0.949959072));
#612=DIRECTION('',(-1.,-0.,0.));
#613=DIRECTION('',(0.,0.,-1.));
#614=AXIS2_PLACEMENT_3D('',#611,#612,#613);
#615=PLANE('',#614);
#616=ORIENTED_EDGE('',*,*,#353,.F.);
#617=ORIENTED_EDGE('',*,*,#309,.T.);
#618=ORIENTED_EDGE('',*,*,#336,.T.);
#619=ORIENTED_EDGE('',*,*,#255,.F.);
#620=EDGE_LOOP('',(#616,#617,#618,#619));
#621=FACE_BOUND('',#620,.T.);
#622=ADVANCED_FACE('',(#621),#615,.T.);
#623=CARTESIAN_POINT('',(0.00366835,42.111243282,-2.842052145));
#624=DIRECTION('',(0.,-0.957024404,-0.290007395));
#625=DIRECTION('',(0.,-0.290007395,0.957024404));
#626=AXIS2_PLACEMENT_3D('',#623,#624,#625);
#627=PLANE('',#626);
#628=ORIENTED_EDGE('',*,*,#160,.F.);
#629=CARTESIAN_POINT('',(-7.750280266,41.25001536,0.));
#630=VERTEX_POINT('',#629);
#631=CARTESIAN_POINT('',(-7.750280266,41.25001536,0.));
#632=DIRECTION('',(0.278531002,-0.278531002,0.919152306));
#633=VECTOR('',#632,3.590264614);
#634=LINE('',#631,#633);
#635=EDGE_CURVE('',#630,#145,#634,.T.);
#636=ORIENTED_EDGE('',*,*,#635,.F.);
#637=CARTESIAN_POINT('',(7.749719734,41.25001536,0.));
#638=VERTEX_POINT('',#637);
#639=CARTESIAN_POINT('',(-7.750280266,41.25001536,0.));
#640=DIRECTION('',(1.,0.,0.));
#641=VECTOR('',#640,15.5);
#642=LINE('',#639,#641);
#643=EDGE_CURVE('',#630,#638,#642,.T.);
#644=ORIENTED_EDGE('',*,*,#643,.T.);
#645=CARTESIAN_POINT('',(7.749719734,41.25001536,0.));
#646=DIRECTION('',(-0.278531002,-0.278531002,0.919152306));
#647=VECTOR('',#646,3.590264614);
#648=LINE('',#645,#647);
#649=EDGE_CURVE('',#638,#155,#648,.T.);
#650=ORIENTED_EDGE('',*,*,#649,.T.);
#651=EDGE_LOOP('',(#628,#636,#644,#650));
#652=FACE_BOUND('',#651,.T.);
#653=ADVANCED_FACE('',(#652),#627,.T.);
#654=CARTESIAN_POINT('',(-8.569123948,34.00001536,-2.702184152));
#655=DIRECTION('',(0.957024404,0.,-0.290007395));
#656=DIRECTION('',(0.290007395,0.,0.957024404));
#657=AXIS2_PLACEMENT_3D('',#654,#655,#656);
#658=PLANE('',#657);
#659=ORIENTED_EDGE('',*,*,#152,.T.);
#660=CARTESIAN_POINT('',(-7.750280266,26.75001536,0.));
#661=VERTEX_POINT('',#660);
#662=CARTESIAN_POINT('',(-7.750280266,26.75001536,0.));
#663=DIRECTION('',(0.278531002,0.278531002,0.919152306));
#664=VECTOR('',#663,3.590264614);
#665=LINE('',#662,#664);
#666=EDGE_CURVE('',#661,#147,#665,.T.);
#667=ORIENTED_EDGE('',*,*,#666,.F.);
#668=CARTESIAN_POINT('',(-7.750280266,41.25001536,0.));
#669=DIRECTION('',(0.,-1.,0.));
#670=VECTOR('',#669,14.5);
#671=LINE('',#668,#670);
#672=EDGE_CURVE('',#630,#661,#671,.T.);
#673=ORIENTED_EDGE('',*,*,#672,.F.);
#674=ORIENTED_EDGE('',*,*,#635,.T.);
#675=EDGE_LOOP('',(#659,#667,#673,#674));
#676=FACE_BOUND('',#675,.T.);
#677=ADVANCED_FACE('',(#676),#658,.T.);
#678=CARTESIAN_POINT('',(0.00366835,25.888787437,-2.842052145));
#679=DIRECTION('',(-0.,0.957024404,-0.290007395));
#680=DIRECTION('',(0.,-0.290007395,-0.957024404));
#681=AXIS2_PLACEMENT_3D('',#678,#679,#680);
#682=PLANE('',#681);
#683=ORIENTED_EDGE('',*,*,#174,.F.);
#684=CARTESIAN_POINT('',(7.749719734,26.75001536,0.));
#685=VERTEX_POINT('',#684);
#686=CARTESIAN_POINT('',(7.749719734,26.75001536,0.));
#687=DIRECTION('',(-0.278531002,0.278531002,0.919152306));
#688=VECTOR('',#687,3.590264614);
#689=LINE('',#686,#688);
#690=EDGE_CURVE('',#685,#163,#689,.T.);
#691=ORIENTED_EDGE('',*,*,#690,.F.);
#692=CARTESIAN_POINT('',(7.749719734,26.75001536,0.));
#693=DIRECTION('',(-1.,-0.,0.));
#694=VECTOR('',#693,15.5);
#695=LINE('',#692,#694);
#696=EDGE_CURVE('',#685,#661,#695,.T.);
#697=ORIENTED_EDGE('',*,*,#696,.T.);
#698=ORIENTED_EDGE('',*,*,#666,.T.);
#699=EDGE_LOOP('',(#683,#691,#697,#698));
#700=FACE_BOUND('',#699,.T.);
#701=ADVANCED_FACE('',(#700),#682,.T.);
#702=CARTESIAN_POINT('',(8.569227608,34.00001536,-2.704375983));
#703=DIRECTION('',(-0.957024404,0.,-0.290007395));
#704=DIRECTION('',(0.290007395,0.,-0.957024404));
#705=AXIS2_PLACEMENT_3D('',#702,#703,#704);
#706=PLANE('',#705);
#707=ORIENTED_EDGE('',*,*,#168,.F.);
#708=ORIENTED_EDGE('',*,*,#649,.F.);
#709=CARTESIAN_POINT('',(7.749719734,41.25001536,0.));
#710=DIRECTION('',(0.,-1.,0.));
#711=VECTOR('',#710,14.5);
#712=LINE('',#709,#711);
#713=EDGE_CURVE('',#638,#685,#712,.T.);
#714=ORIENTED_EDGE('',*,*,#713,.T.);
#715=ORIENTED_EDGE('',*,*,#690,.T.);
#716=EDGE_LOOP('',(#707,#708,#714,#715));
#717=FACE_BOUND('',#716,.T.);
#718=ADVANCED_FACE('',(#717),#706,.T.);
#719=CARTESIAN_POINT('',(-17.99633165,34.00001536,0.));
#720=DIRECTION('',(0.,0.,-1.));
#721=DIRECTION('',(-1.,0.,0.));
#722=AXIS2_PLACEMENT_3D('',#719,#720,#721);
#723=PLANE('',#722);
#724=ORIENTED_EDGE('',*,*,#78,.F.);
#725=CARTESIAN_POINT('',(7.573006337,25.75001536,0.));
#726=VERTEX_POINT('',#725);
#727=CARTESIAN_POINT('',(7.444850703,27.080374872,0.));
#728=DIRECTION('',(0.,0.,-1.));
#729=DIRECTION('',(-0.6351054,0.772425486,0.));
#730=AXIS2_PLACEMENT_3D('',#727,#728,#729);
#731=ELLIPSE('',#730,1.38204183,1.25);
#732=EDGE_CURVE('',#67,#726,#731,.T.);
#733=ORIENTED_EDGE('',*,*,#732,.T.);
#734=CARTESIAN_POINT('',(-7.573566869,25.75001536,0.));
#735=VERTEX_POINT('',#734);
#736=CARTESIAN_POINT('',(-7.573566869,25.75001536,0.));
#737=DIRECTION('',(1.,0.,0.));
#738=VECTOR('',#737,15.146573206);
#739=LINE('',#736,#738);
#740=EDGE_CURVE('',#735,#726,#739,.T.);
#741=ORIENTED_EDGE('',*,*,#740,.F.);
#742=CARTESIAN_POINT('',(-7.445411235,27.080374872,0.));
#743=DIRECTION('',(0.,0.,-1.));
#744=DIRECTION('',(0.6351054,0.772425486,0.));
#745=AXIS2_PLACEMENT_3D('',#742,#743,#744);
#746=ELLIPSE('',#745,1.38204183,1.25);
#747=EDGE_CURVE('',#735,#89,#746,.T.);
#748=ORIENTED_EDGE('',*,*,#747,.T.);
#749=ORIENTED_EDGE('',*,*,#134,.F.);
#750=CARTESIAN_POINT('',(-7.573566869,42.25001536,0.));
#751=VERTEX_POINT('',#750);
#752=CARTESIAN_POINT('',(-7.445411235,40.919655847,0.));
#753=DIRECTION('',(0.,0.,-1.));
#754=DIRECTION('',(0.6351054,-0.772425486,0.));
#755=AXIS2_PLACEMENT_3D('',#752,#753,#754);
#756=ELLIPSE('',#755,1.38204183,1.25);
#757=EDGE_CURVE('',#123,#751,#756,.T.);
#758=ORIENTED_EDGE('',*,*,#757,.T.);
#759=CARTESIAN_POINT('',(7.573006337,42.25001536,0.));
#760=VERTEX_POINT('',#759);
#761=CARTESIAN_POINT('',(7.573006337,42.25001536,0.));
#762=DIRECTION('',(-1.,-0.,0.));
#763=VECTOR('',#762,15.146573206);
#764=LINE('',#761,#763);
#765=EDGE_CURVE('',#760,#751,#764,.T.);
#766=ORIENTED_EDGE('',*,*,#765,.F.);
#767=CARTESIAN_POINT('',(7.444850703,40.919655847,0.));
#768=DIRECTION('',(-0.,0.,-1.));
#769=DIRECTION('',(-0.6351054,-0.772425486,0.));
#770=AXIS2_PLACEMENT_3D('',#767,#768,#769);
#771=ELLIPSE('',#770,1.38204183,1.25);
#772=EDGE_CURVE('',#760,#33,#771,.T.);
#773=ORIENTED_EDGE('',*,*,#772,.T.);
#774=EDGE_LOOP('',(#724,#733,#741,#748,#749,#758,#766,#773));
#775=FACE_BOUND('',#774,.T.);
#776=ORIENTED_EDGE('',*,*,#643,.F.);
#777=ORIENTED_EDGE('',*,*,#672,.T.);
#778=ORIENTED_EDGE('',*,*,#696,.F.);
#779=ORIENTED_EDGE('',*,*,#713,.F.);
#780=EDGE_LOOP('',(#776,#777,#778,#779));
#781=FACE_BOUND('',#780,.T.);
#782=ADVANCED_FACE('',(#775,#781),#723,.T.);
#783=CARTESIAN_POINT('',(32.60366835,25.012047949,-2.025762096));
#784=DIRECTION('',(0.,-0.939595642,0.342286473));
#785=DIRECTION('',(-0.,0.342286473,0.939595642));
#786=AXIS2_PLACEMENT_3D('',#783,#784,#785);
#787=PLANE('',#786);
#788=CARTESIAN_POINT('',(5.891693707,27.794855045,5.613200076));
#789=VERTEX_POINT('',#788);
#790=CARTESIAN_POINT('',(7.573006337,25.75001536,0.));
#791=DIRECTION('',(-0.270911087,0.329486457,0.904458876));
#792=VECTOR('',#791,6.206141844);
#793=LINE('',#790,#792);
#794=EDGE_CURVE('',#726,#789,#793,.T.);
#795=ORIENTED_EDGE('',*,*,#794,.T.);
#796=CARTESIAN_POINT('',(-5.892254238,27.794855045,5.613200076));
#797=VERTEX_POINT('',#796);
#798=CARTESIAN_POINT('',(5.891693707,27.794855045,5.613200076));
#799=DIRECTION('',(-1.,-0.,-0.));
#800=VECTOR('',#799,11.783947945);
#801=LINE('',#798,#800);
#802=EDGE_CURVE('',#789,#797,#801,.T.);
#803=ORIENTED_EDGE('',*,*,#802,.T.);
#804=CARTESIAN_POINT('',(-5.892254238,27.794855045,5.613200076));
#805=DIRECTION('',(-0.270911087,-0.329486457,-0.904458876));
#806=VECTOR('',#805,6.206141844);
#807=LINE('',#804,#806);
#808=EDGE_CURVE('',#797,#735,#807,.T.);
#809=ORIENTED_EDGE('',*,*,#808,.T.);
#810=ORIENTED_EDGE('',*,*,#740,.T.);
#811=EDGE_LOOP('',(#795,#803,#809,#810));
#812=FACE_BOUND('',#811,.T.);
#813=ADVANCED_FACE('',(#812),#787,.T.);
#814=CARTESIAN_POINT('',(32.60366835,42.98798277,-2.025762096));
#815=DIRECTION('',(-0.,0.939595642,0.342286473));
#816=DIRECTION('',(-0.,0.342286473,-0.939595642));
#817=AXIS2_PLACEMENT_3D('',#814,#815,#816);
#818=PLANE('',#817);
#819=CARTESIAN_POINT('',(-5.892254238,40.205175674,5.613200076));
#820=VERTEX_POINT('',#819);
#821=CARTESIAN_POINT('',(-7.573566869,42.25001536,-0.));
#822=DIRECTION('',(0.270911087,-0.329486457,0.904458876));
#823=VECTOR('',#822,6.206141844);
#824=LINE('',#821,#823);
#825=EDGE_CURVE('',#751,#820,#824,.T.);
#826=ORIENTED_EDGE('',*,*,#825,.T.);
#827=CARTESIAN_POINT('',(5.891693707,40.205175674,5.613200076));
#828=VERTEX_POINT('',#827);
#829=CARTESIAN_POINT('',(-5.892254238,40.205175674,5.613200076));
#830=DIRECTION('',(1.,0.,0.));
#831=VECTOR('',#830,11.783947945);
#832=LINE('',#829,#831);
#833=EDGE_CURVE('',#820,#828,#832,.T.);
#834=ORIENTED_EDGE('',*,*,#833,.T.);
#835=CARTESIAN_POINT('',(5.891693707,40.205175674,5.613200076));
#836=DIRECTION('',(0.270911087,0.329486457,-0.904458876));
#837=VECTOR('',#836,6.206141844);
#838=LINE('',#835,#837);
#839=EDGE_CURVE('',#828,#760,#838,.T.);
#840=ORIENTED_EDGE('',*,*,#839,.T.);
#841=ORIENTED_EDGE('',*,*,#765,.T.);
#842=EDGE_LOOP('',(#826,#834,#840,#841));
#843=FACE_BOUND('',#842,.T.);
#844=ADVANCED_FACE('',(#843),#818,.T.);
#845=CARTESIAN_POINT('',(-6.734660485,39.437203,5.997571398));
#846=CARTESIAN_POINT('',(6.734099954,39.437203,5.997571398));
#847=CARTESIAN_POINT('',(-6.734660485,34.00001536,4.355181985));
#848=CARTESIAN_POINT('',(6.734099954,34.00001536,4.355181985));
#849=CARTESIAN_POINT('',(-6.734660485,28.56282772,5.997571398));
#850=CARTESIAN_POINT('',(6.734099954,28.56282772,5.997571398));
#851=B_SPLINE_SURFACE_WITH_KNOTS('',2,1,((#845,#846),(#847,#848),(#849,#850)),.UNSPECIFIED.,.F.,.F.,.U.,(3,3),(2,2),(0.04690103,0.95309897),(0.213233423,0.482608632),.UNSPECIFIED.);
#852=CARTESIAN_POINT('',(6.52679895,29.08958627,5.846163187));
#853=VERTEX_POINT('',#852);
#854=CARTESIAN_POINT('',(6.52679895,38.910444449,5.846163187));
#855=VERTEX_POINT('',#854);
#856=CARTESIAN_POINT('',(6.52679895,29.08958627,5.846163187));
#857=CARTESIAN_POINT('',(6.560677941,29.491665833,5.736475232));
#858=CARTESIAN_POINT('',(6.590732223,29.897657827,5.63925519));
#859=CARTESIAN_POINT('',(6.616580816,30.304734453,5.555685052));
#860=CARTESIAN_POINT('',(6.642429409,30.71181108,5.472114914));
#861=CARTESIAN_POINT('',(6.664066117,31.119545642,5.402217023));
#862=CARTESIAN_POINT('',(6.681436191,31.528023322,5.346119598));
#863=CARTESIAN_POINT('',(6.71617634,32.344978682,5.233924748));
#864=CARTESIAN_POINT('',(6.733857281,33.164897048,5.176902303));
#865=CARTESIAN_POINT('',(6.734019063,33.988608821,5.176380306));
#866=CARTESIAN_POINT('',(6.734099954,34.400464708,5.176119307));
#867=CARTESIAN_POINT('',(6.729799213,34.813271824,5.189990528));
#868=CARTESIAN_POINT('',(6.721056609,35.22714136,5.218205531));
#869=CARTESIAN_POINT('',(6.712314006,35.641010896,5.246420533));
#870=CARTESIAN_POINT('',(6.699073157,36.056678619,5.289159087));
#871=CARTESIAN_POINT('',(6.681579661,36.468621841,5.345654968));
#872=CARTESIAN_POINT('',(6.646592668,37.292508285,5.45864673));
#873=CARTESIAN_POINT('',(6.594579479,38.106017719,5.626714275));
#874=CARTESIAN_POINT('',(6.52679895,38.910444449,5.846163187));
#875=B_SPLINE_CURVE_WITH_KNOTS('',3,(#856,#857,#858,#859,#860,#861,#862,#863,#864,#865,#866,#867,#868,#869,#870,#871,#872,#873,#874),.UNSPECIFIED.,.F.,.F.,(4,3,3,3,3,3,4),(-0.,0.001288994,0.002577988,0.005155976,0.00644497,0.007733964,0.010311952),.UNSPECIFIED.);
#876=EDGE_CURVE('',#853,#855,#875,.T.);
#877=ORIENTED_EDGE('',*,*,#876,.T.);
#878=CARTESIAN_POINT('',(5.891693707,39.437202298,5.997571186));
#879=VERTEX_POINT('',#878);
#880=CARTESIAN_POINT('',(6.52679895,38.910444449,5.846163187));
#881=CARTESIAN_POINT('',(6.520623565,38.983734603,5.866156859));
#882=CARTESIAN_POINT('',(6.499178024,39.054369351,5.885884684));
#883=CARTESIAN_POINT('',(6.463822098,39.119227276,5.904330321));
#884=CARTESIAN_POINT('',(6.428466172,39.184085202,5.922775957));
#885=CARTESIAN_POINT('',(6.379456211,39.242146619,5.939645601));
#886=CARTESIAN_POINT('',(6.320952156,39.289679541,5.953614112));
#887=CARTESIAN_POINT('',(6.203944048,39.384745384,5.981551134));
#888=CARTESIAN_POINT('',(6.048694942,39.4372023,5.997571187));
#889=CARTESIAN_POINT('',(5.891693707,39.4372023,5.997571187));
#890=B_SPLINE_CURVE_WITH_KNOTS('',3,(#880,#881,#882,#883,#884,#885,#886,#887,#888,#889),.UNSPECIFIED.,.F.,.F.,(4,3,3,4),(-0.,0.000232368,0.000464736,0.000929472),.UNSPECIFIED.);
#891=EDGE_CURVE('',#855,#879,#890,.T.);
#892=ORIENTED_EDGE('',*,*,#891,.T.);
#893=CARTESIAN_POINT('',(-5.892254238,39.437202298,5.997571186));
#894=VERTEX_POINT('',#893);
#895=CARTESIAN_POINT('',(5.891693707,39.437202298,5.997571186));
#896=DIRECTION('',(-1.,-0.,-0.));
#897=VECTOR('',#896,11.783947945);
#898=LINE('',#895,#897);
#899=EDGE_CURVE('',#879,#894,#898,.T.);
#900=ORIENTED_EDGE('',*,*,#899,.T.);
#901=CARTESIAN_POINT('',(-6.527359482,38.910444449,5.846163187));
#902=VERTEX_POINT('',#901);
#903=CARTESIAN_POINT('',(-5.892254238,39.437202298,5.997571186));
#904=CARTESIAN_POINT('',(-6.049403787,39.437202298,5.997571186));
#905=CARTESIAN_POINT('',(-6.203296045,39.385597774,5.981802974));
#906=CARTESIAN_POINT('',(-6.32119996,39.289932923,5.953688575));
#907=CARTESIAN_POINT('',(-6.439103875,39.194268072,5.925574177));
#908=CARTESIAN_POINT('',(-6.51499395,39.057199937,5.886198321));
#909=CARTESIAN_POINT('',(-6.527359482,38.910444449,5.846163187));
#910=B_SPLINE_CURVE_WITH_KNOTS('',3,(#903,#904,#905,#906,#907,#908,#909),.UNSPECIFIED.,.F.,.F.,(4,3,4),(-0.,0.000464924,0.000929847),.UNSPECIFIED.);
#911=EDGE_CURVE('',#894,#902,#910,.T.);
#912=ORIENTED_EDGE('',*,*,#911,.T.);
#913=CARTESIAN_POINT('',(-6.527359482,29.08958627,5.846163187));
#914=VERTEX_POINT('',#913);
#915=CARTESIAN_POINT('',(-6.527359482,38.910444449,5.846163187));
#916=CARTESIAN_POINT('',(-6.561238472,38.508364886,5.736475232));
#917=CARTESIAN_POINT('',(-6.591292755,38.102372892,5.63925519));
#918=CARTESIAN_POINT('',(-6.617141348,37.695296266,5.555685052));
#919=CARTESIAN_POINT('',(-6.642989941,37.28821964,5.472114914));
#920=CARTESIAN_POINT('',(-6.664626649,36.880485077,5.402217023));
#921=CARTESIAN_POINT('',(-6.681996723,36.472007397,5.346119598));
#922=CARTESIAN_POINT('',(-6.716736872,35.655052037,5.233924748));
#923=CARTESIAN_POINT('',(-6.734417812,34.835133672,5.176902303));
#924=CARTESIAN_POINT('',(-6.734579594,34.011421898,5.176380306));
#925=CARTESIAN_POINT('',(-6.734660485,33.599566011,5.176119307));
#926=CARTESIAN_POINT('',(-6.730359745,33.186758896,5.189990528));
#927=CARTESIAN_POINT('',(-6.721617141,32.772889359,5.218205531));
#928=CARTESIAN_POINT('',(-6.712874537,32.359019823,5.246420533));
#929=CARTESIAN_POINT('',(-6.699633689,31.9433521,5.289159087));
#930=CARTESIAN_POINT('',(-6.682140193,31.531408878,5.345654968));
#931=CARTESIAN_POINT('',(-6.6471532,30.707522434,5.45864673));
#932=CARTESIAN_POINT('',(-6.595140011,29.894013,5.626714275));
#933=CARTESIAN_POINT('',(-6.527359482,29.08958627,5.846163187));
#934=B_SPLINE_CURVE_WITH_KNOTS('',3,(#915,#916,#917,#918,#919,#920,#921,#922,#923,#924,#925,#926,#927,#928,#929,#930,#931,#932,#933),.UNSPECIFIED.,.F.,.F.,(4,3,3,3,3,3,4),(0.,0.001288994,0.002577988,0.005155976,0.00644497,0.007733964,0.010311952),.UNSPECIFIED.);
#935=EDGE_CURVE('',#902,#914,#934,.T.);
#936=ORIENTED_EDGE('',*,*,#935,.T.);
#937=CARTESIAN_POINT('',(-5.892254238,28.562828421,5.997571186));
#938=VERTEX_POINT('',#937);
#939=CARTESIAN_POINT('',(-6.527359482,29.08958627,5.846163187));
#940=CARTESIAN_POINT('',(-6.521184096,29.016296117,5.866156859));
#941=CARTESIAN_POINT('',(-6.499738556,28.945661368,5.885884684));
#942=CARTESIAN_POINT('',(-6.46438263,28.880803443,5.904330321));
#943=CARTESIAN_POINT('',(-6.429026704,28.815945518,5.922775957));
#944=CARTESIAN_POINT('',(-6.380016742,28.7578841,5.939645601));
#945=CARTESIAN_POINT('',(-6.321512688,28.710351179,5.953614112));
#946=CARTESIAN_POINT('',(-6.204504579,28.615285335,5.981551134));
#947=CARTESIAN_POINT('',(-6.049255473,28.562828419,5.997571187));
#948=CARTESIAN_POINT('',(-5.892254238,28.562828419,5.997571187));
#949=B_SPLINE_CURVE_WITH_KNOTS('',3,(#939,#940,#941,#942,#943,#944,#945,#946,#947,#948),.UNSPECIFIED.,.F.,.F.,(4,3,3,4),(0.,0.000232368,0.000464736,0.000929472),.UNSPECIFIED.);
#950=EDGE_CURVE('',#914,#938,#949,.T.);
#951=ORIENTED_EDGE('',*,*,#950,.T.);
#952=CARTESIAN_POINT('',(5.891693707,28.562828421,5.997571186));
#953=VERTEX_POINT('',#952);
#954=CARTESIAN_POINT('',(-5.892254238,28.562828421,5.997571186));
#955=DIRECTION('',(1.,0.,0.));
#956=VECTOR('',#955,11.783947945);
#957=LINE('',#954,#956);
#958=EDGE_CURVE('',#938,#953,#957,.T.);
#959=ORIENTED_EDGE('',*,*,#958,.T.);
#960=CARTESIAN_POINT('',(5.891693707,28.562828421,5.997571186));
#961=CARTESIAN_POINT('',(6.048843255,28.562828421,5.997571186));
#962=CARTESIAN_POINT('',(6.202735513,28.614432946,5.981802974));
#963=CARTESIAN_POINT('',(6.320639428,28.710097796,5.953688575));
#964=CARTESIAN_POINT('',(6.438543343,28.805762647,5.925574177));
#965=CARTESIAN_POINT('',(6.514433418,28.942830782,5.886198321));
#966=CARTESIAN_POINT('',(6.52679895,29.08958627,5.846163187));
#967=B_SPLINE_CURVE_WITH_KNOTS('',3,(#960,#961,#962,#963,#964,#965,#966),.UNSPECIFIED.,.F.,.F.,(4,3,4),(0.,0.000464924,0.000929847),.UNSPECIFIED.);
#968=EDGE_CURVE('',#953,#853,#967,.T.);
#969=ORIENTED_EDGE('',*,*,#968,.T.);
#970=EDGE_LOOP('',(#877,#892,#900,#912,#936,#951,#959,#969));
#971=FACE_BOUND('',#970,.T.);
#972=ADVANCED_FACE('',(#971),#851,.T.);
#973=CARTESIAN_POINT('',(9.972317539,24.006428721,-8.43815527));
#974=DIRECTION('',(-0.270911087,0.329486457,0.904458876));
#975=DIRECTION('',(-0.,0.939595642,-0.342286473));
#976=AXIS2_PLACEMENT_3D('',#973,#974,#975);
#977=CYLINDRICAL_SURFACE('',#976,1.25);
#978=ORIENTED_EDGE('',*,*,#72,.F.);
#979=CARTESIAN_POINT('',(7.125518041,28.925096168,5.422530529));
#980=CARTESIAN_POINT('',(7.118714044,28.850186217,5.445246231));
#981=CARTESIAN_POINT('',(7.104380251,28.775459804,5.466960132));
#982=CARTESIAN_POINT('',(7.083204643,28.703351598,5.486979672));
#983=CARTESIAN_POINT('',(7.062029036,28.631243391,5.506999212));
#984=CARTESIAN_POINT('',(7.034073482,28.561394438,5.525445079));
#985=CARTESIAN_POINT('',(6.999334534,28.493799186,5.542295117));
#986=CARTESIAN_POINT('',(6.964595585,28.426203934,5.559145155));
#987=CARTESIAN_POINT('',(6.922901964,28.360990462,5.574335261));
#988=CARTESIAN_POINT('',(6.876291685,28.300917852,5.587230749));
#989=CARTESIAN_POINT('',(6.829681405,28.240845242,5.600126238));
#990=CARTESIAN_POINT('',(6.77778363,28.185097732,5.610937061));
#991=CARTESIAN_POINT('',(6.72056975,28.13368465,5.619622606));
#992=CARTESIAN_POINT('',(6.663355871,28.082271568,5.628308151));
#993=CARTESIAN_POINT('',(6.601446228,28.035923805,5.634716926));
#994=CARTESIAN_POINT('',(6.536828062,27.9956857,5.63876009));
#995=CARTESIAN_POINT('',(6.472209895,27.955447594,5.642803254));
#996=CARTESIAN_POINT('',(6.404379022,27.920856478,5.644560834));
#997=CARTESIAN_POINT('',(6.333286755,27.891979825,5.643976298));
#998=CARTESIAN_POINT('',(6.191102222,27.83422652,5.642807226));
#999=CARTESIAN_POINT('',(6.043076431,27.80186875,5.63245309));
#1000=CARTESIAN_POINT('',(5.891693707,27.794855045,5.613200076));
#1001=B_SPLINE_CURVE_WITH_KNOTS('',3,(#979,#980,#981,#982,#983,#984,#985,#986,#987,#988,#989,#990,#991,#992,#993,#994,#995,#996,#997,#998,#999,#1000),.UNSPECIFIED.,.F.,.F.,(4,3,3,3,3,3,3,4),(0.,0.000116231,0.000232462,0.000348693,0.000464924,0.000581155,0.000697386,0.000929847),.UNSPECIFIED.);
#1002=EDGE_CURVE('',#43,#789,#1001,.T.);
#1003=ORIENTED_EDGE('',*,*,#1002,.T.);
#1004=ORIENTED_EDGE('',*,*,#794,.F.);
#1005=ORIENTED_EDGE('',*,*,#732,.F.);
#1006=EDGE_LOOP('',(#978,#1003,#1004,#1005));
#1007=FACE_BOUND('',#1006,.T.);
#1008=ADVANCED_FACE('',(#1007),#977,.T.);
#1009=CARTESIAN_POINT('',(-7.579692642,26.917059647,-0.448309488));
#1010=DIRECTION('',(0.270911087,0.329486457,0.904458876));
#1011=DIRECTION('',(-0.,0.939595642,-0.342286473));
#1012=AXIS2_PLACEMENT_3D('',#1009,#1010,#1011);
#1013=CYLINDRICAL_SURFACE('',#1012,1.25);
#1014=ORIENTED_EDGE('',*,*,#808,.F.);
#1015=CARTESIAN_POINT('',(-5.892254238,27.794855045,5.613200076));
#1016=CARTESIAN_POINT('',(-6.043494092,27.80186213,5.63243492));
#1017=CARTESIAN_POINT('',(-6.194191023,27.835134048,5.642865659));
#1018=CARTESIAN_POINT('',(-6.334752682,27.892347299,5.643982239));
#1019=CARTESIAN_POINT('',(-6.405033511,27.920953925,5.644540529));
#1020=CARTESIAN_POINT('',(-6.473759595,27.955946041,5.642781228));
#1021=CARTESIAN_POINT('',(-6.538878411,27.996615566,5.638667814));
#1022=CARTESIAN_POINT('',(-6.603997228,28.03728509,5.6345544));
#1023=CARTESIAN_POINT('',(-6.6649571,28.083142192,5.628170199));
#1024=CARTESIAN_POINT('',(-6.721736941,28.134229742,5.619529792));
#1025=CARTESIAN_POINT('',(-6.778516782,28.185317292,5.610889385));
#1026=CARTESIAN_POINT('',(-6.831495974,28.242258512,5.599844522));
#1027=CARTESIAN_POINT('',(-6.87813,28.302567894,5.586876794));
#1028=CARTESIAN_POINT('',(-6.924764025,28.362877277,5.573909066));
#1029=CARTESIAN_POINT('',(-6.965514074,28.426801477,5.559002749));
#1030=CARTESIAN_POINT('',(-7.000226991,28.494445461,5.542133909));
#1031=CARTESIAN_POINT('',(-7.034939909,28.562089445,5.52526507));
#1032=CARTESIAN_POINT('',(-7.063292525,28.633231316,5.506462519));
#1033=CARTESIAN_POINT('',(-7.084276159,28.705096678,5.486495046));
#1034=CARTESIAN_POINT('',(-7.105259793,28.77696204,5.466527573));
#1035=CARTESIAN_POINT('',(-7.119282698,28.850275636,5.445219115));
#1036=CARTESIAN_POINT('',(-7.126078573,28.925096168,5.422530529));
#1037=B_SPLINE_CURVE_WITH_KNOTS('',3,(#1015,#1016,#1017,#1018,#1019,#1020,#1021,#1022,#1023,#1024,#1025,#1026,#1027,#1028,#1029,#1030,#1031,#1032,#1033,#1034,#1035,#1036),.UNSPECIFIED.,.F.,.F.,(4,3,3,3,3,3,3,4),(0.,0.000232368,0.000348552,0.000464736,0.00058092,0.000697104,0.000813288,0.000929472),.UNSPECIFIED.);
#1038=EDGE_CURVE('',#797,#91,#1037,.T.);
#1039=ORIENTED_EDGE('',*,*,#1038,.T.);
#1040=ORIENTED_EDGE('',*,*,#96,.F.);
#1041=ORIENTED_EDGE('',*,*,#747,.F.);
#1042=EDGE_LOOP('',(#1014,#1039,#1040,#1041));
#1043=FACE_BOUND('',#1042,.T.);
#1044=ADVANCED_FACE('',(#1043),#1013,.T.);
#1045=CARTESIAN_POINT('',(7.579711711,41.083675991,-0.450244531));
#1046=DIRECTION('',(-0.270911087,-0.329486457,0.904458876));
#1047=DIRECTION('',(-0.,0.939595642,0.342286473));
#1048=AXIS2_PLACEMENT_3D('',#1045,#1046,#1047);
#1049=CYLINDRICAL_SURFACE('',#1048,1.25);
#1050=ORIENTED_EDGE('',*,*,#839,.F.);
#1051=CARTESIAN_POINT('',(5.891693707,40.205175674,5.613200076));
#1052=CARTESIAN_POINT('',(6.04293356,40.198168589,5.63243492));
#1053=CARTESIAN_POINT('',(6.193630491,40.164896672,5.642865659));
#1054=CARTESIAN_POINT('',(6.33419215,40.10768342,5.643982239));
#1055=CARTESIAN_POINT('',(6.40447298,40.079076795,5.644540529));
#1056=CARTESIAN_POINT('',(6.473199063,40.044084678,5.642781228));
#1057=CARTESIAN_POINT('',(6.53831788,40.003415154,5.638667814));
#1058=CARTESIAN_POINT('',(6.603436696,39.962745629,5.6345544));
#1059=CARTESIAN_POINT('',(6.664396569,39.916888527,5.628170199));
#1060=CARTESIAN_POINT('',(6.721176409,39.865800977,5.619529792));
#1061=CARTESIAN_POINT('',(6.77795625,39.814713427,5.610889385));
#1062=CARTESIAN_POINT('',(6.830935442,39.757772208,5.599844522));
#1063=CARTESIAN_POINT('',(6.877569468,39.697462825,5.586876794));
#1064=CARTESIAN_POINT('',(6.924203494,39.637153443,5.573909066));
#1065=CARTESIAN_POINT('',(6.964953543,39.573229242,5.559002749));
#1066=CARTESIAN_POINT('',(6.99966646,39.505585258,5.542133909));
#1067=CARTESIAN_POINT('',(7.034379377,39.437941274,5.52526507));
#1068=CARTESIAN_POINT('',(7.062731993,39.366799403,5.506462519));
#1069=CARTESIAN_POINT('',(7.083715627,39.294934041,5.486495046));
#1070=CARTESIAN_POINT('',(7.104699261,39.22306868,5.466527573));
#1071=CARTESIAN_POINT('',(7.118722166,39.149755083,5.445219115));
#1072=CARTESIAN_POINT('',(7.125518041,39.074934551,5.422530529));
#1073=B_SPLINE_CURVE_WITH_KNOTS('',3,(#1051,#1052,#1053,#1054,#1055,#1056,#1057,#1058,#1059,#1060,#1061,#1062,#1063,#1064,#1065,#1066,#1067,#1068,#1069,#1070,#1071,#1072),.UNSPECIFIED.,.F.,.F.,(4,3,3,3,3,3,3,4),(-0.,0.000232368,0.000348552,0.000464736,0.00058092,0.000697104,0.000813288,0.000929472),.UNSPECIFIED.);
#1074=EDGE_CURVE('',#828,#35,#1073,.T.);
#1075=ORIENTED_EDGE('',*,*,#1074,.T.);
#1076=ORIENTED_EDGE('',*,*,#40,.F.);
#1077=ORIENTED_EDGE('',*,*,#772,.F.);
#1078=EDGE_LOOP('',(#1050,#1075,#1076,#1077));
#1079=FACE_BOUND('',#1078,.T.);
#1080=ADVANCED_FACE('',(#1079),#1049,.T.);
#1081=CARTESIAN_POINT('',(-5.187086814,38.173045065,7.539601251));
#1082=DIRECTION('',(0.270911087,-0.329486457,0.904458876));
#1083=DIRECTION('',(-0.,0.939595642,0.342286473));
#1084=AXIS2_PLACEMENT_3D('',#1081,#1082,#1083);
#1085=CYLINDRICAL_SURFACE('',#1084,1.25);
#1086=ORIENTED_EDGE('',*,*,#128,.F.);
#1087=CARTESIAN_POINT('',(-7.126078573,39.074934551,5.422530529));
#1088=CARTESIAN_POINT('',(-7.119274576,39.149844503,5.445246231));
#1089=CARTESIAN_POINT('',(-7.104940783,39.224570915,5.466960132));
#1090=CARTESIAN_POINT('',(-7.083765175,39.296679121,5.486979672));
#1091=CARTESIAN_POINT('',(-7.062589567,39.368787328,5.506999212));
#1092=CARTESIAN_POINT('',(-7.034634014,39.438636282,5.525445079));
#1093=CARTESIAN_POINT('',(-6.999895065,39.506231533,5.542295117));
#1094=CARTESIAN_POINT('',(-6.965156116,39.573826785,5.559145155));
#1095=CARTESIAN_POINT('',(-6.923462496,39.639040258,5.574335261));
#1096=CARTESIAN_POINT('',(-6.876852216,39.699112868,5.587230749));
#1097=CARTESIAN_POINT('',(-6.830241937,39.759185478,5.600126238));
#1098=CARTESIAN_POINT('',(-6.778344162,39.814932987,5.610937061));
#1099=CARTESIAN_POINT('',(-6.721130282,39.86634607,5.619622606));
#1100=CARTESIAN_POINT('',(-6.663916402,39.917759152,5.628308151));
#1101=CARTESIAN_POINT('',(-6.60200676,39.964106914,5.634716926));
#1102=CARTESIAN_POINT('',(-6.537388593,40.00434502,5.63876009));
#1103=CARTESIAN_POINT('',(-6.472770427,40.044583125,5.642803254));
#1104=CARTESIAN_POINT('',(-6.404939553,40.079174242,5.644560834));
#1105=CARTESIAN_POINT('',(-6.333847287,40.108050894,5.643976298));
#1106=CARTESIAN_POINT('',(-6.191662754,40.1658042,5.642807226));
#1107=CARTESIAN_POINT('',(-6.043636963,40.198161969,5.63245309));
#1108=CARTESIAN_POINT('',(-5.892254238,40.205175674,5.613200076));
#1109=B_SPLINE_CURVE_WITH_KNOTS('',3,(#1087,#1088,#1089,#1090,#1091,#1092,#1093,#1094,#1095,#1096,#1097,#1098,#1099,#1100,#1101,#1102,#1103,#1104,#1105,#1106,#1107,#1108),.UNSPECIFIED.,.F.,.F.,(4,3,3,3,3,3,3,4),(-0.,0.000116231,0.000232462,0.000348693,0.000464924,0.000581155,0.000697386,0.000929847),.UNSPECIFIED.);
#1110=EDGE_CURVE('',#99,#820,#1109,.T.);
#1111=ORIENTED_EDGE('',*,*,#1110,.T.);
#1112=ORIENTED_EDGE('',*,*,#825,.F.);
#1113=ORIENTED_EDGE('',*,*,#757,.F.);
#1114=EDGE_LOOP('',(#1086,#1111,#1112,#1113));
#1115=FACE_BOUND('',#1114,.T.);
#1116=ADVANCED_FACE('',(#1115),#1085,.T.);
#1117=CARTESIAN_POINT('',(-7.126078573,28.925096168,5.422530529));
#1118=CARTESIAN_POINT('',(-7.10753287,28.943502452,5.484446878));
#1119=CARTESIAN_POINT('',(-7.078517893,28.96190543,5.543215266));
#1120=CARTESIAN_POINT('',(-7.002522209,28.996819242,5.648434829));
#1121=CARTESIAN_POINT('',(-6.955555148,29.013323807,5.694867108));
#1122=CARTESIAN_POINT('',(-6.848494742,29.042737228,5.770619301));
#1123=CARTESIAN_POINT('',(-6.788420623,29.055640803,5.799925612));
#1124=CARTESIAN_POINT('',(-6.661339626,29.076519606,5.838395997));
#1125=CARTESIAN_POINT('',(-6.594355569,29.084491085,5.847553162));
#1126=CARTESIAN_POINT('',(-6.527359482,29.08958627,5.846163187));
#1127=CARTESIAN_POINT('',(-7.119282698,28.850275636,5.445219115));
#1128=CARTESIAN_POINT('',(-7.100657618,28.869925431,5.506543627));
#1129=CARTESIAN_POINT('',(-7.071685551,28.890219501,5.564521065));
#1130=CARTESIAN_POINT('',(-6.995999945,28.930027002,5.667873787));
#1131=CARTESIAN_POINT('',(-6.949299848,28.949533352,5.713230716));
#1132=CARTESIAN_POINT('',(-6.842944091,28.985761726,5.786684013));
#1133=CARTESIAN_POINT('',(-6.783307322,29.002477302,5.814767337));
#1134=CARTESIAN_POINT('',(-6.6571933,29.031405667,5.850786057));
#1135=CARTESIAN_POINT('',(-6.590738447,29.043613303,5.85871506));
#1136=CARTESIAN_POINT('',(-6.524271789,29.052941193,5.856160023));
#1137=CARTESIAN_POINT('',(-7.105259793,28.77696204,5.466527573));
#1138=CARTESIAN_POINT('',(-7.086784981,28.797888286,5.527392909));
#1139=CARTESIAN_POINT('',(-7.058109571,28.820086227,5.58472652));
#1140=CARTESIAN_POINT('',(-6.98327363,28.864768344,5.68649994));
#1141=CARTESIAN_POINT('',(-6.937126336,28.887244619,5.730921748));
#1142=CARTESIAN_POINT('',(-6.832065935,28.93018224,5.802318194));
#1143=CARTESIAN_POINT('',(-6.773171411,28.950635993,5.829280204));
#1144=CARTESIAN_POINT('',(-6.648642847,28.987433767,5.862989912));
#1145=CARTESIAN_POINT('',(-6.583030832,29.003771282,5.869731648));
#1146=CARTESIAN_POINT('',(-6.51740721,29.017216923,5.866017425));
#1147=CARTESIAN_POINT('',(-7.063292525,28.633231316,5.506462519));
#1148=CARTESIAN_POINT('',(-7.045538366,28.656653282,5.566697714));
#1149=CARTESIAN_POINT('',(-7.017929118,28.682598962,5.623048515));
#1150=CARTESIAN_POINT('',(-6.945813201,28.736894694,5.722240518));
#1151=CARTESIAN_POINT('',(-6.901319334,28.765235111,5.765064111));
#1152=CARTESIAN_POINT('',(-6.79999269,28.821414119,5.832803735));
#1153=CARTESIAN_POINT('',(-6.743177902,28.849242742,5.85770774));
#1154=CARTESIAN_POINT('',(-6.623033521,28.901543509,5.887046933));
#1155=CARTESIAN_POINT('',(-6.559725257,28.926006372,5.891476913));
#1156=CARTESIAN_POINT('',(-6.496405752,28.94753582,5.88544157));
#1157=CARTESIAN_POINT('',(-7.034939909,28.562089445,5.52526507));
#1158=CARTESIAN_POINT('',(-7.017765391,28.5867431,5.585329793));
#1159=CARTESIAN_POINT('',(-6.990937512,28.614551731,5.641340457));
#1160=CARTESIAN_POINT('',(-6.920719893,28.673635701,5.739524349));
#1161=CARTESIAN_POINT('',(-6.877342724,28.70490048,5.781680003));
#1162=CARTESIAN_POINT('',(-6.778489592,28.767679615,5.847806361));
#1163=CARTESIAN_POINT('',(-6.723031327,28.799182752,5.871765228));
#1164=CARTESIAN_POINT('',(-6.605725262,28.859196302,5.89902305));
#1165=CARTESIAN_POINT('',(-6.543898463,28.887695995,5.902317123));
#1166=CARTESIAN_POINT('',(-6.482060593,28.913232406,5.895107502));
#1167=CARTESIAN_POINT('',(-6.965514074,28.426801477,5.559002749));
#1168=CARTESIAN_POINT('',(-6.949836274,28.453680666,5.619053353));
#1169=CARTESIAN_POINT('',(-6.924970519,28.484971362,5.674731116));
#1170=CARTESIAN_POINT('',(-6.859442704,28.553131758,5.771566328));
#1171=CARTESIAN_POINT('',(-6.81879271,28.589988923,5.812705953));
#1172=CARTESIAN_POINT('',(-6.725937457,28.665436614,5.876162164));
#1173=CARTESIAN_POINT('',(-6.673749295,28.704013269,5.898467067));
#1174=CARTESIAN_POINT('',(-6.56326566,28.778873815,5.921916569));
#1175=CARTESIAN_POINT('',(-6.50499053,28.815143947,5.923056848));
#1176=CARTESIAN_POINT('',(-6.446704667,28.84837448,5.913553139));
#1177=CARTESIAN_POINT('',(-6.924764025,28.362877277,5.573909066));
#1178=CARTESIAN_POINT('',(-6.909994885,28.390747416,5.634111998));
#1179=CARTESIAN_POINT('',(-6.886299824,28.423651776,5.689793418));
#1180=CARTESIAN_POINT('',(-6.823540787,28.496085216,5.786282762));
#1181=CARTESIAN_POINT('',(-6.784488602,28.535600722,5.827072581));
#1182=CARTESIAN_POINT('',(-6.69513058,28.617094655,5.889470948));
#1183=CARTESIAN_POINT('',(-6.644841531,28.659057815,5.911067785));
#1184=CARTESIAN_POINT('',(-6.538312155,28.741026503,5.93279449));
#1185=CARTESIAN_POINT('',(-6.48209184,28.781016681,5.932920273));
#1186=CARTESIAN_POINT('',(-6.425860962,28.817921193,5.922301292));
#1187=CARTESIAN_POINT('',(-6.831495974,28.242258512,5.599844522));
#1188=CARTESIAN_POINT('',(-6.818765681,28.271790656,5.660668526));
#1189=CARTESIAN_POINT('',(-6.797718646,28.307615511,5.716694201));
#1190=CARTESIAN_POINT('',(-6.7412505,28.388009572,5.813139237));
#1191=CARTESIAN_POINT('',(-6.705840532,28.432562956,5.853539593));
#1192=CARTESIAN_POINT('',(-6.624469559,28.525606403,5.914361983));
#1193=CARTESIAN_POINT('',(-6.578524608,28.574078159,5.934772028));
#1194=CARTESIAN_POINT('',(-6.481047069,28.669726324,5.953399674));
#1195=CARTESIAN_POINT('',(-6.429533711,28.716883919,5.951613598));
#1196=CARTESIAN_POINT('',(-6.378010187,28.760848014,5.938822806));
#1197=CARTESIAN_POINT('',(-6.778516782,28.185317292,5.610889385));
#1198=CARTESIAN_POINT('',(-6.766925577,28.215520167,5.672188906));
#1199=CARTESIAN_POINT('',(-6.747368135,28.252655556,5.728561502));
#1200=CARTESIAN_POINT('',(-6.694452139,28.336751515,5.825318189));
#1201=CARTESIAN_POINT('',(-6.661104349,28.383695043,5.865682652));
#1202=CARTESIAN_POINT('',(-6.584262634,28.482267727,5.925990798));
#1203=CARTESIAN_POINT('',(-6.540784335,28.533876918,5.945922242));
#1204=CARTESIAN_POINT('',(-6.448449725,28.636129032,5.963169941));
#1205=CARTESIAN_POINT('',(-6.399612187,28.68675125,5.960482689));
#1206=CARTESIAN_POINT('',(-6.350764715,28.734117639,5.946629857));
#1207=CARTESIAN_POINT('',(-6.6649571,28.083142192,5.628170199));
#1208=CARTESIAN_POINT('',(-6.655665876,28.114264011,5.690691107));
#1209=CARTESIAN_POINT('',(-6.639200041,28.153573572,5.748063714));
#1210=CARTESIAN_POINT('',(-6.593772562,28.244151937,5.846064853));
#1211=CARTESIAN_POINT('',(-6.564820784,28.295401145,5.886672165));
#1212=CARTESIAN_POINT('',(-6.497699071,28.404063319,5.946536456));
#1213=CARTESIAN_POINT('',(-6.459543708,28.461452784,5.965780468));
#1214=CARTESIAN_POINT('',(-6.378337149,28.575903356,5.980728695));
#1215=CARTESIAN_POINT('',(-6.335303578,28.632939716,5.976429665));
#1216=CARTESIAN_POINT('',(-6.292260661,28.686584718,5.960598368));
#1217=CARTESIAN_POINT('',(-6.603997228,28.03728509,5.6345544));
#1218=CARTESIAN_POINT('',(-6.595876096,28.068665434,5.697822313));
#1219=CARTESIAN_POINT('',(-6.581023715,28.1088548,5.755847674));
#1220=CARTESIAN_POINT('',(-6.539559034,28.202255804,5.854777555));
#1221=CARTESIAN_POINT('',(-6.512956076,28.255446501,5.895659884));
#1222=CARTESIAN_POINT('',(-6.451057533,28.368727643,5.955583747));
#1223=CARTESIAN_POINT('',(-6.41577589,28.428792702,5.974611836));
#1224=CARTESIAN_POINT('',(-6.340590572,28.548906417,5.988623524));
#1225=CARTESIAN_POINT('',(-6.300703829,28.608928163,5.983603973));
#1226=CARTESIAN_POINT('',(-6.260808102,28.665484925,5.96684542));
#1227=CARTESIAN_POINT('',(-6.473759595,27.955946041,5.642781228));
#1228=CARTESIAN_POINT('',(-6.467902572,27.987431481,5.707792548));
#1229=CARTESIAN_POINT('',(-6.45632905,28.028957162,5.76741509));
#1230=CARTESIAN_POINT('',(-6.423127637,28.127156946,5.868800813));
#1231=CARTESIAN_POINT('',(-6.401507831,28.18380727,5.910539432));
#1232=CARTESIAN_POINT('',(-6.350804104,28.305482158,5.971150302));
#1233=CARTESIAN_POINT('',(-6.321732523,28.370477268,5.990007864));
#1234=CARTESIAN_POINT('',(-6.259610682,28.501066406,6.002586648));
#1235=CARTESIAN_POINT('',(-6.226575539,28.566628827,5.996304814));
#1236=CARTESIAN_POINT('',(-6.193532356,28.628567531,5.977824221));
#1237=CARTESIAN_POINT('',(-6.405033511,27.920953925,5.644540529));
#1238=CARTESIAN_POINT('',(-6.400258013,27.95228167,5.710541994));
#1239=CARTESIAN_POINT('',(-6.390333939,27.994253471,5.771103919));
#1240=CARTESIAN_POINT('',(-6.361395523,28.094398297,5.874010509));
#1241=CARTESIAN_POINT('',(-6.342388531,28.152546061,5.916329218));
#1242=CARTESIAN_POINT('',(-6.297609535,28.277947231,5.977569742));
#1243=CARTESIAN_POINT('',(-6.271848899,28.345169018,5.996476108));
#1244=CARTESIAN_POINT('',(-6.216716506,28.48051183,6.008569836));
#1245=CARTESIAN_POINT('',(-6.187358746,28.548598736,6.001754143));
#1246=CARTESIAN_POINT('',(-6.157993529,28.612977482,5.982488435));
#1247=CARTESIAN_POINT('',(-6.194191023,27.835134048,5.642865659));
#1248=CARTESIAN_POINT('',(-6.192264868,27.86543632,5.712047601));
#1249=CARTESIAN_POINT('',(-6.187064048,27.908095434,5.775724224));
#1250=CARTESIAN_POINT('',(-6.170798756,28.012635839,5.883876772));
#1251=CARTESIAN_POINT('',(-6.159739107,28.074487384,5.928321933));
#1252=CARTESIAN_POINT('',(-6.13321686,28.209400124,5.992233354));
#1253=CARTESIAN_POINT('',(-6.117762089,28.282422986,6.011681427));
#1254=CARTESIAN_POINT('',(-6.084490271,28.430217031,6.02305952));
#1255=CARTESIAN_POINT('',(-6.066683029,28.50494625,6.014986284));
#1256=CARTESIAN_POINT('',(-6.048870538,28.575706874,5.993668502));
#1257=CARTESIAN_POINT('',(-6.043494092,27.80186213,5.63243492));
#1258=CARTESIAN_POINT('',(-6.042979372,27.830711225,5.704077578));
#1259=CARTESIAN_POINT('',(-6.040705717,27.872962486,5.770285536));
#1260=CARTESIAN_POINT('',(-6.03295974,27.978582398,5.88294658));
#1261=CARTESIAN_POINT('',(-6.027490056,28.041918171,5.929364766));
#1262=CARTESIAN_POINT('',(-6.014125206,28.181128404,5.996149798));
#1263=CARTESIAN_POINT('',(-6.006234589,28.256959608,6.016495977));
#1264=CARTESIAN_POINT('',(-5.989144765,28.410887384,6.028368662));
#1265=CARTESIAN_POINT('',(-5.979951376,28.488936163,6.01989152));
#1266=CARTESIAN_POINT('',(-5.970754856,28.562828419,5.997571187));
#1267=CARTESIAN_POINT('',(-5.892254238,27.794855045,5.613200076));
#1268=CARTESIAN_POINT('',(-5.892254238,27.821859988,5.687330164));
#1269=CARTESIAN_POINT('',(-5.892254238,27.863057608,5.756261398));
#1270=CARTESIAN_POINT('',(-5.892254238,27.968054323,5.874048654));
#1271=CARTESIAN_POINT('',(-5.892254238,28.031817671,5.922864576));
#1272=CARTESIAN_POINT('',(-5.892254238,28.172922388,5.993487567));
#1273=CARTESIAN_POINT('',(-5.892254238,28.250215717,6.015270592));
#1274=CARTESIAN_POINT('',(-5.892254238,28.40743283,6.028721506));
#1275=CARTESIAN_POINT('',(-5.892254238,28.48730309,6.020384816));
#1276=CARTESIAN_POINT('',(-5.892254238,28.562828419,5.997571187));
#1277=B_SPLINE_SURFACE_WITH_KNOTS('',3,3,((#1117,#1118,#1119,#1120,#1121,#1122,#1123,#1124,#1125,#1126),(#1127,#1128,#1129,#1130,#1131,#1132,#1133,#1134,#1135,#1136),(#1137,#1138,#1139,#1140,#1141,#1142,#1143,#1144,#1145,#1146),(#1147,#1148,#1149,#1150,#1151,#1152,#1153,#1154,#1155,#1156),(#1157,#1158,#1159,#1160,#1161,#1162,#1163,#1164,#1165,#1166),(#1167,#1168,#1169,#1170,#1171,#1172,#1173,#1174,#1175,#1176),(#1177,#1178,#1179,#1180,#1181,#1182,#1183,#1184,#1185,#1186),(#1187,#1188,#1189,#1190,#1191,#1192,#1193,#1194,#1195,#1196),(#1197,#1198,#1199,#1200,#1201,#1202,#1203,#1204,#1205,#1206),(#1207,#1208,#1209,#1210,#1211,#1212,#1213,#1214,#1215,#1216),(#1217,#1218,#1219,#1220,#1221,#1222,#1223,#1224,#1225,#1226),(#1227,#1228,#1229,#1230,#1231,#1232,#1233,#1234,#1235,#1236),(#1237,#1238,#1239,#1240,#1241,#1242,#1243,#1244,#1245,#1246),(#1247,#1248,#1249,#1250,#1251,#1252,#1253,#1254,#1255,#1256),(#1257,#1258,#1259,#1260,#1261,#1262,#1263,#1264,#1265,#1266),(#1267,#1268,#1269,#1270,#1271,#1272,#1273,#1274,#1275,#1276)),.UNSPECIFIED.,.F.,.F.,.U.,(4,2,2,2,2,2,2,4),(4,2,2,2,4),(0.,0.000116184,0.000232368,0.000348552,0.000464736,0.00058092,0.000697104,0.000929472),(0.,0.25,0.5,0.75,1.),.UNSPECIFIED.);
#1278=CARTESIAN_POINT('',(-6.527359482,28.925096168,5.243197179));
#1279=DIRECTION('',(-0.078587315,0.96176188,-0.262370195));
#1280=DIRECTION('',(0.,-0.263184162,-0.964745612));
#1281=AXIS2_PLACEMENT_3D('',#1278,#1279,#1280);
#1282=CIRCLE('',#1281,0.625);
#1283=EDGE_CURVE('',#91,#914,#1282,.T.);
#1284=ORIENTED_EDGE('',*,*,#1283,.F.);
#1285=ORIENTED_EDGE('',*,*,#1038,.F.);
#1286=CARTESIAN_POINT('',(-5.892254238,28.382102321,6.02427103));
#1287=VERTEX_POINT('',#1286);
#1288=CARTESIAN_POINT('',(-5.892254238,28.382102321,5.39927103));
#1289=DIRECTION('',(1.,0.,-0.));
#1290=DIRECTION('',(0.,0.,1.));
#1291=AXIS2_PLACEMENT_3D('',#1288,#1289,#1290);
#1292=CIRCLE('',#1291,0.625);
#1293=EDGE_CURVE('',#1287,#797,#1292,.T.);
#1294=ORIENTED_EDGE('',*,*,#1293,.F.);
#1295=CARTESIAN_POINT('',(-5.892254238,28.382102321,5.39927103));
#1296=DIRECTION('',(1.,0.,-0.));
#1297=DIRECTION('',(0.,0.,1.));
#1298=AXIS2_PLACEMENT_3D('',#1295,#1296,#1297);
#1299=CIRCLE('',#1298,0.625);
#1300=EDGE_CURVE('',#938,#1287,#1299,.T.);
#1301=ORIENTED_EDGE('',*,*,#1300,.F.);
#1302=ORIENTED_EDGE('',*,*,#950,.F.);
#1303=EDGE_LOOP('',(#1284,#1285,#1294,#1301,#1302));
#1304=FACE_BOUND('',#1303,.T.);
#1305=ADVANCED_FACE('',(#1304),#1277,.T.);
#1306=CARTESIAN_POINT('',(-5.892254238,28.382102321,5.39927103));
#1307=DIRECTION('',(1.,0.,-0.));
#1308=DIRECTION('',(0.,0.,1.));
#1309=AXIS2_PLACEMENT_3D('',#1306,#1307,#1308);
#1310=CYLINDRICAL_SURFACE('',#1309,0.625);
#1311=CARTESIAN_POINT('',(5.891693707,28.382102321,6.02427103));
#1312=VERTEX_POINT('',#1311);
#1313=CARTESIAN_POINT('',(5.891693707,28.382102321,6.02427103));
#1314=DIRECTION('',(-1.,-0.,-0.));
#1315=VECTOR('',#1314,11.783947945);
#1316=LINE('',#1313,#1315);
#1317=EDGE_CURVE('',#1312,#1287,#1316,.T.);
#1318=ORIENTED_EDGE('',*,*,#1317,.T.);
#1319=ORIENTED_EDGE('',*,*,#1293,.T.);
#1320=ORIENTED_EDGE('',*,*,#802,.F.);
#1321=CARTESIAN_POINT('',(5.891693707,28.382102321,5.39927103));
#1322=DIRECTION('',(1.,0.,-0.));
#1323=DIRECTION('',(0.,0.,1.));
#1324=AXIS2_PLACEMENT_3D('',#1321,#1322,#1323);
#1325=CIRCLE('',#1324,0.625);
#1326=EDGE_CURVE('',#1312,#789,#1325,.T.);
#1327=ORIENTED_EDGE('',*,*,#1326,.F.);
#1328=EDGE_LOOP('',(#1318,#1319,#1320,#1327));
#1329=FACE_BOUND('',#1328,.T.);
#1330=ADVANCED_FACE('',(#1329),#1310,.T.);
#1331=CARTESIAN_POINT('',(-6.527359482,29.08958627,5.846163187));
#1332=CARTESIAN_POINT('',(-6.594355569,29.084491085,5.847553162));
#1333=CARTESIAN_POINT('',(-6.661339626,29.076519606,5.838395997));
#1334=CARTESIAN_POINT('',(-6.788420623,29.055640803,5.799925612));
#1335=CARTESIAN_POINT('',(-6.848494742,29.042737228,5.770619301));
#1336=CARTESIAN_POINT('',(-6.955555148,29.013323807,5.694867108));
#1337=CARTESIAN_POINT('',(-7.002522209,28.996819242,5.648434829));
#1338=CARTESIAN_POINT('',(-7.078517893,28.96190543,5.543215266));
#1339=CARTESIAN_POINT('',(-7.10753287,28.943502452,5.484446878));
#1340=CARTESIAN_POINT('',(-7.126078573,28.925096168,5.422530529));
#1341=CARTESIAN_POINT('',(-6.595140011,29.894013,5.626714275));
#1342=CARTESIAN_POINT('',(-6.662029461,29.889644987,5.627678171));
#1343=CARTESIAN_POINT('',(-6.728907022,29.882853937,5.618029216));
#1344=CARTESIAN_POINT('',(-6.855820458,29.865117488,5.578489539));
#1345=CARTESIAN_POINT('',(-6.915833774,29.854175235,5.548605848));
#1346=CARTESIAN_POINT('',(-7.022855462,29.829257201,5.471657603));
#1347=CARTESIAN_POINT('',(-7.069844811,29.81528584,5.42460673));
#1348=CARTESIAN_POINT('',(-7.145990086,29.785741473,5.318148488));
#1349=CARTESIAN_POINT('',(-7.175132477,29.770173709,5.258760046));
#1350=CARTESIAN_POINT('',(-7.193859102,29.754603182,5.196239675));
#1351=CARTESIAN_POINT('',(-6.6471532,30.707522434,5.45864673));
#1352=CARTESIAN_POINT('',(-6.713956408,30.703963903,5.459257879));
#1353=CARTESIAN_POINT('',(-6.780747829,30.698453649,5.449204227));
#1354=CARTESIAN_POINT('',(-6.907525686,30.684088772,5.408788165));
#1355=CARTESIAN_POINT('',(-6.967489772,30.675236679,5.378432879));
#1356=CARTESIAN_POINT('',(-7.074480029,30.655091329,5.300509906));
#1357=CARTESIAN_POINT('',(-7.121487338,30.643801618,5.252955957));
#1358=CARTESIAN_POINT('',(-7.197753595,30.619933595,5.145491452));
#1359=CARTESIAN_POINT('',(-7.226999098,30.607359484,5.085599841));
#1360=CARTESIAN_POINT('',(-7.245872296,30.594783165,5.022589362));
#1361=CARTESIAN_POINT('',(-6.699633689,31.9433521,5.289159087));
#1362=CARTESIAN_POINT('',(-6.766348519,31.941094619,5.289407036));
#1363=CARTESIAN_POINT('',(-6.833051677,31.937612567,5.278937465));
#1364=CARTESIAN_POINT('',(-6.95969061,31.928551279,5.237621828));
#1365=CARTESIAN_POINT('',(-7.019604247,31.922973626,5.206782985));
#1366=CARTESIAN_POINT('',(-7.126562279,31.910288078,5.127861245));
#1367=CARTESIAN_POINT('',(-7.173587977,31.903182399,5.079792144));
#1368=CARTESIAN_POINT('',(-7.249978187,31.888163454,4.971297545));
#1369=CARTESIAN_POINT('',(-7.279329346,31.880252813,4.910891013));
#1370=CARTESIAN_POINT('',(-7.298352778,31.872340796,4.847378971));
#1371=CARTESIAN_POINT('',(-6.712874537,32.359019823,5.246420533));
#1372=CARTESIAN_POINT('',(-6.77956667,32.357211433,5.246574952));
#1373=CARTESIAN_POINT('',(-6.846247165,32.354424858,5.235998472));
#1374=CARTESIAN_POINT('',(-6.972850429,32.347176721,5.194451902));
#1375=CARTESIAN_POINT('',(-7.032751115,32.342716422,5.163489058));
#1376=CARTESIAN_POINT('',(-7.139700873,32.332573755,5.084311377));
#1377=CARTESIAN_POINT('',(-7.186731291,32.326893155,5.036110351));
#1378=CARTESIAN_POINT('',(-7.263153326,32.314887036,4.927352038));
#1379=CARTESIAN_POINT('',(-7.292531614,32.30856361,4.866813721));
#1380=CARTESIAN_POINT('',(-7.311593628,32.302239081,4.803173307));
#1381=CARTESIAN_POINT('',(-6.730359745,33.186758896,5.189990528));
#1382=CARTESIAN_POINT('',(-6.797021902,33.185856814,5.19002084));
#1383=CARTESIAN_POINT('',(-6.863672462,33.184469051,5.17930253));
#1384=CARTESIAN_POINT('',(-6.990228602,33.180862071,5.137449627));
#1385=CARTESIAN_POINT('',(-7.050112173,33.178643481,5.106322312));
#1386=CARTESIAN_POINT('',(-7.157050989,33.173599766,5.026805188));
#1387=CARTESIAN_POINT('',(-7.204087637,33.170775518,4.978429207));
#1388=CARTESIAN_POINT('',(-7.280551712,33.164806966,4.869321189));
#1389=CARTESIAN_POINT('',(-7.309965841,33.161663699,4.808608127));
#1390=CARTESIAN_POINT('',(-7.329078836,33.158519885,4.744797505));
#1391=CARTESIAN_POINT('',(-6.734660485,33.599566011,5.176119307));
#1392=CARTESIAN_POINT('',(-6.801315438,33.599121878,5.176118589));
#1393=CARTESIAN_POINT('',(-6.867958783,33.598438593,5.165364797));
#1394=CARTESIAN_POINT('',(-6.99450355,33.596662605,5.123435217));
#1395=CARTESIAN_POINT('',(-7.05438298,33.595570211,5.092266716));
#1396=CARTESIAN_POINT('',(-7.161319132,33.593086755,5.012664574));
#1397=CARTESIAN_POINT('',(-7.20835727,33.591696124,4.964244766));
#1398=CARTESIAN_POINT('',(-7.284831479,33.588757256,4.855049164));
#1399=CARTESIAN_POINT('',(-7.31425426,33.587209529,4.794292346));
#1400=CARTESIAN_POINT('',(-7.333379574,33.585661528,4.730439139));
#1401=CARTESIAN_POINT('',(-6.734417812,34.835133672,5.176902303));
#1402=CARTESIAN_POINT('',(-6.801073185,34.836059966,5.176903324));
#1403=CARTESIAN_POINT('',(-6.86771695,34.837484985,5.166151516));
#1404=CARTESIAN_POINT('',(-6.994262377,34.841188803,5.124226217));
#1405=CARTESIAN_POINT('',(-7.054142047,34.84346696,5.093060014));
#1406=CARTESIAN_POINT('',(-7.161078353,34.848646091,5.013462609));
#1407=CARTESIAN_POINT('',(-7.208116405,34.851546166,4.965045242));
#1408=CARTESIAN_POINT('',(-7.284590027,34.857674958,4.855854517));
#1409=CARTESIAN_POINT('',(-7.314012306,34.86090261,4.795100135));
#1410=CARTESIAN_POINT('',(-7.333136908,34.864130818,4.731249301));
#1411=CARTESIAN_POINT('',(-6.716736872,35.655052037,5.233924748));
#1412=CARTESIAN_POINT('',(-6.783422988,35.656886797,5.234054313));
#1413=CARTESIAN_POINT('',(-6.850097463,35.659709839,5.223449149));
#1414=CARTESIAN_POINT('',(-6.976691243,35.667047833,5.181840213));
#1415=CARTESIAN_POINT('',(-7.03658848,35.671561509,5.150843694));
#1416=CARTESIAN_POINT('',(-7.143536031,35.681823098,5.071596261));
#1417=CARTESIAN_POINT('',(-7.190567701,35.687569227,5.023359162));
#1418=CARTESIAN_POINT('',(-7.266998195,35.699712767,4.914528639));
#1419=CARTESIAN_POINT('',(-7.296383696,35.706108066,4.853954186));
#1420=CARTESIAN_POINT('',(-7.315455961,35.712504474,4.790278592));
#1421=CARTESIAN_POINT('',(-6.664626649,36.880485077,5.402217023));
#1422=CARTESIAN_POINT('',(-6.731400513,36.883609752,5.402707188));
#1423=CARTESIAN_POINT('',(-6.798162621,36.888443717,5.392514974));
#1424=CARTESIAN_POINT('',(-6.924894334,36.901040206,5.351799193));
#1425=CARTESIAN_POINT('',(-6.98484166,36.908800517,5.321282783));
#1426=CARTESIAN_POINT('',(-7.091821205,36.926458608,5.243027003));
#1427=CARTESIAN_POINT('',(-7.138834617,36.936353284,5.195301389));
#1428=CARTESIAN_POINT('',(-7.215142041,36.957270876,5.087493628));
#1429=CARTESIAN_POINT('',(-7.244422638,36.968290116,5.027430433));
#1430=CARTESIAN_POINT('',(-7.263345741,36.979311288,4.964252834));
#1431=CARTESIAN_POINT('',(-6.642989941,37.28821964,5.472114914));
#1432=CARTESIAN_POINT('',(-6.709799719,37.291762318,5.472752987));
#1433=CARTESIAN_POINT('',(-6.776597711,37.297252403,5.46273038));
#1434=CARTESIAN_POINT('',(-6.903385914,37.311569923,5.422381771));
#1435=CARTESIAN_POINT('',(-6.963353759,37.320394834,5.392062887));
#1436=CARTESIAN_POINT('',(-7.070346418,37.340480885,5.314215291));
#1437=CARTESIAN_POINT('',(-7.117352357,37.351738482,5.266700311));
#1438=CARTESIAN_POINT('',(-7.193609382,37.375539737,5.15931381));
#1439=CARTESIAN_POINT('',(-7.222847016,37.388079197,5.099461232));
#1440=CARTESIAN_POINT('',(-7.241709031,37.400620869,5.036488762));
#1441=CARTESIAN_POINT('',(-6.604217051,37.898834579,5.597470121));
#1442=CARTESIAN_POINT('',(-6.671090261,37.902980088,5.598365763));
#1443=CARTESIAN_POINT('',(-6.7379516,37.909425774,5.588639102));
#1444=CARTESIAN_POINT('',(-6.864839496,37.92626092,5.548932021));
#1445=CARTESIAN_POINT('',(-6.924843532,37.936647394,5.518958648));
#1446=CARTESIAN_POINT('',(-7.031859277,37.960300142,5.441825584));
#1447=CARTESIAN_POINT('',(-7.078851993,37.97356222,5.394679582));
#1448=CARTESIAN_POINT('',(-7.155020045,38.001606865,5.288031332));
#1449=CARTESIAN_POINT('',(-7.184181864,38.016384456,5.228548012));
#1450=CARTESIAN_POINT('',(-7.202936142,38.031164669,5.165935232));
#1451=CARTESIAN_POINT('',(-6.590224973,38.102383576,5.642720466));
#1452=CARTESIAN_POINT('',(-6.657120881,38.106726182,5.643708025));
#1453=CARTESIAN_POINT('',(-6.72400489,38.113485919,5.634087076));
#1454=CARTESIAN_POINT('',(-6.850928461,38.13115035,5.594609296));
#1455=CARTESIAN_POINT('',(-6.910945447,38.142051903,5.564759486));
#1456=CARTESIAN_POINT('',(-7.017969451,38.166882031,5.487882046));
#1457=CARTESIAN_POINT('',(-7.064957432,38.180806189,5.44086809));
#1458=CARTESIAN_POINT('',(-7.141093645,38.210252823,5.334484079));
#1459=CARTESIAN_POINT('',(-7.170228333,38.22577006,5.275132947));
#1460=CARTESIAN_POINT('',(-7.188944064,38.241290058,5.212648931));
#1461=CARTESIAN_POINT('',(-6.560269698,38.507595067,5.739632962));
#1462=CARTESIAN_POINT('',(-6.62721372,38.512321568,5.740814416));
#1463=CARTESIAN_POINT('',(-6.69414578,38.519696577,5.731416727));
#1464=CARTESIAN_POINT('',(-6.821144963,38.53898986,5.6924236));
#1465=CARTESIAN_POINT('',(-6.881189392,38.550904687,5.662835129));
#1466=CARTESIAN_POINT('',(-6.988230888,38.578052975,5.586498577));
#1467=CARTESIAN_POINT('',(-7.035208826,38.593281586,5.539764137));
#1468=CARTESIAN_POINT('',(-7.111277547,38.625491324,5.433939592));
#1469=CARTESIAN_POINT('',(-7.140354737,38.642466697,5.374868398));
#1470=CARTESIAN_POINT('',(-7.158988789,38.659445103,5.312657074));
#1471=CARTESIAN_POINT('',(-6.544298977,38.709404668,5.79131921));
#1472=CARTESIAN_POINT('',(-6.611268414,38.71431812,5.7926027));
#1473=CARTESIAN_POINT('',(-6.678225856,38.72199459,5.783322629));
#1474=CARTESIAN_POINT('',(-6.805264976,38.742088066,5.74458501));
#1475=CARTESIAN_POINT('',(-6.8653239,38.754501473,5.715134402));
#1476=CARTESIAN_POINT('',(-6.97237463,38.782791422,5.639083295));
#1477=CARTESIAN_POINT('',(-7.01934726,38.798662896,5.592496419));
#1478=CARTESIAN_POINT('',(-7.09538033,38.832234794,5.48696729));
#1479=CARTESIAN_POINT('',(-7.12442715,38.849929204,5.428043939));
#1480=CARTESIAN_POINT('',(-7.143018068,38.867626784,5.365976635));
#1481=CARTESIAN_POINT('',(-6.527359482,38.910444449,5.846163187));
#1482=CARTESIAN_POINT('',(-6.594355569,38.915539634,5.847553162));
#1483=CARTESIAN_POINT('',(-6.661339626,38.923511113,5.838395997));
#1484=CARTESIAN_POINT('',(-6.788420623,38.944389916,5.799925612));
#1485=CARTESIAN_POINT('',(-6.848494742,38.957293491,5.770619301));
#1486=CARTESIAN_POINT('',(-6.955555148,38.986706912,5.694867108));
#1487=CARTESIAN_POINT('',(-7.002522209,39.003211477,5.648434829));
#1488=CARTESIAN_POINT('',(-7.078517893,39.03812529,5.543215266));
#1489=CARTESIAN_POINT('',(-7.10753287,39.056528268,5.484446878));
#1490=CARTESIAN_POINT('',(-7.126078573,39.074934551,5.422530529));
#1491=B_SPLINE_SURFACE_WITH_KNOTS('',3,3,((#1331,#1332,#1333,#1334,#1335,#1336,#1337,#1338,#1339,#1340),(#1341,#1342,#1343,#1344,#1345,#1346,#1347,#1348,#1349,#1350),(#1351,#1352,#1353,#1354,#1355,#1356,#1357,#1358,#1359,#1360),(#1361,#1362,#1363,#1364,#1365,#1366,#1367,#1368,#1369,#1370),(#1371,#1372,#1373,#1374,#1375,#1376,#1377,#1378,#1379,#1380),(#1381,#1382,#1383,#1384,#1385,#1386,#1387,#1388,#1389,#1390),(#1391,#1392,#1393,#1394,#1395,#1396,#1397,#1398,#1399,#1400),(#1401,#1402,#1403,#1404,#1405,#1406,#1407,#1408,#1409,#1410),(#1411,#1412,#1413,#1414,#1415,#1416,#1417,#1418,#1419,#1420),(#1421,#1422,#1423,#1424,#1425,#1426,#1427,#1428,#1429,#1430),(#1431,#1432,#1433,#1434,#1435,#1436,#1437,#1438,#1439,#1440),(#1441,#1442,#1443,#1444,#1445,#1446,#1447,#1448,#1449,#1450),(#1451,#1452,#1453,#1454,#1455,#1456,#1457,#1458,#1459,#1460),(#1461,#1462,#1463,#1464,#1465,#1466,#1467,#1468,#1469,#1470),(#1471,#1472,#1473,#1474,#1475,#1476,#1477,#1478,#1479,#1480),(#1481,#1482,#1483,#1484,#1485,#1486,#1487,#1488,#1489,#1490)),.UNSPECIFIED.,.F.,.F.,.U.,(4,2,2,2,2,2,2,4),(4,2,2,2,4),(0.,0.002577988,0.003866982,0.005155976,0.007733964,0.009022958,0.009667455,0.010311952),(0.,0.25,0.5,0.75,1.),.UNSPECIFIED.);
#1492=ORIENTED_EDGE('',*,*,#1283,.T.);
#1493=ORIENTED_EDGE('',*,*,#935,.F.);
#1494=CARTESIAN_POINT('',(-6.527359482,39.074934551,5.243197179));
#1495=DIRECTION('',(0.078587315,0.96176188,0.262370195));
#1496=DIRECTION('',(-0.,0.263184162,-0.964745612));
#1497=AXIS2_PLACEMENT_3D('',#1494,#1495,#1496);
#1498=CIRCLE('',#1497,0.625);
#1499=EDGE_CURVE('',#99,#902,#1498,.T.);
#1500=ORIENTED_EDGE('',*,*,#1499,.F.);
#1501=ORIENTED_EDGE('',*,*,#120,.F.);
#1502=EDGE_LOOP('',(#1492,#1493,#1500,#1501));
#1503=FACE_BOUND('',#1502,.T.);
#1504=ADVANCED_FACE('',(#1503),#1491,.T.);
#1505=CARTESIAN_POINT('',(5.891693707,27.794855045,5.613200076));
#1506=CARTESIAN_POINT('',(5.891693707,27.821859988,5.687330164));
#1507=CARTESIAN_POINT('',(5.891693707,27.863057608,5.756261398));
#1508=CARTESIAN_POINT('',(5.891693707,27.968054323,5.874048654));
#1509=CARTESIAN_POINT('',(5.891693707,28.031817672,5.922864576));
#1510=CARTESIAN_POINT('',(5.891693707,28.172922389,5.993487567));
#1511=CARTESIAN_POINT('',(5.891693707,28.250215718,6.015270592));
#1512=CARTESIAN_POINT('',(5.891693707,28.407432832,6.028721506));
#1513=CARTESIAN_POINT('',(5.891693707,28.487303092,6.020384816));
#1514=CARTESIAN_POINT('',(5.891693707,28.562828421,5.997571186));
#1515=CARTESIAN_POINT('',(5.967385069,27.798361897,5.622826583));
#1516=CARTESIAN_POINT('',(5.967127466,27.826289787,5.695711782));
#1517=CARTESIAN_POINT('',(5.965989564,27.868014725,5.763280091));
#1518=CARTESIAN_POINT('',(5.962112918,27.973323334,5.87850182));
#1519=CARTESIAN_POINT('',(5.959375492,28.036872693,5.926117742));
#1520=CARTESIAN_POINT('',(5.952686754,28.177029273,5.99481994));
#1521=CARTESIAN_POINT('',(5.948737719,28.253590849,6.015883864));
#1522=CARTESIAN_POINT('',(5.940184735,28.40916174,6.028544918));
#1523=CARTESIAN_POINT('',(5.935583698,28.4881204,6.020137935));
#1524=CARTESIAN_POINT('',(5.930981094,28.562828421,5.997571186));
#1525=CARTESIAN_POINT('',(6.042021133,27.808283826,5.63017187));
#1526=CARTESIAN_POINT('',(6.041291634,27.837030982,5.701833594));
#1527=CARTESIAN_POINT('',(6.038870985,27.879120851,5.768102493));
#1528=CARTESIAN_POINT('',(6.030976955,27.984322344,5.88094157));
#1529=CARTESIAN_POINT('',(6.025506092,28.047401142,5.92747656));
#1530=CARTESIAN_POINT('',(6.012260318,28.186029609,5.994518841));
#1531=CARTESIAN_POINT('',(6.004489623,28.261536041,6.015005228));
#1532=CARTESIAN_POINT('',(5.987708446,28.414777679,6.027153294));
#1533=CARTESIAN_POINT('',(5.978703302,28.492465098,6.018811185));
#1534=CARTESIAN_POINT('',(5.969695291,28.565994914,5.996613893));
#1535=CARTESIAN_POINT('',(6.189249584,27.840583116,5.640453036));
#1536=CARTESIAN_POINT('',(6.187224483,27.870682442,5.709748913));
#1537=CARTESIAN_POINT('',(6.182008045,27.913127153,5.773568468));
#1538=CARTESIAN_POINT('',(6.165869331,28.017231164,5.882025121));
#1539=CARTESIAN_POINT('',(6.15495173,28.078860646,5.926631174));
#1540=CARTESIAN_POINT('',(6.128836043,28.213325899,5.990846888));
#1541=CARTESIAN_POINT('',(6.11364552,28.286123174,6.01043817));
#1542=CARTESIAN_POINT('',(6.08096909,28.433459374,6.0220614));
#1543=CARTESIAN_POINT('',(6.063492645,28.507956127,6.014090021));
#1544=CARTESIAN_POINT('',(6.046011137,28.578478419,5.992849576));
#1545=CARTESIAN_POINT('',(6.262194489,27.863103172,5.643391762));
#1546=CARTESIAN_POINT('',(6.259340398,27.893737537,5.711539706));
#1547=CARTESIAN_POINT('',(6.252602636,27.936171326,5.774203956));
#1548=CARTESIAN_POINT('',(6.232214963,28.039278024,5.880651884));
#1549=CARTESIAN_POINT('',(6.218570696,28.099922645,5.92440636));
#1550=CARTESIAN_POINT('',(6.186111713,28.23173687,5.98745102));
#1551=CARTESIAN_POINT('',(6.167305975,28.302870323,6.006723908));
#1552=CARTESIAN_POINT('',(6.126926461,28.446609188,6.018336681));
#1553=CARTESIAN_POINT('',(6.105363851,28.519175188,6.010673374));
#1554=CARTESIAN_POINT('',(6.083795276,28.587857272,5.990023858));
#1555=CARTESIAN_POINT('',(6.404379022,27.920856478,5.644560834));
#1556=CARTESIAN_POINT('',(6.399606041,27.952185384,5.710563179));
#1557=CARTESIAN_POINT('',(6.389684962,27.994159464,5.771125686));
#1558=CARTESIAN_POINT('',(6.360753248,28.09431071,5.87403268));
#1559=CARTESIAN_POINT('',(6.341749964,28.152462611,5.91635121));
#1560=CARTESIAN_POINT('',(6.296978846,28.277873327,5.977590573));
#1561=CARTESIAN_POINT('',(6.271222383,28.34510052,5.996495956));
#1562=CARTESIAN_POINT('',(6.216098568,28.480454687,6.008586999));
#1563=CARTESIAN_POINT('',(6.186745212,28.548547539,6.001769604));
#1564=CARTESIAN_POINT('',(6.157384402,28.612932112,5.982501934));
#1565=CARTESIAN_POINT('',(6.472209895,27.955447594,5.642803254));
#1566=CARTESIAN_POINT('',(6.46636843,27.986930508,5.707829008));
#1567=CARTESIAN_POINT('',(6.454818649,28.028462346,5.767465292));
#1568=CARTESIAN_POINT('',(6.421678615,28.126689602,5.86887338));
#1569=CARTESIAN_POINT('',(6.400096436,28.183361219,5.910620603));
#1570=CARTESIAN_POINT('',(6.349478038,28.305089235,5.971241031));
#1571=CARTESIAN_POINT('',(6.320454145,28.370116149,5.990099537));
#1572=CARTESIAN_POINT('',(6.258432973,28.500773232,6.002671777));
#1573=CARTESIAN_POINT('',(6.225450794,28.56637176,5.996382455));
#1574=CARTESIAN_POINT('',(6.19246058,28.628345363,5.977890724));
#1575=CARTESIAN_POINT('',(6.601446228,28.035923805,5.634716926));
#1576=CARTESIAN_POINT('',(6.593361437,28.067308772,5.698010593));
#1577=CARTESIAN_POINT('',(6.578560417,28.107522298,5.7560591));
#1578=CARTESIAN_POINT('',(6.537223557,28.201005222,5.855023513));
#1579=CARTESIAN_POINT('',(6.51069704,28.254253636,5.895917195));
#1580=CARTESIAN_POINT('',(6.448969382,28.367673504,5.955847906));
#1581=CARTESIAN_POINT('',(6.413782159,28.427819511,5.974871471));
#1582=CARTESIAN_POINT('',(6.338795084,28.548104933,5.988857474));
#1583=CARTESIAN_POINT('',(6.299012138,28.608217366,5.983816764));
#1584=CARTESIAN_POINT('',(6.259220216,28.664862406,5.967030126));
#1585=CARTESIAN_POINT('',(6.663355871,28.082271568,5.628308151));
#1586=CARTESIAN_POINT('',(6.654085216,28.113400161,5.690840856));
#1587=CARTESIAN_POINT('',(6.637647342,28.152727601,5.748223402));
#1588=CARTESIAN_POINT('',(6.592288019,28.243360649,5.846237705));
#1589=CARTESIAN_POINT('',(6.563376425,28.294646637,5.886848224));
#1590=CARTESIAN_POINT('',(6.496343799,28.40339547,5.946710482));
#1591=CARTESIAN_POINT('',(6.458237328,28.460834781,5.965949245));
#1592=CARTESIAN_POINT('',(6.37713309,28.575390649,5.980878456));
#1593=CARTESIAN_POINT('',(6.334152938,28.632482422,5.97656566));
#1594=CARTESIAN_POINT('',(6.29116345,28.686181584,5.960717175));
#1595=CARTESIAN_POINT('',(6.77778363,28.185097732,5.610937061));
#1596=CARTESIAN_POINT('',(6.766196347,28.215303726,5.672237726));
#1597=CARTESIAN_POINT('',(6.746643903,28.252444513,5.728610944));
#1598=CARTESIAN_POINT('',(6.693739648,28.336555082,5.825367514));
#1599=CARTESIAN_POINT('',(6.660398598,28.383507819,5.865731236));
#1600=CARTESIAN_POINT('',(6.583571591,28.482101564,5.926036431));
#1601=CARTESIAN_POINT('',(6.540101257,28.5337226,5.945965665));
#1602=CARTESIAN_POINT('',(6.447783214,28.63599958,5.963207614));
#1603=CARTESIAN_POINT('',(6.398954276,28.686634811,5.960516823));
#1604=CARTESIAN_POINT('',(6.350115407,28.734014009,5.946659976));
#1605=CARTESIAN_POINT('',(6.829681405,28.240845242,5.600126238));
#1606=CARTESIAN_POINT('',(6.816978212,28.270394797,5.660960837));
#1607=CARTESIAN_POINT('',(6.795966545,28.306252629,5.716993914));
#1608=CARTESIAN_POINT('',(6.739582647,28.386738923,5.813444525));
#1609=CARTESIAN_POINT('',(6.704221549,28.431351534,5.85384304));
#1610=CARTESIAN_POINT('',(6.62295786,28.524531663,5.91465122));
#1611=CARTESIAN_POINT('',(6.577071313,28.573080834,5.93504889));
#1612=CARTESIAN_POINT('',(6.479715519,28.668891892,5.95364183));
#1613=CARTESIAN_POINT('',(6.42826549,28.716134918,5.951833428));
#1614=CARTESIAN_POINT('',(6.376805298,28.76018298,5.93901657));
#1615=CARTESIAN_POINT('',(6.922901964,28.360990462,5.574335261));
#1616=CARTESIAN_POINT('',(6.908161656,28.388888535,5.63454476));
#1617=CARTESIAN_POINT('',(6.884503843,28.421839726,5.690228383));
#1618=CARTESIAN_POINT('',(6.82183303,28.494398607,5.786711306));
#1619=CARTESIAN_POINT('',(6.782831812,28.53399269,5.82749249));
#1620=CARTESIAN_POINT('',(6.693585411,28.615665919,5.889862277));
#1621=CARTESIAN_POINT('',(6.643357005,28.657729756,5.911439166));
#1622=CARTESIAN_POINT('',(6.536953924,28.739909884,5.933116025));
#1623=CARTESIAN_POINT('',(6.48079925,28.780010778,5.933211918));
#1624=CARTESIAN_POINT('',(6.424634013,28.817024523,5.922559644));
#1625=CARTESIAN_POINT('',(6.964595585,28.426203934,5.559145155));
#1626=CARTESIAN_POINT('',(6.948925683,28.453092574,5.619196715));
#1627=CARTESIAN_POINT('',(6.924070157,28.484398457,5.674874038));
#1628=CARTESIAN_POINT('',(6.858566609,28.552598854,5.77170516));
#1629=CARTESIAN_POINT('',(6.817930652,28.589480827,5.812841132));
#1630=CARTESIAN_POINT('',(6.725106166,28.664984864,5.876286851));
#1631=CARTESIAN_POINT('',(6.672934732,28.703593046,5.898584916));
#1632=CARTESIAN_POINT('',(6.562485949,28.778519762,5.92201808));
#1633=CARTESIAN_POINT('',(6.504228941,28.814824523,5.92314886));
#1634=CARTESIAN_POINT('',(6.445961201,28.848089282,5.91363481));
#1635=CARTESIAN_POINT('',(7.034073482,28.561394438,5.525445079));
#1636=CARTESIAN_POINT('',(7.016905368,28.586059911,5.585508713));
#1637=CARTESIAN_POINT('',(6.990086011,28.613886631,5.641516636));
#1638=CARTESIAN_POINT('',(6.919888947,28.673017332,5.739691727));
#1639=CARTESIAN_POINT('',(6.876523809,28.704310741,5.781841322));
#1640=CARTESIAN_POINT('',(6.777697243,28.767154579,5.847952645));
#1641=CARTESIAN_POINT('',(6.72225351,28.798693775,5.871902536));
#1642=CARTESIAN_POINT('',(6.604977813,28.858783012,5.899140286));
#1643=CARTESIAN_POINT('',(6.543166848,28.887322317,5.902423264));
#1644=CARTESIAN_POINT('',(6.481344814,28.912898011,5.895202049));
#1645=CARTESIAN_POINT('',(7.062029036,28.631243391,5.506999212));
#1646=CARTESIAN_POINT('',(7.044288427,28.654699825,5.567227971));
#1647=CARTESIAN_POINT('',(7.016698013,28.680697472,5.623567542));
#1648=CARTESIAN_POINT('',(6.944628627,28.735126656,5.722728201));
#1649=CARTESIAN_POINT('',(6.90016245,28.76354853,5.765531684));
#1650=CARTESIAN_POINT('',(6.798897569,28.819911419,5.833223923));
#1651=CARTESIAN_POINT('',(6.742116844,28.847842429,5.858100661));
#1652=CARTESIAN_POINT('',(6.62204393,28.900358242,5.887380748));
#1653=CARTESIAN_POINT('',(6.558773059,28.924933724,5.891778898));
#1654=CARTESIAN_POINT('',(6.495490951,28.946575065,5.885711051));
#1655=CARTESIAN_POINT('',(7.104380251,28.775459804,5.466960132));
#1656=CARTESIAN_POINT('',(7.085909483,28.796412179,5.527816662));
#1657=CARTESIAN_POINT('',(7.057241235,28.818649156,5.5851377));
#1658=CARTESIAN_POINT('',(6.982425042,28.863431269,5.686879898));
#1659=CARTESIAN_POINT('',(6.936290328,28.885968487,5.731283064));
#1660=CARTESIAN_POINT('',(6.831259084,28.929043776,5.802638192));
#1661=CARTESIAN_POINT('',(6.772381129,28.94957423,5.829577535));
#1662=CARTESIAN_POINT('',(6.647887824,28.986533426,5.863240276));
#1663=CARTESIAN_POINT('',(6.582294491,29.002955634,5.869957721));
#1664=CARTESIAN_POINT('',(6.516689554,29.016485681,5.866219641));
#1665=CARTESIAN_POINT('',(7.118714044,28.850186217,5.445246231));
#1666=CARTESIAN_POINT('',(7.100088869,28.869837497,5.506570036));
#1667=CARTESIAN_POINT('',(7.071116854,28.890133828,5.564546528));
#1668=CARTESIAN_POINT('',(6.995431618,28.929947177,5.667897019));
#1669=CARTESIAN_POINT('',(6.94873184,28.949457114,5.713252663));
#1670=CARTESIAN_POINT('',(6.842376926,28.985693633,5.786703212));
#1671=CARTESIAN_POINT('',(6.782740679,29.002413765,5.814785075));
#1672=CARTESIAN_POINT('',(6.656627813,29.031351751,5.850800865));
#1673=CARTESIAN_POINT('',(6.590173593,29.043564449,5.8587284));
#1674=CARTESIAN_POINT('',(6.523707567,29.052897398,5.856171971));
#1675=CARTESIAN_POINT('',(7.125518041,28.925096168,5.422530529));
#1676=CARTESIAN_POINT('',(7.106972339,28.943502452,5.484446878));
#1677=CARTESIAN_POINT('',(7.077957362,28.96190543,5.543215266));
#1678=CARTESIAN_POINT('',(7.001961677,28.996819242,5.648434829));
#1679=CARTESIAN_POINT('',(6.954994616,29.013323807,5.694867108));
#1680=CARTESIAN_POINT('',(6.847934211,29.042737228,5.770619301));
#1681=CARTESIAN_POINT('',(6.787860091,29.055640803,5.799925612));
#1682=CARTESIAN_POINT('',(6.660779094,29.076519606,5.838395997));
#1683=CARTESIAN_POINT('',(6.593795038,29.084491085,5.847553162));
#1684=CARTESIAN_POINT('',(6.52679895,29.08958627,5.846163187));
#1685=B_SPLINE_SURFACE_WITH_KNOTS('',3,3,((#1505,#1506,#1507,#1508,#1509,#1510,#1511,#1512,#1513,#1514),(#1515,#1516,#1517,#1518,#1519,#1520,#1521,#1522,#1523,#1524),(#1525,#1526,#1527,#1528,#1529,#1530,#1531,#1532,#1533,#1534),(#1535,#1536,#1537,#1538,#1539,#1540,#1541,#1542,#1543,#1544),(#1545,#1546,#1547,#1548,#1549,#1550,#1551,#1552,#1553,#1554),(#1555,#1556,#1557,#1558,#1559,#1560,#1561,#1562,#1563,#1564),(#1565,#1566,#1567,#1568,#1569,#1570,#1571,#1572,#1573,#1574),(#1575,#1576,#1577,#1578,#1579,#1580,#1581,#1582,#1583,#1584),(#1585,#1586,#1587,#1588,#1589,#1590,#1591,#1592,#1593,#1594),(#1595,#1596,#1597,#1598,#1599,#1600,#1601,#1602,#1603,#1604),(#1605,#1606,#1607,#1608,#1609,#1610,#1611,#1612,#1613,#1614),(#1615,#1616,#1617,#1618,#1619,#1620,#1621,#1622,#1623,#1624),(#1625,#1626,#1627,#1628,#1629,#1630,#1631,#1632,#1633,#1634),(#1635,#1636,#1637,#1638,#1639,#1640,#1641,#1642,#1643,#1644),(#1645,#1646,#1647,#1648,#1649,#1650,#1651,#1652,#1653,#1654),(#1655,#1656,#1657,#1658,#1659,#1660,#1661,#1662,#1663,#1664),(#1665,#1666,#1667,#1668,#1669,#1670,#1671,#1672,#1673,#1674),(#1675,#1676,#1677,#1678,#1679,#1680,#1681,#1682,#1683,#1684)),.UNSPECIFIED.,.F.,.F.,.U.,(4,2,2,2,2,2,2,2,4),(4,2,2,2,4),(0.,0.000116231,0.000232462,0.000348693,0.000464924,0.000581155,0.000697386,0.000813616,0.000929847),(0.,0.25,0.5,0.75,1.),.UNSPECIFIED.);
#1686=CARTESIAN_POINT('',(5.891693707,28.382102321,5.39927103));
#1687=DIRECTION('',(1.,0.,-0.));
#1688=DIRECTION('',(0.,0.,1.));
#1689=AXIS2_PLACEMENT_3D('',#1686,#1687,#1688);
#1690=CIRCLE('',#1689,0.625);
#1691=EDGE_CURVE('',#953,#1312,#1690,.T.);
#1692=ORIENTED_EDGE('',*,*,#1691,.T.);
#1693=ORIENTED_EDGE('',*,*,#1326,.T.);
#1694=ORIENTED_EDGE('',*,*,#1002,.F.);
#1695=CARTESIAN_POINT('',(6.52679895,28.925096168,5.243197179));
#1696=DIRECTION('',(0.078587315,0.96176188,-0.262370195));
#1697=DIRECTION('',(0.,-0.263184162,-0.964745612));
#1698=AXIS2_PLACEMENT_3D('',#1695,#1696,#1697);
#1699=CIRCLE('',#1698,0.625);
#1700=EDGE_CURVE('',#853,#43,#1699,.T.);
#1701=ORIENTED_EDGE('',*,*,#1700,.F.);
#1702=ORIENTED_EDGE('',*,*,#968,.F.);
#1703=EDGE_LOOP('',(#1692,#1693,#1694,#1701,#1702));
#1704=FACE_BOUND('',#1703,.T.);
#1705=ADVANCED_FACE('',(#1704),#1685,.T.);
#1706=CARTESIAN_POINT('',(-5.892254238,40.205175674,5.613200076));
#1707=CARTESIAN_POINT('',(-5.892254238,40.178170731,5.687330164));
#1708=CARTESIAN_POINT('',(-5.892254238,40.136973111,5.756261398));
#1709=CARTESIAN_POINT('',(-5.892254238,40.031976396,5.874048654));
#1710=CARTESIAN_POINT('',(-5.892254238,39.968213047,5.922864576));
#1711=CARTESIAN_POINT('',(-5.892254238,39.82710833,5.993487567));
#1712=CARTESIAN_POINT('',(-5.892254238,39.749815001,6.015270592));
#1713=CARTESIAN_POINT('',(-5.892254238,39.592597887,6.028721506));
#1714=CARTESIAN_POINT('',(-5.892254238,39.512727627,6.020384816));
#1715=CARTESIAN_POINT('',(-5.892254238,39.437202298,5.997571186));
#1716=CARTESIAN_POINT('',(-5.967945601,40.201668822,5.622826583));
#1717=CARTESIAN_POINT('',(-5.967687998,40.173740932,5.695711782));
#1718=CARTESIAN_POINT('',(-5.966550096,40.132015994,5.763280091));
#1719=CARTESIAN_POINT('',(-5.962673449,40.026707386,5.87850182));
#1720=CARTESIAN_POINT('',(-5.959936024,39.963158026,5.926117742));
#1721=CARTESIAN_POINT('',(-5.953247286,39.823001446,5.99481994));
#1722=CARTESIAN_POINT('',(-5.949298251,39.74643987,6.015883864));
#1723=CARTESIAN_POINT('',(-5.940745266,39.590868979,6.028544918));
#1724=CARTESIAN_POINT('',(-5.93614423,39.51191032,6.020137935));
#1725=CARTESIAN_POINT('',(-5.931541626,39.437202298,5.997571186));
#1726=CARTESIAN_POINT('',(-6.042581665,40.191746893,5.63017187));
#1727=CARTESIAN_POINT('',(-6.041852166,40.162999738,5.701833594));
#1728=CARTESIAN_POINT('',(-6.039431516,40.120909868,5.768102493));
#1729=CARTESIAN_POINT('',(-6.031537487,40.015708375,5.88094157));
#1730=CARTESIAN_POINT('',(-6.026066623,39.952629577,5.92747656));
#1731=CARTESIAN_POINT('',(-6.012820849,39.81400111,5.994518841));
#1732=CARTESIAN_POINT('',(-6.005050155,39.738494678,6.015005228));
#1733=CARTESIAN_POINT('',(-5.988268978,39.58525304,6.027153294));
#1734=CARTESIAN_POINT('',(-5.979263834,39.507565622,6.018811185));
#1735=CARTESIAN_POINT('',(-5.970255823,39.434035805,5.996613893));
#1736=CARTESIAN_POINT('',(-6.189810115,40.159447603,5.640453036));
#1737=CARTESIAN_POINT('',(-6.187785014,40.129348277,5.709748913));
#1738=CARTESIAN_POINT('',(-6.182568577,40.086903566,5.773568468));
#1739=CARTESIAN_POINT('',(-6.166429862,39.982799555,5.882025121));
#1740=CARTESIAN_POINT('',(-6.155512262,39.921170074,5.926631174));
#1741=CARTESIAN_POINT('',(-6.129396574,39.78670482,5.990846888));
#1742=CARTESIAN_POINT('',(-6.114206052,39.713907545,6.01043817));
#1743=CARTESIAN_POINT('',(-6.081529621,39.566571345,6.0220614));
#1744=CARTESIAN_POINT('',(-6.064053177,39.492074593,6.014090021));
#1745=CARTESIAN_POINT('',(-6.046571669,39.4215523,5.992849576));
#1746=CARTESIAN_POINT('',(-6.26275502,40.136927547,5.643391762));
#1747=CARTESIAN_POINT('',(-6.259900929,40.106293183,5.711539706));
#1748=CARTESIAN_POINT('',(-6.253163168,40.063859393,5.774203956));
#1749=CARTESIAN_POINT('',(-6.232775495,39.960752695,5.880651884));
#1750=CARTESIAN_POINT('',(-6.219131228,39.900108074,5.92440636));
#1751=CARTESIAN_POINT('',(-6.186672244,39.76829385,5.98745102));
#1752=CARTESIAN_POINT('',(-6.167866507,39.697160396,6.006723908));
#1753=CARTESIAN_POINT('',(-6.127486993,39.553421531,6.018336681));
#1754=CARTESIAN_POINT('',(-6.105924382,39.480855532,6.010673374));
#1755=CARTESIAN_POINT('',(-6.084355808,39.412173448,5.990023858));
#1756=CARTESIAN_POINT('',(-6.404939553,40.079174242,5.644560834));
#1757=CARTESIAN_POINT('',(-6.400166572,40.047845335,5.710563179));
#1758=CARTESIAN_POINT('',(-6.390245494,40.005871255,5.771125686));
#1759=CARTESIAN_POINT('',(-6.36131378,39.90572001,5.87403268));
#1760=CARTESIAN_POINT('',(-6.342310495,39.847568108,5.91635121));
#1761=CARTESIAN_POINT('',(-6.297539378,39.722157392,5.977590573));
#1762=CARTESIAN_POINT('',(-6.271782915,39.654930199,5.996495956));
#1763=CARTESIAN_POINT('',(-6.2166591,39.519576033,6.008586999));
#1764=CARTESIAN_POINT('',(-6.187305744,39.45148318,6.001769604));
#1765=CARTESIAN_POINT('',(-6.157944934,39.387098607,5.982501934));
#1766=CARTESIAN_POINT('',(-6.472770427,40.044583125,5.642803254));
#1767=CARTESIAN_POINT('',(-6.466928961,40.013100212,5.707829008));
#1768=CARTESIAN_POINT('',(-6.45537918,39.971568374,5.767465292));
#1769=CARTESIAN_POINT('',(-6.422239147,39.873341118,5.86887338));
#1770=CARTESIAN_POINT('',(-6.400656968,39.8166695,5.910620603));
#1771=CARTESIAN_POINT('',(-6.35003857,39.694941485,5.971241031));
#1772=CARTESIAN_POINT('',(-6.321014676,39.629914571,5.990099537));
#1773=CARTESIAN_POINT('',(-6.258993505,39.499257488,6.002671777));
#1774=CARTESIAN_POINT('',(-6.226011326,39.433658959,5.996382455));
#1775=CARTESIAN_POINT('',(-6.193021111,39.371685356,5.977890724));
#1776=CARTESIAN_POINT('',(-6.60200676,39.964106914,5.634716926));
#1777=CARTESIAN_POINT('',(-6.593921968,39.932721947,5.698010593));
#1778=CARTESIAN_POINT('',(-6.579120949,39.892508421,5.7560591));
#1779=CARTESIAN_POINT('',(-6.537784088,39.799025497,5.855023513));
#1780=CARTESIAN_POINT('',(-6.511257572,39.745777084,5.895917195));
#1781=CARTESIAN_POINT('',(-6.449529913,39.632357215,5.955847906));
#1782=CARTESIAN_POINT('',(-6.414342691,39.572211208,5.974871471));
#1783=CARTESIAN_POINT('',(-6.339355615,39.451925787,5.988857474));
#1784=CARTESIAN_POINT('',(-6.29957267,39.391813353,5.983816764));
#1785=CARTESIAN_POINT('',(-6.259780748,39.335168313,5.967030126));
#1786=CARTESIAN_POINT('',(-6.663916402,39.917759152,5.628308151));
#1787=CARTESIAN_POINT('',(-6.654645747,39.886630558,5.690840856));
#1788=CARTESIAN_POINT('',(-6.638207874,39.847303118,5.748223402));
#1789=CARTESIAN_POINT('',(-6.592848551,39.75667007,5.846237705));
#1790=CARTESIAN_POINT('',(-6.563936957,39.705384082,5.886848224));
#1791=CARTESIAN_POINT('',(-6.496904331,39.59663525,5.946710482));
#1792=CARTESIAN_POINT('',(-6.45879786,39.539195938,5.965949245));
#1793=CARTESIAN_POINT('',(-6.377693622,39.42464007,5.980878456));
#1794=CARTESIAN_POINT('',(-6.33471347,39.367548297,5.97656566));
#1795=CARTESIAN_POINT('',(-6.291723981,39.313849135,5.960717175));
#1796=CARTESIAN_POINT('',(-6.778344162,39.814932987,5.610937061));
#1797=CARTESIAN_POINT('',(-6.766756878,39.784726993,5.672237726));
#1798=CARTESIAN_POINT('',(-6.747204435,39.747586207,5.728610944));
#1799=CARTESIAN_POINT('',(-6.69430018,39.663475637,5.825367514));
#1800=CARTESIAN_POINT('',(-6.66095913,39.6165229,5.865731236));
#1801=CARTESIAN_POINT('',(-6.584132123,39.517929155,5.926036431));
#1802=CARTESIAN_POINT('',(-6.540661789,39.466308119,5.945965665));
#1803=CARTESIAN_POINT('',(-6.448343745,39.36403114,5.963207614));
#1804=CARTESIAN_POINT('',(-6.399514808,39.313395908,5.960516823));
#1805=CARTESIAN_POINT('',(-6.350675939,39.26601671,5.946659976));
#1806=CARTESIAN_POINT('',(-6.830241937,39.759185478,5.600126238));
#1807=CARTESIAN_POINT('',(-6.817538744,39.729635923,5.660960837));
#1808=CARTESIAN_POINT('',(-6.796527077,39.693778091,5.716993914));
#1809=CARTESIAN_POINT('',(-6.740143179,39.613291796,5.813444525));
#1810=CARTESIAN_POINT('',(-6.70478208,39.568679185,5.85384304));
#1811=CARTESIAN_POINT('',(-6.623518392,39.475499056,5.91465122));
#1812=CARTESIAN_POINT('',(-6.577631845,39.426949885,5.93504889));
#1813=CARTESIAN_POINT('',(-6.480276051,39.331138827,5.95364183));
#1814=CARTESIAN_POINT('',(-6.428826022,39.283895801,5.951833428));
#1815=CARTESIAN_POINT('',(-6.37736583,39.239847739,5.93901657));
#1816=CARTESIAN_POINT('',(-6.923462496,39.639040258,5.574335261));
#1817=CARTESIAN_POINT('',(-6.908722187,39.611142185,5.63454476));
#1818=CARTESIAN_POINT('',(-6.885064375,39.578190993,5.690228383));
#1819=CARTESIAN_POINT('',(-6.822393562,39.505632113,5.786711306));
#1820=CARTESIAN_POINT('',(-6.783392343,39.466038029,5.82749249));
#1821=CARTESIAN_POINT('',(-6.694145943,39.3843648,5.889862277));
#1822=CARTESIAN_POINT('',(-6.643917537,39.342300964,5.911439166));
#1823=CARTESIAN_POINT('',(-6.537514456,39.260120835,5.933116025));
#1824=CARTESIAN_POINT('',(-6.481359781,39.220019942,5.933211918));
#1825=CARTESIAN_POINT('',(-6.425194544,39.183006197,5.922559644));
#1826=CARTESIAN_POINT('',(-6.965156116,39.573826785,5.559145155));
#1827=CARTESIAN_POINT('',(-6.949486214,39.546938145,5.619196715));
#1828=CARTESIAN_POINT('',(-6.924630688,39.515632263,5.674874038));
#1829=CARTESIAN_POINT('',(-6.859127141,39.447431865,5.77170516));
#1830=CARTESIAN_POINT('',(-6.818491183,39.410549892,5.812841132));
#1831=CARTESIAN_POINT('',(-6.725666697,39.335045855,5.876286851));
#1832=CARTESIAN_POINT('',(-6.673495263,39.296437673,5.898584916));
#1833=CARTESIAN_POINT('',(-6.563046481,39.221510957,5.92201808));
#1834=CARTESIAN_POINT('',(-6.504789472,39.185206196,5.92314886));
#1835=CARTESIAN_POINT('',(-6.446521733,39.151941437,5.91363481));
#1836=CARTESIAN_POINT('',(-7.034634014,39.438636282,5.525445079));
#1837=CARTESIAN_POINT('',(-7.017465899,39.413970808,5.585508713));
#1838=CARTESIAN_POINT('',(-6.990646543,39.386144088,5.641516636));
#1839=CARTESIAN_POINT('',(-6.920449479,39.327013387,5.739691727));
#1840=CARTESIAN_POINT('',(-6.877084341,39.295719978,5.781841322));
#1841=CARTESIAN_POINT('',(-6.778257774,39.232876141,5.847952645));
#1842=CARTESIAN_POINT('',(-6.722814041,39.201336944,5.871902536));
#1843=CARTESIAN_POINT('',(-6.605538345,39.141247707,5.899140286));
#1844=CARTESIAN_POINT('',(-6.54372738,39.112708402,5.902423264));
#1845=CARTESIAN_POINT('',(-6.481905345,39.087132708,5.895202049));
#1846=CARTESIAN_POINT('',(-7.062589567,39.368787328,5.506999212));
#1847=CARTESIAN_POINT('',(-7.044848958,39.345330895,5.567227971));
#1848=CARTESIAN_POINT('',(-7.017258544,39.319333247,5.623567542));
#1849=CARTESIAN_POINT('',(-6.945189158,39.264904064,5.722728201));
#1850=CARTESIAN_POINT('',(-6.900722982,39.236482189,5.765531684));
#1851=CARTESIAN_POINT('',(-6.799458101,39.1801193,5.833223923));
#1852=CARTESIAN_POINT('',(-6.742677376,39.15218829,5.858100661));
#1853=CARTESIAN_POINT('',(-6.622604462,39.099672477,5.887380748));
#1854=CARTESIAN_POINT('',(-6.559333591,39.075096995,5.891778898));
#1855=CARTESIAN_POINT('',(-6.496051483,39.053455654,5.885711051));
#1856=CARTESIAN_POINT('',(-7.104940783,39.224570915,5.466960132));
#1857=CARTESIAN_POINT('',(-7.086470015,39.20361854,5.527816662));
#1858=CARTESIAN_POINT('',(-7.057801767,39.181381564,5.5851377));
#1859=CARTESIAN_POINT('',(-6.982985573,39.136599451,5.686879898));
#1860=CARTESIAN_POINT('',(-6.93685086,39.114062232,5.731283064));
#1861=CARTESIAN_POINT('',(-6.831819616,39.070986944,5.802638192));
#1862=CARTESIAN_POINT('',(-6.772941661,39.050456489,5.829577535));
#1863=CARTESIAN_POINT('',(-6.648448356,39.013497293,5.863240276));
#1864=CARTESIAN_POINT('',(-6.582855022,38.997075085,5.869957721));
#1865=CARTESIAN_POINT('',(-6.517250085,38.983545038,5.866219641));
#1866=CARTESIAN_POINT('',(-7.119274576,39.149844503,5.445246231));
#1867=CARTESIAN_POINT('',(-7.100649401,39.130193222,5.506570036));
#1868=CARTESIAN_POINT('',(-7.071677386,39.109896892,5.564546528));
#1869=CARTESIAN_POINT('',(-6.99599215,39.070083543,5.667897019));
#1870=CARTESIAN_POINT('',(-6.949292372,39.050573605,5.713252663));
#1871=CARTESIAN_POINT('',(-6.842937457,39.014337086,5.786703212));
#1872=CARTESIAN_POINT('',(-6.783301211,38.997616955,5.814785075));
#1873=CARTESIAN_POINT('',(-6.657188345,38.968678969,5.850800865));
#1874=CARTESIAN_POINT('',(-6.590734124,38.95646627,5.8587284));
#1875=CARTESIAN_POINT('',(-6.524268099,38.947133321,5.856171971));
#1876=CARTESIAN_POINT('',(-7.126078573,39.074934551,5.422530529));
#1877=CARTESIAN_POINT('',(-7.10753287,39.056528268,5.484446878));
#1878=CARTESIAN_POINT('',(-7.078517893,39.038125289,5.543215266));
#1879=CARTESIAN_POINT('',(-7.002522209,39.003211477,5.648434829));
#1880=CARTESIAN_POINT('',(-6.955555148,38.986706912,5.694867108));
#1881=CARTESIAN_POINT('',(-6.848494742,38.957293491,5.770619301));
#1882=CARTESIAN_POINT('',(-6.788420623,38.944389916,5.799925612));
#1883=CARTESIAN_POINT('',(-6.661339626,38.923511113,5.838395997));
#1884=CARTESIAN_POINT('',(-6.594355569,38.915539634,5.847553162));
#1885=CARTESIAN_POINT('',(-6.527359482,38.910444449,5.846163187));
#1886=B_SPLINE_SURFACE_WITH_KNOTS('',3,3,((#1706,#1707,#1708,#1709,#1710,#1711,#1712,#1713,#1714,#1715),(#1716,#1717,#1718,#1719,#1720,#1721,#1722,#1723,#1724,#1725),(#1726,#1727,#1728,#1729,#1730,#1731,#1732,#1733,#1734,#1735),(#1736,#1737,#1738,#1739,#1740,#1741,#1742,#1743,#1744,#1745),(#1746,#1747,#1748,#1749,#1750,#1751,#1752,#1753,#1754,#1755),(#1756,#1757,#1758,#1759,#1760,#1761,#1762,#1763,#1764,#1765),(#1766,#1767,#1768,#1769,#1770,#1771,#1772,#1773,#1774,#1775),(#1776,#1777,#1778,#1779,#1780,#1781,#1782,#1783,#1784,#1785),(#1786,#1787,#1788,#1789,#1790,#1791,#1792,#1793,#1794,#1795),(#1796,#1797,#1798,#1799,#1800,#1801,#1802,#1803,#1804,#1805),(#1806,#1807,#1808,#1809,#1810,#1811,#1812,#1813,#1814,#1815),(#1816,#1817,#1818,#1819,#1820,#1821,#1822,#1823,#1824,#1825),(#1826,#1827,#1828,#1829,#1830,#1831,#1832,#1833,#1834,#1835),(#1836,#1837,#1838,#1839,#1840,#1841,#1842,#1843,#1844,#1845),(#1846,#1847,#1848,#1849,#1850,#1851,#1852,#1853,#1854,#1855),(#1856,#1857,#1858,#1859,#1860,#1861,#1862,#1863,#1864,#1865),(#1866,#1867,#1868,#1869,#1870,#1871,#1872,#1873,#1874,#1875),(#1876,#1877,#1878,#1879,#1880,#1881,#1882,#1883,#1884,#1885)),.UNSPECIFIED.,.F.,.F.,.U.,(4,2,2,2,2,2,2,2,4),(4,2,2,2,4),(-0.,0.000116231,0.000232462,0.000348693,0.000464924,0.000581155,0.000697386,0.000813616,0.000929847),(0.,0.25,0.5,0.75,1.),.UNSPECIFIED.);
#1887=ORIENTED_EDGE('',*,*,#1499,.T.);
#1888=ORIENTED_EDGE('',*,*,#911,.F.);
#1889=CARTESIAN_POINT('',(-5.892254238,39.617928398,6.02427103));
#1890=VERTEX_POINT('',#1889);
#1891=CARTESIAN_POINT('',(-5.892254238,39.617928398,5.39927103));
#1892=DIRECTION('',(1.,0.,-0.));
#1893=DIRECTION('',(0.,0.,1.));
#1894=AXIS2_PLACEMENT_3D('',#1891,#1892,#1893);
#1895=CIRCLE('',#1894,0.625);
#1896=EDGE_CURVE('',#1890,#894,#1895,.T.);
#1897=ORIENTED_EDGE('',*,*,#1896,.F.);
#1898=CARTESIAN_POINT('',(-5.892254238,39.617928398,5.39927103));
#1899=DIRECTION('',(1.,0.,-0.));
#1900=DIRECTION('',(0.,0.,1.));
#1901=AXIS2_PLACEMENT_3D('',#1898,#1899,#1900);
#1902=CIRCLE('',#1901,0.625);
#1903=EDGE_CURVE('',#820,#1890,#1902,.T.);
#1904=ORIENTED_EDGE('',*,*,#1903,.F.);
#1905=ORIENTED_EDGE('',*,*,#1110,.F.);
#1906=EDGE_LOOP('',(#1887,#1888,#1897,#1904,#1905));
#1907=FACE_BOUND('',#1906,.T.);
#1908=ADVANCED_FACE('',(#1907),#1886,.T.);
#1909=CARTESIAN_POINT('',(6.52679895,38.910444449,5.846163187));
#1910=CARTESIAN_POINT('',(6.593795038,38.915539634,5.847553162));
#1911=CARTESIAN_POINT('',(6.660779094,38.923511113,5.838395997));
#1912=CARTESIAN_POINT('',(6.787860091,38.944389916,5.799925612));
#1913=CARTESIAN_POINT('',(6.847934211,38.957293491,5.770619301));
#1914=CARTESIAN_POINT('',(6.954994616,38.986706912,5.694867108));
#1915=CARTESIAN_POINT('',(7.001961677,39.003211477,5.648434829));
#1916=CARTESIAN_POINT('',(7.077957362,39.038125289,5.543215266));
#1917=CARTESIAN_POINT('',(7.106972339,39.056528268,5.484446878));
#1918=CARTESIAN_POINT('',(7.125518041,39.074934551,5.422530529));
#1919=CARTESIAN_POINT('',(6.594579479,38.106017719,5.626714275));
#1920=CARTESIAN_POINT('',(6.66146893,38.110385733,5.627678171));
#1921=CARTESIAN_POINT('',(6.72834649,38.117176782,5.618029216));
#1922=CARTESIAN_POINT('',(6.855259927,38.134913232,5.578489539));
#1923=CARTESIAN_POINT('',(6.915273243,38.145855484,5.548605848));
#1924=CARTESIAN_POINT('',(7.022294931,38.170773519,5.471657603));
#1925=CARTESIAN_POINT('',(7.069284279,38.184744879,5.42460673));
#1926=CARTESIAN_POINT('',(7.145429554,38.214289246,5.318148488));
#1927=CARTESIAN_POINT('',(7.174571946,38.229857011,5.258760046));
#1928=CARTESIAN_POINT('',(7.19329857,38.245427537,5.196239675));
#1929=CARTESIAN_POINT('',(6.646592668,37.292508285,5.45864673));
#1930=CARTESIAN_POINT('',(6.713395876,37.296066816,5.459257879));
#1931=CARTESIAN_POINT('',(6.780187298,37.301577071,5.449204227));
#1932=CARTESIAN_POINT('',(6.906965155,37.315941947,5.408788165));
#1933=CARTESIAN_POINT('',(6.966929241,37.32479404,5.378432879));
#1934=CARTESIAN_POINT('',(7.073919498,37.34493939,5.300509906));
#1935=CARTESIAN_POINT('',(7.120926807,37.356229101,5.252955957));
#1936=CARTESIAN_POINT('',(7.197193064,37.380097124,5.145491452));
#1937=CARTESIAN_POINT('',(7.226438566,37.392671236,5.085599841));
#1938=CARTESIAN_POINT('',(7.245311764,37.405247554,5.022589362));
#1939=CARTESIAN_POINT('',(6.699073157,36.056678619,5.289159087));
#1940=CARTESIAN_POINT('',(6.765787988,36.0589361,5.289407036));
#1941=CARTESIAN_POINT('',(6.832491146,36.062418152,5.278937465));
#1942=CARTESIAN_POINT('',(6.959130078,36.07147944,5.237621828));
#1943=CARTESIAN_POINT('',(7.019043716,36.077057093,5.206782985));
#1944=CARTESIAN_POINT('',(7.126001748,36.089742641,5.127861245));
#1945=CARTESIAN_POINT('',(7.173027445,36.096848321,5.079792144));
#1946=CARTESIAN_POINT('',(7.249417655,36.111867265,4.971297545));
#1947=CARTESIAN_POINT('',(7.278768815,36.119777906,4.910891013));
#1948=CARTESIAN_POINT('',(7.297792246,36.127689923,4.847378971));
#1949=CARTESIAN_POINT('',(6.712314006,35.641010896,5.246420533));
#1950=CARTESIAN_POINT('',(6.779006138,35.642819286,5.246574952));
#1951=CARTESIAN_POINT('',(6.845686634,35.645605861,5.235998472));
#1952=CARTESIAN_POINT('',(6.972289897,35.652853998,5.194451902));
#1953=CARTESIAN_POINT('',(7.032190583,35.657314297,5.163489058));
#1954=CARTESIAN_POINT('',(7.139140341,35.667456964,5.084311377));
#1955=CARTESIAN_POINT('',(7.186170759,35.673137564,5.036110351));
#1956=CARTESIAN_POINT('',(7.262592794,35.685143683,4.927352038));
#1957=CARTESIAN_POINT('',(7.291971082,35.691467109,4.866813721));
#1958=CARTESIAN_POINT('',(7.311033096,35.697791638,4.803173307));
#1959=CARTESIAN_POINT('',(6.729799213,34.813271824,5.189990528));
#1960=CARTESIAN_POINT('',(6.796461371,34.814173906,5.19002084));
#1961=CARTESIAN_POINT('',(6.86311193,34.815561668,5.17930253));
#1962=CARTESIAN_POINT('',(6.98966807,34.819168648,5.137449627));
#1963=CARTESIAN_POINT('',(7.049551641,34.821387238,5.106322312));
#1964=CARTESIAN_POINT('',(7.156490458,34.826430953,5.026805188));
#1965=CARTESIAN_POINT('',(7.203527105,34.829255201,4.978429207));
#1966=CARTESIAN_POINT('',(7.27999118,34.835223753,4.869321189));
#1967=CARTESIAN_POINT('',(7.309405309,34.83836702,4.808608127));
#1968=CARTESIAN_POINT('',(7.328518305,34.841510834,4.744797505));
#1969=CARTESIAN_POINT('',(6.734099954,34.400464708,5.176119307));
#1970=CARTESIAN_POINT('',(6.800754906,34.400908842,5.176118589));
#1971=CARTESIAN_POINT('',(6.867398252,34.401592127,5.165364797));
#1972=CARTESIAN_POINT('',(6.993943019,34.403368114,5.123435217));
#1973=CARTESIAN_POINT('',(7.053822448,34.404460508,5.092266716));
#1974=CARTESIAN_POINT('',(7.1607586,34.406943964,5.012664574));
#1975=CARTESIAN_POINT('',(7.207796738,34.408334595,4.964244766));
#1976=CARTESIAN_POINT('',(7.284270948,34.411273463,4.855049164));
#1977=CARTESIAN_POINT('',(7.313693728,34.41282119,4.794292346));
#1978=CARTESIAN_POINT('',(7.332819042,34.414369191,4.730439139));
#1979=CARTESIAN_POINT('',(6.733857281,33.164897048,5.176902303));
#1980=CARTESIAN_POINT('',(6.800512654,33.163970753,5.176903324));
#1981=CARTESIAN_POINT('',(6.867156418,33.162545735,5.166151516));
#1982=CARTESIAN_POINT('',(6.993701846,33.158841916,5.124226217));
#1983=CARTESIAN_POINT('',(7.053581515,33.15656376,5.093060014));
#1984=CARTESIAN_POINT('',(7.160517821,33.151384628,5.013462609));
#1985=CARTESIAN_POINT('',(7.207555873,33.148484554,4.965045242));
#1986=CARTESIAN_POINT('',(7.284029495,33.142355761,4.855854517));
#1987=CARTESIAN_POINT('',(7.313451775,33.139128109,4.795100135));
#1988=CARTESIAN_POINT('',(7.332576376,33.135899901,4.731249301));
#1989=CARTESIAN_POINT('',(6.71617634,32.344978682,5.233924748));
#1990=CARTESIAN_POINT('',(6.782862457,32.343143922,5.234054313));
#1991=CARTESIAN_POINT('',(6.849536932,32.34032088,5.223449149));
#1992=CARTESIAN_POINT('',(6.976130711,32.332982886,5.181840213));
#1993=CARTESIAN_POINT('',(7.036027948,32.32846921,5.150843694));
#1994=CARTESIAN_POINT('',(7.142975499,32.318207621,5.071596261));
#1995=CARTESIAN_POINT('',(7.19000717,32.312461492,5.023359162));
#1996=CARTESIAN_POINT('',(7.266437664,32.300317953,4.914528639));
#1997=CARTESIAN_POINT('',(7.295823164,32.293922653,4.853954186));
#1998=CARTESIAN_POINT('',(7.314895429,32.287526245,4.790278592));
#1999=CARTESIAN_POINT('',(6.664066117,31.119545642,5.402217023));
#2000=CARTESIAN_POINT('',(6.730839981,31.116420967,5.402707188));
#2001=CARTESIAN_POINT('',(6.797602089,31.111587003,5.392514974));
#2002=CARTESIAN_POINT('',(6.924333802,31.098990513,5.351799193));
#2003=CARTESIAN_POINT('',(6.984281128,31.091230202,5.321282783));
#2004=CARTESIAN_POINT('',(7.091260673,31.073572112,5.243027003));
#2005=CARTESIAN_POINT('',(7.138274085,31.063677435,5.195301389));
#2006=CARTESIAN_POINT('',(7.21458151,31.042759843,5.087493628));
#2007=CARTESIAN_POINT('',(7.243862107,31.031740603,5.027430433));
#2008=CARTESIAN_POINT('',(7.262785209,31.020719431,4.964252834));
#2009=CARTESIAN_POINT('',(6.642429409,30.71181108,5.472114914));
#2010=CARTESIAN_POINT('',(6.709239187,30.708268401,5.472752987));
#2011=CARTESIAN_POINT('',(6.776037179,30.702778316,5.46273038));
#2012=CARTESIAN_POINT('',(6.902825382,30.688460796,5.422381771));
#2013=CARTESIAN_POINT('',(6.962793227,30.679635885,5.392062887));
#2014=CARTESIAN_POINT('',(7.069785886,30.659549834,5.314215291));
#2015=CARTESIAN_POINT('',(7.116791826,30.648292237,5.266700311));
#2016=CARTESIAN_POINT('',(7.193048851,30.624490982,5.15931381));
#2017=CARTESIAN_POINT('',(7.222286484,30.611951522,5.099461232));
#2018=CARTESIAN_POINT('',(7.2411485,30.599409851,5.036488762));
#2019=CARTESIAN_POINT('',(6.60365652,30.10119614,5.597470121));
#2020=CARTESIAN_POINT('',(6.670529729,30.097050631,5.598365763));
#2021=CARTESIAN_POINT('',(6.737391069,30.090604946,5.588639102));
#2022=CARTESIAN_POINT('',(6.864278965,30.073769799,5.548932021));
#2023=CARTESIAN_POINT('',(6.924283,30.063383325,5.518958648));
#2024=CARTESIAN_POINT('',(7.031298745,30.039730577,5.441825584));
#2025=CARTESIAN_POINT('',(7.078291461,30.026468499,5.394679582));
#2026=CARTESIAN_POINT('',(7.154459514,29.998423854,5.288031332));
#2027=CARTESIAN_POINT('',(7.183621332,29.983646263,5.228548012));
#2028=CARTESIAN_POINT('',(7.20237561,29.96886605,5.165935232));
#2029=CARTESIAN_POINT('',(6.589664442,29.897647144,5.642720466));
#2030=CARTESIAN_POINT('',(6.65656035,29.893304538,5.643708025));
#2031=CARTESIAN_POINT('',(6.723444359,29.8865448,5.634087076));
#2032=CARTESIAN_POINT('',(6.85036793,29.868880369,5.594609296));
#2033=CARTESIAN_POINT('',(6.910384916,29.857978816,5.564759486));
#2034=CARTESIAN_POINT('',(7.017408919,29.833148688,5.487882046));
#2035=CARTESIAN_POINT('',(7.064396901,29.81922453,5.44086809));
#2036=CARTESIAN_POINT('',(7.140533113,29.789777897,5.334484079));
#2037=CARTESIAN_POINT('',(7.169667802,29.774260659,5.275132947));
#2038=CARTESIAN_POINT('',(7.188383533,29.758740661,5.212648931));
#2039=CARTESIAN_POINT('',(6.559709166,29.492435652,5.739632962));
#2040=CARTESIAN_POINT('',(6.626653188,29.487709152,5.740814416));
#2041=CARTESIAN_POINT('',(6.693585248,29.480334142,5.731416727));
#2042=CARTESIAN_POINT('',(6.820584431,29.461040859,5.6924236));
#2043=CARTESIAN_POINT('',(6.880628861,29.449126032,5.662835129));
#2044=CARTESIAN_POINT('',(6.987670356,29.421977744,5.586498577));
#2045=CARTESIAN_POINT('',(7.034648295,29.406749133,5.539764137));
#2046=CARTESIAN_POINT('',(7.110717016,29.374539395,5.433939592));
#2047=CARTESIAN_POINT('',(7.139794205,29.357564022,5.374868398));
#2048=CARTESIAN_POINT('',(7.158428257,29.340585616,5.312657074));
#2049=CARTESIAN_POINT('',(6.543738446,29.290626052,5.79131921));
#2050=CARTESIAN_POINT('',(6.610707883,29.285712599,5.7926027));
#2051=CARTESIAN_POINT('',(6.677665324,29.278036129,5.783322629));
#2052=CARTESIAN_POINT('',(6.804704445,29.257942654,5.74458501));
#2053=CARTESIAN_POINT('',(6.864763368,29.245529246,5.715134402));
#2054=CARTESIAN_POINT('',(6.971814098,29.217239298,5.639083295));
#2055=CARTESIAN_POINT('',(7.018786729,29.201367823,5.592496419));
#2056=CARTESIAN_POINT('',(7.094819799,29.167795926,5.48696729));
#2057=CARTESIAN_POINT('',(7.123866618,29.150101515,5.428043939));
#2058=CARTESIAN_POINT('',(7.142457537,29.132403935,5.365976635));
#2059=CARTESIAN_POINT('',(6.52679895,29.08958627,5.846163187));
#2060=CARTESIAN_POINT('',(6.593795038,29.084491085,5.847553162));
#2061=CARTESIAN_POINT('',(6.660779094,29.076519606,5.838395997));
#2062=CARTESIAN_POINT('',(6.787860091,29.055640803,5.799925612));
#2063=CARTESIAN_POINT('',(6.847934211,29.042737228,5.770619301));
#2064=CARTESIAN_POINT('',(6.954994616,29.013323807,5.694867108));
#2065=CARTESIAN_POINT('',(7.001961677,28.996819242,5.648434829));
#2066=CARTESIAN_POINT('',(7.077957362,28.96190543,5.543215266));
#2067=CARTESIAN_POINT('',(7.106972339,28.943502452,5.484446878));
#2068=CARTESIAN_POINT('',(7.125518041,28.925096168,5.422530529));
#2069=B_SPLINE_SURFACE_WITH_KNOTS('',3,3,((#1909,#1910,#1911,#1912,#1913,#1914,#1915,#1916,#1917,#1918),(#1919,#1920,#1921,#1922,#1923,#1924,#1925,#1926,#1927,#1928),(#1929,#1930,#1931,#1932,#1933,#1934,#1935,#1936,#1937,#1938),(#1939,#1940,#1941,#1942,#1943,#1944,#1945,#1946,#1947,#1948),(#1949,#1950,#1951,#1952,#1953,#1954,#1955,#1956,#1957,#1958),(#1959,#1960,#1961,#1962,#1963,#1964,#1965,#1966,#1967,#1968),(#1969,#1970,#1971,#1972,#1973,#1974,#1975,#1976,#1977,#1978),(#1979,#1980,#1981,#1982,#1983,#1984,#1985,#1986,#1987,#1988),(#1989,#1990,#1991,#1992,#1993,#1994,#1995,#1996,#1997,#1998),(#1999,#2000,#2001,#2002,#2003,#2004,#2005,#2006,#2007,#2008),(#2009,#2010,#2011,#2012,#2013,#2014,#2015,#2016,#2017,#2018),(#2019,#2020,#2021,#2022,#2023,#2024,#2025,#2026,#2027,#2028),(#2029,#2030,#2031,#2032,#2033,#2034,#2035,#2036,#2037,#2038),(#2039,#2040,#2041,#2042,#2043,#2044,#2045,#2046,#2047,#2048),(#2049,#2050,#2051,#2052,#2053,#2054,#2055,#2056,#2057,#2058),(#2059,#2060,#2061,#2062,#2063,#2064,#2065,#2066,#2067,#2068)),.UNSPECIFIED.,.F.,.F.,.U.,(4,2,2,2,2,2,2,4),(4,2,2,2,4),(-0.,0.002577988,0.003866982,0.005155976,0.007733964,0.009022958,0.009667455,0.010311952),(0.,0.25,0.5,0.75,1.),.UNSPECIFIED.);
#2070=ORIENTED_EDGE('',*,*,#1700,.T.);
#2071=ORIENTED_EDGE('',*,*,#64,.F.);
#2072=CARTESIAN_POINT('',(6.52679895,39.074934551,5.243197179));
#2073=DIRECTION('',(-0.078587315,0.96176188,0.262370195));
#2074=DIRECTION('',(-0.,0.263184162,-0.964745612));
#2075=AXIS2_PLACEMENT_3D('',#2072,#2073,#2074);
#2076=CIRCLE('',#2075,0.625);
#2077=EDGE_CURVE('',#855,#35,#2076,.T.);
#2078=ORIENTED_EDGE('',*,*,#2077,.F.);
#2079=ORIENTED_EDGE('',*,*,#876,.F.);
#2080=EDGE_LOOP('',(#2070,#2071,#2078,#2079));
#2081=FACE_BOUND('',#2080,.T.);
#2082=ADVANCED_FACE('',(#2081),#2069,.T.);
#2083=CARTESIAN_POINT('',(5.891693707,39.617928398,5.39927103));
#2084=DIRECTION('',(1.,0.,-0.));
#2085=DIRECTION('',(0.,0.,1.));
#2086=AXIS2_PLACEMENT_3D('',#2083,#2084,#2085);
#2087=CYLINDRICAL_SURFACE('',#2086,0.625);
#2088=CARTESIAN_POINT('',(5.891693707,39.617928398,6.02427103));
#2089=VERTEX_POINT('',#2088);
#2090=CARTESIAN_POINT('',(5.891693707,39.617928398,6.02427103));
#2091=DIRECTION('',(-1.,-0.,-0.));
#2092=VECTOR('',#2091,11.783947945);
#2093=LINE('',#2090,#2092);
#2094=EDGE_CURVE('',#2089,#1890,#2093,.T.);
#2095=ORIENTED_EDGE('',*,*,#2094,.T.);
#2096=ORIENTED_EDGE('',*,*,#1896,.T.);
#2097=ORIENTED_EDGE('',*,*,#899,.F.);
#2098=CARTESIAN_POINT('',(5.891693707,39.617928398,5.39927103));
#2099=DIRECTION('',(1.,-0.,0.));
#2100=DIRECTION('',(-0.,-0.,1.));
#2101=AXIS2_PLACEMENT_3D('',#2098,#2099,#2100);
#2102=CIRCLE('',#2101,0.625);
#2103=EDGE_CURVE('',#2089,#879,#2102,.T.);
#2104=ORIENTED_EDGE('',*,*,#2103,.F.);
#2105=EDGE_LOOP('',(#2095,#2096,#2097,#2104));
#2106=FACE_BOUND('',#2105,.T.);
#2107=ADVANCED_FACE('',(#2106),#2087,.T.);
#2108=CARTESIAN_POINT('',(7.125518041,39.074934551,5.422530529));
#2109=CARTESIAN_POINT('',(7.106972339,39.056528268,5.484446878));
#2110=CARTESIAN_POINT('',(7.077957362,39.038125289,5.543215266));
#2111=CARTESIAN_POINT('',(7.001961677,39.003211477,5.648434829));
#2112=CARTESIAN_POINT('',(6.954994616,38.986706912,5.694867108));
#2113=CARTESIAN_POINT('',(6.847934211,38.957293491,5.770619301));
#2114=CARTESIAN_POINT('',(6.787860091,38.944389916,5.799925612));
#2115=CARTESIAN_POINT('',(6.660779094,38.923511113,5.838395997));
#2116=CARTESIAN_POINT('',(6.593795038,38.915539634,5.847553162));
#2117=CARTESIAN_POINT('',(6.52679895,38.910444449,5.846163187));
#2118=CARTESIAN_POINT('',(7.118722166,39.149755083,5.445219115));
#2119=CARTESIAN_POINT('',(7.100097086,39.130105288,5.506543627));
#2120=CARTESIAN_POINT('',(7.07112502,39.109811218,5.564521065));
#2121=CARTESIAN_POINT('',(6.995439413,39.070003718,5.667873787));
#2122=CARTESIAN_POINT('',(6.948739316,39.050497368,5.713230716));
#2123=CARTESIAN_POINT('',(6.84238356,39.014268993,5.786684013));
#2124=CARTESIAN_POINT('',(6.78274679,38.997553418,5.814767337));
#2125=CARTESIAN_POINT('',(6.656632769,38.968625052,5.850786057));
#2126=CARTESIAN_POINT('',(6.590177916,38.956417416,5.85871506));
#2127=CARTESIAN_POINT('',(6.523711258,38.947089526,5.856160023));
#2128=CARTESIAN_POINT('',(7.104699261,39.22306868,5.466527573));
#2129=CARTESIAN_POINT('',(7.08622445,39.202142433,5.527392909));
#2130=CARTESIAN_POINT('',(7.057549039,39.179944492,5.58472652));
#2131=CARTESIAN_POINT('',(6.982713098,39.135262375,5.68649994));
#2132=CARTESIAN_POINT('',(6.936565804,39.1127861,5.730921748));
#2133=CARTESIAN_POINT('',(6.831505404,39.06984848,5.802318194));
#2134=CARTESIAN_POINT('',(6.772610879,39.049394726,5.829280204));
#2135=CARTESIAN_POINT('',(6.648082315,39.012596952,5.862989912));
#2136=CARTESIAN_POINT('',(6.5824703,38.996259438,5.869731648));
#2137=CARTESIAN_POINT('',(6.516846678,38.982813796,5.866017425));
#2138=CARTESIAN_POINT('',(7.062731993,39.366799403,5.506462519));
#2139=CARTESIAN_POINT('',(7.044977834,39.343377437,5.566697714));
#2140=CARTESIAN_POINT('',(7.017368587,39.317431757,5.623048515));
#2141=CARTESIAN_POINT('',(6.94525267,39.263136025,5.722240518));
#2142=CARTESIAN_POINT('',(6.900758802,39.234795609,5.765064111));
#2143=CARTESIAN_POINT('',(6.799432159,39.1786166,5.832803735));
#2144=CARTESIAN_POINT('',(6.74261737,39.150787977,5.85770774));
#2145=CARTESIAN_POINT('',(6.62247299,39.09848721,5.887046933));
#2146=CARTESIAN_POINT('',(6.559164725,39.074024347,5.891476913));
#2147=CARTESIAN_POINT('',(6.49584522,39.052494899,5.88544157));
#2148=CARTESIAN_POINT('',(7.034379377,39.437941274,5.52526507));
#2149=CARTESIAN_POINT('',(7.01720486,39.413287619,5.585329793));
#2150=CARTESIAN_POINT('',(6.990376981,39.385478989,5.641340457));
#2151=CARTESIAN_POINT('',(6.920159361,39.326395018,5.739524349));
#2152=CARTESIAN_POINT('',(6.876782192,39.295130239,5.781680003));
#2153=CARTESIAN_POINT('',(6.77792906,39.232351105,5.847806361));
#2154=CARTESIAN_POINT('',(6.722470795,39.200847968,5.871765228));
#2155=CARTESIAN_POINT('',(6.60516473,39.140834417,5.89902305));
#2156=CARTESIAN_POINT('',(6.543337932,39.112334724,5.902317123));
#2157=CARTESIAN_POINT('',(6.481500061,39.086798314,5.895107502));
#2158=CARTESIAN_POINT('',(6.964953543,39.573229242,5.559002749));
#2159=CARTESIAN_POINT('',(6.949275742,39.546350053,5.619053353));
#2160=CARTESIAN_POINT('',(6.924409987,39.515059357,5.674731116));
#2161=CARTESIAN_POINT('',(6.858882172,39.446898962,5.771566328));
#2162=CARTESIAN_POINT('',(6.818232179,39.410041796,5.812705953));
#2163=CARTESIAN_POINT('',(6.725376925,39.334594106,5.876162164));
#2164=CARTESIAN_POINT('',(6.673188763,39.296017451,5.898467067));
#2165=CARTESIAN_POINT('',(6.562705128,39.221156904,5.921916569));
#2166=CARTESIAN_POINT('',(6.504429998,39.184886772,5.923056848));
#2167=CARTESIAN_POINT('',(6.446144135,39.151656239,5.913553139));
#2168=CARTESIAN_POINT('',(6.924203494,39.637153443,5.573909066));
#2169=CARTESIAN_POINT('',(6.909434353,39.609283303,5.634111998));
#2170=CARTESIAN_POINT('',(6.885739293,39.576378943,5.689793418));
#2171=CARTESIAN_POINT('',(6.822980255,39.503945504,5.786282762));
#2172=CARTESIAN_POINT('',(6.78392807,39.464429997,5.827072581));
#2173=CARTESIAN_POINT('',(6.694570049,39.382936064,5.889470948));
#2174=CARTESIAN_POINT('',(6.644280999,39.340972904,5.911067785));
#2175=CARTESIAN_POINT('',(6.537751624,39.259004216,5.93279449));
#2176=CARTESIAN_POINT('',(6.481531309,39.219014038,5.932920273));
#2177=CARTESIAN_POINT('',(6.42530043,39.182109526,5.922301292));
#2178=CARTESIAN_POINT('',(6.830935442,39.757772208,5.599844522));
#2179=CARTESIAN_POINT('',(6.818205149,39.728240063,5.660668526));
#2180=CARTESIAN_POINT('',(6.797158114,39.692415208,5.716694201));
#2181=CARTESIAN_POINT('',(6.740689969,39.612021147,5.813139237));
#2182=CARTESIAN_POINT('',(6.70528,39.567467763,5.853539593));
#2183=CARTESIAN_POINT('',(6.623909028,39.474424316,5.914361983));
#2184=CARTESIAN_POINT('',(6.577964077,39.42595256,5.934772028));
#2185=CARTESIAN_POINT('',(6.480486538,39.330304395,5.953399674));
#2186=CARTESIAN_POINT('',(6.428973179,39.283146801,5.951613598));
#2187=CARTESIAN_POINT('',(6.377449656,39.239182705,5.938822806));
#2188=CARTESIAN_POINT('',(6.77795625,39.814713427,5.610889385));
#2189=CARTESIAN_POINT('',(6.766365045,39.784510553,5.672188906));
#2190=CARTESIAN_POINT('',(6.746807603,39.747375163,5.728561502));
#2191=CARTESIAN_POINT('',(6.693891608,39.663279204,5.825318189));
#2192=CARTESIAN_POINT('',(6.660543817,39.616335676,5.865682652));
#2193=CARTESIAN_POINT('',(6.583702102,39.517762992,5.925990798));
#2194=CARTESIAN_POINT('',(6.540223803,39.466153802,5.945922242));
#2195=CARTESIAN_POINT('',(6.447889193,39.363901687,5.963169941));
#2196=CARTESIAN_POINT('',(6.399051656,39.313279469,5.960482689));
#2197=CARTESIAN_POINT('',(6.350204183,39.26591308,5.946629857));
#2198=CARTESIAN_POINT('',(6.664396569,39.916888527,5.628170199));
#2199=CARTESIAN_POINT('',(6.655105345,39.885766708,5.690691107));
#2200=CARTESIAN_POINT('',(6.638639509,39.846457148,5.748063714));
#2201=CARTESIAN_POINT('',(6.593212031,39.755878783,5.846064853));
#2202=CARTESIAN_POINT('',(6.564260252,39.704629574,5.886672165));
#2203=CARTESIAN_POINT('',(6.49713854,39.5959674,5.946536456));
#2204=CARTESIAN_POINT('',(6.458983177,39.538577935,5.965780468));
#2205=CARTESIAN_POINT('',(6.377776617,39.424127363,5.980728695));
#2206=CARTESIAN_POINT('',(6.334743046,39.367091003,5.976429665));
#2207=CARTESIAN_POINT('',(6.291700129,39.313446002,5.960598368));
#2208=CARTESIAN_POINT('',(6.603436696,39.962745629,5.6345544));
#2209=CARTESIAN_POINT('',(6.595315565,39.931365285,5.697822313));
#2210=CARTESIAN_POINT('',(6.580463184,39.891175919,5.755847674));
#2211=CARTESIAN_POINT('',(6.538998502,39.797774916,5.854777555));
#2212=CARTESIAN_POINT('',(6.512395545,39.744584218,5.895659884));
#2213=CARTESIAN_POINT('',(6.450497002,39.631303076,5.955583747));
#2214=CARTESIAN_POINT('',(6.415215358,39.571238017,5.974611836));
#2215=CARTESIAN_POINT('',(6.34003004,39.451124303,5.988623524));
#2216=CARTESIAN_POINT('',(6.300143298,39.391102556,5.983603973));
#2217=CARTESIAN_POINT('',(6.26024757,39.334545795,5.96684542));
#2218=CARTESIAN_POINT('',(6.473199063,40.044084678,5.642781228));
#2219=CARTESIAN_POINT('',(6.467342041,40.012599238,5.707792548));
#2220=CARTESIAN_POINT('',(6.455768518,39.971073558,5.76741509));
#2221=CARTESIAN_POINT('',(6.422567105,39.872873773,5.868800813));
#2222=CARTESIAN_POINT('',(6.400947299,39.816223449,5.910539432));
#2223=CARTESIAN_POINT('',(6.350243573,39.694548561,5.971150302));
#2224=CARTESIAN_POINT('',(6.321171991,39.629553451,5.990007864));
#2225=CARTESIAN_POINT('',(6.259050151,39.498964314,6.002586648));
#2226=CARTESIAN_POINT('',(6.226015008,39.433401892,5.996304814));
#2227=CARTESIAN_POINT('',(6.192971825,39.371463188,5.977824221));
#2228=CARTESIAN_POINT('',(6.40447298,40.079076795,5.644540529));
#2229=CARTESIAN_POINT('',(6.399697482,40.047749049,5.710541994));
#2230=CARTESIAN_POINT('',(6.389773407,40.005777248,5.771103919));
#2231=CARTESIAN_POINT('',(6.360834991,39.905632422,5.874010509));
#2232=CARTESIAN_POINT('',(6.341828,39.847484658,5.916329218));
#2233=CARTESIAN_POINT('',(6.297049003,39.722083489,5.977569742));
#2234=CARTESIAN_POINT('',(6.271288367,39.654861701,5.996476108));
#2235=CARTESIAN_POINT('',(6.216155975,39.519518889,6.008569836));
#2236=CARTESIAN_POINT('',(6.186798214,39.451431983,6.001754143));
#2237=CARTESIAN_POINT('',(6.157432998,39.387053237,5.982488435));
#2238=CARTESIAN_POINT('',(6.193630491,40.164896672,5.642865659));
#2239=CARTESIAN_POINT('',(6.191704337,40.134594399,5.712047601));
#2240=CARTESIAN_POINT('',(6.186503516,40.091935285,5.775724224));
#2241=CARTESIAN_POINT('',(6.170238225,39.98739488,5.883876772));
#2242=CARTESIAN_POINT('',(6.159178576,39.925543335,5.928321933));
#2243=CARTESIAN_POINT('',(6.132656328,39.790630595,5.992233354));
#2244=CARTESIAN_POINT('',(6.117201558,39.717607733,6.011681427));
#2245=CARTESIAN_POINT('',(6.08392974,39.569813689,6.02305952));
#2246=CARTESIAN_POINT('',(6.066122498,39.495084469,6.014986284));
#2247=CARTESIAN_POINT('',(6.048310006,39.424323846,5.993668502));
#2248=CARTESIAN_POINT('',(6.04293356,40.198168589,5.63243492));
#2249=CARTESIAN_POINT('',(6.042418841,40.169319494,5.704077578));
#2250=CARTESIAN_POINT('',(6.040145185,40.127068233,5.770285536));
#2251=CARTESIAN_POINT('',(6.032399209,40.021448321,5.88294658));
#2252=CARTESIAN_POINT('',(6.026929525,39.958112548,5.929364766));
#2253=CARTESIAN_POINT('',(6.013564674,39.818902315,5.996149798));
#2254=CARTESIAN_POINT('',(6.005674058,39.743071111,6.016495977));
#2255=CARTESIAN_POINT('',(5.988584234,39.589143335,6.028368662));
#2256=CARTESIAN_POINT('',(5.979390845,39.511094556,6.01989152));
#2257=CARTESIAN_POINT('',(5.970194324,39.4372023,5.997571187));
#2258=CARTESIAN_POINT('',(5.891693707,40.205175674,5.613200076));
#2259=CARTESIAN_POINT('',(5.891693707,40.178170731,5.687330164));
#2260=CARTESIAN_POINT('',(5.891693707,40.136973111,5.756261398));
#2261=CARTESIAN_POINT('',(5.891693707,40.031976396,5.874048654));
#2262=CARTESIAN_POINT('',(5.891693707,39.968213048,5.922864576));
#2263=CARTESIAN_POINT('',(5.891693707,39.827108331,5.993487567));
#2264=CARTESIAN_POINT('',(5.891693707,39.749815003,6.015270592));
#2265=CARTESIAN_POINT('',(5.891693707,39.592597889,6.028721506));
#2266=CARTESIAN_POINT('',(5.891693707,39.512727629,6.020384816));
#2267=CARTESIAN_POINT('',(5.891693707,39.4372023,5.997571187));
#2268=B_SPLINE_SURFACE_WITH_KNOTS('',3,3,((#2108,#2109,#2110,#2111,#2112,#2113,#2114,#2115,#2116,#2117),(#2118,#2119,#2120,#2121,#2122,#2123,#2124,#2125,#2126,#2127),(#2128,#2129,#2130,#2131,#2132,#2133,#2134,#2135,#2136,#2137),(#2138,#2139,#2140,#2141,#2142,#2143,#2144,#2145,#2146,#2147),(#2148,#2149,#2150,#2151,#2152,#2153,#2154,#2155,#2156,#2157),(#2158,#2159,#2160,#2161,#2162,#2163,#2164,#2165,#2166,#2167),(#2168,#2169,#2170,#2171,#2172,#2173,#2174,#2175,#2176,#2177),(#2178,#2179,#2180,#2181,#2182,#2183,#2184,#2185,#2186,#2187),(#2188,#2189,#2190,#2191,#2192,#2193,#2194,#2195,#2196,#2197),(#2198,#2199,#2200,#2201,#2202,#2203,#2204,#2205,#2206,#2207),(#2208,#2209,#2210,#2211,#2212,#2213,#2214,#2215,#2216,#2217),(#2218,#2219,#2220,#2221,#2222,#2223,#2224,#2225,#2226,#2227),(#2228,#2229,#2230,#2231,#2232,#2233,#2234,#2235,#2236,#2237),(#2238,#2239,#2240,#2241,#2242,#2243,#2244,#2245,#2246,#2247),(#2248,#2249,#2250,#2251,#2252,#2253,#2254,#2255,#2256,#2257),(#2258,#2259,#2260,#2261,#2262,#2263,#2264,#2265,#2266,#2267)),.UNSPECIFIED.,.F.,.F.,.U.,(4,2,2,2,2,2,2,4),(4,2,2,2,4),(-0.,0.000116184,0.000232368,0.000348552,0.000464736,0.00058092,0.000697104,0.000929472),(0.,0.25,0.5,0.75,1.),.UNSPECIFIED.);
#2269=ORIENTED_EDGE('',*,*,#2077,.T.);
#2270=ORIENTED_EDGE('',*,*,#1074,.F.);
#2271=CARTESIAN_POINT('',(5.891693707,39.617928398,5.39927103));
#2272=DIRECTION('',(1.,-0.,0.));
#2273=DIRECTION('',(-0.,-0.,1.));
#2274=AXIS2_PLACEMENT_3D('',#2271,#2272,#2273);
#2275=CIRCLE('',#2274,0.625);
#2276=EDGE_CURVE('',#828,#2089,#2275,.T.);
#2277=ORIENTED_EDGE('',*,*,#2276,.T.);
#2278=ORIENTED_EDGE('',*,*,#2103,.T.);
#2279=ORIENTED_EDGE('',*,*,#891,.F.);
#2280=EDGE_LOOP('',(#2269,#2270,#2277,#2278,#2279));
#2281=FACE_BOUND('',#2280,.T.);
#2282=ADVANCED_FACE('',(#2281),#2268,.T.);
#2283=CARTESIAN_POINT('',(-5.892254238,28.382102321,5.39927103));
#2284=DIRECTION('',(1.,0.,-0.));
#2285=DIRECTION('',(0.,0.,1.));
#2286=AXIS2_PLACEMENT_3D('',#2283,#2284,#2285);
#2287=CYLINDRICAL_SURFACE('',#2286,0.625);
#2288=ORIENTED_EDGE('',*,*,#1317,.F.);
#2289=ORIENTED_EDGE('',*,*,#1691,.F.);
#2290=ORIENTED_EDGE('',*,*,#958,.F.);
#2291=ORIENTED_EDGE('',*,*,#1300,.T.);
#2292=EDGE_LOOP('',(#2288,#2289,#2290,#2291));
#2293=FACE_BOUND('',#2292,.T.);
#2294=ADVANCED_FACE('',(#2293),#2287,.T.);
#2295=CARTESIAN_POINT('',(5.891693707,39.617928398,5.39927103));
#2296=DIRECTION('',(1.,0.,-0.));
#2297=DIRECTION('',(0.,0.,1.));
#2298=AXIS2_PLACEMENT_3D('',#2295,#2296,#2297);
#2299=CYLINDRICAL_SURFACE('',#2298,0.625);
#2300=ORIENTED_EDGE('',*,*,#2094,.F.);
#2301=ORIENTED_EDGE('',*,*,#2276,.F.);
#2302=ORIENTED_EDGE('',*,*,#833,.F.);
#2303=ORIENTED_EDGE('',*,*,#1903,.T.);
#2304=EDGE_LOOP('',(#2300,#2301,#2302,#2303));
#2305=FACE_BOUND('',#2304,.T.);
#2306=ADVANCED_FACE('',(#2305),#2299,.T.);
#2307=CLOSED_SHELL('',(#82,#138,#286,#319,#341,#358,#390,#414,#431,#463,#487,#504,#536,#560,#571,#582,#598,#610,#622,#653,#677,#701,#718,#782,#813,#844,
#972,#1008,#1044,#1080,#1116,#1305,#1330,#1504,#1705,#1908,#2082,#2107,#2282,#2294,#2306));
#2308=MANIFOLD_SOLID_BREP('1.00u (Concave)',#2307);
#2309=DRAUGHTING_PRE_DEFINED_COLOUR('white');
#2310=FILL_AREA_STYLE_COLOUR('',#2309);
#2311=FILL_AREA_STYLE('',(#2310));
#2312=SURFACE_STYLE_FILL_AREA(#2311);
#2313=SURFACE_SIDE_STYLE('',(#2312));
#2314=SURFACE_STYLE_USAGE(.BOTH.,#2313);
#2315=PRESENTATION_STYLE_ASSIGNMENT((#2314));
#26=STYLED_ITEM('',(#2315),#2308);
#16=SHAPE_REPRESENTATION('1.00u (Concave)',(#15),#10);
#17=ADVANCED_BREP_SHAPE_REPRESENTATION('1.00u (Concave)',(#2308),#10);
#2323=SHAPE_REPRESENTATION_RELATIONSHIP('','',#16,#17);
#2324=CARTESIAN_POINT('',(0.,0.,0.));
#2325=DIRECTION('',(0.,0.,1.));
#2326=DIRECTION('',(1.,0.,0.));
#2327=AXIS2_PLACEMENT_3D('',#2324,#2325,#2326);
#2329=MAPPED_ITEM('',#2328,#2327);
#2328=REPRESENTATION_MAP(#2327,#16);
#2330=APPLICATION_CONTEXT('Managed model based 3d engineering');
#2331=APPLICATION_PROTOCOL_DEFINITION('international standard','ap242_managed_model_based_3d_engineering',2014,#2330);
#2332=PRODUCT_CONTEXT('',#2330,'mechanical');
#2333=PRODUCT_DEFINITION_CONTEXT('part definition',#2330,'design');
#24=PRODUCT('1.00u (Concave)','1.00u (Concave)','',(#2332));
#2334=PRODUCT_RELATED_PRODUCT_CATEGORY('part','',(#24));
#2335=PRODUCT_DEFINITION_FORMATION_WITH_SPECIFIED_SOURCE('','',#24,.NOT_KNOWN.);
#25=PRODUCT_DEFINITION('design','',#2335,#2333);
#23=PRODUCT_DEFINITION_SHAPE('','',#25);
#2336=SHAPE_DEFINITION_REPRESENTATION(#23,#16);
#11=DRAUGHTING_MODEL('',(#2329),#10);
#2337=DESCRIPTIVE_REPRESENTATION_ITEM('KEY','/Users/jscotto/Library/Containers/com.shapr3d.shapr/Data/tmp/216DCAA3-D3C5-41E9-91D4-55D73F1FE985.tmp');
#2338=PROPERTY_DEFINITION('KEY','',#25);
#2339=REPRESENTATION('',(#2337),#10);
#2340=PROPERTY_DEFINITION_REPRESENTATION(#2338,#2339);
#2341=GENERAL_PROPERTY('','KEY','');
#2342=GENERAL_PROPERTY_ASSOCIATION('','',#2341,#2338);
#1=MECHANICAL_DESIGN_GEOMETRIC_PRESENTATION_REPRESENTATION('',(#26),#10);
ENDSEC;
END-ISO-10303-21;
