ISO-10303-21;
HEADER;

/* File generated by Shapr3D Version 26.142.0.11496 */

FILE_DESCRIPTION(('HOOPS Exchange Step'),'2;1');

FILE_NAME('/Users/jscotto/Library/Containers/com.shapr3d.shapr/Data/tmp/export/temp_export',
'2026-08-10T12:48:22-04:00',
('jscotto'),
('Shapr3D Limited'),
'HOOPS Exchange 2026.3',
'Shapr3D',
'Authorized');

FILE_SCHEMA( ('AP242_MANAGED_MODEL_BASED_3D_ENGINEERING_MIM_LF {1 0 10303 442 1 1 4}') );

ENDSEC;

DATA;
#3=(NAMED_UNIT(*)PLANE_ANGLE_UNIT()SI_UNIT($,.RADIAN.));
#4=PLANE_ANGLE_MEASURE_WITH_UNIT(PLANE_ANGLE_MEASURE(0.0174532925),#3);
#5=(CONVERSION_BASED_UNIT('DEGREE',#4)NAMED_UNIT(#6)PLANE_ANGLE_UNIT());
#6=DIMENSIONAL_EXPONENTS(0.,0.,0.,0.,0.,0.,0.);
#7=(NAMED_UNIT(*)SI_UNIT($,.STERADIAN.)SOLID_ANGLE_UNIT());
#8=(LENGTH_UNIT()NAMED_UNIT(*)SI_UNIT(.MILLI.,.METRE.));
#9=UNCERTAINTY_MEASURE_WITH_UNIT(LENGTH_MEASURE(1.000000E-05),#8,'DISTANCE_ACCURACY_VALUE','Maximum Tolerance applied to model');
#10=(GEOMETRIC_REPRESENTATION_CONTEXT(3)GLOBAL_UNCERTAINTY_ASSIGNED_CONTEXT((#9))GLOBAL_UNIT_ASSIGNED_CONTEXT((#8,#5,#7))REPRESENTATION_CONTEXT('','Sc'));
#12=CARTESIAN_POINT('',(0.,0.,0.));
#13=DIRECTION('',(0.,0.,1.));
#14=DIRECTION('',(1.,0.,0.));
#15=AXIS2_PLACEMENT_3D('TS3D_PRODUCT_CSYS',#12,#13,#14);
#27=CARTESIAN_POINT('',(64.3,68.6202,0.));
#28=DIRECTION('',(0.,0.,1.));
#29=DIRECTION('',(0.,-1.,0.));
#30=AXIS2_PLACEMENT_3D('',#27,#28,#29);
#31=PLANE('',#30);
#32=CARTESIAN_POINT('',(20.120348896,14.195067785,0.));
#33=VERTEX_POINT('',#32);
#34=CARTESIAN_POINT('',(15.54731256,19.094749574,0.));
#35=VERTEX_POINT('',#34);
#36=CARTESIAN_POINT('',(17.161522422,16.017420927,0.));
#37=DIRECTION('',(0.,0.,1.));
#38=DIRECTION('',(1.,0.,-0.));
#39=AXIS2_PLACEMENT_3D('',#36,#37,#38);
#40=CIRCLE('',#39,3.475000011);
#41=EDGE_CURVE('',#33,#35,#40,.T.);
#42=ORIENTED_EDGE('',*,*,#41,.T.);
#43=CARTESIAN_POINT('',(10.980727534,19.178989098,0.));
#44=VERTEX_POINT('',#43);
#45=CARTESIAN_POINT('',(13.340838656,23.301170013,0.));
#46=DIRECTION('',(0.,0.,1.));
#47=DIRECTION('',(1.,0.,-0.));
#48=AXIS2_PLACEMENT_3D('',#45,#46,#47);
#49=CIRCLE('',#48,4.75);
#50=EDGE_CURVE('',#44,#35,#49,.T.);
#51=ORIENTED_EDGE('',*,*,#50,.F.);
#52=CARTESIAN_POINT('',(-10.980727534,19.178989098,0.));
#53=VERTEX_POINT('',#52);
#54=CARTESIAN_POINT('',(0.,0.,0.));
#55=DIRECTION('',(0.,0.,1.));
#56=DIRECTION('',(1.,0.,-0.));
#57=AXIS2_PLACEMENT_3D('',#54,#55,#56);
#58=CIRCLE('',#57,22.1);
#59=EDGE_CURVE('',#44,#53,#58,.T.);
#60=ORIENTED_EDGE('',*,*,#59,.T.);
#61=CARTESIAN_POINT('',(-15.547302844,19.094744477,0.));
#62=VERTEX_POINT('',#61);
#63=CARTESIAN_POINT('',(-13.340838656,23.301170013,0.));
#64=DIRECTION('',(0.,0.,1.));
#65=DIRECTION('',(1.,0.,-0.));
#66=AXIS2_PLACEMENT_3D('',#63,#64,#65);
#67=CIRCLE('',#66,4.75);
#68=EDGE_CURVE('',#62,#53,#67,.T.);
#69=ORIENTED_EDGE('',*,*,#68,.F.);
#70=CARTESIAN_POINT('',(-20.636476201,16.030270038,0.));
#71=VERTEX_POINT('',#70);
#72=CARTESIAN_POINT('',(-17.161499989,16.01740916,0.));
#73=DIRECTION('',(0.,0.,1.));
#74=DIRECTION('',(1.,0.,-0.));
#75=AXIS2_PLACEMENT_3D('',#72,#73,#74);
#76=CIRCLE('',#75,3.475000011);
#77=EDGE_CURVE('',#62,#71,#76,.T.);
#78=ORIENTED_EDGE('',*,*,#77,.T.);
#79=CARTESIAN_POINT('',(-20.6365,16.017412215,0.));
#80=VERTEX_POINT('',#79);
#81=CARTESIAN_POINT('',(-20.636476201,16.030270039,0.));
#82=CARTESIAN_POINT('',(-20.63649204,16.025990348,0.));
#83=CARTESIAN_POINT('',(-20.63649997,16.021711431,0.));
#84=CARTESIAN_POINT('',(-20.6365,16.017433303,0.));
#85=(BOUNDED_CURVE()
B_SPLINE_CURVE(3,(#81,#82,#83,#84),.UNSPECIFIED.,.F.,.F.)
B_SPLINE_CURVE_WITH_KNOTS((4,4),(0.341792016,0.342406095),.UNSPECIFIED.)
CURVE()
GEOMETRIC_REPRESENTATION_ITEM()
RATIONAL_B_SPLINE_CURVE((0.651801059,0.652043037,0.652285823,0.65252942))
REPRESENTATION_ITEM(''));
#86=EDGE_CURVE('',#71,#80,#85,.T.);
#87=ORIENTED_EDGE('',*,*,#86,.T.);
#88=CARTESIAN_POINT('',(-20.6365,16.01738837,0.));
#89=VERTEX_POINT('',#88);
#90=CARTESIAN_POINT('',(-20.6365,16.017412215,0.));
#91=DIRECTION('',(0.,-1.,0.));
#92=VECTOR('',#91,0.000023844);
#93=LINE('',#90,#92);
#94=EDGE_CURVE('',#80,#89,#93,.T.);
#95=ORIENTED_EDGE('',*,*,#94,.T.);
#96=CARTESIAN_POINT('',(-20.120336473,14.195047613,0.));
#97=VERTEX_POINT('',#96);
#98=CARTESIAN_POINT('',(-17.161499989,16.017384503,0.));
#99=DIRECTION('',(0.,0.,1.));
#100=DIRECTION('',(1.,0.,-0.));
#101=AXIS2_PLACEMENT_3D('',#98,#99,#100);
#102=CIRCLE('',#101,3.475000011);
#103=EDGE_CURVE('',#89,#97,#102,.T.);
#104=ORIENTED_EDGE('',*,*,#103,.T.);
#105=CARTESIAN_POINT('',(-19.889825462,9.633527032,0.));
#106=VERTEX_POINT('',#105);
#107=CARTESIAN_POINT('',(-24.164787949,11.704081484,0.));
#108=DIRECTION('',(0.,0.,1.));
#109=DIRECTION('',(1.,0.,-0.));
#110=AXIS2_PLACEMENT_3D('',#107,#108,#109);
#111=CIRCLE('',#110,4.75);
#112=EDGE_CURVE('',#106,#97,#111,.T.);
#113=ORIENTED_EDGE('',*,*,#112,.F.);
#114=CARTESIAN_POINT('',(-22.1,0.,0.));
#115=VERTEX_POINT('',#114);
#116=CARTESIAN_POINT('',(0.,0.,0.));
#117=DIRECTION('',(0.,0.,1.));
#118=DIRECTION('',(1.,0.,-0.));
#119=AXIS2_PLACEMENT_3D('',#116,#117,#118);
#120=CIRCLE('',#119,22.1);
#121=EDGE_CURVE('',#106,#115,#120,.T.);
#122=ORIENTED_EDGE('',*,*,#121,.T.);
#123=CARTESIAN_POINT('',(-19.889825462,-9.633527032,0.));
#124=VERTEX_POINT('',#123);
#125=CARTESIAN_POINT('',(0.,0.,0.));
#126=DIRECTION('',(0.,0.,1.));
#127=DIRECTION('',(1.,0.,-0.));
#128=AXIS2_PLACEMENT_3D('',#125,#126,#127);
#129=CIRCLE('',#128,22.1);
#130=EDGE_CURVE('',#115,#124,#129,.T.);
#131=ORIENTED_EDGE('',*,*,#130,.T.);
#132=CARTESIAN_POINT('',(-20.120348896,-14.195067785,0.));
#133=VERTEX_POINT('',#132);
#134=CARTESIAN_POINT('',(-24.164787949,-11.704081484,0.));
#135=DIRECTION('',(0.,0.,1.));
#136=DIRECTION('',(1.,0.,-0.));
#137=AXIS2_PLACEMENT_3D('',#134,#135,#136);
#138=CIRCLE('',#137,4.75);
#139=EDGE_CURVE('',#133,#124,#138,.T.);
#140=ORIENTED_EDGE('',*,*,#139,.F.);
#141=CARTESIAN_POINT('',(-20.636522433,-16.017420927,0.));
#142=VERTEX_POINT('',#141);
#143=CARTESIAN_POINT('',(-17.161522422,-16.017420927,0.));
#144=DIRECTION('',(0.,0.,1.));
#145=DIRECTION('',(1.,0.,-0.));
#146=AXIS2_PLACEMENT_3D('',#143,#144,#145);
#147=CIRCLE('',#146,3.475000011);
#148=EDGE_CURVE('',#133,#142,#147,.T.);
#149=ORIENTED_EDGE('',*,*,#148,.T.);
#150=CARTESIAN_POINT('',(-15.54731256,-19.094749574,0.));
#151=VERTEX_POINT('',#150);
#152=CARTESIAN_POINT('',(-17.161522422,-16.017420927,0.));
#153=DIRECTION('',(0.,0.,1.));
#154=DIRECTION('',(1.,0.,-0.));
#155=AXIS2_PLACEMENT_3D('',#152,#153,#154);
#156=CIRCLE('',#155,3.475000011);
#157=EDGE_CURVE('',#142,#151,#156,.T.);
#158=ORIENTED_EDGE('',*,*,#157,.T.);
#159=CARTESIAN_POINT('',(-10.980727534,-19.178989098,0.));
#160=VERTEX_POINT('',#159);
#161=CARTESIAN_POINT('',(-13.340838656,-23.301170013,0.));
#162=DIRECTION('',(0.,0.,1.));
#163=DIRECTION('',(1.,0.,-0.));
#164=AXIS2_PLACEMENT_3D('',#161,#162,#163);
#165=CIRCLE('',#164,4.75);
#166=EDGE_CURVE('',#160,#151,#165,.T.);
#167=ORIENTED_EDGE('',*,*,#166,.F.);
#168=CARTESIAN_POINT('',(10.980727534,-19.178989098,0.));
#169=VERTEX_POINT('',#168);
#170=CARTESIAN_POINT('',(0.,0.,0.));
#171=DIRECTION('',(0.,0.,1.));
#172=DIRECTION('',(1.,0.,-0.));
#173=AXIS2_PLACEMENT_3D('',#170,#171,#172);
#174=CIRCLE('',#173,22.1);
#175=EDGE_CURVE('',#160,#169,#174,.T.);
#176=ORIENTED_EDGE('',*,*,#175,.T.);
#177=CARTESIAN_POINT('',(15.54731256,-19.094749574,0.));
#178=VERTEX_POINT('',#177);
#179=CARTESIAN_POINT('',(13.340838656,-23.301170013,0.));
#180=DIRECTION('',(0.,0.,1.));
#181=DIRECTION('',(1.,0.,-0.));
#182=AXIS2_PLACEMENT_3D('',#179,#180,#181);
#183=CIRCLE('',#182,4.75);
#184=EDGE_CURVE('',#178,#169,#183,.T.);
#185=ORIENTED_EDGE('',*,*,#184,.F.);
#186=CARTESIAN_POINT('',(20.636498677,-16.030270121,0.));
#187=VERTEX_POINT('',#186);
#188=CARTESIAN_POINT('',(17.161522422,-16.017420927,0.));
#189=DIRECTION('',(0.,0.,1.));
#190=DIRECTION('',(1.,0.,-0.));
#191=AXIS2_PLACEMENT_3D('',#188,#189,#190);
#192=CIRCLE('',#191,3.475000011);
#193=EDGE_CURVE('',#178,#187,#192,.T.);
#194=ORIENTED_EDGE('',*,*,#193,.T.);
#195=CARTESIAN_POINT('',(20.120348896,-14.195067785,0.));
#196=VERTEX_POINT('',#195);
#197=CARTESIAN_POINT('',(17.161522422,-16.017420927,0.));
#198=DIRECTION('',(0.,0.,1.));
#199=DIRECTION('',(1.,0.,-0.));
#200=AXIS2_PLACEMENT_3D('',#197,#198,#199);
#201=CIRCLE('',#200,3.475000011);
#202=EDGE_CURVE('',#187,#196,#201,.T.);
#203=ORIENTED_EDGE('',*,*,#202,.T.);
#204=CARTESIAN_POINT('',(19.414787949,-11.704081484,0.));
#205=VERTEX_POINT('',#204);
#206=CARTESIAN_POINT('',(24.164787949,-11.704081484,0.));
#207=DIRECTION('',(0.,0.,1.));
#208=DIRECTION('',(1.,0.,-0.));
#209=AXIS2_PLACEMENT_3D('',#206,#207,#208);
#210=CIRCLE('',#209,4.75);
#211=EDGE_CURVE('',#205,#196,#210,.T.);
#212=ORIENTED_EDGE('',*,*,#211,.F.);
#213=CARTESIAN_POINT('',(19.889825462,-9.633527032,0.));
#214=VERTEX_POINT('',#213);
#215=CARTESIAN_POINT('',(24.164787949,-11.704081484,0.));
#216=DIRECTION('',(0.,0.,1.));
#217=DIRECTION('',(1.,0.,-0.));
#218=AXIS2_PLACEMENT_3D('',#215,#216,#217);
#219=CIRCLE('',#218,4.75);
#220=EDGE_CURVE('',#214,#205,#219,.T.);
#221=ORIENTED_EDGE('',*,*,#220,.F.);
#222=CARTESIAN_POINT('',(19.889825462,9.633527032,0.));
#223=VERTEX_POINT('',#222);
#224=CARTESIAN_POINT('',(0.,0.,0.));
#225=DIRECTION('',(0.,0.,1.));
#226=DIRECTION('',(1.,0.,-0.));
#227=AXIS2_PLACEMENT_3D('',#224,#225,#226);
#228=CIRCLE('',#227,22.1);
#229=EDGE_CURVE('',#214,#223,#228,.T.);
#230=ORIENTED_EDGE('',*,*,#229,.T.);
#231=CARTESIAN_POINT('',(19.414787949,11.704081484,0.));
#232=VERTEX_POINT('',#231);
#233=CARTESIAN_POINT('',(24.164787949,11.704081484,0.));
#234=DIRECTION('',(0.,0.,1.));
#235=DIRECTION('',(1.,0.,-0.));
#236=AXIS2_PLACEMENT_3D('',#233,#234,#235);
#237=CIRCLE('',#236,4.75);
#238=EDGE_CURVE('',#232,#223,#237,.T.);
#239=ORIENTED_EDGE('',*,*,#238,.F.);
#240=CARTESIAN_POINT('',(24.164787949,11.704081484,0.));
#241=DIRECTION('',(0.,0.,1.));
#242=DIRECTION('',(1.,0.,-0.));
#243=AXIS2_PLACEMENT_3D('',#240,#241,#242);
#244=CIRCLE('',#243,4.75);
#245=EDGE_CURVE('',#33,#232,#244,.T.);
#246=ORIENTED_EDGE('',*,*,#245,.F.);
#247=EDGE_LOOP('',(#42,#51,#60,#69,#78,#87,#95,#104,#113,#122,#131,#140,#149,#158,#167,#176,#185,#194,#203,#212,#221,#230,#239,#246));
#248=FACE_BOUND('',#247,.T.);
#249=CARTESIAN_POINT('',(-22.2365,16.017412849,0.));
#250=VERTEX_POINT('',#249);
#251=CARTESIAN_POINT('',(-22.2365,16.017388578,0.));
#252=VERTEX_POINT('',#251);
#253=CARTESIAN_POINT('',(-22.2365,16.017412849,0.));
#254=DIRECTION('',(0.,-1.,0.));
#255=VECTOR('',#254,0.000024272);
#256=LINE('',#253,#255);
#257=EDGE_CURVE('',#250,#252,#256,.T.);
#258=ORIENTED_EDGE('',*,*,#257,.F.);
#259=CARTESIAN_POINT('',(-14.804072802,20.511645711,0.));
#260=VERTEX_POINT('',#259);
#261=CARTESIAN_POINT('',(-17.161499989,16.01740916,0.));
#262=DIRECTION('',(0.,0.,1.));
#263=DIRECTION('',(1.,0.,-0.));
#264=AXIS2_PLACEMENT_3D('',#261,#262,#263);
#265=CIRCLE('',#264,5.075000011);
#266=EDGE_CURVE('',#260,#250,#265,.T.);
#267=ORIENTED_EDGE('',*,*,#266,.F.);
#268=CARTESIAN_POINT('',(-11.775712333,20.567513196,0.));
#269=VERTEX_POINT('',#268);
#270=CARTESIAN_POINT('',(-13.340838656,23.301170013,0.));
#271=DIRECTION('',(-0.,-0.,-1.));
#272=DIRECTION('',(1.,0.,-0.));
#273=AXIS2_PLACEMENT_3D('',#270,#271,#272);
#274=CIRCLE('',#273,3.15);
#275=EDGE_CURVE('',#269,#260,#274,.T.);
#276=ORIENTED_EDGE('',*,*,#275,.F.);
#277=CARTESIAN_POINT('',(11.775712333,20.567513196,0.));
#278=VERTEX_POINT('',#277);
#279=CARTESIAN_POINT('',(0.,0.,0.));
#280=DIRECTION('',(-0.,-0.,-1.));
#281=DIRECTION('',(1.,0.,-0.));
#282=AXIS2_PLACEMENT_3D('',#279,#280,#281);
#283=CIRCLE('',#282,23.7);
#284=EDGE_CURVE('',#269,#278,#283,.T.);
#285=ORIENTED_EDGE('',*,*,#284,.T.);
#286=CARTESIAN_POINT('',(14.804079245,20.51164909,0.));
#287=VERTEX_POINT('',#286);
#288=CARTESIAN_POINT('',(13.340838656,23.301170013,0.));
#289=DIRECTION('',(0.,0.,1.));
#290=DIRECTION('',(1.,0.,-0.));
#291=AXIS2_PLACEMENT_3D('',#288,#289,#290);
#292=CIRCLE('',#291,3.15);
#293=EDGE_CURVE('',#278,#287,#292,.T.);
#294=ORIENTED_EDGE('',*,*,#293,.T.);
#295=CARTESIAN_POINT('',(21.482686262,13.355998715,0.));
#296=VERTEX_POINT('',#295);
#297=CARTESIAN_POINT('',(17.161522422,16.017420927,0.));
#298=DIRECTION('',(0.,0.,1.));
#299=DIRECTION('',(1.,0.,-0.));
#300=AXIS2_PLACEMENT_3D('',#297,#298,#299);
#301=CIRCLE('',#300,5.075000011);
#302=EDGE_CURVE('',#296,#287,#301,.T.);
#303=ORIENTED_EDGE('',*,*,#302,.F.);
#304=CARTESIAN_POINT('',(21.014787949,11.704081484,0.));
#305=VERTEX_POINT('',#304);
#306=CARTESIAN_POINT('',(24.164787949,11.704081484,0.));
#307=DIRECTION('',(-0.,-0.,-1.));
#308=DIRECTION('',(1.,0.,-0.));
#309=AXIS2_PLACEMENT_3D('',#306,#307,#308);
#310=CIRCLE('',#309,3.15);
#311=EDGE_CURVE('',#305,#296,#310,.T.);
#312=ORIENTED_EDGE('',*,*,#311,.F.);
#313=CARTESIAN_POINT('',(21.329812826,10.330976953,0.));
#314=VERTEX_POINT('',#313);
#315=CARTESIAN_POINT('',(24.164787949,11.704081484,0.));
#316=DIRECTION('',(-0.,-0.,-1.));
#317=DIRECTION('',(1.,0.,-0.));
#318=AXIS2_PLACEMENT_3D('',#315,#316,#317);
#319=CIRCLE('',#318,3.15);
#320=EDGE_CURVE('',#314,#305,#319,.T.);
#321=ORIENTED_EDGE('',*,*,#320,.F.);
#322=CARTESIAN_POINT('',(21.329812826,-10.330976953,0.));
#323=VERTEX_POINT('',#322);
#324=CARTESIAN_POINT('',(0.,0.,0.));
#325=DIRECTION('',(0.,0.,1.));
#326=DIRECTION('',(1.,0.,-0.));
#327=AXIS2_PLACEMENT_3D('',#324,#325,#326);
#328=CIRCLE('',#327,23.7);
#329=EDGE_CURVE('',#323,#314,#328,.T.);
#330=ORIENTED_EDGE('',*,*,#329,.F.);
#331=CARTESIAN_POINT('',(21.014787949,-11.704081484,0.));
#332=VERTEX_POINT('',#331);
#333=CARTESIAN_POINT('',(24.164787949,-11.704081484,0.));
#334=DIRECTION('',(-0.,-0.,-1.));
#335=DIRECTION('',(1.,0.,-0.));
#336=AXIS2_PLACEMENT_3D('',#333,#334,#335);
#337=CIRCLE('',#336,3.15);
#338=EDGE_CURVE('',#332,#323,#337,.T.);
#339=ORIENTED_EDGE('',*,*,#338,.F.);
#340=CARTESIAN_POINT('',(21.482686261,-13.355998716,0.));
#341=VERTEX_POINT('',#340);
#342=CARTESIAN_POINT('',(24.164787949,-11.704081484,0.));
#343=DIRECTION('',(-0.,-0.,-1.));
#344=DIRECTION('',(1.,0.,-0.));
#345=AXIS2_PLACEMENT_3D('',#342,#343,#344);
#346=CIRCLE('',#345,3.15);
#347=EDGE_CURVE('',#341,#332,#346,.T.);
#348=ORIENTED_EDGE('',*,*,#347,.F.);
#349=CARTESIAN_POINT('',(14.804079245,-20.51164909,0.));
#350=VERTEX_POINT('',#349);
#351=CARTESIAN_POINT('',(17.161522422,-16.017420927,0.));
#352=DIRECTION('',(0.,0.,1.));
#353=DIRECTION('',(1.,0.,-0.));
#354=AXIS2_PLACEMENT_3D('',#351,#352,#353);
#355=CIRCLE('',#354,5.075000011);
#356=EDGE_CURVE('',#350,#341,#355,.T.);
#357=ORIENTED_EDGE('',*,*,#356,.F.);
#358=CARTESIAN_POINT('',(11.775712333,-20.567513196,0.));
#359=VERTEX_POINT('',#358);
#360=CARTESIAN_POINT('',(13.340838656,-23.301170013,0.));
#361=DIRECTION('',(-0.,-0.,-1.));
#362=DIRECTION('',(1.,0.,-0.));
#363=AXIS2_PLACEMENT_3D('',#360,#361,#362);
#364=CIRCLE('',#363,3.15);
#365=EDGE_CURVE('',#359,#350,#364,.T.);
#366=ORIENTED_EDGE('',*,*,#365,.F.);
#367=CARTESIAN_POINT('',(-11.775712333,-20.567513196,0.));
#368=VERTEX_POINT('',#367);
#369=CARTESIAN_POINT('',(0.,0.,0.));
#370=DIRECTION('',(-0.,-0.,-1.));
#371=DIRECTION('',(1.,0.,-0.));
#372=AXIS2_PLACEMENT_3D('',#369,#370,#371);
#373=CIRCLE('',#372,23.7);
#374=EDGE_CURVE('',#359,#368,#373,.T.);
#375=ORIENTED_EDGE('',*,*,#374,.T.);
#376=CARTESIAN_POINT('',(-14.804079245,-20.51164909,0.));
#377=VERTEX_POINT('',#376);
#378=CARTESIAN_POINT('',(-13.340838656,-23.301170013,0.));
#379=DIRECTION('',(0.,0.,1.));
#380=DIRECTION('',(1.,0.,-0.));
#381=AXIS2_PLACEMENT_3D('',#378,#379,#380);
#382=CIRCLE('',#381,3.15);
#383=EDGE_CURVE('',#368,#377,#382,.T.);
#384=ORIENTED_EDGE('',*,*,#383,.T.);
#385=CARTESIAN_POINT('',(-22.236522433,-16.017420927,0.));
#386=VERTEX_POINT('',#385);
#387=CARTESIAN_POINT('',(-17.161522422,-16.017420927,0.));
#388=DIRECTION('',(-0.,-0.,-1.));
#389=DIRECTION('',(1.,0.,-0.));
#390=AXIS2_PLACEMENT_3D('',#387,#388,#389);
#391=CIRCLE('',#390,5.075000011);
#392=EDGE_CURVE('',#377,#386,#391,.T.);
#393=ORIENTED_EDGE('',*,*,#392,.T.);
#394=CARTESIAN_POINT('',(-21.482686262,-13.355998715,0.));
#395=VERTEX_POINT('',#394);
#396=CARTESIAN_POINT('',(-17.161522422,-16.017420927,0.));
#397=DIRECTION('',(-0.,-0.,-1.));
#398=DIRECTION('',(1.,0.,-0.));
#399=AXIS2_PLACEMENT_3D('',#396,#397,#398);
#400=CIRCLE('',#399,5.075000011);
#401=EDGE_CURVE('',#386,#395,#400,.T.);
#402=ORIENTED_EDGE('',*,*,#401,.T.);
#403=CARTESIAN_POINT('',(-21.329812826,-10.330976953,0.));
#404=VERTEX_POINT('',#403);
#405=CARTESIAN_POINT('',(-24.164787949,-11.704081484,0.));
#406=DIRECTION('',(0.,0.,1.));
#407=DIRECTION('',(1.,0.,-0.));
#408=AXIS2_PLACEMENT_3D('',#405,#406,#407);
#409=CIRCLE('',#408,3.15);
#410=EDGE_CURVE('',#395,#404,#409,.T.);
#411=ORIENTED_EDGE('',*,*,#410,.T.);
#412=CARTESIAN_POINT('',(-23.7,-0.,0.));
#413=VERTEX_POINT('',#412);
#414=CARTESIAN_POINT('',(0.,0.,0.));
#415=DIRECTION('',(-0.,-0.,-1.));
#416=DIRECTION('',(1.,0.,-0.));
#417=AXIS2_PLACEMENT_3D('',#414,#415,#416);
#418=CIRCLE('',#417,23.7);
#419=EDGE_CURVE('',#404,#413,#418,.T.);
#420=ORIENTED_EDGE('',*,*,#419,.T.);
#421=CARTESIAN_POINT('',(-21.329812826,10.330976953,0.));
#422=VERTEX_POINT('',#421);
#423=CARTESIAN_POINT('',(0.,0.,0.));
#424=DIRECTION('',(-0.,-0.,-1.));
#425=DIRECTION('',(1.,0.,-0.));
#426=AXIS2_PLACEMENT_3D('',#423,#424,#425);
#427=CIRCLE('',#426,23.7);
#428=EDGE_CURVE('',#413,#422,#427,.T.);
#429=ORIENTED_EDGE('',*,*,#428,.T.);
#430=CARTESIAN_POINT('',(-21.482679331,13.355987462,0.));
#431=VERTEX_POINT('',#430);
#432=CARTESIAN_POINT('',(-24.164787949,11.704081484,0.));
#433=DIRECTION('',(0.,0.,1.));
#434=DIRECTION('',(1.,0.,-0.));
#435=AXIS2_PLACEMENT_3D('',#432,#433,#434);
#436=CIRCLE('',#435,3.15);
#437=EDGE_CURVE('',#422,#431,#436,.T.);
#438=ORIENTED_EDGE('',*,*,#437,.T.);
#439=CARTESIAN_POINT('',(-17.161499989,16.017384503,0.));
#440=DIRECTION('',(-0.,-0.,-1.));
#441=DIRECTION('',(1.,0.,-0.));
#442=AXIS2_PLACEMENT_3D('',#439,#440,#441);
#443=CIRCLE('',#442,5.075000011);
#444=EDGE_CURVE('',#431,#252,#443,.T.);
#445=ORIENTED_EDGE('',*,*,#444,.T.);
#446=EDGE_LOOP('',(#258,#267,#276,#285,#294,#303,#312,#321,#330,#339,#348,#357,#366,#375,#384,#393,#402,#411,#420,#429,#438,#445));
#447=FACE_BOUND('',#446,.T.);
#448=ADVANCED_FACE('',(#248,#447),#31,.F.);
#449=CARTESIAN_POINT('',(64.3,68.6202,5.2));
#450=DIRECTION('',(0.,0.,1.));
#451=DIRECTION('',(0.,-1.,0.));
#452=AXIS2_PLACEMENT_3D('',#449,#450,#451);
#453=PLANE('',#452);
#454=CARTESIAN_POINT('',(-19.46152242,16.017420927,5.2));
#455=VERTEX_POINT('',#454);
#456=CARTESIAN_POINT('',(-17.161522422,16.017420927,5.2));
#457=DIRECTION('',(-0.,-0.,-1.));
#458=DIRECTION('',(-1.,-0.,0.));
#459=AXIS2_PLACEMENT_3D('',#456,#457,#458);
#460=CIRCLE('',#459,2.299999998);
#461=EDGE_CURVE('',#455,#455,#460,.T.);
#462=ORIENTED_EDGE('',*,*,#461,.T.);
#463=EDGE_LOOP('',(#462));
#464=FACE_BOUND('',#463,.T.);
#465=CARTESIAN_POINT('',(-19.46152242,-16.017420927,5.2));
#466=VERTEX_POINT('',#465);
#467=CARTESIAN_POINT('',(-17.161522422,-16.017420927,5.2));
#468=DIRECTION('',(-0.,-0.,-1.));
#469=DIRECTION('',(-1.,-0.,0.));
#470=AXIS2_PLACEMENT_3D('',#467,#468,#469);
#471=CIRCLE('',#470,2.299999998);
#472=EDGE_CURVE('',#466,#466,#471,.T.);
#473=ORIENTED_EDGE('',*,*,#472,.T.);
#474=EDGE_LOOP('',(#473));
#475=FACE_BOUND('',#474,.T.);
#476=CARTESIAN_POINT('',(14.861522424,16.017420927,5.2));
#477=VERTEX_POINT('',#476);
#478=CARTESIAN_POINT('',(17.161522422,16.017420927,5.2));
#479=DIRECTION('',(-0.,-0.,-1.));
#480=DIRECTION('',(-1.,-0.,0.));
#481=AXIS2_PLACEMENT_3D('',#478,#479,#480);
#482=CIRCLE('',#481,2.299999998);
#483=EDGE_CURVE('',#477,#477,#482,.T.);
#484=ORIENTED_EDGE('',*,*,#483,.T.);
#485=EDGE_LOOP('',(#484));
#486=FACE_BOUND('',#485,.T.);
#487=CARTESIAN_POINT('',(14.861522424,-16.017420927,5.2));
#488=VERTEX_POINT('',#487);
#489=CARTESIAN_POINT('',(17.161522422,-16.017420927,5.2));
#490=DIRECTION('',(-0.,-0.,-1.));
#491=DIRECTION('',(-1.,-0.,0.));
#492=AXIS2_PLACEMENT_3D('',#489,#490,#491);
#493=CIRCLE('',#492,2.299999998);
#494=EDGE_CURVE('',#488,#488,#493,.T.);
#495=ORIENTED_EDGE('',*,*,#494,.T.);
#496=EDGE_LOOP('',(#495));
#497=FACE_BOUND('',#496,.T.);
#498=CARTESIAN_POINT('',(-19.,0.,5.2));
#499=VERTEX_POINT('',#498);
#500=CARTESIAN_POINT('',(0.,0.,5.2));
#501=DIRECTION('',(0.,0.,1.));
#502=DIRECTION('',(-1.,-0.,0.));
#503=AXIS2_PLACEMENT_3D('',#500,#501,#502);
#504=CIRCLE('',#503,19.);
#505=EDGE_CURVE('',#499,#499,#504,.T.);
#506=ORIENTED_EDGE('',*,*,#505,.F.);
#507=EDGE_LOOP('',(#506));
#508=FACE_BOUND('',#507,.T.);
#509=CARTESIAN_POINT('',(-14.804070654,20.511644583,5.2));
#510=VERTEX_POINT('',#509);
#511=CARTESIAN_POINT('',(-11.775712333,20.567513195,5.2));
#512=VERTEX_POINT('',#511);
#513=CARTESIAN_POINT('',(-13.340838656,23.301170012,5.2));
#514=DIRECTION('',(0.,0.,1.));
#515=DIRECTION('',(-0.464520822,-0.885562198,0.));
#516=AXIS2_PLACEMENT_3D('',#513,#514,#515);
#517=CIRCLE('',#516,3.15);
#518=EDGE_CURVE('',#510,#512,#517,.T.);
#519=ORIENTED_EDGE('',*,*,#518,.F.);
#520=CARTESIAN_POINT('',(-22.2365,16.01740916,5.2));
#521=VERTEX_POINT('',#520);
#522=CARTESIAN_POINT('',(-17.161499989,16.01740916,5.2));
#523=DIRECTION('',(0.,0.,1.));
#524=DIRECTION('',(1.,0.,-0.));
#525=AXIS2_PLACEMENT_3D('',#522,#523,#524);
#526=CIRCLE('',#525,5.075000011);
#527=EDGE_CURVE('',#510,#521,#526,.T.);
#528=ORIENTED_EDGE('',*,*,#527,.T.);
#529=CARTESIAN_POINT('',(-22.2365,16.017384503,5.2));
#530=VERTEX_POINT('',#529);
#531=CARTESIAN_POINT('',(-22.2365,16.01740916,5.2));
#532=DIRECTION('',(0.,-1.,0.));
#533=VECTOR('',#532,0.000024658);
#534=LINE('',#531,#533);
#535=EDGE_CURVE('',#521,#530,#534,.T.);
#536=ORIENTED_EDGE('',*,*,#535,.T.);
#537=CARTESIAN_POINT('',(-21.48267767,13.355984766,5.2));
#538=VERTEX_POINT('',#537);
#539=CARTESIAN_POINT('',(-17.161499989,16.017384504,5.2));
#540=DIRECTION('',(0.,0.,1.));
#541=DIRECTION('',(1.,0.,-0.));
#542=AXIS2_PLACEMENT_3D('',#539,#540,#541);
#543=CIRCLE('',#542,5.075000011);
#544=EDGE_CURVE('',#530,#538,#543,.T.);
#545=ORIENTED_EDGE('',*,*,#544,.T.);
#546=CARTESIAN_POINT('',(-21.329812826,10.330976953,5.2));
#547=VERTEX_POINT('',#546);
#548=CARTESIAN_POINT('',(-24.164787949,11.704081484,5.2));
#549=DIRECTION('',(-0.,-0.,-1.));
#550=DIRECTION('',(-1.,-0.,0.));
#551=AXIS2_PLACEMENT_3D('',#548,#549,#550);
#552=CIRCLE('',#551,3.15);
#553=EDGE_CURVE('',#538,#547,#552,.T.);
#554=ORIENTED_EDGE('',*,*,#553,.T.);
#555=CARTESIAN_POINT('',(-23.7,0.,5.2));
#556=VERTEX_POINT('',#555);
#557=CARTESIAN_POINT('',(0.,0.,5.2));
#558=DIRECTION('',(-0.,-0.,-1.));
#559=DIRECTION('',(-1.,-0.,0.));
#560=AXIS2_PLACEMENT_3D('',#557,#558,#559);
#561=CIRCLE('',#560,23.7);
#562=EDGE_CURVE('',#556,#547,#561,.T.);
#563=ORIENTED_EDGE('',*,*,#562,.F.);
#564=CARTESIAN_POINT('',(-21.329812826,-10.330976953,5.2));
#565=VERTEX_POINT('',#564);
#566=CARTESIAN_POINT('',(0.,0.,5.2));
#567=DIRECTION('',(-0.,-0.,-1.));
#568=DIRECTION('',(-1.,-0.,0.));
#569=AXIS2_PLACEMENT_3D('',#566,#567,#568);
#570=CIRCLE('',#569,23.7);
#571=EDGE_CURVE('',#565,#556,#570,.T.);
#572=ORIENTED_EDGE('',*,*,#571,.F.);
#573=CARTESIAN_POINT('',(-21.482686262,-13.355998715,5.2));
#574=VERTEX_POINT('',#573);
#575=CARTESIAN_POINT('',(-24.164787949,-11.704081484,5.2));
#576=DIRECTION('',(0.,0.,1.));
#577=DIRECTION('',(-1.,-0.,0.));
#578=AXIS2_PLACEMENT_3D('',#575,#576,#577);
#579=CIRCLE('',#578,3.15);
#580=EDGE_CURVE('',#574,#565,#579,.T.);
#581=ORIENTED_EDGE('',*,*,#580,.F.);
#582=CARTESIAN_POINT('',(-22.236522433,-16.017420927,5.2));
#583=VERTEX_POINT('',#582);
#584=CARTESIAN_POINT('',(-17.161522422,-16.017420927,5.2));
#585=DIRECTION('',(-0.,-0.,-1.));
#586=DIRECTION('',(-1.,-0.,0.));
#587=AXIS2_PLACEMENT_3D('',#584,#585,#586);
#588=CIRCLE('',#587,5.075000011);
#589=EDGE_CURVE('',#583,#574,#588,.T.);
#590=ORIENTED_EDGE('',*,*,#589,.F.);
#591=CARTESIAN_POINT('',(-14.804079244,-20.511649089,5.2));
#592=VERTEX_POINT('',#591);
#593=CARTESIAN_POINT('',(-17.161522422,-16.017420927,5.2));
#594=DIRECTION('',(-0.,-0.,-1.));
#595=DIRECTION('',(-1.,-0.,0.));
#596=AXIS2_PLACEMENT_3D('',#593,#594,#595);
#597=CIRCLE('',#596,5.075000011);
#598=EDGE_CURVE('',#592,#583,#597,.T.);
#599=ORIENTED_EDGE('',*,*,#598,.F.);
#600=CARTESIAN_POINT('',(-11.775712332,-20.567513195,5.2));
#601=VERTEX_POINT('',#600);
#602=CARTESIAN_POINT('',(-13.340838655,-23.301170012,5.2));
#603=DIRECTION('',(0.,-0.,1.));
#604=DIRECTION('',(0.496865499,0.867827561,0.));
#605=AXIS2_PLACEMENT_3D('',#602,#603,#604);
#606=CIRCLE('',#605,3.15);
#607=EDGE_CURVE('',#601,#592,#606,.T.);
#608=ORIENTED_EDGE('',*,*,#607,.F.);
#609=CARTESIAN_POINT('',(11.775712333,-20.567513195,5.2));
#610=VERTEX_POINT('',#609);
#611=CARTESIAN_POINT('',(0.,0.000000001,5.2));
#612=DIRECTION('',(0.,0.,1.));
#613=DIRECTION('',(-0.496865499,-0.867827561,0.));
#614=AXIS2_PLACEMENT_3D('',#611,#612,#613);
#615=CIRCLE('',#614,23.7);
#616=EDGE_CURVE('',#601,#610,#615,.T.);
#617=ORIENTED_EDGE('',*,*,#616,.T.);
#618=CARTESIAN_POINT('',(14.804079245,-20.511649089,5.2));
#619=VERTEX_POINT('',#618);
#620=CARTESIAN_POINT('',(13.340838656,-23.301170012,5.2));
#621=DIRECTION('',(0.,-0.,1.));
#622=DIRECTION('',(0.464520822,0.885562198,0.));
#623=AXIS2_PLACEMENT_3D('',#620,#621,#622);
#624=CIRCLE('',#623,3.15);
#625=EDGE_CURVE('',#619,#610,#624,.T.);
#626=ORIENTED_EDGE('',*,*,#625,.F.);
#627=CARTESIAN_POINT('',(21.482686261,-13.355998716,5.2));
#628=VERTEX_POINT('',#627);
#629=CARTESIAN_POINT('',(17.161522422,-16.017420927,5.2));
#630=DIRECTION('',(-0.,-0.,-1.));
#631=DIRECTION('',(1.,0.,-0.));
#632=AXIS2_PLACEMENT_3D('',#629,#630,#631);
#633=CIRCLE('',#632,5.075000011);
#634=EDGE_CURVE('',#628,#619,#633,.T.);
#635=ORIENTED_EDGE('',*,*,#634,.F.);
#636=CARTESIAN_POINT('',(21.014787949,-11.704081484,5.2));
#637=VERTEX_POINT('',#636);
#638=CARTESIAN_POINT('',(24.164787949,-11.704081484,5.2));
#639=DIRECTION('',(-0.,-0.,-1.));
#640=DIRECTION('',(-1.,-0.,0.));
#641=AXIS2_PLACEMENT_3D('',#638,#639,#640);
#642=CIRCLE('',#641,3.15);
#643=EDGE_CURVE('',#628,#637,#642,.T.);
#644=ORIENTED_EDGE('',*,*,#643,.T.);
#645=CARTESIAN_POINT('',(21.329812826,-10.330976953,5.2));
#646=VERTEX_POINT('',#645);
#647=CARTESIAN_POINT('',(24.164787949,-11.704081484,5.2));
#648=DIRECTION('',(-0.,-0.,-1.));
#649=DIRECTION('',(-1.,-0.,0.));
#650=AXIS2_PLACEMENT_3D('',#647,#648,#649);
#651=CIRCLE('',#650,3.15);
#652=EDGE_CURVE('',#637,#646,#651,.T.);
#653=ORIENTED_EDGE('',*,*,#652,.T.);
#654=CARTESIAN_POINT('',(21.329812826,10.330976953,5.2));
#655=VERTEX_POINT('',#654);
#656=CARTESIAN_POINT('',(0.,0.,5.2));
#657=DIRECTION('',(-0.,-0.,-1.));
#658=DIRECTION('',(-1.,-0.,0.));
#659=AXIS2_PLACEMENT_3D('',#656,#657,#658);
#660=CIRCLE('',#659,23.7);
#661=EDGE_CURVE('',#655,#646,#660,.T.);
#662=ORIENTED_EDGE('',*,*,#661,.F.);
#663=CARTESIAN_POINT('',(21.014787949,11.704081484,5.2));
#664=VERTEX_POINT('',#663);
#665=CARTESIAN_POINT('',(24.164787949,11.704081484,5.2));
#666=DIRECTION('',(-0.,-0.,-1.));
#667=DIRECTION('',(-1.,-0.,0.));
#668=AXIS2_PLACEMENT_3D('',#665,#666,#667);
#669=CIRCLE('',#668,3.15);
#670=EDGE_CURVE('',#655,#664,#669,.T.);
#671=ORIENTED_EDGE('',*,*,#670,.T.);
#672=CARTESIAN_POINT('',(21.482686262,13.355998715,5.2));
#673=VERTEX_POINT('',#672);
#674=CARTESIAN_POINT('',(24.164787949,11.704081484,5.2));
#675=DIRECTION('',(-0.,-0.,-1.));
#676=DIRECTION('',(-1.,-0.,0.));
#677=AXIS2_PLACEMENT_3D('',#674,#675,#676);
#678=CIRCLE('',#677,3.15);
#679=EDGE_CURVE('',#664,#673,#678,.T.);
#680=ORIENTED_EDGE('',*,*,#679,.T.);
#681=CARTESIAN_POINT('',(14.804079244,20.511649089,5.2));
#682=VERTEX_POINT('',#681);
#683=CARTESIAN_POINT('',(17.161522422,16.017420927,5.2));
#684=DIRECTION('',(-0.,-0.,-1.));
#685=DIRECTION('',(-1.,-0.,0.));
#686=AXIS2_PLACEMENT_3D('',#683,#684,#685);
#687=CIRCLE('',#686,5.075000011);
#688=EDGE_CURVE('',#682,#673,#687,.T.);
#689=ORIENTED_EDGE('',*,*,#688,.F.);
#690=CARTESIAN_POINT('',(11.775712332,20.567513195,5.2));
#691=VERTEX_POINT('',#690);
#692=CARTESIAN_POINT('',(13.340838655,23.301170012,5.2));
#693=DIRECTION('',(0.,0.,1.));
#694=DIRECTION('',(-0.496865499,-0.867827561,0.));
#695=AXIS2_PLACEMENT_3D('',#692,#693,#694);
#696=CIRCLE('',#695,3.15);
#697=EDGE_CURVE('',#691,#682,#696,.T.);
#698=ORIENTED_EDGE('',*,*,#697,.F.);
#699=CARTESIAN_POINT('',(-0.,-0.000000001,5.2));
#700=DIRECTION('',(0.,-0.,1.));
#701=DIRECTION('',(0.496865499,0.867827561,0.));
#702=AXIS2_PLACEMENT_3D('',#699,#700,#701);
#703=CIRCLE('',#702,23.7);
#704=EDGE_CURVE('',#691,#512,#703,.T.);
#705=ORIENTED_EDGE('',*,*,#704,.T.);
#706=EDGE_LOOP('',(#519,#528,#536,#545,#554,#563,#572,#581,#590,#599,#608,#617,#626,#635,#644,#653,#662,#671,#680,#689,#698,#705));
#707=FACE_BOUND('',#706,.T.);
#708=ADVANCED_FACE('',(#464,#475,#486,#497,#508,#707),#453,.T.);
#709=CARTESIAN_POINT('',(-20.6365,27.275053674,-1.));
#710=DIRECTION('',(-1.,-0.,0.));
#711=DIRECTION('',(0.,-1.,0.));
#712=AXIS2_PLACEMENT_3D('',#709,#710,#711);
#713=PLANE('',#712);
#714=CARTESIAN_POINT('',(-20.6365,16.01740916,4.));
#715=VERTEX_POINT('',#714);
#716=CARTESIAN_POINT('',(-20.6365,16.01740916,4.));
#717=DIRECTION('',(0.,0.,-1.));
#718=VECTOR('',#717,4.);
#719=LINE('',#716,#718);
#720=EDGE_CURVE('',#715,#80,#719,.T.);
#721=ORIENTED_EDGE('',*,*,#720,.F.);
#722=CARTESIAN_POINT('',(-20.6365,16.017384503,4.));
#723=VERTEX_POINT('',#722);
#724=CARTESIAN_POINT('',(-20.6365,16.01740916,4.));
#725=DIRECTION('',(0.,-1.,0.));
#726=VECTOR('',#725,0.000024658);
#727=LINE('',#724,#726);
#728=EDGE_CURVE('',#715,#723,#727,.T.);
#729=ORIENTED_EDGE('',*,*,#728,.T.);
#730=CARTESIAN_POINT('',(-20.6365,16.017384503,0.));
#731=DIRECTION('',(-0.,-0.,1.));
#732=VECTOR('',#731,4.);
#733=LINE('',#730,#732);
#734=EDGE_CURVE('',#89,#723,#733,.T.);
#735=ORIENTED_EDGE('',*,*,#734,.F.);
#736=ORIENTED_EDGE('',*,*,#94,.F.);
#737=EDGE_LOOP('',(#721,#729,#735,#736));
#738=FACE_BOUND('',#737,.T.);
#739=ADVANCED_FACE('',(#738),#713,.F.);
#740=CARTESIAN_POINT('',(-13.340838656,-23.301170013,-1.));
#741=DIRECTION('',(0.,0.,1.));
#742=DIRECTION('',(-1.,-0.,0.));
#743=AXIS2_PLACEMENT_3D('',#740,#741,#742);
#744=CYLINDRICAL_SURFACE('',#743,3.15);
#745=CARTESIAN_POINT('',(-11.775712333,-20.567513196,0.));
#746=DIRECTION('',(0.,0.,1.));
#747=VECTOR('',#746,5.2);
#748=LINE('',#745,#747);
#749=EDGE_CURVE('',#368,#601,#748,.T.);
#750=ORIENTED_EDGE('',*,*,#749,.T.);
#751=ORIENTED_EDGE('',*,*,#607,.T.);
#752=CARTESIAN_POINT('',(-14.804079245,-20.51164909,0.));
#753=DIRECTION('',(0.,0.,1.));
#754=VECTOR('',#753,5.2);
#755=LINE('',#752,#754);
#756=EDGE_CURVE('',#377,#592,#755,.T.);
#757=ORIENTED_EDGE('',*,*,#756,.F.);
#758=ORIENTED_EDGE('',*,*,#383,.F.);
#759=EDGE_LOOP('',(#750,#751,#757,#758));
#760=FACE_BOUND('',#759,.T.);
#761=ADVANCED_FACE('',(#760),#744,.F.);
#762=CARTESIAN_POINT('',(0.,0.,-1.));
#763=DIRECTION('',(0.,0.,1.));
#764=DIRECTION('',(-1.,-0.,0.));
#765=AXIS2_PLACEMENT_3D('',#762,#763,#764);
#766=CYLINDRICAL_SURFACE('',#765,23.7);
#767=CARTESIAN_POINT('',(11.775712333,-20.567513196,0.));
#768=DIRECTION('',(0.,0.,1.));
#769=VECTOR('',#768,5.2);
#770=LINE('',#767,#769);
#771=EDGE_CURVE('',#359,#610,#770,.T.);
#772=ORIENTED_EDGE('',*,*,#771,.T.);
#773=ORIENTED_EDGE('',*,*,#616,.F.);
#774=ORIENTED_EDGE('',*,*,#749,.F.);
#775=ORIENTED_EDGE('',*,*,#374,.F.);
#776=EDGE_LOOP('',(#772,#773,#774,#775));
#777=FACE_BOUND('',#776,.T.);
#778=ADVANCED_FACE('',(#777),#766,.T.);
#779=CARTESIAN_POINT('',(13.340838656,-23.301170013,-1.));
#780=DIRECTION('',(0.,0.,1.));
#781=DIRECTION('',(-1.,-0.,0.));
#782=AXIS2_PLACEMENT_3D('',#779,#780,#781);
#783=CYLINDRICAL_SURFACE('',#782,3.15);
#784=CARTESIAN_POINT('',(14.804079245,-20.51164909,0.));
#785=DIRECTION('',(0.,0.,1.));
#786=VECTOR('',#785,5.2);
#787=LINE('',#784,#786);
#788=EDGE_CURVE('',#350,#619,#787,.T.);
#789=ORIENTED_EDGE('',*,*,#788,.T.);
#790=ORIENTED_EDGE('',*,*,#625,.T.);
#791=ORIENTED_EDGE('',*,*,#771,.F.);
#792=ORIENTED_EDGE('',*,*,#365,.T.);
#793=EDGE_LOOP('',(#789,#790,#791,#792));
#794=FACE_BOUND('',#793,.T.);
#795=ADVANCED_FACE('',(#794),#783,.F.);
#796=CARTESIAN_POINT('',(64.3,68.6202,4.));
#797=DIRECTION('',(0.,0.,1.));
#798=DIRECTION('',(0.,-1.,0.));
#799=AXIS2_PLACEMENT_3D('',#796,#797,#798);
#800=PLANE('',#799);
#801=CARTESIAN_POINT('',(16.061522423,-16.017420927,3.999999999));
#802=VERTEX_POINT('',#801);
#803=CARTESIAN_POINT('',(17.161522422,-16.017420927,3.999999999));
#804=DIRECTION('',(0.,0.,1.));
#805=DIRECTION('',(-1.,-0.,0.));
#806=AXIS2_PLACEMENT_3D('',#803,#804,#805);
#807=CIRCLE('',#806,1.099999999);
#808=EDGE_CURVE('',#802,#802,#807,.T.);
#809=ORIENTED_EDGE('',*,*,#808,.T.);
#810=EDGE_LOOP('',(#809));
#811=FACE_BOUND('',#810,.T.);
#812=CARTESIAN_POINT('',(16.061522423,16.017420927,3.999999999));
#813=VERTEX_POINT('',#812);
#814=CARTESIAN_POINT('',(17.161522422,16.017420927,3.999999999));
#815=DIRECTION('',(0.,0.,1.));
#816=DIRECTION('',(-1.,-0.,0.));
#817=AXIS2_PLACEMENT_3D('',#814,#815,#816);
#818=CIRCLE('',#817,1.099999999);
#819=EDGE_CURVE('',#813,#813,#818,.T.);
#820=ORIENTED_EDGE('',*,*,#819,.T.);
#821=EDGE_LOOP('',(#820));
#822=FACE_BOUND('',#821,.T.);
#823=CARTESIAN_POINT('',(-18.261522421,-16.017420927,3.999999999));
#824=VERTEX_POINT('',#823);
#825=CARTESIAN_POINT('',(-17.161522422,-16.017420927,3.999999999));
#826=DIRECTION('',(0.,0.,1.));
#827=DIRECTION('',(-1.,-0.,0.));
#828=AXIS2_PLACEMENT_3D('',#825,#826,#827);
#829=CIRCLE('',#828,1.099999999);
#830=EDGE_CURVE('',#824,#824,#829,.T.);
#831=ORIENTED_EDGE('',*,*,#830,.T.);
#832=EDGE_LOOP('',(#831));
#833=FACE_BOUND('',#832,.T.);
#834=CARTESIAN_POINT('',(-18.261522421,16.017420927,3.999999999));
#835=VERTEX_POINT('',#834);
#836=CARTESIAN_POINT('',(-17.161522422,16.017420927,3.999999999));
#837=DIRECTION('',(0.,0.,1.));
#838=DIRECTION('',(-1.,-0.,0.));
#839=AXIS2_PLACEMENT_3D('',#836,#837,#838);
#840=CIRCLE('',#839,1.099999999);
#841=EDGE_CURVE('',#835,#835,#840,.T.);
#842=ORIENTED_EDGE('',*,*,#841,.T.);
#843=EDGE_LOOP('',(#842));
#844=FACE_BOUND('',#843,.T.);
#845=CARTESIAN_POINT('',(-19.,0.,4.));
#846=VERTEX_POINT('',#845);
#847=CARTESIAN_POINT('',(0.,0.,4.));
#848=DIRECTION('',(0.,0.,1.));
#849=DIRECTION('',(-1.,-0.,0.));
#850=AXIS2_PLACEMENT_3D('',#847,#848,#849);
#851=CIRCLE('',#850,19.);
#852=EDGE_CURVE('',#846,#846,#851,.T.);
#853=ORIENTED_EDGE('',*,*,#852,.T.);
#854=EDGE_LOOP('',(#853));
#855=FACE_BOUND('',#854,.T.);
#856=CARTESIAN_POINT('',(10.980727534,19.178989098,4.));
#857=VERTEX_POINT('',#856);
#858=CARTESIAN_POINT('',(15.54731256,19.094749574,4.));
#859=VERTEX_POINT('',#858);
#860=CARTESIAN_POINT('',(13.340838656,23.301170013,4.));
#861=DIRECTION('',(0.,0.,1.));
#862=DIRECTION('',(1.,0.,-0.));
#863=AXIS2_PLACEMENT_3D('',#860,#861,#862);
#864=CIRCLE('',#863,4.75);
#865=EDGE_CURVE('',#857,#859,#864,.T.);
#866=ORIENTED_EDGE('',*,*,#865,.T.);
#867=CARTESIAN_POINT('',(20.120348896,14.195067785,4.));
#868=VERTEX_POINT('',#867);
#869=CARTESIAN_POINT('',(17.161522422,16.017420927,4.));
#870=DIRECTION('',(0.,0.,1.));
#871=DIRECTION('',(-1.,-0.,0.));
#872=AXIS2_PLACEMENT_3D('',#869,#870,#871);
#873=CIRCLE('',#872,3.475000011);
#874=EDGE_CURVE('',#868,#859,#873,.T.);
#875=ORIENTED_EDGE('',*,*,#874,.F.);
#876=CARTESIAN_POINT('',(19.414787949,11.704081484,4.));
#877=VERTEX_POINT('',#876);
#878=CARTESIAN_POINT('',(24.164787949,11.704081484,4.));
#879=DIRECTION('',(0.,0.,1.));
#880=DIRECTION('',(-1.,-0.,0.));
#881=AXIS2_PLACEMENT_3D('',#878,#879,#880);
#882=CIRCLE('',#881,4.75);
#883=EDGE_CURVE('',#868,#877,#882,.T.);
#884=ORIENTED_EDGE('',*,*,#883,.T.);
#885=CARTESIAN_POINT('',(19.889825463,9.633527032,4.));
#886=VERTEX_POINT('',#885);
#887=CARTESIAN_POINT('',(24.164787949,11.704081484,4.));
#888=DIRECTION('',(0.,0.,1.));
#889=DIRECTION('',(-1.,-0.,0.));
#890=AXIS2_PLACEMENT_3D('',#887,#888,#889);
#891=CIRCLE('',#890,4.75);
#892=EDGE_CURVE('',#877,#886,#891,.T.);
#893=ORIENTED_EDGE('',*,*,#892,.T.);
#894=CARTESIAN_POINT('',(19.889825462,-9.633527032,4.));
#895=VERTEX_POINT('',#894);
#896=CARTESIAN_POINT('',(0.,0.,4.));
#897=DIRECTION('',(0.,0.,1.));
#898=DIRECTION('',(-1.,-0.,0.));
#899=AXIS2_PLACEMENT_3D('',#896,#897,#898);
#900=CIRCLE('',#899,22.1);
#901=EDGE_CURVE('',#895,#886,#900,.T.);
#902=ORIENTED_EDGE('',*,*,#901,.F.);
#903=CARTESIAN_POINT('',(19.414787949,-11.704081484,4.));
#904=VERTEX_POINT('',#903);
#905=CARTESIAN_POINT('',(24.164787949,-11.704081484,4.));
#906=DIRECTION('',(0.,0.,1.));
#907=DIRECTION('',(-1.,-0.,0.));
#908=AXIS2_PLACEMENT_3D('',#905,#906,#907);
#909=CIRCLE('',#908,4.75);
#910=EDGE_CURVE('',#895,#904,#909,.T.);
#911=ORIENTED_EDGE('',*,*,#910,.T.);
#912=CARTESIAN_POINT('',(20.120348896,-14.195067785,4.));
#913=VERTEX_POINT('',#912);
#914=CARTESIAN_POINT('',(24.164787949,-11.704081484,4.));
#915=DIRECTION('',(0.,0.,1.));
#916=DIRECTION('',(-1.,-0.,0.));
#917=AXIS2_PLACEMENT_3D('',#914,#915,#916);
#918=CIRCLE('',#917,4.75);
#919=EDGE_CURVE('',#904,#913,#918,.T.);
#920=ORIENTED_EDGE('',*,*,#919,.T.);
#921=CARTESIAN_POINT('',(15.54731256,-19.094749574,4.));
#922=VERTEX_POINT('',#921);
#923=CARTESIAN_POINT('',(17.161522422,-16.017420927,4.));
#924=DIRECTION('',(0.,0.,1.));
#925=DIRECTION('',(1.,0.,-0.));
#926=AXIS2_PLACEMENT_3D('',#923,#924,#925);
#927=CIRCLE('',#926,3.475000011);
#928=EDGE_CURVE('',#922,#913,#927,.T.);
#929=ORIENTED_EDGE('',*,*,#928,.F.);
#930=CARTESIAN_POINT('',(10.980727534,-19.178989098,4.));
#931=VERTEX_POINT('',#930);
#932=CARTESIAN_POINT('',(13.340838656,-23.301170013,4.));
#933=DIRECTION('',(0.,0.,1.));
#934=DIRECTION('',(-1.,-0.,0.));
#935=AXIS2_PLACEMENT_3D('',#932,#933,#934);
#936=CIRCLE('',#935,4.75);
#937=EDGE_CURVE('',#922,#931,#936,.T.);
#938=ORIENTED_EDGE('',*,*,#937,.T.);
#939=CARTESIAN_POINT('',(-10.980727534,-19.178989098,4.));
#940=VERTEX_POINT('',#939);
#941=CARTESIAN_POINT('',(0.,0.,4.));
#942=DIRECTION('',(0.,0.,1.));
#943=DIRECTION('',(-1.,-0.,0.));
#944=AXIS2_PLACEMENT_3D('',#941,#942,#943);
#945=CIRCLE('',#944,22.1);
#946=EDGE_CURVE('',#940,#931,#945,.T.);
#947=ORIENTED_EDGE('',*,*,#946,.F.);
#948=CARTESIAN_POINT('',(-15.54731256,-19.094749574,4.));
#949=VERTEX_POINT('',#948);
#950=CARTESIAN_POINT('',(-13.340838656,-23.301170013,4.));
#951=DIRECTION('',(0.,0.,1.));
#952=DIRECTION('',(-1.,-0.,0.));
#953=AXIS2_PLACEMENT_3D('',#950,#951,#952);
#954=CIRCLE('',#953,4.75);
#955=EDGE_CURVE('',#940,#949,#954,.T.);
#956=ORIENTED_EDGE('',*,*,#955,.T.);
#957=CARTESIAN_POINT('',(-20.636522433,-16.017420927,4.));
#958=VERTEX_POINT('',#957);
#959=CARTESIAN_POINT('',(-17.161522422,-16.017420927,4.));
#960=DIRECTION('',(0.,0.,1.));
#961=DIRECTION('',(-1.,-0.,0.));
#962=AXIS2_PLACEMENT_3D('',#959,#960,#961);
#963=CIRCLE('',#962,3.475000011);
#964=EDGE_CURVE('',#958,#949,#963,.T.);
#965=ORIENTED_EDGE('',*,*,#964,.F.);
#966=CARTESIAN_POINT('',(-20.120348896,-14.195067785,4.));
#967=VERTEX_POINT('',#966);
#968=CARTESIAN_POINT('',(-17.161522422,-16.017420927,4.));
#969=DIRECTION('',(0.,0.,1.));
#970=DIRECTION('',(-1.,-0.,0.));
#971=AXIS2_PLACEMENT_3D('',#968,#969,#970);
#972=CIRCLE('',#971,3.475000011);
#973=EDGE_CURVE('',#967,#958,#972,.T.);
#974=ORIENTED_EDGE('',*,*,#973,.F.);
#975=CARTESIAN_POINT('',(-19.889825463,-9.633527032,4.));
#976=VERTEX_POINT('',#975);
#977=CARTESIAN_POINT('',(-24.164787949,-11.704081484,4.));
#978=DIRECTION('',(0.,0.,1.));
#979=DIRECTION('',(-1.,-0.,0.));
#980=AXIS2_PLACEMENT_3D('',#977,#978,#979);
#981=CIRCLE('',#980,4.75);
#982=EDGE_CURVE('',#967,#976,#981,.T.);
#983=ORIENTED_EDGE('',*,*,#982,.T.);
#984=CARTESIAN_POINT('',(-22.1,0.,4.));
#985=VERTEX_POINT('',#984);
#986=CARTESIAN_POINT('',(0.,0.,4.));
#987=DIRECTION('',(0.,0.,1.));
#988=DIRECTION('',(-1.,-0.,0.));
#989=AXIS2_PLACEMENT_3D('',#986,#987,#988);
#990=CIRCLE('',#989,22.1);
#991=EDGE_CURVE('',#985,#976,#990,.T.);
#992=ORIENTED_EDGE('',*,*,#991,.F.);
#993=CARTESIAN_POINT('',(-19.889825462,9.633527032,4.));
#994=VERTEX_POINT('',#993);
#995=CARTESIAN_POINT('',(0.,0.,4.));
#996=DIRECTION('',(0.,0.,1.));
#997=DIRECTION('',(-1.,-0.,0.));
#998=AXIS2_PLACEMENT_3D('',#995,#996,#997);
#999=CIRCLE('',#998,22.1);
#1000=EDGE_CURVE('',#994,#985,#999,.T.);
#1001=ORIENTED_EDGE('',*,*,#1000,.F.);
#1002=CARTESIAN_POINT('',(-20.120335941,14.19504675,4.));
#1003=VERTEX_POINT('',#1002);
#1004=CARTESIAN_POINT('',(-24.164787949,11.704081484,4.));
#1005=DIRECTION('',(0.,0.,1.));
#1006=DIRECTION('',(-1.,-0.,0.));
#1007=AXIS2_PLACEMENT_3D('',#1004,#1005,#1006);
#1008=CIRCLE('',#1007,4.75);
#1009=EDGE_CURVE('',#994,#1003,#1008,.T.);
#1010=ORIENTED_EDGE('',*,*,#1009,.T.);
#1011=CARTESIAN_POINT('',(-17.161499989,16.017384504,4.));
#1012=DIRECTION('',(0.,0.,1.));
#1013=DIRECTION('',(1.,0.,-0.));
#1014=AXIS2_PLACEMENT_3D('',#1011,#1012,#1013);
#1015=CIRCLE('',#1014,3.475000011);
#1016=EDGE_CURVE('',#723,#1003,#1015,.T.);
#1017=ORIENTED_EDGE('',*,*,#1016,.F.);
#1018=ORIENTED_EDGE('',*,*,#728,.F.);
#1019=CARTESIAN_POINT('',(-15.547299605,19.094742778,4.));
#1020=VERTEX_POINT('',#1019);
#1021=CARTESIAN_POINT('',(-17.161499989,16.01740916,4.));
#1022=DIRECTION('',(0.,0.,1.));
#1023=DIRECTION('',(1.,0.,-0.));
#1024=AXIS2_PLACEMENT_3D('',#1021,#1022,#1023);
#1025=CIRCLE('',#1024,3.475000011);
#1026=EDGE_CURVE('',#1020,#715,#1025,.T.);
#1027=ORIENTED_EDGE('',*,*,#1026,.F.);
#1028=CARTESIAN_POINT('',(-10.980727534,19.178989098,4.));
#1029=VERTEX_POINT('',#1028);
#1030=CARTESIAN_POINT('',(-13.340838656,23.301170013,4.));
#1031=DIRECTION('',(0.,0.,1.));
#1032=DIRECTION('',(1.,0.,-0.));
#1033=AXIS2_PLACEMENT_3D('',#1030,#1031,#1032);
#1034=CIRCLE('',#1033,4.75);
#1035=EDGE_CURVE('',#1020,#1029,#1034,.T.);
#1036=ORIENTED_EDGE('',*,*,#1035,.T.);
#1037=CARTESIAN_POINT('',(0.,0.,4.));
#1038=DIRECTION('',(0.,0.,1.));
#1039=DIRECTION('',(1.,0.,-0.));
#1040=AXIS2_PLACEMENT_3D('',#1037,#1038,#1039);
#1041=CIRCLE('',#1040,22.1);
#1042=EDGE_CURVE('',#857,#1029,#1041,.T.);
#1043=ORIENTED_EDGE('',*,*,#1042,.F.);
#1044=EDGE_LOOP('',(#866,#875,#884,#893,#902,#911,#920,#929,#938,#947,#956,#965,#974,#983,#992,#1001,#1010,#1017,#1018,#1027,#1036,#1043));
#1045=FACE_BOUND('',#1044,.T.);
#1046=ADVANCED_FACE('',(#811,#822,#833,#844,#855,#1045),#800,.F.);
#1047=CARTESIAN_POINT('',(-22.2365,27.276355283,-1.));
#1048=DIRECTION('',(-1.,-0.,0.));
#1049=DIRECTION('',(0.,-1.,0.));
#1050=AXIS2_PLACEMENT_3D('',#1047,#1048,#1049);
#1051=PLANE('',#1050);
#1052=CARTESIAN_POINT('',(-22.2365,16.01740916,0.));
#1053=DIRECTION('',(0.,0.,1.));
#1054=VECTOR('',#1053,5.2);
#1055=LINE('',#1052,#1054);
#1056=EDGE_CURVE('',#250,#521,#1055,.T.);
#1057=ORIENTED_EDGE('',*,*,#1056,.F.);
#1058=ORIENTED_EDGE('',*,*,#257,.T.);
#1059=CARTESIAN_POINT('',(-22.2365,16.017384503,0.));
#1060=DIRECTION('',(-0.,-0.,1.));
#1061=VECTOR('',#1060,5.2);
#1062=LINE('',#1059,#1061);
#1063=EDGE_CURVE('',#252,#530,#1062,.T.);
#1064=ORIENTED_EDGE('',*,*,#1063,.T.);
#1065=ORIENTED_EDGE('',*,*,#535,.F.);
#1066=EDGE_LOOP('',(#1057,#1058,#1064,#1065));
#1067=FACE_BOUND('',#1066,.T.);
#1068=ADVANCED_FACE('',(#1067),#1051,.T.);
#1069=CARTESIAN_POINT('',(-24.164787949,11.704081484,-1.));
#1070=DIRECTION('',(0.,0.,1.));
#1071=DIRECTION('',(-1.,-0.,0.));
#1072=AXIS2_PLACEMENT_3D('',#1069,#1070,#1071);
#1073=CYLINDRICAL_SURFACE('',#1072,4.75);
#1074=CARTESIAN_POINT('',(-20.120335941,14.19504675,0.));
#1075=DIRECTION('',(0.,0.,1.));
#1076=VECTOR('',#1075,4.);
#1077=LINE('',#1074,#1076);
#1078=EDGE_CURVE('',#97,#1003,#1077,.T.);
#1079=ORIENTED_EDGE('',*,*,#1078,.T.);
#1080=ORIENTED_EDGE('',*,*,#1009,.F.);
#1081=CARTESIAN_POINT('',(-19.889825462,9.633527032,0.));
#1082=DIRECTION('',(0.,0.,1.));
#1083=VECTOR('',#1082,4.);
#1084=LINE('',#1081,#1083);
#1085=EDGE_CURVE('',#106,#994,#1084,.T.);
#1086=ORIENTED_EDGE('',*,*,#1085,.F.);
#1087=ORIENTED_EDGE('',*,*,#112,.T.);
#1088=EDGE_LOOP('',(#1079,#1080,#1086,#1087));
#1089=FACE_BOUND('',#1088,.T.);
#1090=ADVANCED_FACE('',(#1089),#1073,.T.);
#1091=CARTESIAN_POINT('',(-17.161499989,16.017384503,-1.));
#1092=DIRECTION('',(0.,0.,1.));
#1093=DIRECTION('',(1.,0.,-0.));
#1094=AXIS2_PLACEMENT_3D('',#1091,#1092,#1093);
#1095=CYLINDRICAL_SURFACE('',#1094,3.475000011);
#1096=ORIENTED_EDGE('',*,*,#1016,.T.);
#1097=ORIENTED_EDGE('',*,*,#1078,.F.);
#1098=ORIENTED_EDGE('',*,*,#103,.F.);
#1099=ORIENTED_EDGE('',*,*,#734,.T.);
#1100=EDGE_LOOP('',(#1096,#1097,#1098,#1099));
#1101=FACE_BOUND('',#1100,.T.);
#1102=ADVANCED_FACE('',(#1101),#1095,.F.);
#1103=CARTESIAN_POINT('',(17.161522422,16.017420927,-1.));
#1104=DIRECTION('',(0.,0.,1.));
#1105=DIRECTION('',(-1.,-0.,0.));
#1106=AXIS2_PLACEMENT_3D('',#1103,#1104,#1105);
#1107=CYLINDRICAL_SURFACE('',#1106,3.475000011);
#1108=ORIENTED_EDGE('',*,*,#874,.T.);
#1109=CARTESIAN_POINT('',(15.54731256,19.094749574,0.));
#1110=DIRECTION('',(0.,0.,1.));
#1111=VECTOR('',#1110,4.);
#1112=LINE('',#1109,#1111);
#1113=EDGE_CURVE('',#35,#859,#1112,.T.);
#1114=ORIENTED_EDGE('',*,*,#1113,.F.);
#1115=ORIENTED_EDGE('',*,*,#41,.F.);
#1116=CARTESIAN_POINT('',(20.120348896,14.195067785,0.));
#1117=DIRECTION('',(0.,0.,1.));
#1118=VECTOR('',#1117,4.);
#1119=LINE('',#1116,#1118);
#1120=EDGE_CURVE('',#33,#868,#1119,.T.);
#1121=ORIENTED_EDGE('',*,*,#1120,.T.);
#1122=EDGE_LOOP('',(#1108,#1114,#1115,#1121));
#1123=FACE_BOUND('',#1122,.T.);
#1124=ADVANCED_FACE('',(#1123),#1107,.F.);
#1125=CARTESIAN_POINT('',(24.164787949,11.704081484,-1.));
#1126=DIRECTION('',(0.,0.,1.));
#1127=DIRECTION('',(-1.,-0.,0.));
#1128=AXIS2_PLACEMENT_3D('',#1125,#1126,#1127);
#1129=CYLINDRICAL_SURFACE('',#1128,4.75);
#1130=CARTESIAN_POINT('',(19.414787949,11.704081484,4.));
#1131=DIRECTION('',(-0.,-0.,-1.));
#1132=VECTOR('',#1131,4.);
#1133=LINE('',#1130,#1132);
#1134=EDGE_CURVE('',#877,#232,#1133,.T.);
#1135=ORIENTED_EDGE('',*,*,#1134,.T.);
#1136=ORIENTED_EDGE('',*,*,#238,.T.);
#1137=CARTESIAN_POINT('',(19.889825462,9.633527032,0.));
#1138=DIRECTION('',(0.,0.,1.));
#1139=VECTOR('',#1138,4.);
#1140=LINE('',#1137,#1139);
#1141=EDGE_CURVE('',#223,#886,#1140,.T.);
#1142=ORIENTED_EDGE('',*,*,#1141,.T.);
#1143=ORIENTED_EDGE('',*,*,#892,.F.);
#1144=EDGE_LOOP('',(#1135,#1136,#1142,#1143));
#1145=FACE_BOUND('',#1144,.T.);
#1146=ADVANCED_FACE('',(#1145),#1129,.T.);
#1147=CARTESIAN_POINT('',(17.161522422,-16.017420927,-1.));
#1148=DIRECTION('',(0.,0.,1.));
#1149=DIRECTION('',(-1.,-0.,0.));
#1150=AXIS2_PLACEMENT_3D('',#1147,#1148,#1149);
#1151=CYLINDRICAL_SURFACE('',#1150,5.075000011);
#1152=ORIENTED_EDGE('',*,*,#634,.T.);
#1153=ORIENTED_EDGE('',*,*,#788,.F.);
#1154=ORIENTED_EDGE('',*,*,#356,.T.);
#1155=CARTESIAN_POINT('',(21.482686261,-13.355998716,0.));
#1156=DIRECTION('',(0.,0.,1.));
#1157=VECTOR('',#1156,5.2);
#1158=LINE('',#1155,#1157);
#1159=EDGE_CURVE('',#341,#628,#1158,.T.);
#1160=ORIENTED_EDGE('',*,*,#1159,.T.);
#1161=EDGE_LOOP('',(#1152,#1153,#1154,#1160));
#1162=FACE_BOUND('',#1161,.T.);
#1163=ADVANCED_FACE('',(#1162),#1151,.T.);
#1164=CARTESIAN_POINT('',(24.164787949,-11.704081484,-1.));
#1165=DIRECTION('',(0.,0.,1.));
#1166=DIRECTION('',(-1.,-0.,0.));
#1167=AXIS2_PLACEMENT_3D('',#1164,#1165,#1166);
#1168=CYLINDRICAL_SURFACE('',#1167,3.15);
#1169=CARTESIAN_POINT('',(21.014787949,-11.704081484,5.2));
#1170=DIRECTION('',(-0.,-0.,-1.));
#1171=VECTOR('',#1170,5.2);
#1172=LINE('',#1169,#1171);
#1173=EDGE_CURVE('',#637,#332,#1172,.T.);
#1174=ORIENTED_EDGE('',*,*,#1173,.F.);
#1175=ORIENTED_EDGE('',*,*,#643,.F.);
#1176=ORIENTED_EDGE('',*,*,#1159,.F.);
#1177=ORIENTED_EDGE('',*,*,#347,.T.);
#1178=EDGE_LOOP('',(#1174,#1175,#1176,#1177));
#1179=FACE_BOUND('',#1178,.T.);
#1180=ADVANCED_FACE('',(#1179),#1168,.F.);
#1181=CARTESIAN_POINT('',(0.,0.,-1.));
#1182=DIRECTION('',(0.,0.,1.));
#1183=DIRECTION('',(-1.,-0.,0.));
#1184=AXIS2_PLACEMENT_3D('',#1181,#1182,#1183);
#1185=CYLINDRICAL_SURFACE('',#1184,23.7);
#1186=CARTESIAN_POINT('',(21.329812826,-10.330976953,0.));
#1187=DIRECTION('',(0.,0.,1.));
#1188=VECTOR('',#1187,5.2);
#1189=LINE('',#1186,#1188);
#1190=EDGE_CURVE('',#323,#646,#1189,.T.);
#1191=ORIENTED_EDGE('',*,*,#1190,.F.);
#1192=ORIENTED_EDGE('',*,*,#329,.T.);
#1193=CARTESIAN_POINT('',(21.329812826,10.330976953,0.));
#1194=DIRECTION('',(0.,0.,1.));
#1195=VECTOR('',#1194,5.2);
#1196=LINE('',#1193,#1195);
#1197=EDGE_CURVE('',#314,#655,#1196,.T.);
#1198=ORIENTED_EDGE('',*,*,#1197,.T.);
#1199=ORIENTED_EDGE('',*,*,#661,.T.);
#1200=EDGE_LOOP('',(#1191,#1192,#1198,#1199));
#1201=FACE_BOUND('',#1200,.T.);
#1202=ADVANCED_FACE('',(#1201),#1185,.T.);
#1203=CARTESIAN_POINT('',(24.164787949,11.704081484,-1.));
#1204=DIRECTION('',(0.,0.,1.));
#1205=DIRECTION('',(-1.,-0.,0.));
#1206=AXIS2_PLACEMENT_3D('',#1203,#1204,#1205);
#1207=CYLINDRICAL_SURFACE('',#1206,3.15);
#1208=CARTESIAN_POINT('',(21.014787949,11.704081484,5.2));
#1209=DIRECTION('',(-0.,-0.,-1.));
#1210=VECTOR('',#1209,5.2);
#1211=LINE('',#1208,#1210);
#1212=EDGE_CURVE('',#664,#305,#1211,.T.);
#1213=ORIENTED_EDGE('',*,*,#1212,.F.);
#1214=ORIENTED_EDGE('',*,*,#670,.F.);
#1215=ORIENTED_EDGE('',*,*,#1197,.F.);
#1216=ORIENTED_EDGE('',*,*,#320,.T.);
#1217=EDGE_LOOP('',(#1213,#1214,#1215,#1216));
#1218=FACE_BOUND('',#1217,.T.);
#1219=ADVANCED_FACE('',(#1218),#1207,.F.);
#1220=CARTESIAN_POINT('',(17.161522422,16.017420927,-1.));
#1221=DIRECTION('',(0.,0.,1.));
#1222=DIRECTION('',(-1.,-0.,0.));
#1223=AXIS2_PLACEMENT_3D('',#1220,#1221,#1222);
#1224=CYLINDRICAL_SURFACE('',#1223,5.075000011);
#1225=CARTESIAN_POINT('',(21.482686262,13.355998715,0.));
#1226=DIRECTION('',(0.,0.,1.));
#1227=VECTOR('',#1226,5.2);
#1228=LINE('',#1225,#1227);
#1229=EDGE_CURVE('',#296,#673,#1228,.T.);
#1230=ORIENTED_EDGE('',*,*,#1229,.F.);
#1231=ORIENTED_EDGE('',*,*,#302,.T.);
#1232=CARTESIAN_POINT('',(14.804079245,20.51164909,0.));
#1233=DIRECTION('',(0.,0.,1.));
#1234=VECTOR('',#1233,5.2);
#1235=LINE('',#1232,#1234);
#1236=EDGE_CURVE('',#287,#682,#1235,.T.);
#1237=ORIENTED_EDGE('',*,*,#1236,.T.);
#1238=ORIENTED_EDGE('',*,*,#688,.T.);
#1239=EDGE_LOOP('',(#1230,#1231,#1237,#1238));
#1240=FACE_BOUND('',#1239,.T.);
#1241=ADVANCED_FACE('',(#1240),#1224,.T.);
#1242=CARTESIAN_POINT('',(-17.161499989,16.017384503,-1.));
#1243=DIRECTION('',(0.,0.,1.));
#1244=DIRECTION('',(1.,0.,-0.));
#1245=AXIS2_PLACEMENT_3D('',#1242,#1243,#1244);
#1246=CYLINDRICAL_SURFACE('',#1245,5.075000011);
#1247=ORIENTED_EDGE('',*,*,#1063,.F.);
#1248=ORIENTED_EDGE('',*,*,#444,.F.);
#1249=CARTESIAN_POINT('',(-21.48267767,13.355984766,0.));
#1250=DIRECTION('',(0.,0.,1.));
#1251=VECTOR('',#1250,5.2);
#1252=LINE('',#1249,#1251);
#1253=EDGE_CURVE('',#431,#538,#1252,.T.);
#1254=ORIENTED_EDGE('',*,*,#1253,.T.);
#1255=ORIENTED_EDGE('',*,*,#544,.F.);
#1256=EDGE_LOOP('',(#1247,#1248,#1254,#1255));
#1257=FACE_BOUND('',#1256,.T.);
#1258=ADVANCED_FACE('',(#1257),#1246,.T.);
#1259=CARTESIAN_POINT('',(-24.164787949,11.704081484,-1.));
#1260=DIRECTION('',(0.,0.,1.));
#1261=DIRECTION('',(-1.,-0.,0.));
#1262=AXIS2_PLACEMENT_3D('',#1259,#1260,#1261);
#1263=CYLINDRICAL_SURFACE('',#1262,3.15);
#1264=ORIENTED_EDGE('',*,*,#1253,.F.);
#1265=ORIENTED_EDGE('',*,*,#437,.F.);
#1266=CARTESIAN_POINT('',(-21.329812826,10.330976953,0.));
#1267=DIRECTION('',(0.,0.,1.));
#1268=VECTOR('',#1267,5.2);
#1269=LINE('',#1266,#1268);
#1270=EDGE_CURVE('',#422,#547,#1269,.T.);
#1271=ORIENTED_EDGE('',*,*,#1270,.T.);
#1272=ORIENTED_EDGE('',*,*,#553,.F.);
#1273=EDGE_LOOP('',(#1264,#1265,#1271,#1272));
#1274=FACE_BOUND('',#1273,.T.);
#1275=ADVANCED_FACE('',(#1274),#1263,.F.);
#1276=CARTESIAN_POINT('',(0.,0.,-1.));
#1277=DIRECTION('',(0.,0.,1.));
#1278=DIRECTION('',(-1.,-0.,0.));
#1279=AXIS2_PLACEMENT_3D('',#1276,#1277,#1278);
#1280=CYLINDRICAL_SURFACE('',#1279,23.7);
#1281=CARTESIAN_POINT('',(-23.7,-0.,5.2));
#1282=DIRECTION('',(-0.,-0.,-1.));
#1283=VECTOR('',#1282,5.2);
#1284=LINE('',#1281,#1283);
#1285=EDGE_CURVE('',#556,#413,#1284,.T.);
#1286=ORIENTED_EDGE('',*,*,#1285,.T.);
#1287=ORIENTED_EDGE('',*,*,#419,.F.);
#1288=CARTESIAN_POINT('',(-21.329812826,-10.330976953,0.));
#1289=DIRECTION('',(0.,0.,1.));
#1290=VECTOR('',#1289,5.2);
#1291=LINE('',#1288,#1290);
#1292=EDGE_CURVE('',#404,#565,#1291,.T.);
#1293=ORIENTED_EDGE('',*,*,#1292,.T.);
#1294=ORIENTED_EDGE('',*,*,#571,.T.);
#1295=EDGE_LOOP('',(#1286,#1287,#1293,#1294));
#1296=FACE_BOUND('',#1295,.T.);
#1297=ADVANCED_FACE('',(#1296),#1280,.T.);
#1298=CARTESIAN_POINT('',(-24.164787949,-11.704081484,-1.));
#1299=DIRECTION('',(0.,0.,1.));
#1300=DIRECTION('',(-1.,-0.,0.));
#1301=AXIS2_PLACEMENT_3D('',#1298,#1299,#1300);
#1302=CYLINDRICAL_SURFACE('',#1301,3.15);
#1303=ORIENTED_EDGE('',*,*,#1292,.F.);
#1304=ORIENTED_EDGE('',*,*,#410,.F.);
#1305=CARTESIAN_POINT('',(-21.482686262,-13.355998715,0.));
#1306=DIRECTION('',(0.,0.,1.));
#1307=VECTOR('',#1306,5.2);
#1308=LINE('',#1305,#1307);
#1309=EDGE_CURVE('',#395,#574,#1308,.T.);
#1310=ORIENTED_EDGE('',*,*,#1309,.T.);
#1311=ORIENTED_EDGE('',*,*,#580,.T.);
#1312=EDGE_LOOP('',(#1303,#1304,#1310,#1311));
#1313=FACE_BOUND('',#1312,.T.);
#1314=ADVANCED_FACE('',(#1313),#1302,.F.);
#1315=CARTESIAN_POINT('',(0.,0.,-1.));
#1316=DIRECTION('',(0.,0.,1.));
#1317=DIRECTION('',(-1.,-0.,0.));
#1318=AXIS2_PLACEMENT_3D('',#1315,#1316,#1317);
#1319=CYLINDRICAL_SURFACE('',#1318,22.1);
#1320=CARTESIAN_POINT('',(-10.980727534,-19.178989098,0.));
#1321=DIRECTION('',(0.,0.,1.));
#1322=VECTOR('',#1321,4.);
#1323=LINE('',#1320,#1322);
#1324=EDGE_CURVE('',#160,#940,#1323,.T.);
#1325=ORIENTED_EDGE('',*,*,#1324,.T.);
#1326=ORIENTED_EDGE('',*,*,#946,.T.);
#1327=CARTESIAN_POINT('',(10.980727534,-19.178989098,0.));
#1328=DIRECTION('',(0.,0.,1.));
#1329=VECTOR('',#1328,4.);
#1330=LINE('',#1327,#1329);
#1331=EDGE_CURVE('',#169,#931,#1330,.T.);
#1332=ORIENTED_EDGE('',*,*,#1331,.F.);
#1333=ORIENTED_EDGE('',*,*,#175,.F.);
#1334=EDGE_LOOP('',(#1325,#1326,#1332,#1333));
#1335=FACE_BOUND('',#1334,.T.);
#1336=ADVANCED_FACE('',(#1335),#1319,.F.);
#1337=CARTESIAN_POINT('',(-13.340838656,-23.301170013,-1.));
#1338=DIRECTION('',(0.,0.,1.));
#1339=DIRECTION('',(-1.,-0.,0.));
#1340=AXIS2_PLACEMENT_3D('',#1337,#1338,#1339);
#1341=CYLINDRICAL_SURFACE('',#1340,4.75);
#1342=ORIENTED_EDGE('',*,*,#955,.F.);
#1343=ORIENTED_EDGE('',*,*,#1324,.F.);
#1344=ORIENTED_EDGE('',*,*,#166,.T.);
#1345=CARTESIAN_POINT('',(-15.54731256,-19.094749574,0.));
#1346=DIRECTION('',(0.,0.,1.));
#1347=VECTOR('',#1346,4.);
#1348=LINE('',#1345,#1347);
#1349=EDGE_CURVE('',#151,#949,#1348,.T.);
#1350=ORIENTED_EDGE('',*,*,#1349,.T.);
#1351=EDGE_LOOP('',(#1342,#1343,#1344,#1350));
#1352=FACE_BOUND('',#1351,.T.);
#1353=ADVANCED_FACE('',(#1352),#1341,.T.);
#1354=CARTESIAN_POINT('',(-17.161522422,-16.017420927,-1.));
#1355=DIRECTION('',(0.,0.,1.));
#1356=DIRECTION('',(-1.,-0.,0.));
#1357=AXIS2_PLACEMENT_3D('',#1354,#1355,#1356);
#1358=CYLINDRICAL_SURFACE('',#1357,3.475000011);
#1359=CARTESIAN_POINT('',(-20.636522433,-16.017420927,4.));
#1360=DIRECTION('',(-0.,-0.,-1.));
#1361=VECTOR('',#1360,4.);
#1362=LINE('',#1359,#1361);
#1363=EDGE_CURVE('',#958,#142,#1362,.T.);
#1364=ORIENTED_EDGE('',*,*,#1363,.F.);
#1365=ORIENTED_EDGE('',*,*,#964,.T.);
#1366=ORIENTED_EDGE('',*,*,#1349,.F.);
#1367=ORIENTED_EDGE('',*,*,#157,.F.);
#1368=EDGE_LOOP('',(#1364,#1365,#1366,#1367));
#1369=FACE_BOUND('',#1368,.T.);
#1370=ADVANCED_FACE('',(#1369),#1358,.F.);
#1371=CARTESIAN_POINT('',(-24.164787949,-11.704081484,-1.));
#1372=DIRECTION('',(0.,0.,1.));
#1373=DIRECTION('',(-1.,-0.,0.));
#1374=AXIS2_PLACEMENT_3D('',#1371,#1372,#1373);
#1375=CYLINDRICAL_SURFACE('',#1374,4.75);
#1376=ORIENTED_EDGE('',*,*,#982,.F.);
#1377=CARTESIAN_POINT('',(-20.120348896,-14.195067785,0.));
#1378=DIRECTION('',(0.,0.,1.));
#1379=VECTOR('',#1378,4.);
#1380=LINE('',#1377,#1379);
#1381=EDGE_CURVE('',#133,#967,#1380,.T.);
#1382=ORIENTED_EDGE('',*,*,#1381,.F.);
#1383=ORIENTED_EDGE('',*,*,#139,.T.);
#1384=CARTESIAN_POINT('',(-19.889825462,-9.633527032,0.));
#1385=DIRECTION('',(0.,0.,1.));
#1386=VECTOR('',#1385,4.);
#1387=LINE('',#1384,#1386);
#1388=EDGE_CURVE('',#124,#976,#1387,.T.);
#1389=ORIENTED_EDGE('',*,*,#1388,.T.);
#1390=EDGE_LOOP('',(#1376,#1382,#1383,#1389));
#1391=FACE_BOUND('',#1390,.T.);
#1392=ADVANCED_FACE('',(#1391),#1375,.T.);
#1393=CARTESIAN_POINT('',(0.,0.,-1.));
#1394=DIRECTION('',(0.,0.,1.));
#1395=DIRECTION('',(-1.,-0.,0.));
#1396=AXIS2_PLACEMENT_3D('',#1393,#1394,#1395);
#1397=CYLINDRICAL_SURFACE('',#1396,22.1);
#1398=CARTESIAN_POINT('',(-22.1,-0.,4.));
#1399=DIRECTION('',(-0.,-0.,-1.));
#1400=VECTOR('',#1399,4.);
#1401=LINE('',#1398,#1400);
#1402=EDGE_CURVE('',#985,#115,#1401,.T.);
#1403=ORIENTED_EDGE('',*,*,#1402,.F.);
#1404=ORIENTED_EDGE('',*,*,#991,.T.);
#1405=ORIENTED_EDGE('',*,*,#1388,.F.);
#1406=ORIENTED_EDGE('',*,*,#130,.F.);
#1407=EDGE_LOOP('',(#1403,#1404,#1405,#1406));
#1408=FACE_BOUND('',#1407,.T.);
#1409=ADVANCED_FACE('',(#1408),#1397,.F.);
#1410=CARTESIAN_POINT('',(0.,0.,-1.));
#1411=DIRECTION('',(0.,0.,1.));
#1412=DIRECTION('',(-1.,-0.,0.));
#1413=AXIS2_PLACEMENT_3D('',#1410,#1411,#1412);
#1414=CYLINDRICAL_SURFACE('',#1413,22.1);
#1415=CARTESIAN_POINT('',(19.889825462,-9.633527032,0.));
#1416=DIRECTION('',(0.,0.,1.));
#1417=VECTOR('',#1416,4.);
#1418=LINE('',#1415,#1417);
#1419=EDGE_CURVE('',#214,#895,#1418,.T.);
#1420=ORIENTED_EDGE('',*,*,#1419,.T.);
#1421=ORIENTED_EDGE('',*,*,#901,.T.);
#1422=ORIENTED_EDGE('',*,*,#1141,.F.);
#1423=ORIENTED_EDGE('',*,*,#229,.F.);
#1424=EDGE_LOOP('',(#1420,#1421,#1422,#1423));
#1425=FACE_BOUND('',#1424,.T.);
#1426=ADVANCED_FACE('',(#1425),#1414,.F.);
#1427=CARTESIAN_POINT('',(24.164787949,-11.704081484,-1.));
#1428=DIRECTION('',(0.,0.,1.));
#1429=DIRECTION('',(-1.,-0.,0.));
#1430=AXIS2_PLACEMENT_3D('',#1427,#1428,#1429);
#1431=CYLINDRICAL_SURFACE('',#1430,4.75);
#1432=CARTESIAN_POINT('',(19.414787949,-11.704081484,4.));
#1433=DIRECTION('',(-0.,-0.,-1.));
#1434=VECTOR('',#1433,4.);
#1435=LINE('',#1432,#1434);
#1436=EDGE_CURVE('',#904,#205,#1435,.T.);
#1437=ORIENTED_EDGE('',*,*,#1436,.T.);
#1438=ORIENTED_EDGE('',*,*,#211,.T.);
#1439=CARTESIAN_POINT('',(20.120348896,-14.195067785,0.));
#1440=DIRECTION('',(0.,0.,1.));
#1441=VECTOR('',#1440,4.);
#1442=LINE('',#1439,#1441);
#1443=EDGE_CURVE('',#196,#913,#1442,.T.);
#1444=ORIENTED_EDGE('',*,*,#1443,.T.);
#1445=ORIENTED_EDGE('',*,*,#919,.F.);
#1446=EDGE_LOOP('',(#1437,#1438,#1444,#1445));
#1447=FACE_BOUND('',#1446,.T.);
#1448=ADVANCED_FACE('',(#1447),#1431,.T.);
#1449=CARTESIAN_POINT('',(17.161522422,-16.017420927,-1.));
#1450=DIRECTION('',(0.,0.,1.));
#1451=DIRECTION('',(-1.,-0.,0.));
#1452=AXIS2_PLACEMENT_3D('',#1449,#1450,#1451);
#1453=CYLINDRICAL_SURFACE('',#1452,3.475000011);
#1454=ORIENTED_EDGE('',*,*,#1443,.F.);
#1455=ORIENTED_EDGE('',*,*,#202,.F.);
#1456=ORIENTED_EDGE('',*,*,#193,.F.);
#1457=CARTESIAN_POINT('',(15.54731256,-19.094749574,0.));
#1458=DIRECTION('',(0.,0.,1.));
#1459=VECTOR('',#1458,4.);
#1460=LINE('',#1457,#1459);
#1461=EDGE_CURVE('',#178,#922,#1460,.T.);
#1462=ORIENTED_EDGE('',*,*,#1461,.T.);
#1463=ORIENTED_EDGE('',*,*,#928,.T.);
#1464=EDGE_LOOP('',(#1454,#1455,#1456,#1462,#1463));
#1465=FACE_BOUND('',#1464,.T.);
#1466=ADVANCED_FACE('',(#1465),#1453,.F.);
#1467=CARTESIAN_POINT('',(13.340838656,-23.301170013,-1.));
#1468=DIRECTION('',(0.,0.,1.));
#1469=DIRECTION('',(-1.,-0.,0.));
#1470=AXIS2_PLACEMENT_3D('',#1467,#1468,#1469);
#1471=CYLINDRICAL_SURFACE('',#1470,4.75);
#1472=ORIENTED_EDGE('',*,*,#937,.F.);
#1473=ORIENTED_EDGE('',*,*,#1461,.F.);
#1474=ORIENTED_EDGE('',*,*,#184,.T.);
#1475=ORIENTED_EDGE('',*,*,#1331,.T.);
#1476=EDGE_LOOP('',(#1472,#1473,#1474,#1475));
#1477=FACE_BOUND('',#1476,.T.);
#1478=ADVANCED_FACE('',(#1477),#1471,.T.);
#1479=CARTESIAN_POINT('',(-17.161522422,-16.017420927,-1.));
#1480=DIRECTION('',(0.,0.,1.));
#1481=DIRECTION('',(-1.,-0.,0.));
#1482=AXIS2_PLACEMENT_3D('',#1479,#1480,#1481);
#1483=CYLINDRICAL_SURFACE('',#1482,5.075000011);
#1484=CARTESIAN_POINT('',(-22.236522433,-16.017420927,5.2));
#1485=DIRECTION('',(-0.,-0.,-1.));
#1486=VECTOR('',#1485,5.2);
#1487=LINE('',#1484,#1486);
#1488=EDGE_CURVE('',#583,#386,#1487,.T.);
#1489=ORIENTED_EDGE('',*,*,#1488,.T.);
#1490=ORIENTED_EDGE('',*,*,#392,.F.);
#1491=ORIENTED_EDGE('',*,*,#756,.T.);
#1492=ORIENTED_EDGE('',*,*,#598,.T.);
#1493=EDGE_LOOP('',(#1489,#1490,#1491,#1492));
#1494=FACE_BOUND('',#1493,.T.);
#1495=ADVANCED_FACE('',(#1494),#1483,.T.);
#1496=CARTESIAN_POINT('',(0.,0.,0.2));
#1497=DIRECTION('',(0.,0.,1.));
#1498=DIRECTION('',(-1.,-0.,0.));
#1499=AXIS2_PLACEMENT_3D('',#1496,#1497,#1498);
#1500=CYLINDRICAL_SURFACE('',#1499,19.);
#1501=CARTESIAN_POINT('',(-19.,-0.,5.2));
#1502=DIRECTION('',(-0.,-0.,-1.));
#1503=VECTOR('',#1502,1.2);
#1504=LINE('',#1501,#1503);
#1505=EDGE_CURVE('',#499,#846,#1504,.T.);
#1506=ORIENTED_EDGE('',*,*,#1505,.F.);
#1507=ORIENTED_EDGE('',*,*,#505,.T.);
#1508=ORIENTED_EDGE('',*,*,#1505,.T.);
#1509=ORIENTED_EDGE('',*,*,#852,.F.);
#1510=EDGE_LOOP('',(#1506,#1507,#1508,#1509));
#1511=FACE_BOUND('',#1510,.T.);
#1512=ADVANCED_FACE('',(#1511),#1500,.F.);
#1513=CARTESIAN_POINT('',(-17.161522422,16.017420927,4.));
#1514=DIRECTION('',(0.,0.,1.));
#1515=DIRECTION('',(-1.,-0.,0.));
#1516=AXIS2_PLACEMENT_3D('',#1513,#1514,#1515);
#1517=CONICAL_SURFACE('',#1516,1.1,44.999999949);
#1518=CARTESIAN_POINT('',(-19.46152242,16.017420927,5.2));
#1519=DIRECTION('',(0.707106781,0.,-0.707106782));
#1520=VECTOR('',#1519,1.697056275);
#1521=LINE('',#1518,#1520);
#1522=EDGE_CURVE('',#455,#835,#1521,.T.);
#1523=ORIENTED_EDGE('',*,*,#1522,.F.);
#1524=ORIENTED_EDGE('',*,*,#461,.F.);
#1525=ORIENTED_EDGE('',*,*,#1522,.T.);
#1526=ORIENTED_EDGE('',*,*,#841,.F.);
#1527=EDGE_LOOP('',(#1523,#1524,#1525,#1526));
#1528=FACE_BOUND('',#1527,.T.);
#1529=ADVANCED_FACE('',(#1528),#1517,.F.);
#1530=CARTESIAN_POINT('',(-17.161522422,-16.017420927,4.));
#1531=DIRECTION('',(0.,0.,1.));
#1532=DIRECTION('',(-1.,-0.,0.));
#1533=AXIS2_PLACEMENT_3D('',#1530,#1531,#1532);
#1534=CONICAL_SURFACE('',#1533,1.1,44.999999949);
#1535=CARTESIAN_POINT('',(-19.46152242,-16.017420927,5.2));
#1536=DIRECTION('',(0.707106781,0.,-0.707106782));
#1537=VECTOR('',#1536,1.697056275);
#1538=LINE('',#1535,#1537);
#1539=EDGE_CURVE('',#466,#824,#1538,.T.);
#1540=ORIENTED_EDGE('',*,*,#1539,.F.);
#1541=ORIENTED_EDGE('',*,*,#472,.F.);
#1542=ORIENTED_EDGE('',*,*,#1539,.T.);
#1543=ORIENTED_EDGE('',*,*,#830,.F.);
#1544=EDGE_LOOP('',(#1540,#1541,#1542,#1543));
#1545=FACE_BOUND('',#1544,.T.);
#1546=ADVANCED_FACE('',(#1545),#1534,.F.);
#1547=CARTESIAN_POINT('',(17.161522422,16.017420927,4.));
#1548=DIRECTION('',(0.,0.,1.));
#1549=DIRECTION('',(-1.,-0.,0.));
#1550=AXIS2_PLACEMENT_3D('',#1547,#1548,#1549);
#1551=CONICAL_SURFACE('',#1550,1.1,44.999999949);
#1552=CARTESIAN_POINT('',(14.861522424,16.017420927,5.2));
#1553=DIRECTION('',(0.707106781,0.,-0.707106782));
#1554=VECTOR('',#1553,1.697056275);
#1555=LINE('',#1552,#1554);
#1556=EDGE_CURVE('',#477,#813,#1555,.T.);
#1557=ORIENTED_EDGE('',*,*,#1556,.F.);
#1558=ORIENTED_EDGE('',*,*,#483,.F.);
#1559=ORIENTED_EDGE('',*,*,#1556,.T.);
#1560=ORIENTED_EDGE('',*,*,#819,.F.);
#1561=EDGE_LOOP('',(#1557,#1558,#1559,#1560));
#1562=FACE_BOUND('',#1561,.T.);
#1563=ADVANCED_FACE('',(#1562),#1551,.F.);
#1564=CARTESIAN_POINT('',(17.161522422,-16.017420927,4.));
#1565=DIRECTION('',(0.,0.,1.));
#1566=DIRECTION('',(-1.,-0.,0.));
#1567=AXIS2_PLACEMENT_3D('',#1564,#1565,#1566);
#1568=CONICAL_SURFACE('',#1567,1.1,44.999999949);
#1569=CARTESIAN_POINT('',(14.861522424,-16.017420927,5.2));
#1570=DIRECTION('',(0.707106781,0.,-0.707106782));
#1571=VECTOR('',#1570,1.697056275);
#1572=LINE('',#1569,#1571);
#1573=EDGE_CURVE('',#488,#802,#1572,.T.);
#1574=ORIENTED_EDGE('',*,*,#1573,.F.);
#1575=ORIENTED_EDGE('',*,*,#494,.F.);
#1576=ORIENTED_EDGE('',*,*,#1573,.T.);
#1577=ORIENTED_EDGE('',*,*,#808,.F.);
#1578=EDGE_LOOP('',(#1574,#1575,#1576,#1577));
#1579=FACE_BOUND('',#1578,.T.);
#1580=ADVANCED_FACE('',(#1579),#1568,.F.);
#1581=CARTESIAN_POINT('',(-17.161499989,16.01740916,-1.));
#1582=DIRECTION('',(0.,0.,1.));
#1583=DIRECTION('',(1.,0.,-0.));
#1584=AXIS2_PLACEMENT_3D('',#1581,#1582,#1583);
#1585=CYLINDRICAL_SURFACE('',#1584,5.075000011);
#1586=ORIENTED_EDGE('',*,*,#266,.T.);
#1587=ORIENTED_EDGE('',*,*,#1056,.T.);
#1588=ORIENTED_EDGE('',*,*,#527,.F.);
#1589=CARTESIAN_POINT('',(-14.804072802,20.511645711,0.));
#1590=DIRECTION('',(0.,0.,1.));
#1591=VECTOR('',#1590,5.2);
#1592=LINE('',#1589,#1591);
#1593=EDGE_CURVE('',#260,#510,#1592,.T.);
#1594=ORIENTED_EDGE('',*,*,#1593,.F.);
#1595=EDGE_LOOP('',(#1586,#1587,#1588,#1594));
#1596=FACE_BOUND('',#1595,.T.);
#1597=ADVANCED_FACE('',(#1596),#1585,.T.);
#1598=CARTESIAN_POINT('',(-13.340838656,23.301170013,-1.));
#1599=DIRECTION('',(0.,0.,1.));
#1600=DIRECTION('',(1.,0.,-0.));
#1601=AXIS2_PLACEMENT_3D('',#1598,#1599,#1600);
#1602=CYLINDRICAL_SURFACE('',#1601,3.15);
#1603=ORIENTED_EDGE('',*,*,#1593,.T.);
#1604=ORIENTED_EDGE('',*,*,#518,.T.);
#1605=CARTESIAN_POINT('',(-11.775712333,20.567513196,0.));
#1606=DIRECTION('',(0.,0.,1.));
#1607=VECTOR('',#1606,5.2);
#1608=LINE('',#1605,#1607);
#1609=EDGE_CURVE('',#269,#512,#1608,.T.);
#1610=ORIENTED_EDGE('',*,*,#1609,.F.);
#1611=ORIENTED_EDGE('',*,*,#275,.T.);
#1612=EDGE_LOOP('',(#1603,#1604,#1610,#1611));
#1613=FACE_BOUND('',#1612,.T.);
#1614=ADVANCED_FACE('',(#1613),#1602,.F.);
#1615=CARTESIAN_POINT('',(0.,0.,-1.));
#1616=DIRECTION('',(0.,0.,1.));
#1617=DIRECTION('',(1.,0.,-0.));
#1618=AXIS2_PLACEMENT_3D('',#1615,#1616,#1617);
#1619=CYLINDRICAL_SURFACE('',#1618,23.7);
#1620=ORIENTED_EDGE('',*,*,#1609,.T.);
#1621=ORIENTED_EDGE('',*,*,#704,.F.);
#1622=CARTESIAN_POINT('',(11.775712333,20.567513196,0.));
#1623=DIRECTION('',(0.,0.,1.));
#1624=VECTOR('',#1623,5.2);
#1625=LINE('',#1622,#1624);
#1626=EDGE_CURVE('',#278,#691,#1625,.T.);
#1627=ORIENTED_EDGE('',*,*,#1626,.F.);
#1628=ORIENTED_EDGE('',*,*,#284,.F.);
#1629=EDGE_LOOP('',(#1620,#1621,#1627,#1628));
#1630=FACE_BOUND('',#1629,.T.);
#1631=ADVANCED_FACE('',(#1630),#1619,.T.);
#1632=CARTESIAN_POINT('',(13.340838656,23.301170013,-1.));
#1633=DIRECTION('',(0.,0.,1.));
#1634=DIRECTION('',(1.,0.,-0.));
#1635=AXIS2_PLACEMENT_3D('',#1632,#1633,#1634);
#1636=CYLINDRICAL_SURFACE('',#1635,3.15);
#1637=ORIENTED_EDGE('',*,*,#1626,.T.);
#1638=ORIENTED_EDGE('',*,*,#697,.T.);
#1639=ORIENTED_EDGE('',*,*,#1236,.F.);
#1640=ORIENTED_EDGE('',*,*,#293,.F.);
#1641=EDGE_LOOP('',(#1637,#1638,#1639,#1640));
#1642=FACE_BOUND('',#1641,.T.);
#1643=ADVANCED_FACE('',(#1642),#1636,.F.);
#1644=CARTESIAN_POINT('',(-13.340838656,23.301170013,-1.));
#1645=DIRECTION('',(0.,0.,1.));
#1646=DIRECTION('',(1.,0.,-0.));
#1647=AXIS2_PLACEMENT_3D('',#1644,#1645,#1646);
#1648=CYLINDRICAL_SURFACE('',#1647,4.75);
#1649=ORIENTED_EDGE('',*,*,#1035,.F.);
#1650=CARTESIAN_POINT('',(-15.547299605,19.094742778,0.));
#1651=DIRECTION('',(0.,0.,1.));
#1652=VECTOR('',#1651,4.);
#1653=LINE('',#1650,#1652);
#1654=EDGE_CURVE('',#62,#1020,#1653,.T.);
#1655=ORIENTED_EDGE('',*,*,#1654,.F.);
#1656=ORIENTED_EDGE('',*,*,#68,.T.);
#1657=CARTESIAN_POINT('',(-10.980727534,19.178989098,0.));
#1658=DIRECTION('',(0.,0.,1.));
#1659=VECTOR('',#1658,4.);
#1660=LINE('',#1657,#1659);
#1661=EDGE_CURVE('',#53,#1029,#1660,.T.);
#1662=ORIENTED_EDGE('',*,*,#1661,.T.);
#1663=EDGE_LOOP('',(#1649,#1655,#1656,#1662));
#1664=FACE_BOUND('',#1663,.T.);
#1665=ADVANCED_FACE('',(#1664),#1648,.T.);
#1666=CARTESIAN_POINT('',(-17.161499989,16.01740916,-1.));
#1667=DIRECTION('',(0.,0.,1.));
#1668=DIRECTION('',(1.,0.,-0.));
#1669=AXIS2_PLACEMENT_3D('',#1666,#1667,#1668);
#1670=CYLINDRICAL_SURFACE('',#1669,3.475000011);
#1671=ORIENTED_EDGE('',*,*,#1026,.T.);
#1672=ORIENTED_EDGE('',*,*,#720,.T.);
#1673=ORIENTED_EDGE('',*,*,#86,.F.);
#1674=ORIENTED_EDGE('',*,*,#77,.F.);
#1675=ORIENTED_EDGE('',*,*,#1654,.T.);
#1676=EDGE_LOOP('',(#1671,#1672,#1673,#1674,#1675));
#1677=FACE_BOUND('',#1676,.T.);
#1678=ADVANCED_FACE('',(#1677),#1670,.F.);
#1679=CARTESIAN_POINT('',(13.340838656,23.301170013,-1.));
#1680=DIRECTION('',(0.,0.,1.));
#1681=DIRECTION('',(1.,0.,-0.));
#1682=AXIS2_PLACEMENT_3D('',#1679,#1680,#1681);
#1683=CYLINDRICAL_SURFACE('',#1682,4.75);
#1684=ORIENTED_EDGE('',*,*,#865,.F.);
#1685=CARTESIAN_POINT('',(10.980727534,19.178989098,0.));
#1686=DIRECTION('',(0.,0.,1.));
#1687=VECTOR('',#1686,4.);
#1688=LINE('',#1685,#1687);
#1689=EDGE_CURVE('',#44,#857,#1688,.T.);
#1690=ORIENTED_EDGE('',*,*,#1689,.F.);
#1691=ORIENTED_EDGE('',*,*,#50,.T.);
#1692=ORIENTED_EDGE('',*,*,#1113,.T.);
#1693=EDGE_LOOP('',(#1684,#1690,#1691,#1692));
#1694=FACE_BOUND('',#1693,.T.);
#1695=ADVANCED_FACE('',(#1694),#1683,.T.);
#1696=CARTESIAN_POINT('',(0.,0.,-1.));
#1697=DIRECTION('',(0.,0.,1.));
#1698=DIRECTION('',(1.,0.,-0.));
#1699=AXIS2_PLACEMENT_3D('',#1696,#1697,#1698);
#1700=CYLINDRICAL_SURFACE('',#1699,22.1);
#1701=ORIENTED_EDGE('',*,*,#1689,.T.);
#1702=ORIENTED_EDGE('',*,*,#1042,.T.);
#1703=ORIENTED_EDGE('',*,*,#1661,.F.);
#1704=ORIENTED_EDGE('',*,*,#59,.F.);
#1705=EDGE_LOOP('',(#1701,#1702,#1703,#1704));
#1706=FACE_BOUND('',#1705,.T.);
#1707=ADVANCED_FACE('',(#1706),#1700,.F.);
#1708=CARTESIAN_POINT('',(24.164787949,11.704081484,-1.));
#1709=DIRECTION('',(0.,0.,1.));
#1710=DIRECTION('',(-1.,-0.,0.));
#1711=AXIS2_PLACEMENT_3D('',#1708,#1709,#1710);
#1712=CYLINDRICAL_SURFACE('',#1711,4.75);
#1713=ORIENTED_EDGE('',*,*,#1134,.F.);
#1714=ORIENTED_EDGE('',*,*,#883,.F.);
#1715=ORIENTED_EDGE('',*,*,#1120,.F.);
#1716=ORIENTED_EDGE('',*,*,#245,.T.);
#1717=EDGE_LOOP('',(#1713,#1714,#1715,#1716));
#1718=FACE_BOUND('',#1717,.T.);
#1719=ADVANCED_FACE('',(#1718),#1712,.T.);
#1720=CARTESIAN_POINT('',(24.164787949,-11.704081484,-1.));
#1721=DIRECTION('',(0.,0.,1.));
#1722=DIRECTION('',(-1.,-0.,0.));
#1723=AXIS2_PLACEMENT_3D('',#1720,#1721,#1722);
#1724=CYLINDRICAL_SURFACE('',#1723,3.15);
#1725=ORIENTED_EDGE('',*,*,#1173,.T.);
#1726=ORIENTED_EDGE('',*,*,#338,.T.);
#1727=ORIENTED_EDGE('',*,*,#1190,.T.);
#1728=ORIENTED_EDGE('',*,*,#652,.F.);
#1729=EDGE_LOOP('',(#1725,#1726,#1727,#1728));
#1730=FACE_BOUND('',#1729,.T.);
#1731=ADVANCED_FACE('',(#1730),#1724,.F.);
#1732=CARTESIAN_POINT('',(24.164787949,11.704081484,-1.));
#1733=DIRECTION('',(0.,0.,1.));
#1734=DIRECTION('',(-1.,-0.,0.));
#1735=AXIS2_PLACEMENT_3D('',#1732,#1733,#1734);
#1736=CYLINDRICAL_SURFACE('',#1735,3.15);
#1737=ORIENTED_EDGE('',*,*,#1212,.T.);
#1738=ORIENTED_EDGE('',*,*,#311,.T.);
#1739=ORIENTED_EDGE('',*,*,#1229,.T.);
#1740=ORIENTED_EDGE('',*,*,#679,.F.);
#1741=EDGE_LOOP('',(#1737,#1738,#1739,#1740));
#1742=FACE_BOUND('',#1741,.T.);
#1743=ADVANCED_FACE('',(#1742),#1736,.F.);
#1744=CARTESIAN_POINT('',(0.,0.,-1.));
#1745=DIRECTION('',(0.,0.,1.));
#1746=DIRECTION('',(-1.,-0.,0.));
#1747=AXIS2_PLACEMENT_3D('',#1744,#1745,#1746);
#1748=CYLINDRICAL_SURFACE('',#1747,23.7);
#1749=ORIENTED_EDGE('',*,*,#1285,.F.);
#1750=ORIENTED_EDGE('',*,*,#562,.T.);
#1751=ORIENTED_EDGE('',*,*,#1270,.F.);
#1752=ORIENTED_EDGE('',*,*,#428,.F.);
#1753=EDGE_LOOP('',(#1749,#1750,#1751,#1752));
#1754=FACE_BOUND('',#1753,.T.);
#1755=ADVANCED_FACE('',(#1754),#1748,.T.);
#1756=CARTESIAN_POINT('',(-17.161522422,-16.017420927,-1.));
#1757=DIRECTION('',(0.,0.,1.));
#1758=DIRECTION('',(-1.,-0.,0.));
#1759=AXIS2_PLACEMENT_3D('',#1756,#1757,#1758);
#1760=CYLINDRICAL_SURFACE('',#1759,3.475000011);
#1761=ORIENTED_EDGE('',*,*,#1363,.T.);
#1762=ORIENTED_EDGE('',*,*,#148,.F.);
#1763=ORIENTED_EDGE('',*,*,#1381,.T.);
#1764=ORIENTED_EDGE('',*,*,#973,.T.);
#1765=EDGE_LOOP('',(#1761,#1762,#1763,#1764));
#1766=FACE_BOUND('',#1765,.T.);
#1767=ADVANCED_FACE('',(#1766),#1760,.F.);
#1768=CARTESIAN_POINT('',(0.,0.,-1.));
#1769=DIRECTION('',(0.,0.,1.));
#1770=DIRECTION('',(-1.,-0.,0.));
#1771=AXIS2_PLACEMENT_3D('',#1768,#1769,#1770);
#1772=CYLINDRICAL_SURFACE('',#1771,22.1);
#1773=ORIENTED_EDGE('',*,*,#1402,.T.);
#1774=ORIENTED_EDGE('',*,*,#121,.F.);
#1775=ORIENTED_EDGE('',*,*,#1085,.T.);
#1776=ORIENTED_EDGE('',*,*,#1000,.T.);
#1777=EDGE_LOOP('',(#1773,#1774,#1775,#1776));
#1778=FACE_BOUND('',#1777,.T.);
#1779=ADVANCED_FACE('',(#1778),#1772,.F.);
#1780=CARTESIAN_POINT('',(24.164787949,-11.704081484,-1.));
#1781=DIRECTION('',(0.,0.,1.));
#1782=DIRECTION('',(-1.,-0.,0.));
#1783=AXIS2_PLACEMENT_3D('',#1780,#1781,#1782);
#1784=CYLINDRICAL_SURFACE('',#1783,4.75);
#1785=ORIENTED_EDGE('',*,*,#1436,.F.);
#1786=ORIENTED_EDGE('',*,*,#910,.F.);
#1787=ORIENTED_EDGE('',*,*,#1419,.F.);
#1788=ORIENTED_EDGE('',*,*,#220,.T.);
#1789=EDGE_LOOP('',(#1785,#1786,#1787,#1788));
#1790=FACE_BOUND('',#1789,.T.);
#1791=ADVANCED_FACE('',(#1790),#1784,.T.);
#1792=CARTESIAN_POINT('',(-17.161522422,-16.017420927,-1.));
#1793=DIRECTION('',(0.,0.,1.));
#1794=DIRECTION('',(-1.,-0.,0.));
#1795=AXIS2_PLACEMENT_3D('',#1792,#1793,#1794);
#1796=CYLINDRICAL_SURFACE('',#1795,5.075000011);
#1797=ORIENTED_EDGE('',*,*,#1488,.F.);
#1798=ORIENTED_EDGE('',*,*,#589,.T.);
#1799=ORIENTED_EDGE('',*,*,#1309,.F.);
#1800=ORIENTED_EDGE('',*,*,#401,.F.);
#1801=EDGE_LOOP('',(#1797,#1798,#1799,#1800));
#1802=FACE_BOUND('',#1801,.T.);
#1803=ADVANCED_FACE('',(#1802),#1796,.T.);
#1804=CLOSED_SHELL('',(#448,#708,#739,#761,#778,#795,#1046,#1068,#1090,#1102,#1124,#1146,#1163,#1180,#1202,#1219,#1241,#1258,#1275,#1297,#1314,#1336,#1353,#1370,#1392,#1409,
#1426,#1448,#1466,#1478,#1495,#1512,#1529,#1546,#1563,#1580,#1597,#1614,#1631,#1643,#1665,#1678,#1695,#1707,#1719,#1731,#1743,#1755,#1767,#1779,#1791,
#1803));
#1805=MANIFOLD_SOLID_BREP('Top (1)',#1804);
#1806=COLOUR_RGB('',0.627451003,0.627451003,0.643137276);
#1807=FILL_AREA_STYLE_COLOUR('',#1806);
#1808=FILL_AREA_STYLE('',(#1807));
#1809=SURFACE_STYLE_FILL_AREA(#1808);
#1810=SURFACE_SIDE_STYLE('',(#1809));
#1811=SURFACE_STYLE_USAGE(.BOTH.,#1810);
#1812=PRESENTATION_STYLE_ASSIGNMENT((#1811));
#26=STYLED_ITEM('',(#1812),#1805);
#1814=CARTESIAN_POINT('',(-64.300000216,-68.620200063,-0.));
#1815=DIRECTION('',(0.,0.,-1.));
#1816=DIRECTION('',(0.,-1.,0.));
#1817=AXIS2_PLACEMENT_3D('',#1814,#1815,#1816);
#1818=PLANE('',#1817);
#1819=CARTESIAN_POINT('',(18.786522206,16.017420864,-0.));
#1820=VERTEX_POINT('',#1819);
#1821=CARTESIAN_POINT('',(15.536522206,16.017420864,-0.));
#1822=VERTEX_POINT('',#1821);
#1823=CARTESIAN_POINT('',(17.161522206,16.017420864,-0.));
#1824=DIRECTION('',(0.,0.,-1.));
#1825=DIRECTION('',(-1.,0.,0.));
#1826=AXIS2_PLACEMENT_3D('',#1823,#1824,#1825);
#1827=CIRCLE('',#1826,1.625);
#1828=EDGE_CURVE('',#1820,#1822,#1827,.T.);
#1829=ORIENTED_EDGE('',*,*,#1828,.F.);
#1830=CARTESIAN_POINT('',(17.161522206,16.017420864,-0.));
#1831=DIRECTION('',(0.,0.,-1.));
#1832=DIRECTION('',(-1.,0.,0.));
#1833=AXIS2_PLACEMENT_3D('',#1830,#1831,#1832);
#1834=CIRCLE('',#1833,1.625);
#1835=EDGE_CURVE('',#1822,#1820,#1834,.T.);
#1836=ORIENTED_EDGE('',*,*,#1835,.F.);
#1837=EDGE_LOOP('',(#1829,#1836));
#1838=FACE_BOUND('',#1837,.T.);
#1839=CARTESIAN_POINT('',(15.536522206,-16.01742099,-0.));
#1840=VERTEX_POINT('',#1839);
#1841=CARTESIAN_POINT('',(18.786522206,-16.01742099,-0.));
#1842=VERTEX_POINT('',#1841);
#1843=CARTESIAN_POINT('',(17.161522206,-16.01742099,-0.));
#1844=DIRECTION('',(-0.,-0.,1.));
#1845=DIRECTION('',(-1.,0.,0.));
#1846=AXIS2_PLACEMENT_3D('',#1843,#1844,#1845);
#1847=CIRCLE('',#1846,1.625);
#1848=EDGE_CURVE('',#1840,#1842,#1847,.T.);
#1849=ORIENTED_EDGE('',*,*,#1848,.T.);
#1850=CARTESIAN_POINT('',(17.161522206,-16.01742099,-0.));
#1851=DIRECTION('',(-0.,-0.,1.));
#1852=DIRECTION('',(-1.,0.,0.));
#1853=AXIS2_PLACEMENT_3D('',#1850,#1851,#1852);
#1854=CIRCLE('',#1853,1.625);
#1855=EDGE_CURVE('',#1842,#1840,#1854,.T.);
#1856=ORIENTED_EDGE('',*,*,#1855,.T.);
#1857=EDGE_LOOP('',(#1849,#1856));
#1858=FACE_BOUND('',#1857,.T.);
#1859=CARTESIAN_POINT('',(-18.000000216,-0.000000063,-0.));
#1860=VERTEX_POINT('',#1859);
#1861=CARTESIAN_POINT('',(17.999999784,-0.000000063,-0.));
#1862=VERTEX_POINT('',#1861);
#1863=CARTESIAN_POINT('',(-0.000000216,-0.000000063,-0.));
#1864=DIRECTION('',(-0.,-0.,1.));
#1865=DIRECTION('',(-1.,0.,0.));
#1866=AXIS2_PLACEMENT_3D('',#1863,#1864,#1865);
#1867=CIRCLE('',#1866,18.);
#1868=EDGE_CURVE('',#1860,#1862,#1867,.T.);
#1869=ORIENTED_EDGE('',*,*,#1868,.T.);
#1870=CARTESIAN_POINT('',(-0.000000216,-0.000000063,-0.));
#1871=DIRECTION('',(-0.,-0.,1.));
#1872=DIRECTION('',(-1.,0.,0.));
#1873=AXIS2_PLACEMENT_3D('',#1870,#1871,#1872);
#1874=CIRCLE('',#1873,18.);
#1875=EDGE_CURVE('',#1862,#1860,#1874,.T.);
#1876=ORIENTED_EDGE('',*,*,#1875,.T.);
#1877=EDGE_LOOP('',(#1869,#1876));
#1878=FACE_BOUND('',#1877,.T.);
#1879=CARTESIAN_POINT('',(-15.663442982,-18.873359087,-0.));
#1880=VERTEX_POINT('',#1879);
#1881=CARTESIAN_POINT('',(-10.856511376,-18.96203227,-0.));
#1882=VERTEX_POINT('',#1881);
#1883=CARTESIAN_POINT('',(-13.340838872,-23.301170075,-0.));
#1884=DIRECTION('',(0.,0.,-1.));
#1885=DIRECTION('',(-1.,0.,0.));
#1886=AXIS2_PLACEMENT_3D('',#1883,#1884,#1885);
#1887=CIRCLE('',#1886,5.);
#1888=EDGE_CURVE('',#1880,#1882,#1887,.T.);
#1889=ORIENTED_EDGE('',*,*,#1888,.F.);
#1890=CARTESIAN_POINT('',(-20.386522649,-16.01742099,-0.));
#1891=VERTEX_POINT('',#1890);
#1892=CARTESIAN_POINT('',(-17.161522638,-16.01742099,-0.));
#1893=DIRECTION('',(-0.,-0.,1.));
#1894=DIRECTION('',(-1.,0.,0.));
#1895=AXIS2_PLACEMENT_3D('',#1892,#1893,#1894);
#1896=CIRCLE('',#1895,3.225000011);
#1897=EDGE_CURVE('',#1891,#1880,#1896,.T.);
#1898=ORIENTED_EDGE('',*,*,#1897,.F.);
#1899=CARTESIAN_POINT('',(-19.907483899,-14.326172391,-0.));
#1900=VERTEX_POINT('',#1899);
#1901=CARTESIAN_POINT('',(-17.161522638,-16.01742099,-0.));
#1902=DIRECTION('',(-0.,-0.,1.));
#1903=DIRECTION('',(-1.,0.,0.));
#1904=AXIS2_PLACEMENT_3D('',#1901,#1902,#1903);
#1905=CIRCLE('',#1904,3.225000011);
#1906=EDGE_CURVE('',#1900,#1891,#1905,.T.);
#1907=ORIENTED_EDGE('',*,*,#1906,.F.);
#1908=CARTESIAN_POINT('',(-19.164788165,-11.704081547,-0.));
#1909=VERTEX_POINT('',#1908);
#1910=CARTESIAN_POINT('',(-24.164788165,-11.704081547,-0.));
#1911=DIRECTION('',(0.,0.,-1.));
#1912=DIRECTION('',(-1.,0.,0.));
#1913=AXIS2_PLACEMENT_3D('',#1910,#1911,#1912);
#1914=CIRCLE('',#1913,5.);
#1915=EDGE_CURVE('',#1909,#1900,#1914,.T.);
#1916=ORIENTED_EDGE('',*,*,#1915,.F.);
#1917=CARTESIAN_POINT('',(-19.664827653,-9.524550545,-0.));
#1918=VERTEX_POINT('',#1917);
#1919=CARTESIAN_POINT('',(-24.164788165,-11.704081547,-0.));
#1920=DIRECTION('',(0.,0.,-1.));
#1921=DIRECTION('',(-1.,0.,0.));
#1922=AXIS2_PLACEMENT_3D('',#1919,#1920,#1921);
#1923=CIRCLE('',#1922,5.);
#1924=EDGE_CURVE('',#1918,#1909,#1923,.T.);
#1925=ORIENTED_EDGE('',*,*,#1924,.F.);
#1926=CARTESIAN_POINT('',(-19.664827653,9.524550419,-0.));
#1927=VERTEX_POINT('',#1926);
#1928=CARTESIAN_POINT('',(-0.000000216,-0.000000063,-0.));
#1929=DIRECTION('',(-0.,-0.,1.));
#1930=DIRECTION('',(-1.,0.,0.));
#1931=AXIS2_PLACEMENT_3D('',#1928,#1929,#1930);
#1932=CIRCLE('',#1931,21.85);
#1933=EDGE_CURVE('',#1927,#1918,#1932,.T.);
#1934=ORIENTED_EDGE('',*,*,#1933,.F.);
#1935=CARTESIAN_POINT('',(-19.907483899,14.326172265,-0.));
#1936=VERTEX_POINT('',#1935);
#1937=CARTESIAN_POINT('',(-24.164788165,11.704081421,-0.));
#1938=DIRECTION('',(0.,0.,-1.));
#1939=DIRECTION('',(-1.,0.,0.));
#1940=AXIS2_PLACEMENT_3D('',#1937,#1938,#1939);
#1941=CIRCLE('',#1940,5.);
#1942=EDGE_CURVE('',#1936,#1927,#1941,.T.);
#1943=ORIENTED_EDGE('',*,*,#1942,.F.);
#1944=CARTESIAN_POINT('',(-20.386522649,16.017420864,-0.));
#1945=VERTEX_POINT('',#1944);
#1946=CARTESIAN_POINT('',(-17.161522638,16.017420864,-0.));
#1947=DIRECTION('',(0.,0.,-1.));
#1948=DIRECTION('',(-1.,0.,0.));
#1949=AXIS2_PLACEMENT_3D('',#1946,#1947,#1948);
#1950=CIRCLE('',#1949,3.225000011);
#1951=EDGE_CURVE('',#1936,#1945,#1950,.T.);
#1952=ORIENTED_EDGE('',*,*,#1951,.T.);
#1953=CARTESIAN_POINT('',(-15.663442983,18.873358961,-0.));
#1954=VERTEX_POINT('',#1953);
#1955=CARTESIAN_POINT('',(-17.161522638,16.017420864,-0.));
#1956=DIRECTION('',(0.,0.,-1.));
#1957=DIRECTION('',(-1.,0.,0.));
#1958=AXIS2_PLACEMENT_3D('',#1955,#1956,#1957);
#1959=CIRCLE('',#1958,3.225000011);
#1960=EDGE_CURVE('',#1945,#1954,#1959,.T.);
#1961=ORIENTED_EDGE('',*,*,#1960,.T.);
#1962=CARTESIAN_POINT('',(-10.856511375,18.962032145,-0.));
#1963=VERTEX_POINT('',#1962);
#1964=CARTESIAN_POINT('',(-13.340838872,23.30116995,-0.));
#1965=DIRECTION('',(0.,0.,-1.));
#1966=DIRECTION('',(-1.,0.,0.));
#1967=AXIS2_PLACEMENT_3D('',#1964,#1965,#1966);
#1968=CIRCLE('',#1967,5.);
#1969=EDGE_CURVE('',#1963,#1954,#1968,.T.);
#1970=ORIENTED_EDGE('',*,*,#1969,.F.);
#1971=CARTESIAN_POINT('',(10.856510943,18.962032145,-0.));
#1972=VERTEX_POINT('',#1971);
#1973=CARTESIAN_POINT('',(-0.000000216,-0.000000063,-0.));
#1974=DIRECTION('',(-0.,-0.,1.));
#1975=DIRECTION('',(-1.,0.,0.));
#1976=AXIS2_PLACEMENT_3D('',#1973,#1974,#1975);
#1977=CIRCLE('',#1976,21.85);
#1978=EDGE_CURVE('',#1972,#1963,#1977,.T.);
#1979=ORIENTED_EDGE('',*,*,#1978,.F.);
#1980=CARTESIAN_POINT('',(15.66344255,18.873358961,-0.));
#1981=VERTEX_POINT('',#1980);
#1982=CARTESIAN_POINT('',(13.34083844,23.30116995,-0.));
#1983=DIRECTION('',(0.,0.,-1.));
#1984=DIRECTION('',(-1.,0.,0.));
#1985=AXIS2_PLACEMENT_3D('',#1982,#1983,#1984);
#1986=CIRCLE('',#1985,5.);
#1987=EDGE_CURVE('',#1981,#1972,#1986,.T.);
#1988=ORIENTED_EDGE('',*,*,#1987,.F.);
#1989=CARTESIAN_POINT('',(20.386522217,16.017420864,-0.));
#1990=VERTEX_POINT('',#1989);
#1991=CARTESIAN_POINT('',(17.161522206,16.017420864,-0.));
#1992=DIRECTION('',(-0.,-0.,1.));
#1993=DIRECTION('',(-1.,0.,0.));
#1994=AXIS2_PLACEMENT_3D('',#1991,#1992,#1993);
#1995=CIRCLE('',#1994,3.225000011);
#1996=EDGE_CURVE('',#1990,#1981,#1995,.T.);
#1997=ORIENTED_EDGE('',*,*,#1996,.F.);
#1998=CARTESIAN_POINT('',(19.907483467,14.326172265,-0.));
#1999=VERTEX_POINT('',#1998);
#2000=CARTESIAN_POINT('',(17.161522206,16.017420864,-0.));
#2001=DIRECTION('',(-0.,-0.,1.));
#2002=DIRECTION('',(-1.,0.,0.));
#2003=AXIS2_PLACEMENT_3D('',#2000,#2001,#2002);
#2004=CIRCLE('',#2003,3.225000011);
#2005=EDGE_CURVE('',#1999,#1990,#2004,.T.);
#2006=ORIENTED_EDGE('',*,*,#2005,.F.);
#2007=CARTESIAN_POINT('',(19.66482722,9.524550419,-0.));
#2008=VERTEX_POINT('',#2007);
#2009=CARTESIAN_POINT('',(24.164787733,11.704081421,-0.));
#2010=DIRECTION('',(0.,0.,-1.));
#2011=DIRECTION('',(-1.,0.,0.));
#2012=AXIS2_PLACEMENT_3D('',#2009,#2010,#2011);
#2013=CIRCLE('',#2012,5.);
#2014=EDGE_CURVE('',#2008,#1999,#2013,.T.);
#2015=ORIENTED_EDGE('',*,*,#2014,.F.);
#2016=CARTESIAN_POINT('',(21.849999784,-0.000000063,-0.));
#2017=VERTEX_POINT('',#2016);
#2018=CARTESIAN_POINT('',(-0.000000216,-0.000000063,-0.));
#2019=DIRECTION('',(-0.,-0.,1.));
#2020=DIRECTION('',(-1.,0.,0.));
#2021=AXIS2_PLACEMENT_3D('',#2018,#2019,#2020);
#2022=CIRCLE('',#2021,21.85);
#2023=EDGE_CURVE('',#2017,#2008,#2022,.T.);
#2024=ORIENTED_EDGE('',*,*,#2023,.F.);
#2025=CARTESIAN_POINT('',(19.66482722,-9.524550545,-0.));
#2026=VERTEX_POINT('',#2025);
#2027=CARTESIAN_POINT('',(-0.000000216,-0.000000063,-0.));
#2028=DIRECTION('',(-0.,-0.,1.));
#2029=DIRECTION('',(-1.,0.,0.));
#2030=AXIS2_PLACEMENT_3D('',#2027,#2028,#2029);
#2031=CIRCLE('',#2030,21.85);
#2032=EDGE_CURVE('',#2026,#2017,#2031,.T.);
#2033=ORIENTED_EDGE('',*,*,#2032,.F.);
#2034=CARTESIAN_POINT('',(19.164787733,-11.704081547,-0.));
#2035=VERTEX_POINT('',#2034);
#2036=CARTESIAN_POINT('',(24.164787733,-11.704081547,-0.));
#2037=DIRECTION('',(0.,0.,-1.));
#2038=DIRECTION('',(-1.,0.,0.));
#2039=AXIS2_PLACEMENT_3D('',#2036,#2037,#2038);
#2040=CIRCLE('',#2039,5.);
#2041=EDGE_CURVE('',#2035,#2026,#2040,.T.);
#2042=ORIENTED_EDGE('',*,*,#2041,.F.);
#2043=CARTESIAN_POINT('',(19.907470325,-14.326151053,-0.));
#2044=VERTEX_POINT('',#2043);
#2045=CARTESIAN_POINT('',(24.164787733,-11.704081547,-0.));
#2046=DIRECTION('',(0.,0.,-1.));
#2047=DIRECTION('',(-1.,0.,0.));
#2048=AXIS2_PLACEMENT_3D('',#2045,#2046,#2047);
#2049=CIRCLE('',#2048,5.);
#2050=EDGE_CURVE('',#2044,#2035,#2049,.T.);
#2051=ORIENTED_EDGE('',*,*,#2050,.F.);
#2052=CARTESIAN_POINT('',(20.386499784,-16.017382569,-0.));
#2053=VERTEX_POINT('',#2052);
#2054=CARTESIAN_POINT('',(17.161499773,-16.017384566,-0.));
#2055=DIRECTION('',(0.,0.,-1.));
#2056=DIRECTION('',(-1.,0.,0.));
#2057=AXIS2_PLACEMENT_3D('',#2054,#2055,#2056);
#2058=CIRCLE('',#2057,3.225000011);
#2059=EDGE_CURVE('',#2044,#2053,#2058,.T.);
#2060=ORIENTED_EDGE('',*,*,#2059,.T.);
#2061=CARTESIAN_POINT('',(20.386499784,-16.017412161,-0.));
#2062=VERTEX_POINT('',#2061);
#2063=CARTESIAN_POINT('',(20.386499784,-16.017412161,-0.));
#2064=DIRECTION('',(0.,1.,0.));
#2065=VECTOR('',#2064,0.000029592);
#2066=LINE('',#2063,#2065);
#2067=EDGE_CURVE('',#2062,#2053,#2066,.T.);
#2068=ORIENTED_EDGE('',*,*,#2067,.F.);
#2069=CARTESIAN_POINT('',(15.663432322,-18.873353722,-0.));
#2070=VERTEX_POINT('',#2069);
#2071=CARTESIAN_POINT('',(17.161499773,-16.017409223,-0.));
#2072=DIRECTION('',(0.,0.,-1.));
#2073=DIRECTION('',(-1.,0.,0.));
#2074=AXIS2_PLACEMENT_3D('',#2071,#2072,#2073);
#2075=CIRCLE('',#2074,3.225000011);
#2076=EDGE_CURVE('',#2062,#2070,#2075,.T.);
#2077=ORIENTED_EDGE('',*,*,#2076,.T.);
#2078=CARTESIAN_POINT('',(10.856510943,-18.96203227,-0.));
#2079=VERTEX_POINT('',#2078);
#2080=CARTESIAN_POINT('',(13.340838439,-23.301170075,-0.));
#2081=DIRECTION('',(0.,0.,-1.));
#2082=DIRECTION('',(-1.,0.,0.));
#2083=AXIS2_PLACEMENT_3D('',#2080,#2081,#2082);
#2084=CIRCLE('',#2083,5.);
#2085=EDGE_CURVE('',#2079,#2070,#2084,.T.);
#2086=ORIENTED_EDGE('',*,*,#2085,.F.);
#2087=CARTESIAN_POINT('',(-0.000000217,-0.000000062,-0.));
#2088=DIRECTION('',(0.,0.,-1.));
#2089=DIRECTION('',(-1.,0.,0.));
#2090=AXIS2_PLACEMENT_3D('',#2087,#2088,#2089);
#2091=CIRCLE('',#2090,21.85);
#2092=EDGE_CURVE('',#2079,#1882,#2091,.T.);
#2093=ORIENTED_EDGE('',*,*,#2092,.T.);
#2094=EDGE_LOOP('',(#1889,#1898,#1907,#1916,#1925,#1934,#1943,#1952,#1961,#1970,#1979,#1988,#1997,#2006,#2015,#2024,#2033,#2042,#2051,#2060,#2068,#2077,#2086,#2093));
#2095=FACE_BOUND('',#2094,.T.);
#2096=CARTESIAN_POINT('',(-18.786522638,-16.01742099,-0.));
#2097=VERTEX_POINT('',#2096);
#2098=CARTESIAN_POINT('',(-17.161522638,-16.01742099,-0.));
#2099=DIRECTION('',(-0.,-0.,1.));
#2100=DIRECTION('',(-1.,0.,0.));
#2101=AXIS2_PLACEMENT_3D('',#2098,#2099,#2100);
#2102=CIRCLE('',#2101,1.625);
#2103=EDGE_CURVE('',#2097,#2097,#2102,.T.);
#2104=ORIENTED_EDGE('',*,*,#2103,.T.);
#2105=EDGE_LOOP('',(#2104));
#2106=FACE_BOUND('',#2105,.T.);
#2107=CARTESIAN_POINT('',(-18.786522638,16.017420864,-0.));
#2108=VERTEX_POINT('',#2107);
#2109=CARTESIAN_POINT('',(-17.161522638,16.017420864,-0.));
#2110=DIRECTION('',(-0.,-0.,1.));
#2111=DIRECTION('',(-1.,0.,0.));
#2112=AXIS2_PLACEMENT_3D('',#2109,#2110,#2111);
#2113=CIRCLE('',#2112,1.625);
#2114=EDGE_CURVE('',#2108,#2108,#2113,.T.);
#2115=ORIENTED_EDGE('',*,*,#2114,.T.);
#2116=EDGE_LOOP('',(#2115));
#2117=FACE_BOUND('',#2116,.T.);
#2118=ADVANCED_FACE('',(#1838,#1858,#1878,#2095,#2106,#2117),#1818,.T.);
#2119=CARTESIAN_POINT('',(-64.300000216,-68.620200063,4.));
#2120=DIRECTION('',(0.,0.,-1.));
#2121=DIRECTION('',(0.,-1.,0.));
#2122=AXIS2_PLACEMENT_3D('',#2119,#2120,#2121);
#2123=PLANE('',#2122);
#2124=CARTESIAN_POINT('',(10.636122209,17.231813531,4.));
#2125=VERTEX_POINT('',#2124);
#2126=CARTESIAN_POINT('',(20.249999784,-0.000000063,4.));
#2127=VERTEX_POINT('',#2126);
#2128=CARTESIAN_POINT('',(-0.000000216,-0.000000063,4.));
#2129=DIRECTION('',(-0.,-0.,-1.));
#2130=DIRECTION('',(1.,0.,-0.));
#2131=AXIS2_PLACEMENT_3D('',#2128,#2129,#2130);
#2132=CIRCLE('',#2131,20.25);
#2133=EDGE_CURVE('',#2125,#2127,#2132,.T.);
#2134=ORIENTED_EDGE('',*,*,#2133,.T.);
#2135=CARTESIAN_POINT('',(-0.000000216,-0.000000063,4.));
#2136=DIRECTION('',(-0.,-0.,-1.));
#2137=DIRECTION('',(1.,0.,-0.));
#2138=AXIS2_PLACEMENT_3D('',#2135,#2136,#2137);
#2139=CIRCLE('',#2138,20.25);
#2140=EDGE_CURVE('',#2127,#2125,#2139,.T.);
#2141=ORIENTED_EDGE('',*,*,#2140,.T.);
#2142=EDGE_LOOP('',(#2134,#2141));
#2143=FACE_BOUND('',#2142,.T.);
#2144=CARTESIAN_POINT('',(15.536522206,16.017420864,4.));
#2145=VERTEX_POINT('',#2144);
#2146=CARTESIAN_POINT('',(18.786522206,16.017420864,4.));
#2147=VERTEX_POINT('',#2146);
#2148=CARTESIAN_POINT('',(17.161522206,16.017420864,4.));
#2149=DIRECTION('',(0.,0.,-1.));
#2150=DIRECTION('',(-1.,0.,0.));
#2151=AXIS2_PLACEMENT_3D('',#2148,#2149,#2150);
#2152=CIRCLE('',#2151,1.625);
#2153=EDGE_CURVE('',#2145,#2147,#2152,.T.);
#2154=ORIENTED_EDGE('',*,*,#2153,.T.);
#2155=CARTESIAN_POINT('',(17.161522206,16.017420864,4.));
#2156=DIRECTION('',(0.,0.,-1.));
#2157=DIRECTION('',(-1.,0.,0.));
#2158=AXIS2_PLACEMENT_3D('',#2155,#2156,#2157);
#2159=CIRCLE('',#2158,1.625);
#2160=EDGE_CURVE('',#2147,#2145,#2159,.T.);
#2161=ORIENTED_EDGE('',*,*,#2160,.T.);
#2162=EDGE_LOOP('',(#2154,#2161));
#2163=FACE_BOUND('',#2162,.T.);
#2164=CARTESIAN_POINT('',(-18.786522638,-16.01742099,4.));
#2165=VERTEX_POINT('',#2164);
#2166=CARTESIAN_POINT('',(-17.161522638,-16.01742099,4.));
#2167=DIRECTION('',(0.,0.,-1.));
#2168=DIRECTION('',(-1.,0.,0.));
#2169=AXIS2_PLACEMENT_3D('',#2166,#2167,#2168);
#2170=CIRCLE('',#2169,1.625);
#2171=EDGE_CURVE('',#2165,#2165,#2170,.T.);
#2172=ORIENTED_EDGE('',*,*,#2171,.T.);
#2173=EDGE_LOOP('',(#2172));
#2174=FACE_BOUND('',#2173,.T.);
#2175=CARTESIAN_POINT('',(-19.907483899,-14.326172391,4.));
#2176=VERTEX_POINT('',#2175);
#2177=CARTESIAN_POINT('',(-20.386522649,-16.01742099,4.));
#2178=VERTEX_POINT('',#2177);
#2179=CARTESIAN_POINT('',(-17.161522638,-16.01742099,4.));
#2180=DIRECTION('',(-0.,-0.,1.));
#2181=DIRECTION('',(-1.,0.,0.));
#2182=AXIS2_PLACEMENT_3D('',#2179,#2180,#2181);
#2183=CIRCLE('',#2182,3.225000011);
#2184=EDGE_CURVE('',#2176,#2178,#2183,.T.);
#2185=ORIENTED_EDGE('',*,*,#2184,.T.);
#2186=CARTESIAN_POINT('',(-15.663442982,-18.873359087,4.));
#2187=VERTEX_POINT('',#2186);
#2188=CARTESIAN_POINT('',(-17.161522638,-16.01742099,4.));
#2189=DIRECTION('',(-0.,-0.,1.));
#2190=DIRECTION('',(-1.,0.,0.));
#2191=AXIS2_PLACEMENT_3D('',#2188,#2189,#2190);
#2192=CIRCLE('',#2191,3.225000011);
#2193=EDGE_CURVE('',#2178,#2187,#2192,.T.);
#2194=ORIENTED_EDGE('',*,*,#2193,.T.);
#2195=CARTESIAN_POINT('',(-10.856511376,-18.96203227,4.));
#2196=VERTEX_POINT('',#2195);
#2197=CARTESIAN_POINT('',(-13.340838872,-23.301170075,4.));
#2198=DIRECTION('',(0.,-0.,1.));
#2199=DIRECTION('',(0.496865499,0.867827561,0.));
#2200=AXIS2_PLACEMENT_3D('',#2197,#2198,#2199);
#2201=CIRCLE('',#2200,5.);
#2202=EDGE_CURVE('',#2196,#2187,#2201,.T.);
#2203=ORIENTED_EDGE('',*,*,#2202,.F.);
#2204=CARTESIAN_POINT('',(10.856510943,-18.96203227,4.));
#2205=VERTEX_POINT('',#2204);
#2206=CARTESIAN_POINT('',(-0.000000217,-0.000000062,4.));
#2207=DIRECTION('',(0.,0.,1.));
#2208=DIRECTION('',(-0.496865499,-0.867827561,0.));
#2209=AXIS2_PLACEMENT_3D('',#2206,#2207,#2208);
#2210=CIRCLE('',#2209,21.85);
#2211=EDGE_CURVE('',#2196,#2205,#2210,.T.);
#2212=ORIENTED_EDGE('',*,*,#2211,.T.);
#2213=CARTESIAN_POINT('',(15.663428912,-18.873351934,4.));
#2214=VERTEX_POINT('',#2213);
#2215=CARTESIAN_POINT('',(13.340838439,-23.301170075,4.));
#2216=DIRECTION('',(0.,-0.,1.));
#2217=DIRECTION('',(0.464520822,0.885562198,0.));
#2218=AXIS2_PLACEMENT_3D('',#2215,#2216,#2217);
#2219=CIRCLE('',#2218,5.);
#2220=EDGE_CURVE('',#2214,#2205,#2219,.T.);
#2221=ORIENTED_EDGE('',*,*,#2220,.F.);
#2222=CARTESIAN_POINT('',(20.386499784,-16.017409223,4.));
#2223=VERTEX_POINT('',#2222);
#2224=CARTESIAN_POINT('',(17.161499773,-16.017409223,4.));
#2225=DIRECTION('',(-0.,-0.,1.));
#2226=DIRECTION('',(-1.,0.,0.));
#2227=AXIS2_PLACEMENT_3D('',#2224,#2225,#2226);
#2228=CIRCLE('',#2227,3.225000011);
#2229=EDGE_CURVE('',#2214,#2223,#2228,.T.);
#2230=ORIENTED_EDGE('',*,*,#2229,.T.);
#2231=CARTESIAN_POINT('',(20.386499784,-16.017384566,4.));
#2232=VERTEX_POINT('',#2231);
#2233=CARTESIAN_POINT('',(20.386499784,-16.017384566,4.));
#2234=DIRECTION('',(0.,-1.,0.));
#2235=VECTOR('',#2234,0.000024657);
#2236=LINE('',#2233,#2235);
#2237=EDGE_CURVE('',#2232,#2223,#2236,.T.);
#2238=ORIENTED_EDGE('',*,*,#2237,.F.);
#2239=CARTESIAN_POINT('',(19.90746983,-14.326150248,4.));
#2240=VERTEX_POINT('',#2239);
#2241=CARTESIAN_POINT('',(17.161499773,-16.017384567,4.));
#2242=DIRECTION('',(0.,0.,-1.));
#2243=DIRECTION('',(-1.,0.,0.));
#2244=AXIS2_PLACEMENT_3D('',#2241,#2242,#2243);
#2245=CIRCLE('',#2244,3.225000011);
#2246=EDGE_CURVE('',#2240,#2232,#2245,.T.);
#2247=ORIENTED_EDGE('',*,*,#2246,.F.);
#2248=CARTESIAN_POINT('',(19.164787733,-11.704081547,4.));
#2249=VERTEX_POINT('',#2248);
#2250=CARTESIAN_POINT('',(24.164787733,-11.704081547,4.));
#2251=DIRECTION('',(0.,0.,-1.));
#2252=DIRECTION('',(-1.,0.,0.));
#2253=AXIS2_PLACEMENT_3D('',#2250,#2251,#2252);
#2254=CIRCLE('',#2253,5.);
#2255=EDGE_CURVE('',#2240,#2249,#2254,.T.);
#2256=ORIENTED_EDGE('',*,*,#2255,.T.);
#2257=CARTESIAN_POINT('',(19.664827221,-9.524550545,4.));
#2258=VERTEX_POINT('',#2257);
#2259=CARTESIAN_POINT('',(24.164787733,-11.704081547,4.));
#2260=DIRECTION('',(0.,0.,-1.));
#2261=DIRECTION('',(-1.,0.,0.));
#2262=AXIS2_PLACEMENT_3D('',#2259,#2260,#2261);
#2263=CIRCLE('',#2262,5.);
#2264=EDGE_CURVE('',#2249,#2258,#2263,.T.);
#2265=ORIENTED_EDGE('',*,*,#2264,.T.);
#2266=CARTESIAN_POINT('',(21.849999784,-0.000000063,4.));
#2267=VERTEX_POINT('',#2266);
#2268=CARTESIAN_POINT('',(-0.000000216,-0.000000063,4.));
#2269=DIRECTION('',(0.,0.,1.));
#2270=DIRECTION('',(1.,0.,-0.));
#2271=AXIS2_PLACEMENT_3D('',#2268,#2269,#2270);
#2272=CIRCLE('',#2271,21.85);
#2273=EDGE_CURVE('',#2258,#2267,#2272,.T.);
#2274=ORIENTED_EDGE('',*,*,#2273,.T.);
#2275=CARTESIAN_POINT('',(19.664827221,9.524550418,4.));
#2276=VERTEX_POINT('',#2275);
#2277=CARTESIAN_POINT('',(-0.000000216,-0.000000063,4.));
#2278=DIRECTION('',(0.,0.,1.));
#2279=DIRECTION('',(1.,0.,-0.));
#2280=AXIS2_PLACEMENT_3D('',#2277,#2278,#2279);
#2281=CIRCLE('',#2280,21.85);
#2282=EDGE_CURVE('',#2267,#2276,#2281,.T.);
#2283=ORIENTED_EDGE('',*,*,#2282,.T.);
#2284=CARTESIAN_POINT('',(19.907483467,14.326172264,4.));
#2285=VERTEX_POINT('',#2284);
#2286=CARTESIAN_POINT('',(24.164787733,11.704081421,4.));
#2287=DIRECTION('',(-0.,-0.,-1.));
#2288=DIRECTION('',(1.,0.,-0.));
#2289=AXIS2_PLACEMENT_3D('',#2286,#2287,#2288);
#2290=CIRCLE('',#2289,5.);
#2291=EDGE_CURVE('',#2276,#2285,#2290,.T.);
#2292=ORIENTED_EDGE('',*,*,#2291,.T.);
#2293=CARTESIAN_POINT('',(20.386522217,16.017420864,4.));
#2294=VERTEX_POINT('',#2293);
#2295=CARTESIAN_POINT('',(17.161522206,16.017420864,4.));
#2296=DIRECTION('',(-0.,-0.,1.));
#2297=DIRECTION('',(-1.,0.,0.));
#2298=AXIS2_PLACEMENT_3D('',#2295,#2296,#2297);
#2299=CIRCLE('',#2298,3.225000011);
#2300=EDGE_CURVE('',#2285,#2294,#2299,.T.);
#2301=ORIENTED_EDGE('',*,*,#2300,.T.);
#2302=CARTESIAN_POINT('',(15.66344255,18.873358961,4.));
#2303=VERTEX_POINT('',#2302);
#2304=CARTESIAN_POINT('',(17.161522206,16.017420864,4.));
#2305=DIRECTION('',(-0.,-0.,1.));
#2306=DIRECTION('',(-1.,0.,0.));
#2307=AXIS2_PLACEMENT_3D('',#2304,#2305,#2306);
#2308=CIRCLE('',#2307,3.225000011);
#2309=EDGE_CURVE('',#2294,#2303,#2308,.T.);
#2310=ORIENTED_EDGE('',*,*,#2309,.T.);
#2311=CARTESIAN_POINT('',(10.856510943,18.962032145,4.));
#2312=VERTEX_POINT('',#2311);
#2313=CARTESIAN_POINT('',(13.34083844,23.30116995,4.));
#2314=DIRECTION('',(0.,0.,-1.));
#2315=DIRECTION('',(-1.,0.,0.));
#2316=AXIS2_PLACEMENT_3D('',#2313,#2314,#2315);
#2317=CIRCLE('',#2316,5.);
#2318=EDGE_CURVE('',#2303,#2312,#2317,.T.);
#2319=ORIENTED_EDGE('',*,*,#2318,.T.);
#2320=CARTESIAN_POINT('',(-10.856511376,18.962032145,4.));
#2321=VERTEX_POINT('',#2320);
#2322=CARTESIAN_POINT('',(-0.000000216,-0.000000063,4.));
#2323=DIRECTION('',(0.,0.,1.));
#2324=DIRECTION('',(1.,0.,-0.));
#2325=AXIS2_PLACEMENT_3D('',#2322,#2323,#2324);
#2326=CIRCLE('',#2325,21.85);
#2327=EDGE_CURVE('',#2312,#2321,#2326,.T.);
#2328=ORIENTED_EDGE('',*,*,#2327,.T.);
#2329=CARTESIAN_POINT('',(-15.663442982,18.873358961,4.));
#2330=VERTEX_POINT('',#2329);
#2331=CARTESIAN_POINT('',(-13.340838872,23.30116995,4.));
#2332=DIRECTION('',(-0.,-0.,-1.));
#2333=DIRECTION('',(1.,0.,-0.));
#2334=AXIS2_PLACEMENT_3D('',#2331,#2332,#2333);
#2335=CIRCLE('',#2334,5.);
#2336=EDGE_CURVE('',#2321,#2330,#2335,.T.);
#2337=ORIENTED_EDGE('',*,*,#2336,.T.);
#2338=CARTESIAN_POINT('',(-20.386522649,16.017420864,4.));
#2339=VERTEX_POINT('',#2338);
#2340=CARTESIAN_POINT('',(-17.161522638,16.017420864,4.));
#2341=DIRECTION('',(0.,0.,-1.));
#2342=DIRECTION('',(-1.,0.,0.));
#2343=AXIS2_PLACEMENT_3D('',#2340,#2341,#2342);
#2344=CIRCLE('',#2343,3.225000011);
#2345=EDGE_CURVE('',#2339,#2330,#2344,.T.);
#2346=ORIENTED_EDGE('',*,*,#2345,.F.);
#2347=CARTESIAN_POINT('',(-19.907483899,14.326172264,4.));
#2348=VERTEX_POINT('',#2347);
#2349=CARTESIAN_POINT('',(-17.161522638,16.017420864,4.));
#2350=DIRECTION('',(0.,0.,-1.));
#2351=DIRECTION('',(-1.,0.,0.));
#2352=AXIS2_PLACEMENT_3D('',#2349,#2350,#2351);
#2353=CIRCLE('',#2352,3.225000011);
#2354=EDGE_CURVE('',#2348,#2339,#2353,.T.);
#2355=ORIENTED_EDGE('',*,*,#2354,.F.);
#2356=CARTESIAN_POINT('',(-19.664827653,9.524550418,4.));
#2357=VERTEX_POINT('',#2356);
#2358=CARTESIAN_POINT('',(-24.164788165,11.704081421,4.));
#2359=DIRECTION('',(0.,0.,-1.));
#2360=DIRECTION('',(-1.,0.,0.));
#2361=AXIS2_PLACEMENT_3D('',#2358,#2359,#2360);
#2362=CIRCLE('',#2361,5.);
#2363=EDGE_CURVE('',#2348,#2357,#2362,.T.);
#2364=ORIENTED_EDGE('',*,*,#2363,.T.);
#2365=CARTESIAN_POINT('',(-19.664827653,-9.524550545,4.));
#2366=VERTEX_POINT('',#2365);
#2367=CARTESIAN_POINT('',(-0.000000216,-0.000000063,4.));
#2368=DIRECTION('',(0.,0.,1.));
#2369=DIRECTION('',(1.,0.,-0.));
#2370=AXIS2_PLACEMENT_3D('',#2367,#2368,#2369);
#2371=CIRCLE('',#2370,21.85);
#2372=EDGE_CURVE('',#2357,#2366,#2371,.T.);
#2373=ORIENTED_EDGE('',*,*,#2372,.T.);
#2374=CARTESIAN_POINT('',(-19.164788165,-11.704081547,4.));
#2375=VERTEX_POINT('',#2374);
#2376=CARTESIAN_POINT('',(-24.164788165,-11.704081547,4.));
#2377=DIRECTION('',(-0.,-0.,-1.));
#2378=DIRECTION('',(1.,0.,-0.));
#2379=AXIS2_PLACEMENT_3D('',#2376,#2377,#2378);
#2380=CIRCLE('',#2379,5.);
#2381=EDGE_CURVE('',#2366,#2375,#2380,.T.);
#2382=ORIENTED_EDGE('',*,*,#2381,.T.);
#2383=CARTESIAN_POINT('',(-24.164788165,-11.704081547,4.));
#2384=DIRECTION('',(-0.,-0.,-1.));
#2385=DIRECTION('',(1.,0.,-0.));
#2386=AXIS2_PLACEMENT_3D('',#2383,#2384,#2385);
#2387=CIRCLE('',#2386,5.);
#2388=EDGE_CURVE('',#2375,#2176,#2387,.T.);
#2389=ORIENTED_EDGE('',*,*,#2388,.T.);
#2390=EDGE_LOOP('',(#2185,#2194,#2203,#2212,#2221,#2230,#2238,#2247,#2256,#2265,#2274,#2283,#2292,#2301,#2310,#2319,#2328,#2337,#2346,#2355,#2364,#2373,#2382,#2389));
#2391=FACE_BOUND('',#2390,.T.);
#2392=CARTESIAN_POINT('',(15.536522206,-16.01742099,4.));
#2393=VERTEX_POINT('',#2392);
#2394=CARTESIAN_POINT('',(18.786522206,-16.01742099,4.));
#2395=VERTEX_POINT('',#2394);
#2396=CARTESIAN_POINT('',(17.161522206,-16.01742099,4.));
#2397=DIRECTION('',(0.,0.,-1.));
#2398=DIRECTION('',(-1.,0.,0.));
#2399=AXIS2_PLACEMENT_3D('',#2396,#2397,#2398);
#2400=CIRCLE('',#2399,1.625);
#2401=EDGE_CURVE('',#2393,#2395,#2400,.T.);
#2402=ORIENTED_EDGE('',*,*,#2401,.T.);
#2403=CARTESIAN_POINT('',(17.161522206,-16.01742099,4.));
#2404=DIRECTION('',(0.,0.,-1.));
#2405=DIRECTION('',(-1.,0.,0.));
#2406=AXIS2_PLACEMENT_3D('',#2403,#2404,#2405);
#2407=CIRCLE('',#2406,1.625);
#2408=EDGE_CURVE('',#2395,#2393,#2407,.T.);
#2409=ORIENTED_EDGE('',*,*,#2408,.T.);
#2410=EDGE_LOOP('',(#2402,#2409));
#2411=FACE_BOUND('',#2410,.T.);
#2412=CARTESIAN_POINT('',(-18.786522638,16.017420864,4.));
#2413=VERTEX_POINT('',#2412);
#2414=CARTESIAN_POINT('',(-17.161522638,16.017420864,4.));
#2415=DIRECTION('',(0.,0.,-1.));
#2416=DIRECTION('',(-1.,0.,0.));
#2417=AXIS2_PLACEMENT_3D('',#2414,#2415,#2416);
#2418=CIRCLE('',#2417,1.625);
#2419=EDGE_CURVE('',#2413,#2413,#2418,.T.);
#2420=ORIENTED_EDGE('',*,*,#2419,.T.);
#2421=EDGE_LOOP('',(#2420));
#2422=FACE_BOUND('',#2421,.T.);
#2423=ADVANCED_FACE('',(#2143,#2163,#2174,#2391,#2411,#2422),#2123,.F.);
#2424=CARTESIAN_POINT('',(20.386499784,-28.693810527,-0.8));
#2425=DIRECTION('',(-1.,0.,0.));
#2426=DIRECTION('',(0.,-1.,0.));
#2427=AXIS2_PLACEMENT_3D('',#2424,#2425,#2426);
#2428=PLANE('',#2427);
#2429=CARTESIAN_POINT('',(20.386499784,-16.017409223,-0.));
#2430=DIRECTION('',(-0.,-0.,1.));
#2431=VECTOR('',#2430,4.);
#2432=LINE('',#2429,#2431);
#2433=EDGE_CURVE('',#2062,#2223,#2432,.T.);
#2434=ORIENTED_EDGE('',*,*,#2433,.F.);
#2435=ORIENTED_EDGE('',*,*,#2067,.T.);
#2436=CARTESIAN_POINT('',(20.386499784,-16.017384566,-0.));
#2437=DIRECTION('',(-0.,-0.,1.));
#2438=VECTOR('',#2437,4.);
#2439=LINE('',#2436,#2438);
#2440=EDGE_CURVE('',#2053,#2232,#2439,.T.);
#2441=ORIENTED_EDGE('',*,*,#2440,.T.);
#2442=ORIENTED_EDGE('',*,*,#2237,.T.);
#2443=EDGE_LOOP('',(#2434,#2435,#2441,#2442));
#2444=FACE_BOUND('',#2443,.T.);
#2445=ADVANCED_FACE('',(#2444),#2428,.F.);
#2446=CARTESIAN_POINT('',(17.161499773,-16.017384566,2.8));
#2447=DIRECTION('',(0.,0.,-1.));
#2448=DIRECTION('',(-1.,0.,0.));
#2449=AXIS2_PLACEMENT_3D('',#2446,#2447,#2448);
#2450=CYLINDRICAL_SURFACE('',#2449,3.225000011);
#2451=ORIENTED_EDGE('',*,*,#2440,.F.);
#2452=ORIENTED_EDGE('',*,*,#2059,.F.);
#2453=CARTESIAN_POINT('',(19.907470325,-14.326151053,-0.));
#2454=DIRECTION('',(-0.,-0.,1.));
#2455=VECTOR('',#2454,4.);
#2456=LINE('',#2453,#2455);
#2457=EDGE_CURVE('',#2044,#2240,#2456,.T.);
#2458=ORIENTED_EDGE('',*,*,#2457,.T.);
#2459=ORIENTED_EDGE('',*,*,#2246,.T.);
#2460=EDGE_LOOP('',(#2451,#2452,#2458,#2459));
#2461=FACE_BOUND('',#2460,.T.);
#2462=ADVANCED_FACE('',(#2461),#2450,.T.);
#2463=CARTESIAN_POINT('',(-17.161522638,-16.01742099,4.5));
#2464=DIRECTION('',(0.,0.,-1.));
#2465=DIRECTION('',(-1.,0.,0.));
#2466=AXIS2_PLACEMENT_3D('',#2463,#2464,#2465);
#2467=CYLINDRICAL_SURFACE('',#2466,3.225000011);
#2468=CARTESIAN_POINT('',(-20.386522649,-16.01742099,-0.));
#2469=DIRECTION('',(-0.,-0.,1.));
#2470=VECTOR('',#2469,4.);
#2471=LINE('',#2468,#2470);
#2472=EDGE_CURVE('',#1891,#2178,#2471,.T.);
#2473=ORIENTED_EDGE('',*,*,#2472,.T.);
#2474=ORIENTED_EDGE('',*,*,#2184,.F.);
#2475=CARTESIAN_POINT('',(-19.907483899,-14.326172391,4.));
#2476=DIRECTION('',(0.,0.,-1.));
#2477=VECTOR('',#2476,4.);
#2478=LINE('',#2475,#2477);
#2479=EDGE_CURVE('',#2176,#1900,#2478,.T.);
#2480=ORIENTED_EDGE('',*,*,#2479,.T.);
#2481=ORIENTED_EDGE('',*,*,#1906,.T.);
#2482=EDGE_LOOP('',(#2473,#2474,#2480,#2481));
#2483=FACE_BOUND('',#2482,.T.);
#2484=ADVANCED_FACE('',(#2483),#2467,.T.);
#2485=CARTESIAN_POINT('',(-0.000000216,-0.000000063,2.8));
#2486=DIRECTION('',(0.,0.,1.));
#2487=DIRECTION('',(1.,0.,-0.));
#2488=AXIS2_PLACEMENT_3D('',#2485,#2486,#2487);
#2489=CYLINDRICAL_SURFACE('',#2488,21.85);
#2490=CARTESIAN_POINT('',(10.856510943,18.962032145,4.));
#2491=DIRECTION('',(-0.,-0.,-1.));
#2492=VECTOR('',#2491,4.);
#2493=LINE('',#2490,#2492);
#2494=EDGE_CURVE('',#2312,#1972,#2493,.T.);
#2495=ORIENTED_EDGE('',*,*,#2494,.T.);
#2496=ORIENTED_EDGE('',*,*,#1978,.T.);
#2497=CARTESIAN_POINT('',(-10.856511375,18.962032145,-0.));
#2498=DIRECTION('',(0.,0.,1.));
#2499=VECTOR('',#2498,4.);
#2500=LINE('',#2497,#2499);
#2501=EDGE_CURVE('',#1963,#2321,#2500,.T.);
#2502=ORIENTED_EDGE('',*,*,#2501,.T.);
#2503=ORIENTED_EDGE('',*,*,#2327,.F.);
#2504=EDGE_LOOP('',(#2495,#2496,#2502,#2503));
#2505=FACE_BOUND('',#2504,.T.);
#2506=ADVANCED_FACE('',(#2505),#2489,.T.);
#2507=CARTESIAN_POINT('',(-0.000000216,-0.000000063,2.8));
#2508=DIRECTION('',(0.,0.,1.));
#2509=DIRECTION('',(1.,0.,-0.));
#2510=AXIS2_PLACEMENT_3D('',#2507,#2508,#2509);
#2511=CYLINDRICAL_SURFACE('',#2510,21.85);
#2512=CARTESIAN_POINT('',(21.849999784,-0.000000063,4.));
#2513=DIRECTION('',(-0.,-0.,-1.));
#2514=VECTOR('',#2513,4.);
#2515=LINE('',#2512,#2514);
#2516=EDGE_CURVE('',#2267,#2017,#2515,.T.);
#2517=ORIENTED_EDGE('',*,*,#2516,.T.);
#2518=ORIENTED_EDGE('',*,*,#2023,.T.);
#2519=CARTESIAN_POINT('',(19.66482722,9.524550419,-0.));
#2520=DIRECTION('',(0.,0.,1.));
#2521=VECTOR('',#2520,4.);
#2522=LINE('',#2519,#2521);
#2523=EDGE_CURVE('',#2008,#2276,#2522,.T.);
#2524=ORIENTED_EDGE('',*,*,#2523,.T.);
#2525=ORIENTED_EDGE('',*,*,#2282,.F.);
#2526=EDGE_LOOP('',(#2517,#2518,#2524,#2525));
#2527=FACE_BOUND('',#2526,.T.);
#2528=ADVANCED_FACE('',(#2527),#2511,.T.);
#2529=CARTESIAN_POINT('',(-0.000000216,-0.000000063,2.8));
#2530=DIRECTION('',(0.,0.,1.));
#2531=DIRECTION('',(1.,0.,-0.));
#2532=AXIS2_PLACEMENT_3D('',#2529,#2530,#2531);
#2533=CYLINDRICAL_SURFACE('',#2532,21.85);
#2534=CARTESIAN_POINT('',(-19.664827653,9.524550419,4.));
#2535=DIRECTION('',(-0.,-0.,-1.));
#2536=VECTOR('',#2535,4.);
#2537=LINE('',#2534,#2536);
#2538=EDGE_CURVE('',#2357,#1927,#2537,.T.);
#2539=ORIENTED_EDGE('',*,*,#2538,.T.);
#2540=ORIENTED_EDGE('',*,*,#1933,.T.);
#2541=CARTESIAN_POINT('',(-19.664827653,-9.524550545,-0.));
#2542=DIRECTION('',(0.,0.,1.));
#2543=VECTOR('',#2542,4.);
#2544=LINE('',#2541,#2543);
#2545=EDGE_CURVE('',#1918,#2366,#2544,.T.);
#2546=ORIENTED_EDGE('',*,*,#2545,.T.);
#2547=ORIENTED_EDGE('',*,*,#2372,.F.);
#2548=EDGE_LOOP('',(#2539,#2540,#2546,#2547));
#2549=FACE_BOUND('',#2548,.T.);
#2550=ADVANCED_FACE('',(#2549),#2533,.T.);
#2551=CARTESIAN_POINT('',(-17.161522638,16.017420864,4.5));
#2552=DIRECTION('',(0.,0.,-1.));
#2553=DIRECTION('',(-1.,0.,0.));
#2554=AXIS2_PLACEMENT_3D('',#2551,#2552,#2553);
#2555=CYLINDRICAL_SURFACE('',#2554,3.225000011);
#2556=CARTESIAN_POINT('',(-20.386522649,16.017420864,-0.));
#2557=DIRECTION('',(-0.,-0.,1.));
#2558=VECTOR('',#2557,4.);
#2559=LINE('',#2556,#2558);
#2560=EDGE_CURVE('',#1945,#2339,#2559,.T.);
#2561=ORIENTED_EDGE('',*,*,#2560,.T.);
#2562=ORIENTED_EDGE('',*,*,#2345,.T.);
#2563=CARTESIAN_POINT('',(-15.663442983,18.873358961,4.));
#2564=DIRECTION('',(0.,0.,-1.));
#2565=VECTOR('',#2564,4.);
#2566=LINE('',#2563,#2565);
#2567=EDGE_CURVE('',#2330,#1954,#2566,.T.);
#2568=ORIENTED_EDGE('',*,*,#2567,.T.);
#2569=ORIENTED_EDGE('',*,*,#1960,.F.);
#2570=EDGE_LOOP('',(#2561,#2562,#2568,#2569));
#2571=FACE_BOUND('',#2570,.T.);
#2572=ADVANCED_FACE('',(#2571),#2555,.T.);
#2573=CARTESIAN_POINT('',(17.161522206,16.017420864,4.5));
#2574=DIRECTION('',(0.,0.,-1.));
#2575=DIRECTION('',(1.,0.,0.));
#2576=AXIS2_PLACEMENT_3D('',#2573,#2574,#2575);
#2577=CYLINDRICAL_SURFACE('',#2576,3.225000011);
#2578=CARTESIAN_POINT('',(20.386522217,16.017420864,-0.));
#2579=DIRECTION('',(-0.,-0.,1.));
#2580=VECTOR('',#2579,4.);
#2581=LINE('',#2578,#2580);
#2582=EDGE_CURVE('',#1990,#2294,#2581,.T.);
#2583=ORIENTED_EDGE('',*,*,#2582,.T.);
#2584=ORIENTED_EDGE('',*,*,#2300,.F.);
#2585=CARTESIAN_POINT('',(19.907483467,14.326172265,4.));
#2586=DIRECTION('',(0.,0.,-1.));
#2587=VECTOR('',#2586,4.);
#2588=LINE('',#2585,#2587);
#2589=EDGE_CURVE('',#2285,#1999,#2588,.T.);
#2590=ORIENTED_EDGE('',*,*,#2589,.T.);
#2591=ORIENTED_EDGE('',*,*,#2005,.T.);
#2592=EDGE_LOOP('',(#2583,#2584,#2590,#2591));
#2593=FACE_BOUND('',#2592,.T.);
#2594=ADVANCED_FACE('',(#2593),#2577,.T.);
#2595=CARTESIAN_POINT('',(-0.000000216,-0.000000063,2.8));
#2596=DIRECTION('',(0.,0.,1.));
#2597=DIRECTION('',(1.,0.,-0.));
#2598=AXIS2_PLACEMENT_3D('',#2595,#2596,#2597);
#2599=CYLINDRICAL_SURFACE('',#2598,20.25);
#2600=CARTESIAN_POINT('',(20.249999784,-0.000000063,2.8));
#2601=VERTEX_POINT('',#2600);
#2602=CARTESIAN_POINT('',(20.249999784,-0.000000063,4.));
#2603=DIRECTION('',(-0.,-0.,-1.));
#2604=VECTOR('',#2603,1.2);
#2605=LINE('',#2602,#2604);
#2606=EDGE_CURVE('',#2127,#2601,#2605,.T.);
#2607=ORIENTED_EDGE('',*,*,#2606,.F.);
#2608=ORIENTED_EDGE('',*,*,#2133,.F.);
#2609=ORIENTED_EDGE('',*,*,#2140,.F.);
#2610=ORIENTED_EDGE('',*,*,#2606,.T.);
#2611=CARTESIAN_POINT('',(11.305748847,16.800075475,2.8));
#2612=VERTEX_POINT('',#2611);
#2613=CARTESIAN_POINT('',(-0.000000216,-0.000000063,2.8));
#2614=DIRECTION('',(0.,0.,1.));
#2615=DIRECTION('',(1.,0.,-0.));
#2616=AXIS2_PLACEMENT_3D('',#2613,#2614,#2615);
#2617=CIRCLE('',#2616,20.25);
#2618=EDGE_CURVE('',#2612,#2601,#2617,.T.);
#2619=ORIENTED_EDGE('',*,*,#2618,.F.);
#2620=CARTESIAN_POINT('',(11.305748847,16.800075475,3.8));
#2621=VERTEX_POINT('',#2620);
#2622=CARTESIAN_POINT('',(11.305748847,16.800075475,2.8));
#2623=DIRECTION('',(0.,0.,1.));
#2624=VECTOR('',#2623,1.);
#2625=LINE('',#2622,#2624);
#2626=EDGE_CURVE('',#2612,#2621,#2625,.T.);
#2627=ORIENTED_EDGE('',*,*,#2626,.T.);
#2628=CARTESIAN_POINT('',(11.920112881,16.369893148,3.8));
#2629=VERTEX_POINT('',#2628);
#2630=CARTESIAN_POINT('',(-0.000000216,-0.000000063,3.8));
#2631=DIRECTION('',(0.,0.,1.));
#2632=DIRECTION('',(1.,0.,-0.));
#2633=AXIS2_PLACEMENT_3D('',#2630,#2631,#2632);
#2634=CIRCLE('',#2633,20.25);
#2635=EDGE_CURVE('',#2629,#2621,#2634,.T.);
#2636=ORIENTED_EDGE('',*,*,#2635,.F.);
#2637=CARTESIAN_POINT('',(11.920112881,16.369893148,2.8));
#2638=VERTEX_POINT('',#2637);
#2639=CARTESIAN_POINT('',(11.920112881,16.369893148,3.8));
#2640=DIRECTION('',(-0.,-0.,-1.));
#2641=VECTOR('',#2640,1.);
#2642=LINE('',#2639,#2641);
#2643=EDGE_CURVE('',#2629,#2638,#2642,.T.);
#2644=ORIENTED_EDGE('',*,*,#2643,.T.);
#2645=CARTESIAN_POINT('',(17.34650692,10.448023203,2.8));
#2646=VERTEX_POINT('',#2645);
#2647=CARTESIAN_POINT('',(-0.000000216,-0.000000063,2.8));
#2648=DIRECTION('',(0.,0.,1.));
#2649=DIRECTION('',(1.,0.,-0.));
#2650=AXIS2_PLACEMENT_3D('',#2647,#2648,#2649);
#2651=CIRCLE('',#2650,20.25);
#2652=EDGE_CURVE('',#2646,#2638,#2651,.T.);
#2653=ORIENTED_EDGE('',*,*,#2652,.F.);
#2654=CARTESIAN_POINT('',(17.34650692,10.448023203,3.8));
#2655=VERTEX_POINT('',#2654);
#2656=CARTESIAN_POINT('',(17.34650692,10.448023203,3.8));
#2657=DIRECTION('',(0.,0.,-1.));
#2658=VECTOR('',#2657,1.);
#2659=LINE('',#2656,#2658);
#2660=EDGE_CURVE('',#2655,#2646,#2659,.T.);
#2661=ORIENTED_EDGE('',*,*,#2660,.F.);
#2662=CARTESIAN_POINT('',(17.72150692,9.79850415,3.8));
#2663=VERTEX_POINT('',#2662);
#2664=CARTESIAN_POINT('',(-0.000000216,-0.000000063,3.8));
#2665=DIRECTION('',(-0.,-0.,-1.));
#2666=DIRECTION('',(1.,0.,-0.));
#2667=AXIS2_PLACEMENT_3D('',#2664,#2665,#2666);
#2668=CIRCLE('',#2667,20.25);
#2669=EDGE_CURVE('',#2655,#2663,#2668,.T.);
#2670=ORIENTED_EDGE('',*,*,#2669,.T.);
#2671=CARTESIAN_POINT('',(17.72150692,9.79850415,2.8));
#2672=VERTEX_POINT('',#2671);
#2673=CARTESIAN_POINT('',(17.72150692,9.79850415,2.8));
#2674=DIRECTION('',(0.,0.,1.));
#2675=VECTOR('',#2674,1.);
#2676=LINE('',#2673,#2675);
#2677=EDGE_CURVE('',#2672,#2663,#2676,.T.);
#2678=ORIENTED_EDGE('',*,*,#2677,.F.);
#2679=CARTESIAN_POINT('',(-0.000000216,-0.000000063,2.8));
#2680=DIRECTION('',(0.,0.,1.));
#2681=DIRECTION('',(1.,0.,-0.));
#2682=AXIS2_PLACEMENT_3D('',#2679,#2680,#2681);
#2683=CIRCLE('',#2682,20.25);
#2684=EDGE_CURVE('',#2601,#2672,#2683,.T.);
#2685=ORIENTED_EDGE('',*,*,#2684,.F.);
#2686=EDGE_LOOP('',(#2607,#2608,#2609,#2610,#2619,#2627,#2636,#2644,#2653,#2661,#2670,#2678,#2685));
#2687=FACE_BOUND('',#2686,.T.);
#2688=ADVANCED_FACE('',(#2687),#2599,.F.);
#2689=CARTESIAN_POINT('',(-0.000000216,-0.000000063,1.6));
#2690=DIRECTION('',(0.,0.,1.));
#2691=DIRECTION('',(1.,0.,-0.));
#2692=AXIS2_PLACEMENT_3D('',#2689,#2690,#2691);
#2693=CYLINDRICAL_SURFACE('',#2692,18.);
#2694=CARTESIAN_POINT('',(17.999999784,-0.000000063,2.8));
#2695=VERTEX_POINT('',#2694);
#2696=CARTESIAN_POINT('',(17.999999784,-0.000000063,2.8));
#2697=DIRECTION('',(-0.,-0.,-1.));
#2698=VECTOR('',#2697,2.8);
#2699=LINE('',#2696,#2698);
#2700=EDGE_CURVE('',#2695,#1862,#2699,.T.);
#2701=ORIENTED_EDGE('',*,*,#2700,.F.);
#2702=CARTESIAN_POINT('',(10.875186322,14.343302128,2.8));
#2703=VERTEX_POINT('',#2702);
#2704=CARTESIAN_POINT('',(-0.000000216,-0.000000063,2.8));
#2705=DIRECTION('',(0.,0.,1.));
#2706=DIRECTION('',(1.,0.,-0.));
#2707=AXIS2_PLACEMENT_3D('',#2704,#2705,#2706);
#2708=CIRCLE('',#2707,18.);
#2709=EDGE_CURVE('',#2695,#2703,#2708,.T.);
#2710=ORIENTED_EDGE('',*,*,#2709,.T.);
#2711=CARTESIAN_POINT('',(-0.000000216,-0.000000063,2.8));
#2712=DIRECTION('',(0.,0.,1.));
#2713=DIRECTION('',(1.,0.,-0.));
#2714=AXIS2_PLACEMENT_3D('',#2711,#2712,#2713);
#2715=CIRCLE('',#2714,18.);
#2716=EDGE_CURVE('',#2703,#2695,#2715,.T.);
#2717=ORIENTED_EDGE('',*,*,#2716,.T.);
#2718=ORIENTED_EDGE('',*,*,#2700,.T.);
#2719=ORIENTED_EDGE('',*,*,#1868,.F.);
#2720=ORIENTED_EDGE('',*,*,#1875,.F.);
#2721=EDGE_LOOP('',(#2701,#2710,#2717,#2718,#2719,#2720));
#2722=FACE_BOUND('',#2721,.T.);
#2723=ADVANCED_FACE('',(#2722),#2693,.F.);
#2724=CARTESIAN_POINT('',(-0.000000216,-0.000000063,2.8));
#2725=DIRECTION('',(0.,0.,1.));
#2726=DIRECTION('',(1.,0.,0.));
#2727=AXIS2_PLACEMENT_3D('',#2724,#2725,#2726);
#2728=PLANE('',#2727);
#2729=ORIENTED_EDGE('',*,*,#2709,.F.);
#2730=ORIENTED_EDGE('',*,*,#2716,.F.);
#2731=EDGE_LOOP('',(#2729,#2730));
#2732=FACE_BOUND('',#2731,.T.);
#2733=ORIENTED_EDGE('',*,*,#2618,.T.);
#2734=ORIENTED_EDGE('',*,*,#2684,.T.);
#2735=CARTESIAN_POINT('',(17.333113831,9.574265295,2.8));
#2736=VERTEX_POINT('',#2735);
#2737=CARTESIAN_POINT('',(17.333113831,9.574265295,2.8));
#2738=DIRECTION('',(0.866025404,0.5,0.));
#2739=VECTOR('',#2738,0.448477709);
#2740=LINE('',#2737,#2739);
#2741=EDGE_CURVE('',#2736,#2672,#2740,.T.);
#2742=ORIENTED_EDGE('',*,*,#2741,.F.);
#2743=CARTESIAN_POINT('',(16.820854304,9.711524822,2.8));
#2744=VERTEX_POINT('',#2743);
#2745=CARTESIAN_POINT('',(17.145613831,9.899024822,2.8));
#2746=DIRECTION('',(-0.,-0.,1.));
#2747=DIRECTION('',(-1.,0.,0.));
#2748=AXIS2_PLACEMENT_3D('',#2745,#2746,#2747);
#2749=CIRCLE('',#2748,0.375);
#2750=EDGE_CURVE('',#2744,#2736,#2749,.T.);
#2751=ORIENTED_EDGE('',*,*,#2750,.F.);
#2752=CARTESIAN_POINT('',(16.958113831,10.223784348,2.8));
#2753=VERTEX_POINT('',#2752);
#2754=CARTESIAN_POINT('',(17.145613831,9.899024822,2.8));
#2755=DIRECTION('',(-0.,-0.,1.));
#2756=DIRECTION('',(-1.,0.,0.));
#2757=AXIS2_PLACEMENT_3D('',#2754,#2755,#2756);
#2758=CIRCLE('',#2757,0.375);
#2759=EDGE_CURVE('',#2753,#2744,#2758,.T.);
#2760=ORIENTED_EDGE('',*,*,#2759,.F.);
#2761=CARTESIAN_POINT('',(17.34650692,10.448023203,2.8));
#2762=DIRECTION('',(-0.866025404,-0.5,-0.));
#2763=VECTOR('',#2762,0.448477709);
#2764=LINE('',#2761,#2763);
#2765=EDGE_CURVE('',#2646,#2753,#2764,.T.);
#2766=ORIENTED_EDGE('',*,*,#2765,.F.);
#2767=ORIENTED_EDGE('',*,*,#2652,.T.);
#2768=CARTESIAN_POINT('',(11.662876634,16.002521716,2.8));
#2769=VERTEX_POINT('',#2768);
#2770=CARTESIAN_POINT('',(11.662876634,16.002521716,2.8));
#2771=DIRECTION('',(0.573576436,0.819152044,0.));
#2772=VECTOR('',#2771,0.448477709);
#2773=LINE('',#2770,#2772);
#2774=EDGE_CURVE('',#2769,#2638,#2773,.T.);
#2775=ORIENTED_EDGE('',*,*,#2774,.F.);
#2776=CARTESIAN_POINT('',(11.140603454,15.910430863,2.8));
#2777=VERTEX_POINT('',#2776);
#2778=CARTESIAN_POINT('',(11.355694618,16.21761288,2.8));
#2779=DIRECTION('',(-0.,-0.,1.));
#2780=DIRECTION('',(-1.,0.,0.));
#2781=AXIS2_PLACEMENT_3D('',#2778,#2779,#2780);
#2782=CIRCLE('',#2781,0.375);
#2783=EDGE_CURVE('',#2777,#2769,#2782,.T.);
#2784=ORIENTED_EDGE('',*,*,#2783,.F.);
#2785=CARTESIAN_POINT('',(11.048512601,16.432704043,2.8));
#2786=VERTEX_POINT('',#2785);
#2787=CARTESIAN_POINT('',(11.355694618,16.21761288,2.8));
#2788=DIRECTION('',(-0.,-0.,1.));
#2789=DIRECTION('',(-1.,0.,0.));
#2790=AXIS2_PLACEMENT_3D('',#2787,#2788,#2789);
#2791=CIRCLE('',#2790,0.375);
#2792=EDGE_CURVE('',#2786,#2777,#2791,.T.);
#2793=ORIENTED_EDGE('',*,*,#2792,.F.);
#2794=CARTESIAN_POINT('',(11.305748848,16.800075475,2.8));
#2795=DIRECTION('',(-0.573576436,-0.819152044,-0.));
#2796=VECTOR('',#2795,0.448477709);
#2797=LINE('',#2794,#2796);
#2798=EDGE_CURVE('',#2612,#2786,#2797,.T.);
#2799=ORIENTED_EDGE('',*,*,#2798,.F.);
#2800=EDGE_LOOP('',(#2733,#2734,#2742,#2751,#2760,#2766,#2767,#2775,#2784,#2793,#2799));
#2801=FACE_BOUND('',#2800,.T.);
#2802=ADVANCED_FACE('',(#2732,#2801),#2728,.T.);
#2803=CARTESIAN_POINT('',(-0.060621994,-0.035000063,3.8));
#2804=DIRECTION('',(0.,0.,1.));
#2805=DIRECTION('',(0.866025404,0.5,0.));
#2806=AXIS2_PLACEMENT_3D('',#2803,#2804,#2805);
#2807=PLANE('',#2806);
#2808=ORIENTED_EDGE('',*,*,#2669,.F.);
#2809=CARTESIAN_POINT('',(16.958113831,10.223784348,3.8));
#2810=VERTEX_POINT('',#2809);
#2811=CARTESIAN_POINT('',(17.34650692,10.448023203,3.8));
#2812=DIRECTION('',(-0.866025404,-0.5,-0.));
#2813=VECTOR('',#2812,0.448477709);
#2814=LINE('',#2811,#2813);
#2815=EDGE_CURVE('',#2655,#2810,#2814,.T.);
#2816=ORIENTED_EDGE('',*,*,#2815,.T.);
#2817=CARTESIAN_POINT('',(16.820854304,9.711524822,3.8));
#2818=VERTEX_POINT('',#2817);
#2819=CARTESIAN_POINT('',(17.145613831,9.899024822,3.8));
#2820=DIRECTION('',(-0.,-0.,1.));
#2821=DIRECTION('',(-1.,0.,0.));
#2822=AXIS2_PLACEMENT_3D('',#2819,#2820,#2821);
#2823=CIRCLE('',#2822,0.375);
#2824=EDGE_CURVE('',#2810,#2818,#2823,.T.);
#2825=ORIENTED_EDGE('',*,*,#2824,.T.);
#2826=CARTESIAN_POINT('',(17.333113831,9.574265295,3.8));
#2827=VERTEX_POINT('',#2826);
#2828=CARTESIAN_POINT('',(17.145613831,9.899024822,3.8));
#2829=DIRECTION('',(-0.,-0.,1.));
#2830=DIRECTION('',(-1.,0.,0.));
#2831=AXIS2_PLACEMENT_3D('',#2828,#2829,#2830);
#2832=CIRCLE('',#2831,0.375);
#2833=EDGE_CURVE('',#2818,#2827,#2832,.T.);
#2834=ORIENTED_EDGE('',*,*,#2833,.T.);
#2835=CARTESIAN_POINT('',(17.333113831,9.574265296,3.8));
#2836=DIRECTION('',(0.866025404,0.5,0.));
#2837=VECTOR('',#2836,0.448477709);
#2838=LINE('',#2835,#2837);
#2839=EDGE_CURVE('',#2827,#2663,#2838,.T.);
#2840=ORIENTED_EDGE('',*,*,#2839,.T.);
#2841=EDGE_LOOP('',(#2808,#2816,#2825,#2834,#2840));
#2842=FACE_BOUND('',#2841,.T.);
#2843=ADVANCED_FACE('',(#2842),#2807,.T.);
#2844=CARTESIAN_POINT('',(17.660882895,9.763502853,3.03));
#2845=DIRECTION('',(-0.5,0.866025404,0.));
#2846=DIRECTION('',(0.,0.,1.));
#2847=AXIS2_PLACEMENT_3D('',#2844,#2845,#2846);
#2848=PLANE('',#2847);
#2849=ORIENTED_EDGE('',*,*,#2741,.T.);
#2850=ORIENTED_EDGE('',*,*,#2677,.T.);
#2851=ORIENTED_EDGE('',*,*,#2839,.F.);
#2852=CARTESIAN_POINT('',(17.333113831,9.574265296,3.8));
#2853=DIRECTION('',(-0.,-0.,-1.));
#2854=VECTOR('',#2853,1.);
#2855=LINE('',#2852,#2854);
#2856=EDGE_CURVE('',#2827,#2736,#2855,.T.);
#2857=ORIENTED_EDGE('',*,*,#2856,.T.);
#2858=EDGE_LOOP('',(#2849,#2850,#2851,#2857));
#2859=FACE_BOUND('',#2858,.T.);
#2860=ADVANCED_FACE('',(#2859),#2848,.F.);
#2861=CARTESIAN_POINT('',(17.285882895,10.413021906,3.03));
#2862=DIRECTION('',(0.5,-0.866025404,0.));
#2863=DIRECTION('',(0.,0.,-1.));
#2864=AXIS2_PLACEMENT_3D('',#2861,#2862,#2863);
#2865=PLANE('',#2864);
#2866=ORIENTED_EDGE('',*,*,#2815,.F.);
#2867=ORIENTED_EDGE('',*,*,#2660,.T.);
#2868=ORIENTED_EDGE('',*,*,#2765,.T.);
#2869=CARTESIAN_POINT('',(16.958113831,10.223784348,3.8));
#2870=DIRECTION('',(0.,0.,-1.));
#2871=VECTOR('',#2870,1.);
#2872=LINE('',#2869,#2871);
#2873=EDGE_CURVE('',#2810,#2753,#2872,.T.);
#2874=ORIENTED_EDGE('',*,*,#2873,.F.);
#2875=EDGE_LOOP('',(#2866,#2867,#2868,#2874));
#2876=FACE_BOUND('',#2875,.T.);
#2877=ADVANCED_FACE('',(#2876),#2865,.F.);
#2878=CARTESIAN_POINT('',(17.145613831,9.899024822,3.03));
#2879=DIRECTION('',(-0.,0.,-1.));
#2880=DIRECTION('',(-0.866025404,-0.5,0.));
#2881=AXIS2_PLACEMENT_3D('',#2878,#2879,#2880);
#2882=CYLINDRICAL_SURFACE('',#2881,0.375);
#2883=CARTESIAN_POINT('',(16.820854304,9.711524822,2.8));
#2884=DIRECTION('',(-0.,-0.,1.));
#2885=VECTOR('',#2884,1.);
#2886=LINE('',#2883,#2885);
#2887=EDGE_CURVE('',#2744,#2818,#2886,.T.);
#2888=ORIENTED_EDGE('',*,*,#2887,.T.);
#2889=ORIENTED_EDGE('',*,*,#2824,.F.);
#2890=ORIENTED_EDGE('',*,*,#2873,.T.);
#2891=ORIENTED_EDGE('',*,*,#2759,.T.);
#2892=EDGE_LOOP('',(#2888,#2889,#2890,#2891));
#2893=FACE_BOUND('',#2892,.T.);
#2894=ADVANCED_FACE('',(#2893),#2882,.T.);
#2895=CARTESIAN_POINT('',(11.879961042,16.31255038,3.03));
#2896=DIRECTION('',(-0.819152044,0.573576436,0.));
#2897=DIRECTION('',(0.,0.,1.));
#2898=AXIS2_PLACEMENT_3D('',#2895,#2896,#2897);
#2899=PLANE('',#2898);
#2900=ORIENTED_EDGE('',*,*,#2643,.F.);
#2901=CARTESIAN_POINT('',(11.662876634,16.002521716,3.8));
#2902=VERTEX_POINT('',#2901);
#2903=CARTESIAN_POINT('',(11.662876634,16.002521716,3.8));
#2904=DIRECTION('',(0.573576436,0.819152044,0.));
#2905=VECTOR('',#2904,0.448477709);
#2906=LINE('',#2903,#2905);
#2907=EDGE_CURVE('',#2902,#2629,#2906,.T.);
#2908=ORIENTED_EDGE('',*,*,#2907,.F.);
#2909=CARTESIAN_POINT('',(11.662876634,16.002521716,3.8));
#2910=DIRECTION('',(-0.,-0.,-1.));
#2911=VECTOR('',#2910,1.);
#2912=LINE('',#2909,#2911);
#2913=EDGE_CURVE('',#2902,#2769,#2912,.T.);
#2914=ORIENTED_EDGE('',*,*,#2913,.T.);
#2915=ORIENTED_EDGE('',*,*,#2774,.T.);
#2916=EDGE_LOOP('',(#2900,#2908,#2914,#2915));
#2917=FACE_BOUND('',#2916,.T.);
#2918=ADVANCED_FACE('',(#2917),#2899,.F.);
#2919=CARTESIAN_POINT('',(11.265597009,16.742732707,3.03));
#2920=DIRECTION('',(0.819152044,-0.573576436,0.));
#2921=DIRECTION('',(0.,0.,-1.));
#2922=AXIS2_PLACEMENT_3D('',#2919,#2920,#2921);
#2923=PLANE('',#2922);
#2924=ORIENTED_EDGE('',*,*,#2626,.F.);
#2925=ORIENTED_EDGE('',*,*,#2798,.T.);
#2926=CARTESIAN_POINT('',(11.048512601,16.432704043,3.8));
#2927=VERTEX_POINT('',#2926);
#2928=CARTESIAN_POINT('',(11.048512601,16.432704043,3.8));
#2929=DIRECTION('',(0.,0.,-1.));
#2930=VECTOR('',#2929,1.);
#2931=LINE('',#2928,#2930);
#2932=EDGE_CURVE('',#2927,#2786,#2931,.T.);
#2933=ORIENTED_EDGE('',*,*,#2932,.F.);
#2934=CARTESIAN_POINT('',(11.305748847,16.800075475,3.8));
#2935=DIRECTION('',(-0.573576436,-0.819152044,-0.));
#2936=VECTOR('',#2935,0.448477709);
#2937=LINE('',#2934,#2936);
#2938=EDGE_CURVE('',#2621,#2927,#2937,.T.);
#2939=ORIENTED_EDGE('',*,*,#2938,.F.);
#2940=EDGE_LOOP('',(#2924,#2925,#2933,#2939));
#2941=FACE_BOUND('',#2940,.T.);
#2942=ADVANCED_FACE('',(#2941),#2923,.F.);
#2943=CARTESIAN_POINT('',(-0.040150567,-0.057340706,3.8));
#2944=DIRECTION('',(0.,0.,1.));
#2945=DIRECTION('',(0.573576436,0.819152044,0.));
#2946=AXIS2_PLACEMENT_3D('',#2943,#2944,#2945);
#2947=PLANE('',#2946);
#2948=ORIENTED_EDGE('',*,*,#2907,.T.);
#2949=ORIENTED_EDGE('',*,*,#2635,.T.);
#2950=ORIENTED_EDGE('',*,*,#2938,.T.);
#2951=CARTESIAN_POINT('',(11.140603454,15.910430863,3.8));
#2952=VERTEX_POINT('',#2951);
#2953=CARTESIAN_POINT('',(11.355694618,16.21761288,3.8));
#2954=DIRECTION('',(-0.,-0.,1.));
#2955=DIRECTION('',(-1.,0.,0.));
#2956=AXIS2_PLACEMENT_3D('',#2953,#2954,#2955);
#2957=CIRCLE('',#2956,0.375);
#2958=EDGE_CURVE('',#2927,#2952,#2957,.T.);
#2959=ORIENTED_EDGE('',*,*,#2958,.T.);
#2960=CARTESIAN_POINT('',(11.355694618,16.21761288,3.8));
#2961=DIRECTION('',(-0.,-0.,1.));
#2962=DIRECTION('',(-1.,0.,0.));
#2963=AXIS2_PLACEMENT_3D('',#2960,#2961,#2962);
#2964=CIRCLE('',#2963,0.375);
#2965=EDGE_CURVE('',#2952,#2902,#2964,.T.);
#2966=ORIENTED_EDGE('',*,*,#2965,.T.);
#2967=EDGE_LOOP('',(#2948,#2949,#2950,#2959,#2966));
#2968=FACE_BOUND('',#2967,.T.);
#2969=ADVANCED_FACE('',(#2968),#2947,.T.);
#2970=CARTESIAN_POINT('',(11.355694618,16.21761288,3.03));
#2971=DIRECTION('',(-0.,0.,-1.));
#2972=DIRECTION('',(-0.573576436,-0.819152044,0.));
#2973=AXIS2_PLACEMENT_3D('',#2970,#2971,#2972);
#2974=CYLINDRICAL_SURFACE('',#2973,0.375);
#2975=CARTESIAN_POINT('',(11.140603454,15.910430863,2.8));
#2976=DIRECTION('',(-0.,-0.,1.));
#2977=VECTOR('',#2976,1.);
#2978=LINE('',#2975,#2977);
#2979=EDGE_CURVE('',#2777,#2952,#2978,.T.);
#2980=ORIENTED_EDGE('',*,*,#2979,.T.);
#2981=ORIENTED_EDGE('',*,*,#2958,.F.);
#2982=ORIENTED_EDGE('',*,*,#2932,.T.);
#2983=ORIENTED_EDGE('',*,*,#2792,.T.);
#2984=EDGE_LOOP('',(#2980,#2981,#2982,#2983));
#2985=FACE_BOUND('',#2984,.T.);
#2986=ADVANCED_FACE('',(#2985),#2974,.T.);
#2987=CARTESIAN_POINT('',(24.164787733,-11.704081547,2.8));
#2988=DIRECTION('',(0.,0.,-1.));
#2989=DIRECTION('',(-1.,0.,0.));
#2990=AXIS2_PLACEMENT_3D('',#2987,#2988,#2989);
#2991=CYLINDRICAL_SURFACE('',#2990,5.);
#2992=CARTESIAN_POINT('',(19.164787733,-11.704081547,-0.));
#2993=DIRECTION('',(-0.,-0.,1.));
#2994=VECTOR('',#2993,4.);
#2995=LINE('',#2992,#2994);
#2996=EDGE_CURVE('',#2035,#2249,#2995,.T.);
#2997=ORIENTED_EDGE('',*,*,#2996,.F.);
#2998=ORIENTED_EDGE('',*,*,#2041,.T.);
#2999=CARTESIAN_POINT('',(19.66482722,-9.524550545,4.));
#3000=DIRECTION('',(-0.,-0.,-1.));
#3001=VECTOR('',#3000,4.);
#3002=LINE('',#2999,#3001);
#3003=EDGE_CURVE('',#2258,#2026,#3002,.T.);
#3004=ORIENTED_EDGE('',*,*,#3003,.F.);
#3005=ORIENTED_EDGE('',*,*,#2264,.F.);
#3006=EDGE_LOOP('',(#2997,#2998,#3004,#3005));
#3007=FACE_BOUND('',#3006,.T.);
#3008=ADVANCED_FACE('',(#3007),#2991,.F.);
#3009=CARTESIAN_POINT('',(24.164787733,11.704081421,2.8));
#3010=DIRECTION('',(0.,0.,1.));
#3011=DIRECTION('',(1.,0.,-0.));
#3012=AXIS2_PLACEMENT_3D('',#3009,#3010,#3011);
#3013=CYLINDRICAL_SURFACE('',#3012,5.);
#3014=ORIENTED_EDGE('',*,*,#2291,.F.);
#3015=ORIENTED_EDGE('',*,*,#2523,.F.);
#3016=ORIENTED_EDGE('',*,*,#2014,.T.);
#3017=ORIENTED_EDGE('',*,*,#2589,.F.);
#3018=EDGE_LOOP('',(#3014,#3015,#3016,#3017));
#3019=FACE_BOUND('',#3018,.T.);
#3020=ADVANCED_FACE('',(#3019),#3013,.F.);
#3021=CARTESIAN_POINT('',(-24.164788165,-11.704081547,2.8));
#3022=DIRECTION('',(0.,0.,1.));
#3023=DIRECTION('',(1.,0.,-0.));
#3024=AXIS2_PLACEMENT_3D('',#3021,#3022,#3023);
#3025=CYLINDRICAL_SURFACE('',#3024,5.);
#3026=CARTESIAN_POINT('',(-19.164788165,-11.704081547,4.));
#3027=DIRECTION('',(-0.,-0.,-1.));
#3028=VECTOR('',#3027,4.);
#3029=LINE('',#3026,#3028);
#3030=EDGE_CURVE('',#2375,#1909,#3029,.T.);
#3031=ORIENTED_EDGE('',*,*,#3030,.F.);
#3032=ORIENTED_EDGE('',*,*,#2381,.F.);
#3033=ORIENTED_EDGE('',*,*,#2545,.F.);
#3034=ORIENTED_EDGE('',*,*,#1924,.T.);
#3035=EDGE_LOOP('',(#3031,#3032,#3033,#3034));
#3036=FACE_BOUND('',#3035,.T.);
#3037=ADVANCED_FACE('',(#3036),#3025,.F.);
#3038=CARTESIAN_POINT('',(-24.164788165,11.704081421,2.8));
#3039=DIRECTION('',(0.,0.,-1.));
#3040=DIRECTION('',(-1.,0.,0.));
#3041=AXIS2_PLACEMENT_3D('',#3038,#3039,#3040);
#3042=CYLINDRICAL_SURFACE('',#3041,5.);
#3043=CARTESIAN_POINT('',(-19.907483899,14.326172265,-0.));
#3044=DIRECTION('',(-0.,-0.,1.));
#3045=VECTOR('',#3044,4.);
#3046=LINE('',#3043,#3045);
#3047=EDGE_CURVE('',#1936,#2348,#3046,.T.);
#3048=ORIENTED_EDGE('',*,*,#3047,.F.);
#3049=ORIENTED_EDGE('',*,*,#1942,.T.);
#3050=ORIENTED_EDGE('',*,*,#2538,.F.);
#3051=ORIENTED_EDGE('',*,*,#2363,.F.);
#3052=EDGE_LOOP('',(#3048,#3049,#3050,#3051));
#3053=FACE_BOUND('',#3052,.T.);
#3054=ADVANCED_FACE('',(#3053),#3042,.F.);
#3055=CARTESIAN_POINT('',(-13.340838872,23.30116995,2.8));
#3056=DIRECTION('',(0.,0.,1.));
#3057=DIRECTION('',(1.,0.,-0.));
#3058=AXIS2_PLACEMENT_3D('',#3055,#3056,#3057);
#3059=CYLINDRICAL_SURFACE('',#3058,5.);
#3060=ORIENTED_EDGE('',*,*,#2336,.F.);
#3061=ORIENTED_EDGE('',*,*,#2501,.F.);
#3062=ORIENTED_EDGE('',*,*,#1969,.T.);
#3063=ORIENTED_EDGE('',*,*,#2567,.F.);
#3064=EDGE_LOOP('',(#3060,#3061,#3062,#3063));
#3065=FACE_BOUND('',#3064,.T.);
#3066=ADVANCED_FACE('',(#3065),#3059,.F.);
#3067=CARTESIAN_POINT('',(13.34083844,23.30116995,2.8));
#3068=DIRECTION('',(0.,0.,-1.));
#3069=DIRECTION('',(-1.,0.,0.));
#3070=AXIS2_PLACEMENT_3D('',#3067,#3068,#3069);
#3071=CYLINDRICAL_SURFACE('',#3070,5.);
#3072=CARTESIAN_POINT('',(15.66344255,18.873358961,-0.));
#3073=DIRECTION('',(-0.,-0.,1.));
#3074=VECTOR('',#3073,4.);
#3075=LINE('',#3072,#3074);
#3076=EDGE_CURVE('',#1981,#2303,#3075,.T.);
#3077=ORIENTED_EDGE('',*,*,#3076,.F.);
#3078=ORIENTED_EDGE('',*,*,#1987,.T.);
#3079=ORIENTED_EDGE('',*,*,#2494,.F.);
#3080=ORIENTED_EDGE('',*,*,#2318,.F.);
#3081=EDGE_LOOP('',(#3077,#3078,#3079,#3080));
#3082=FACE_BOUND('',#3081,.T.);
#3083=ADVANCED_FACE('',(#3082),#3071,.F.);
#3084=CARTESIAN_POINT('',(17.161499773,-16.017409223,-2.));
#3085=DIRECTION('',(0.,0.,1.));
#3086=DIRECTION('',(1.,0.,-0.));
#3087=AXIS2_PLACEMENT_3D('',#3084,#3085,#3086);
#3088=CYLINDRICAL_SURFACE('',#3087,3.225000011);
#3089=ORIENTED_EDGE('',*,*,#2433,.T.);
#3090=ORIENTED_EDGE('',*,*,#2229,.F.);
#3091=CARTESIAN_POINT('',(15.663432322,-18.873353722,-0.));
#3092=DIRECTION('',(0.,0.,1.));
#3093=VECTOR('',#3092,4.);
#3094=LINE('',#3091,#3093);
#3095=EDGE_CURVE('',#2070,#2214,#3094,.T.);
#3096=ORIENTED_EDGE('',*,*,#3095,.F.);
#3097=ORIENTED_EDGE('',*,*,#2076,.F.);
#3098=EDGE_LOOP('',(#3089,#3090,#3096,#3097));
#3099=FACE_BOUND('',#3098,.T.);
#3100=ADVANCED_FACE('',(#3099),#3088,.T.);
#3101=CARTESIAN_POINT('',(13.340838439,-23.301170075,-2.));
#3102=DIRECTION('',(0.,0.,1.));
#3103=DIRECTION('',(1.,0.,-0.));
#3104=AXIS2_PLACEMENT_3D('',#3101,#3102,#3103);
#3105=CYLINDRICAL_SURFACE('',#3104,5.);
#3106=ORIENTED_EDGE('',*,*,#2085,.T.);
#3107=ORIENTED_EDGE('',*,*,#3095,.T.);
#3108=ORIENTED_EDGE('',*,*,#2220,.T.);
#3109=CARTESIAN_POINT('',(10.856510943,-18.96203227,-0.));
#3110=DIRECTION('',(0.,0.,1.));
#3111=VECTOR('',#3110,4.);
#3112=LINE('',#3109,#3111);
#3113=EDGE_CURVE('',#2079,#2205,#3112,.T.);
#3114=ORIENTED_EDGE('',*,*,#3113,.F.);
#3115=EDGE_LOOP('',(#3106,#3107,#3108,#3114));
#3116=FACE_BOUND('',#3115,.T.);
#3117=ADVANCED_FACE('',(#3116),#3105,.F.);
#3118=CARTESIAN_POINT('',(-0.000000217,-0.000000062,-2.));
#3119=DIRECTION('',(0.,0.,1.));
#3120=DIRECTION('',(1.,0.,-0.));
#3121=AXIS2_PLACEMENT_3D('',#3118,#3119,#3120);
#3122=CYLINDRICAL_SURFACE('',#3121,21.85);
#3123=ORIENTED_EDGE('',*,*,#2211,.F.);
#3124=CARTESIAN_POINT('',(-10.856511376,-18.96203227,-0.));
#3125=DIRECTION('',(0.,0.,1.));
#3126=VECTOR('',#3125,4.);
#3127=LINE('',#3124,#3126);
#3128=EDGE_CURVE('',#1882,#2196,#3127,.T.);
#3129=ORIENTED_EDGE('',*,*,#3128,.F.);
#3130=ORIENTED_EDGE('',*,*,#2092,.F.);
#3131=ORIENTED_EDGE('',*,*,#3113,.T.);
#3132=EDGE_LOOP('',(#3123,#3129,#3130,#3131));
#3133=FACE_BOUND('',#3132,.T.);
#3134=ADVANCED_FACE('',(#3133),#3122,.T.);
#3135=CARTESIAN_POINT('',(-13.340838872,-23.301170075,-2.));
#3136=DIRECTION('',(0.,0.,1.));
#3137=DIRECTION('',(1.,0.,-0.));
#3138=AXIS2_PLACEMENT_3D('',#3135,#3136,#3137);
#3139=CYLINDRICAL_SURFACE('',#3138,5.);
#3140=ORIENTED_EDGE('',*,*,#1888,.T.);
#3141=ORIENTED_EDGE('',*,*,#3128,.T.);
#3142=ORIENTED_EDGE('',*,*,#2202,.T.);
#3143=CARTESIAN_POINT('',(-15.663442982,-18.873359087,-0.));
#3144=DIRECTION('',(0.,0.,1.));
#3145=VECTOR('',#3144,4.);
#3146=LINE('',#3143,#3145);
#3147=EDGE_CURVE('',#1880,#2187,#3146,.T.);
#3148=ORIENTED_EDGE('',*,*,#3147,.F.);
#3149=EDGE_LOOP('',(#3140,#3141,#3142,#3148));
#3150=FACE_BOUND('',#3149,.T.);
#3151=ADVANCED_FACE('',(#3150),#3139,.F.);
#3152=CARTESIAN_POINT('',(-17.161522638,-16.01742099,4.5));
#3153=DIRECTION('',(0.,0.,-1.));
#3154=DIRECTION('',(-1.,0.,0.));
#3155=AXIS2_PLACEMENT_3D('',#3152,#3153,#3154);
#3156=CYLINDRICAL_SURFACE('',#3155,1.625);
#3157=CARTESIAN_POINT('',(-18.786522638,-16.01742099,-0.));
#3158=DIRECTION('',(-0.,-0.,1.));
#3159=VECTOR('',#3158,4.);
#3160=LINE('',#3157,#3159);
#3161=EDGE_CURVE('',#2097,#2165,#3160,.T.);
#3162=ORIENTED_EDGE('',*,*,#3161,.F.);
#3163=ORIENTED_EDGE('',*,*,#2103,.F.);
#3164=ORIENTED_EDGE('',*,*,#3161,.T.);
#3165=ORIENTED_EDGE('',*,*,#2171,.F.);
#3166=EDGE_LOOP('',(#3162,#3163,#3164,#3165));
#3167=FACE_BOUND('',#3166,.T.);
#3168=ADVANCED_FACE('',(#3167),#3156,.F.);
#3169=CARTESIAN_POINT('',(17.161522206,-16.01742099,4.5));
#3170=DIRECTION('',(0.,0.,-1.));
#3171=DIRECTION('',(1.,0.,0.));
#3172=AXIS2_PLACEMENT_3D('',#3169,#3170,#3171);
#3173=CYLINDRICAL_SURFACE('',#3172,1.625);
#3174=CARTESIAN_POINT('',(18.786522206,-16.01742099,-0.));
#3175=DIRECTION('',(-0.,-0.,1.));
#3176=VECTOR('',#3175,4.);
#3177=LINE('',#3174,#3176);
#3178=EDGE_CURVE('',#1842,#2395,#3177,.T.);
#3179=ORIENTED_EDGE('',*,*,#3178,.F.);
#3180=ORIENTED_EDGE('',*,*,#1848,.F.);
#3181=ORIENTED_EDGE('',*,*,#1855,.F.);
#3182=ORIENTED_EDGE('',*,*,#3178,.T.);
#3183=ORIENTED_EDGE('',*,*,#2401,.F.);
#3184=ORIENTED_EDGE('',*,*,#2408,.F.);
#3185=EDGE_LOOP('',(#3179,#3180,#3181,#3182,#3183,#3184));
#3186=FACE_BOUND('',#3185,.T.);
#3187=ADVANCED_FACE('',(#3186),#3173,.F.);
#3188=CARTESIAN_POINT('',(17.161522206,16.017420864,4.5));
#3189=DIRECTION('',(0.,0.,-1.));
#3190=DIRECTION('',(1.,0.,0.));
#3191=AXIS2_PLACEMENT_3D('',#3188,#3189,#3190);
#3192=CYLINDRICAL_SURFACE('',#3191,1.625);
#3193=CARTESIAN_POINT('',(18.786522206,16.017420864,-0.));
#3194=DIRECTION('',(-0.,-0.,1.));
#3195=VECTOR('',#3194,4.);
#3196=LINE('',#3193,#3195);
#3197=EDGE_CURVE('',#1820,#2147,#3196,.T.);
#3198=ORIENTED_EDGE('',*,*,#3197,.F.);
#3199=ORIENTED_EDGE('',*,*,#1828,.T.);
#3200=ORIENTED_EDGE('',*,*,#1835,.T.);
#3201=ORIENTED_EDGE('',*,*,#3197,.T.);
#3202=ORIENTED_EDGE('',*,*,#2153,.F.);
#3203=ORIENTED_EDGE('',*,*,#2160,.F.);
#3204=EDGE_LOOP('',(#3198,#3199,#3200,#3201,#3202,#3203));
#3205=FACE_BOUND('',#3204,.T.);
#3206=ADVANCED_FACE('',(#3205),#3192,.F.);
#3207=CARTESIAN_POINT('',(-17.161522638,16.017420864,4.5));
#3208=DIRECTION('',(0.,0.,-1.));
#3209=DIRECTION('',(-1.,0.,0.));
#3210=AXIS2_PLACEMENT_3D('',#3207,#3208,#3209);
#3211=CYLINDRICAL_SURFACE('',#3210,1.625);
#3212=CARTESIAN_POINT('',(-18.786522638,16.017420864,-0.));
#3213=DIRECTION('',(-0.,-0.,1.));
#3214=VECTOR('',#3213,4.);
#3215=LINE('',#3212,#3214);
#3216=EDGE_CURVE('',#2108,#2413,#3215,.T.);
#3217=ORIENTED_EDGE('',*,*,#3216,.F.);
#3218=ORIENTED_EDGE('',*,*,#2114,.F.);
#3219=ORIENTED_EDGE('',*,*,#3216,.T.);
#3220=ORIENTED_EDGE('',*,*,#2419,.F.);
#3221=EDGE_LOOP('',(#3217,#3218,#3219,#3220));
#3222=FACE_BOUND('',#3221,.T.);
#3223=ADVANCED_FACE('',(#3222),#3211,.F.);
#3224=CARTESIAN_POINT('',(-17.161522638,-16.01742099,4.5));
#3225=DIRECTION('',(0.,0.,-1.));
#3226=DIRECTION('',(-1.,0.,0.));
#3227=AXIS2_PLACEMENT_3D('',#3224,#3225,#3226);
#3228=CYLINDRICAL_SURFACE('',#3227,3.225000011);
#3229=ORIENTED_EDGE('',*,*,#2472,.F.);
#3230=ORIENTED_EDGE('',*,*,#1897,.T.);
#3231=ORIENTED_EDGE('',*,*,#3147,.T.);
#3232=ORIENTED_EDGE('',*,*,#2193,.F.);
#3233=EDGE_LOOP('',(#3229,#3230,#3231,#3232));
#3234=FACE_BOUND('',#3233,.T.);
#3235=ADVANCED_FACE('',(#3234),#3228,.T.);
#3236=CARTESIAN_POINT('',(-0.000000216,-0.000000063,2.8));
#3237=DIRECTION('',(0.,0.,1.));
#3238=DIRECTION('',(1.,0.,-0.));
#3239=AXIS2_PLACEMENT_3D('',#3236,#3237,#3238);
#3240=CYLINDRICAL_SURFACE('',#3239,21.85);
#3241=ORIENTED_EDGE('',*,*,#2516,.F.);
#3242=ORIENTED_EDGE('',*,*,#2273,.F.);
#3243=ORIENTED_EDGE('',*,*,#3003,.T.);
#3244=ORIENTED_EDGE('',*,*,#2032,.T.);
#3245=EDGE_LOOP('',(#3241,#3242,#3243,#3244));
#3246=FACE_BOUND('',#3245,.T.);
#3247=ADVANCED_FACE('',(#3246),#3240,.T.);
#3248=CARTESIAN_POINT('',(-17.161522638,16.017420864,4.5));
#3249=DIRECTION('',(0.,0.,-1.));
#3250=DIRECTION('',(-1.,0.,0.));
#3251=AXIS2_PLACEMENT_3D('',#3248,#3249,#3250);
#3252=CYLINDRICAL_SURFACE('',#3251,3.225000011);
#3253=ORIENTED_EDGE('',*,*,#2560,.F.);
#3254=ORIENTED_EDGE('',*,*,#1951,.F.);
#3255=ORIENTED_EDGE('',*,*,#3047,.T.);
#3256=ORIENTED_EDGE('',*,*,#2354,.T.);
#3257=EDGE_LOOP('',(#3253,#3254,#3255,#3256));
#3258=FACE_BOUND('',#3257,.T.);
#3259=ADVANCED_FACE('',(#3258),#3252,.T.);
#3260=CARTESIAN_POINT('',(17.161522206,16.017420864,4.5));
#3261=DIRECTION('',(0.,0.,-1.));
#3262=DIRECTION('',(1.,0.,0.));
#3263=AXIS2_PLACEMENT_3D('',#3260,#3261,#3262);
#3264=CYLINDRICAL_SURFACE('',#3263,3.225000011);
#3265=ORIENTED_EDGE('',*,*,#2582,.F.);
#3266=ORIENTED_EDGE('',*,*,#1996,.T.);
#3267=ORIENTED_EDGE('',*,*,#3076,.T.);
#3268=ORIENTED_EDGE('',*,*,#2309,.F.);
#3269=EDGE_LOOP('',(#3265,#3266,#3267,#3268));
#3270=FACE_BOUND('',#3269,.T.);
#3271=ADVANCED_FACE('',(#3270),#3264,.T.);
#3272=CARTESIAN_POINT('',(17.145613831,9.899024822,3.03));
#3273=DIRECTION('',(-0.,0.,-1.));
#3274=DIRECTION('',(-0.866025404,-0.5,0.));
#3275=AXIS2_PLACEMENT_3D('',#3272,#3273,#3274);
#3276=CYLINDRICAL_SURFACE('',#3275,0.375);
#3277=ORIENTED_EDGE('',*,*,#2887,.F.);
#3278=ORIENTED_EDGE('',*,*,#2750,.T.);
#3279=ORIENTED_EDGE('',*,*,#2856,.F.);
#3280=ORIENTED_EDGE('',*,*,#2833,.F.);
#3281=EDGE_LOOP('',(#3277,#3278,#3279,#3280));
#3282=FACE_BOUND('',#3281,.T.);
#3283=ADVANCED_FACE('',(#3282),#3276,.T.);
#3284=CARTESIAN_POINT('',(11.355694618,16.21761288,3.03));
#3285=DIRECTION('',(-0.,0.,-1.));
#3286=DIRECTION('',(-0.573576436,-0.819152044,0.));
#3287=AXIS2_PLACEMENT_3D('',#3284,#3285,#3286);
#3288=CYLINDRICAL_SURFACE('',#3287,0.375);
#3289=ORIENTED_EDGE('',*,*,#2979,.F.);
#3290=ORIENTED_EDGE('',*,*,#2783,.T.);
#3291=ORIENTED_EDGE('',*,*,#2913,.F.);
#3292=ORIENTED_EDGE('',*,*,#2965,.F.);
#3293=EDGE_LOOP('',(#3289,#3290,#3291,#3292));
#3294=FACE_BOUND('',#3293,.T.);
#3295=ADVANCED_FACE('',(#3294),#3288,.T.);
#3296=CARTESIAN_POINT('',(24.164787733,-11.704081547,2.8));
#3297=DIRECTION('',(0.,0.,-1.));
#3298=DIRECTION('',(-1.,0.,0.));
#3299=AXIS2_PLACEMENT_3D('',#3296,#3297,#3298);
#3300=CYLINDRICAL_SURFACE('',#3299,5.);
#3301=ORIENTED_EDGE('',*,*,#2996,.T.);
#3302=ORIENTED_EDGE('',*,*,#2255,.F.);
#3303=ORIENTED_EDGE('',*,*,#2457,.F.);
#3304=ORIENTED_EDGE('',*,*,#2050,.T.);
#3305=EDGE_LOOP('',(#3301,#3302,#3303,#3304));
#3306=FACE_BOUND('',#3305,.T.);
#3307=ADVANCED_FACE('',(#3306),#3300,.F.);
#3308=CARTESIAN_POINT('',(-24.164788165,-11.704081547,2.8));
#3309=DIRECTION('',(0.,0.,1.));
#3310=DIRECTION('',(1.,0.,-0.));
#3311=AXIS2_PLACEMENT_3D('',#3308,#3309,#3310);
#3312=CYLINDRICAL_SURFACE('',#3311,5.);
#3313=ORIENTED_EDGE('',*,*,#3030,.T.);
#3314=ORIENTED_EDGE('',*,*,#1915,.T.);
#3315=ORIENTED_EDGE('',*,*,#2479,.F.);
#3316=ORIENTED_EDGE('',*,*,#2388,.F.);
#3317=EDGE_LOOP('',(#3313,#3314,#3315,#3316));
#3318=FACE_BOUND('',#3317,.T.);
#3319=ADVANCED_FACE('',(#3318),#3312,.F.);
#3320=CLOSED_SHELL('',(#2118,#2423,#2445,#2462,#2484,#2506,#2528,#2550,#2572,#2594,#2688,#2723,#2802,#2843,#2860,#2877,#2894,#2918,#2942,#2969,#2986,#3008,#3020,#3037,#3054,#3066,
#3083,#3100,#3117,#3134,#3151,#3168,#3187,#3206,#3223,#3235,#3247,#3259,#3271,#3283,#3295,#3307,#3319));
#3321=MANIFOLD_SOLID_BREP('Bottom',#3320);
#1813=STYLED_ITEM('',(#1812),#3321);
#16=SHAPE_REPRESENTATION('Sc',(#15),#10);
#17=ADVANCED_BREP_SHAPE_REPRESENTATION('Sc',(#1805,#3321),#10);
#3329=SHAPE_REPRESENTATION_RELATIONSHIP('','',#16,#17);
#3330=CARTESIAN_POINT('',(0.,0.,0.));
#3331=DIRECTION('',(0.,0.,1.));
#3332=DIRECTION('',(1.,0.,0.));
#3333=AXIS2_PLACEMENT_3D('',#3330,#3331,#3332);
#3335=MAPPED_ITEM('',#3334,#3333);
#3334=REPRESENTATION_MAP(#3333,#16);
#3336=APPLICATION_CONTEXT('Managed model based 3d engineering');
#3337=APPLICATION_PROTOCOL_DEFINITION('international standard','ap242_managed_model_based_3d_engineering',2014,#3336);
#3338=PRODUCT_CONTEXT('',#3336,'mechanical');
#3339=PRODUCT_DEFINITION_CONTEXT('part definition',#3336,'design');
#24=PRODUCT('Sc','Sc','',(#3338));
#3340=PRODUCT_RELATED_PRODUCT_CATEGORY('part','',(#24));
#3341=PRODUCT_DEFINITION_FORMATION_WITH_SPECIFIED_SOURCE('','',#24,.NOT_KNOWN.);
#25=PRODUCT_DEFINITION('design','',#3341,#3339);
#23=PRODUCT_DEFINITION_SHAPE('','',#25);
#3342=SHAPE_DEFINITION_REPRESENTATION(#23,#16);
#11=DRAUGHTING_MODEL('',(#3335),#10);
#3343=DESCRIPTIVE_REPRESENTATION_ITEM('KEY','/Users/jscotto/Library/Containers/com.shapr3d.shapr/Data/tmp/AF394AE4-23AD-4043-AFE4-9A786873AF77.tmp');
#3344=PROPERTY_DEFINITION('KEY','',#25);
#3345=REPRESENTATION('',(#3343),#10);
#3346=PROPERTY_DEFINITION_REPRESENTATION(#3344,#3345);
#3347=GENERAL_PROPERTY('','KEY','');
#3348=GENERAL_PROPERTY_ASSOCIATION('','',#3347,#3344);
#1=MECHANICAL_DESIGN_GEOMETRIC_PRESENTATION_REPRESENTATION('',(#26,#1813),#10);
ENDSEC;
END-ISO-10303-21;
