ISO-10303-21;
HEADER;

/* File generated by Shapr3D Version 26.170.0.11783 */

FILE_DESCRIPTION(('HOOPS Exchange Step'),'2;1');

FILE_NAME('/Users/jscotto/Library/Containers/com.shapr3d.shapr/Data/tmp/export/temp_export',
'2026-10-05T11:50:11-04:00',
('jscotto'),
('Shapr3D Limited'),
'HOOPS Exchange 2026.3',
'Shapr3D',
'Authorized');

FILE_SCHEMA( ('AP242_MANAGED_MODEL_BASED_3D_ENGINEERING_MIM_LF {1 0 10303 442 1 1 4}') );

ENDSEC;

DATA;
#3=(NAMED_UNIT(*)PLANE_ANGLE_UNIT()SI_UNIT($,.RADIAN.));
#4=PLANE_ANGLE_MEASURE_WITH_UNIT(PLANE_ANGLE_MEASURE(0.0174532925),#3);
#5=(CONVERSION_BASED_UNIT('DEGREE',#4)NAMED_UNIT(#6)PLANE_ANGLE_UNIT());
#6=DIMENSIONAL_EXPONENTS(0.,0.,0.,0.,0.,0.,0.);
#7=(NAMED_UNIT(*)SI_UNIT($,.STERADIAN.)SOLID_ANGLE_UNIT());
#8=(LENGTH_UNIT()NAMED_UNIT(*)SI_UNIT(.MILLI.,.METRE.));
#9=UNCERTAINTY_MEASURE_WITH_UNIT(LENGTH_MEASURE(1.000000E-05),#8,'DISTANCE_ACCURACY_VALUE','Maximum Tolerance applied to model');
#10=(GEOMETRIC_REPRESENTATION_CONTEXT(3)GLOBAL_UNCERTAINTY_ASSIGNED_CONTEXT((#9))GLOBAL_UNIT_ASSIGNED_CONTEXT((#8,#5,#7))REPRESENTATION_CONTEXT('','Plate V2.0.0'));
#12=CARTESIAN_POINT('',(0.,0.,0.));
#13=DIRECTION('',(0.,0.,1.));
#14=DIRECTION('',(1.,0.,0.));
#15=AXIS2_PLACEMENT_3D('TS3D_PRODUCT_CSYS',#12,#13,#14);
#27=CARTESIAN_POINT('',(0.000026514,31.750001729,3.795809409));
#28=DIRECTION('',(0.,-1.,0.));
#29=DIRECTION('',(0.,0.,-1.));
#30=AXIS2_PLACEMENT_3D('',#27,#28,#29);
#31=PLANE('',#30);
#32=CARTESIAN_POINT('',(7.500026514,31.750001729,2.595809409));
#33=VERTEX_POINT('',#32);
#34=CARTESIAN_POINT('',(7.500026514,31.750001729,2.995809409));
#35=VERTEX_POINT('',#34);
#36=CARTESIAN_POINT('',(7.500026514,31.750001729,2.595809409));
#37=DIRECTION('',(0.,0.,1.));
#38=VECTOR('',#37,0.4);
#39=LINE('',#36,#38);
#40=EDGE_CURVE('',#33,#35,#39,.T.);
#41=ORIENTED_EDGE('',*,*,#40,.T.);
#42=CARTESIAN_POINT('',(8.300026514,31.750001729,3.795809409));
#43=VERTEX_POINT('',#42);
#44=CARTESIAN_POINT('',(8.300026514,31.750001729,2.995809409));
#45=DIRECTION('',(-0.,1.,-0.));
#46=DIRECTION('',(0.,0.,-1.));
#47=AXIS2_PLACEMENT_3D('',#44,#45,#46);
#48=CIRCLE('',#47,0.8);
#49=EDGE_CURVE('',#35,#43,#48,.T.);
#50=ORIENTED_EDGE('',*,*,#49,.T.);
#51=CARTESIAN_POINT('',(8.950354815,31.750001729,3.795809409));
#52=VERTEX_POINT('',#51);
#53=CARTESIAN_POINT('',(8.950354815,31.750001729,3.795809409));
#54=DIRECTION('',(-1.,0.,0.));
#55=VECTOR('',#54,0.650328302);
#56=LINE('',#53,#55);
#57=EDGE_CURVE('',#52,#43,#56,.T.);
#58=ORIENTED_EDGE('',*,*,#57,.F.);
#59=CARTESIAN_POINT('',(8.950354815,31.750001729,2.595809409));
#60=VERTEX_POINT('',#59);
#61=CARTESIAN_POINT('',(8.950354815,31.750001729,3.795809409));
#62=DIRECTION('',(0.,0.,-1.));
#63=VECTOR('',#62,1.2);
#64=LINE('',#61,#63);
#65=EDGE_CURVE('',#52,#60,#64,.T.);
#66=ORIENTED_EDGE('',*,*,#65,.T.);
#67=CARTESIAN_POINT('',(8.950354815,31.750001729,2.595809409));
#68=DIRECTION('',(-1.,0.,0.));
#69=VECTOR('',#68,1.450328302);
#70=LINE('',#67,#69);
#71=EDGE_CURVE('',#60,#33,#70,.T.);
#72=ORIENTED_EDGE('',*,*,#71,.T.);
#73=EDGE_LOOP('',(#41,#50,#58,#66,#72));
#74=FACE_BOUND('',#73,.T.);
#75=ADVANCED_FACE('',(#74),#31,.F.);
#76=CARTESIAN_POINT('',(0.,0.,3.795809409));
#77=DIRECTION('',(0.,0.,1.));
#78=DIRECTION('',(1.,0.,0.));
#79=AXIS2_PLACEMENT_3D('',#76,#77,#78);
#80=PLANE('',#79);
#81=CARTESIAN_POINT('',(88.75001176,14.834960317,3.795809409));
#82=VERTEX_POINT('',#81);
#83=CARTESIAN_POINT('',(90.,17.,3.795809409));
#84=VERTEX_POINT('',#83);
#85=CARTESIAN_POINT('',(88.75001176,14.834960317,3.795809409));
#86=DIRECTION('',(0.500000599,0.866025058,0.));
#87=VECTOR('',#86,2.499973486);
#88=LINE('',#85,#87);
#89=EDGE_CURVE('',#82,#84,#88,.T.);
#90=ORIENTED_EDGE('',*,*,#89,.F.);
#91=CARTESIAN_POINT('',(86.250038274,14.834962045,3.795809409));
#92=VERTEX_POINT('',#91);
#93=CARTESIAN_POINT('',(86.250038274,14.834962045,3.795809409));
#94=DIRECTION('',(1.,-0.000000692,0.));
#95=VECTOR('',#94,2.499973486);
#96=LINE('',#93,#95);
#97=EDGE_CURVE('',#92,#82,#96,.T.);
#98=ORIENTED_EDGE('',*,*,#97,.F.);
#99=CARTESIAN_POINT('',(85.000053028,17.000003458,3.795809409));
#100=VERTEX_POINT('',#99);
#101=CARTESIAN_POINT('',(85.000053028,17.000003458,3.795809409));
#102=DIRECTION('',(0.499999401,-0.86602575,0.));
#103=VECTOR('',#102,2.499973486);
#104=LINE('',#101,#103);
#105=EDGE_CURVE('',#100,#92,#104,.T.);
#106=ORIENTED_EDGE('',*,*,#105,.F.);
#107=CARTESIAN_POINT('',(86.250041268,19.165043141,3.795809409));
#108=VERTEX_POINT('',#107);
#109=CARTESIAN_POINT('',(86.250041268,19.165043141,3.795809409));
#110=DIRECTION('',(-0.500000599,-0.866025058,0.));
#111=VECTOR('',#110,2.499973486);
#112=LINE('',#109,#111);
#113=EDGE_CURVE('',#108,#100,#112,.T.);
#114=ORIENTED_EDGE('',*,*,#113,.F.);
#115=CARTESIAN_POINT('',(88.750014754,19.165041412,3.795809409));
#116=VERTEX_POINT('',#115);
#117=CARTESIAN_POINT('',(88.750014754,19.165041412,3.795809409));
#118=DIRECTION('',(-1.,0.000000692,0.));
#119=VECTOR('',#118,2.499973486);
#120=LINE('',#117,#119);
#121=EDGE_CURVE('',#116,#108,#120,.T.);
#122=ORIENTED_EDGE('',*,*,#121,.F.);
#123=CARTESIAN_POINT('',(90.,17.,3.795809409));
#124=DIRECTION('',(-0.499999401,0.86602575,0.));
#125=VECTOR('',#124,2.499973486);
#126=LINE('',#123,#125);
#127=EDGE_CURVE('',#84,#116,#126,.T.);
#128=ORIENTED_EDGE('',*,*,#127,.F.);
#129=EDGE_LOOP('',(#90,#98,#106,#114,#122,#128));
#130=FACE_BOUND('',#129,.T.);
#131=CARTESIAN_POINT('',(-86.24998824,-2.165039683,3.795809409));
#132=VERTEX_POINT('',#131);
#133=CARTESIAN_POINT('',(-85.,0.,3.795809409));
#134=VERTEX_POINT('',#133);
#135=CARTESIAN_POINT('',(-86.24998824,-2.165039683,3.795809409));
#136=DIRECTION('',(0.500000599,0.866025058,0.));
#137=VECTOR('',#136,2.499973486);
#138=LINE('',#135,#137);
#139=EDGE_CURVE('',#132,#134,#138,.T.);
#140=ORIENTED_EDGE('',*,*,#139,.F.);
#141=CARTESIAN_POINT('',(-88.749961726,-2.165037955,3.795809409));
#142=VERTEX_POINT('',#141);
#143=CARTESIAN_POINT('',(-88.749961726,-2.165037955,3.795809409));
#144=DIRECTION('',(1.,-0.000000692,0.));
#145=VECTOR('',#144,2.499973486);
#146=LINE('',#143,#145);
#147=EDGE_CURVE('',#142,#132,#146,.T.);
#148=ORIENTED_EDGE('',*,*,#147,.F.);
#149=CARTESIAN_POINT('',(-89.999946972,0.000003458,3.795809409));
#150=VERTEX_POINT('',#149);
#151=CARTESIAN_POINT('',(-89.999946972,0.000003458,3.795809409));
#152=DIRECTION('',(0.499999401,-0.86602575,0.));
#153=VECTOR('',#152,2.499973486);
#154=LINE('',#151,#153);
#155=EDGE_CURVE('',#150,#142,#154,.T.);
#156=ORIENTED_EDGE('',*,*,#155,.F.);
#157=CARTESIAN_POINT('',(-88.749958732,2.165043141,3.795809409));
#158=VERTEX_POINT('',#157);
#159=CARTESIAN_POINT('',(-88.749958732,2.165043141,3.795809409));
#160=DIRECTION('',(-0.500000599,-0.866025058,0.));
#161=VECTOR('',#160,2.499973486);
#162=LINE('',#159,#161);
#163=EDGE_CURVE('',#158,#150,#162,.T.);
#164=ORIENTED_EDGE('',*,*,#163,.F.);
#165=CARTESIAN_POINT('',(-86.249985246,2.165041412,3.795809409));
#166=VERTEX_POINT('',#165);
#167=CARTESIAN_POINT('',(-86.249985246,2.165041412,3.795809409));
#168=DIRECTION('',(-1.,0.000000692,0.));
#169=VECTOR('',#168,2.499973486);
#170=LINE('',#167,#169);
#171=EDGE_CURVE('',#166,#158,#170,.T.);
#172=ORIENTED_EDGE('',*,*,#171,.F.);
#173=CARTESIAN_POINT('',(-85.,-0.,3.795809409));
#174=DIRECTION('',(-0.499999401,0.86602575,0.));
#175=VECTOR('',#174,2.499973486);
#176=LINE('',#173,#175);
#177=EDGE_CURVE('',#134,#166,#176,.T.);
#178=ORIENTED_EDGE('',*,*,#177,.F.);
#179=EDGE_LOOP('',(#140,#148,#156,#164,#172,#178));
#180=FACE_BOUND('',#179,.T.);
#181=CARTESIAN_POINT('',(34.75001176,-19.165039683,3.795809409));
#182=VERTEX_POINT('',#181);
#183=CARTESIAN_POINT('',(36.,-17.,3.795809409));
#184=VERTEX_POINT('',#183);
#185=CARTESIAN_POINT('',(34.75001176,-19.165039683,3.795809409));
#186=DIRECTION('',(0.500000599,0.866025058,0.));
#187=VECTOR('',#186,2.499973486);
#188=LINE('',#185,#187);
#189=EDGE_CURVE('',#182,#184,#188,.T.);
#190=ORIENTED_EDGE('',*,*,#189,.F.);
#191=CARTESIAN_POINT('',(32.250038274,-19.165037955,3.795809409));
#192=VERTEX_POINT('',#191);
#193=CARTESIAN_POINT('',(32.250038274,-19.165037955,3.795809409));
#194=DIRECTION('',(1.,-0.000000692,0.));
#195=VECTOR('',#194,2.499973486);
#196=LINE('',#193,#195);
#197=EDGE_CURVE('',#192,#182,#196,.T.);
#198=ORIENTED_EDGE('',*,*,#197,.F.);
#199=CARTESIAN_POINT('',(31.000053028,-16.999996542,3.795809409));
#200=VERTEX_POINT('',#199);
#201=CARTESIAN_POINT('',(31.000053028,-16.999996542,3.795809409));
#202=DIRECTION('',(0.499999401,-0.86602575,0.));
#203=VECTOR('',#202,2.499973486);
#204=LINE('',#201,#203);
#205=EDGE_CURVE('',#200,#192,#204,.T.);
#206=ORIENTED_EDGE('',*,*,#205,.F.);
#207=CARTESIAN_POINT('',(32.250041268,-14.834956859,3.795809409));
#208=VERTEX_POINT('',#207);
#209=CARTESIAN_POINT('',(32.250041268,-14.834956859,3.795809409));
#210=DIRECTION('',(-0.500000599,-0.866025058,0.));
#211=VECTOR('',#210,2.499973486);
#212=LINE('',#209,#211);
#213=EDGE_CURVE('',#208,#200,#212,.T.);
#214=ORIENTED_EDGE('',*,*,#213,.F.);
#215=CARTESIAN_POINT('',(34.750014754,-14.834958588,3.795809409));
#216=VERTEX_POINT('',#215);
#217=CARTESIAN_POINT('',(34.750014754,-14.834958588,3.795809409));
#218=DIRECTION('',(-1.,0.000000692,0.));
#219=VECTOR('',#218,2.499973486);
#220=LINE('',#217,#219);
#221=EDGE_CURVE('',#216,#208,#220,.T.);
#222=ORIENTED_EDGE('',*,*,#221,.F.);
#223=CARTESIAN_POINT('',(36.,-17.,3.795809409));
#224=DIRECTION('',(-0.499999401,0.86602575,0.));
#225=VECTOR('',#224,2.499973486);
#226=LINE('',#223,#225);
#227=EDGE_CURVE('',#184,#216,#226,.T.);
#228=ORIENTED_EDGE('',*,*,#227,.F.);
#229=EDGE_LOOP('',(#190,#198,#206,#214,#222,#228));
#230=FACE_BOUND('',#229,.T.);
#231=CARTESIAN_POINT('',(-86.24998824,14.834960317,3.795809409));
#232=VERTEX_POINT('',#231);
#233=CARTESIAN_POINT('',(-85.,17.,3.795809409));
#234=VERTEX_POINT('',#233);
#235=CARTESIAN_POINT('',(-86.24998824,14.834960317,3.795809409));
#236=DIRECTION('',(0.500000599,0.866025058,0.));
#237=VECTOR('',#236,2.499973486);
#238=LINE('',#235,#237);
#239=EDGE_CURVE('',#232,#234,#238,.T.);
#240=ORIENTED_EDGE('',*,*,#239,.F.);
#241=CARTESIAN_POINT('',(-88.749961726,14.834962045,3.795809409));
#242=VERTEX_POINT('',#241);
#243=CARTESIAN_POINT('',(-88.749961726,14.834962045,3.795809409));
#244=DIRECTION('',(1.,-0.000000692,0.));
#245=VECTOR('',#244,2.499973486);
#246=LINE('',#243,#245);
#247=EDGE_CURVE('',#242,#232,#246,.T.);
#248=ORIENTED_EDGE('',*,*,#247,.F.);
#249=CARTESIAN_POINT('',(-89.999946972,17.000003458,3.795809409));
#250=VERTEX_POINT('',#249);
#251=CARTESIAN_POINT('',(-89.999946972,17.000003458,3.795809409));
#252=DIRECTION('',(0.499999401,-0.86602575,0.));
#253=VECTOR('',#252,2.499973486);
#254=LINE('',#251,#253);
#255=EDGE_CURVE('',#250,#242,#254,.T.);
#256=ORIENTED_EDGE('',*,*,#255,.F.);
#257=CARTESIAN_POINT('',(-88.749958732,19.165043141,3.795809409));
#258=VERTEX_POINT('',#257);
#259=CARTESIAN_POINT('',(-88.749958732,19.165043141,3.795809409));
#260=DIRECTION('',(-0.500000599,-0.866025058,0.));
#261=VECTOR('',#260,2.499973486);
#262=LINE('',#259,#261);
#263=EDGE_CURVE('',#258,#250,#262,.T.);
#264=ORIENTED_EDGE('',*,*,#263,.F.);
#265=CARTESIAN_POINT('',(-86.249985246,19.165041412,3.795809409));
#266=VERTEX_POINT('',#265);
#267=CARTESIAN_POINT('',(-86.249985246,19.165041412,3.795809409));
#268=DIRECTION('',(-1.,0.000000692,0.));
#269=VECTOR('',#268,2.499973486);
#270=LINE('',#267,#269);
#271=EDGE_CURVE('',#266,#258,#270,.T.);
#272=ORIENTED_EDGE('',*,*,#271,.F.);
#273=CARTESIAN_POINT('',(-85.,17.,3.795809409));
#274=DIRECTION('',(-0.499999401,0.86602575,0.));
#275=VECTOR('',#274,2.499973486);
#276=LINE('',#273,#275);
#277=EDGE_CURVE('',#234,#266,#276,.T.);
#278=ORIENTED_EDGE('',*,*,#277,.F.);
#279=EDGE_LOOP('',(#240,#248,#256,#264,#272,#278));
#280=FACE_BOUND('',#279,.T.);
#281=CARTESIAN_POINT('',(88.75001176,-2.165039683,3.795809409));
#282=VERTEX_POINT('',#281);
#283=CARTESIAN_POINT('',(90.,0.,3.795809409));
#284=VERTEX_POINT('',#283);
#285=CARTESIAN_POINT('',(88.75001176,-2.165039683,3.795809409));
#286=DIRECTION('',(0.500000599,0.866025058,0.));
#287=VECTOR('',#286,2.499973486);
#288=LINE('',#285,#287);
#289=EDGE_CURVE('',#282,#284,#288,.T.);
#290=ORIENTED_EDGE('',*,*,#289,.F.);
#291=CARTESIAN_POINT('',(86.250038274,-2.165037955,3.795809409));
#292=VERTEX_POINT('',#291);
#293=CARTESIAN_POINT('',(86.250038274,-2.165037955,3.795809409));
#294=DIRECTION('',(1.,-0.000000692,0.));
#295=VECTOR('',#294,2.499973486);
#296=LINE('',#293,#295);
#297=EDGE_CURVE('',#292,#282,#296,.T.);
#298=ORIENTED_EDGE('',*,*,#297,.F.);
#299=CARTESIAN_POINT('',(85.000053028,0.000003458,3.795809409));
#300=VERTEX_POINT('',#299);
#301=CARTESIAN_POINT('',(85.000053028,0.000003458,3.795809409));
#302=DIRECTION('',(0.499999401,-0.86602575,0.));
#303=VECTOR('',#302,2.499973486);
#304=LINE('',#301,#303);
#305=EDGE_CURVE('',#300,#292,#304,.T.);
#306=ORIENTED_EDGE('',*,*,#305,.F.);
#307=CARTESIAN_POINT('',(86.250041268,2.165043141,3.795809409));
#308=VERTEX_POINT('',#307);
#309=CARTESIAN_POINT('',(86.250041268,2.165043141,3.795809409));
#310=DIRECTION('',(-0.500000599,-0.866025058,0.));
#311=VECTOR('',#310,2.499973486);
#312=LINE('',#309,#311);
#313=EDGE_CURVE('',#308,#300,#312,.T.);
#314=ORIENTED_EDGE('',*,*,#313,.F.);
#315=CARTESIAN_POINT('',(88.750014754,2.165041412,3.795809409));
#316=VERTEX_POINT('',#315);
#317=CARTESIAN_POINT('',(88.750014754,2.165041412,3.795809409));
#318=DIRECTION('',(-1.,0.000000692,0.));
#319=VECTOR('',#318,2.499973486);
#320=LINE('',#317,#319);
#321=EDGE_CURVE('',#316,#308,#320,.T.);
#322=ORIENTED_EDGE('',*,*,#321,.F.);
#323=CARTESIAN_POINT('',(90.,-0.,3.795809409));
#324=DIRECTION('',(-0.499999401,0.86602575,0.));
#325=VECTOR('',#324,2.499973486);
#326=LINE('',#323,#325);
#327=EDGE_CURVE('',#284,#316,#326,.T.);
#328=ORIENTED_EDGE('',*,*,#327,.F.);
#329=EDGE_LOOP('',(#290,#298,#306,#314,#322,#328));
#330=FACE_BOUND('',#329,.T.);
#331=CARTESIAN_POINT('',(-32.24998824,-19.165039683,3.795809409));
#332=VERTEX_POINT('',#331);
#333=CARTESIAN_POINT('',(-31.,-17.,3.795809409));
#334=VERTEX_POINT('',#333);
#335=CARTESIAN_POINT('',(-32.24998824,-19.165039683,3.795809409));
#336=DIRECTION('',(0.500000599,0.866025058,0.));
#337=VECTOR('',#336,2.499973486);
#338=LINE('',#335,#337);
#339=EDGE_CURVE('',#332,#334,#338,.T.);
#340=ORIENTED_EDGE('',*,*,#339,.F.);
#341=CARTESIAN_POINT('',(-34.749961726,-19.165037955,3.795809409));
#342=VERTEX_POINT('',#341);
#343=CARTESIAN_POINT('',(-34.749961726,-19.165037955,3.795809409));
#344=DIRECTION('',(1.,-0.000000692,0.));
#345=VECTOR('',#344,2.499973486);
#346=LINE('',#343,#345);
#347=EDGE_CURVE('',#342,#332,#346,.T.);
#348=ORIENTED_EDGE('',*,*,#347,.F.);
#349=CARTESIAN_POINT('',(-35.999946972,-16.999996542,3.795809409));
#350=VERTEX_POINT('',#349);
#351=CARTESIAN_POINT('',(-35.999946972,-16.999996542,3.795809409));
#352=DIRECTION('',(0.499999401,-0.86602575,0.));
#353=VECTOR('',#352,2.499973486);
#354=LINE('',#351,#353);
#355=EDGE_CURVE('',#350,#342,#354,.T.);
#356=ORIENTED_EDGE('',*,*,#355,.F.);
#357=CARTESIAN_POINT('',(-34.749958732,-14.834956859,3.795809409));
#358=VERTEX_POINT('',#357);
#359=CARTESIAN_POINT('',(-34.749958732,-14.834956859,3.795809409));
#360=DIRECTION('',(-0.500000599,-0.866025058,0.));
#361=VECTOR('',#360,2.499973486);
#362=LINE('',#359,#361);
#363=EDGE_CURVE('',#358,#350,#362,.T.);
#364=ORIENTED_EDGE('',*,*,#363,.F.);
#365=CARTESIAN_POINT('',(-32.249985246,-14.834958588,3.795809409));
#366=VERTEX_POINT('',#365);
#367=CARTESIAN_POINT('',(-32.249985246,-14.834958588,3.795809409));
#368=DIRECTION('',(-1.,0.000000692,0.));
#369=VECTOR('',#368,2.499973486);
#370=LINE('',#367,#369);
#371=EDGE_CURVE('',#366,#358,#370,.T.);
#372=ORIENTED_EDGE('',*,*,#371,.F.);
#373=CARTESIAN_POINT('',(-31.,-17.,3.795809409));
#374=DIRECTION('',(-0.499999401,0.86602575,0.));
#375=VECTOR('',#374,2.499973486);
#376=LINE('',#373,#375);
#377=EDGE_CURVE('',#334,#366,#376,.T.);
#378=ORIENTED_EDGE('',*,*,#377,.F.);
#379=EDGE_LOOP('',(#340,#348,#356,#364,#372,#378));
#380=FACE_BOUND('',#379,.T.);
#381=CARTESIAN_POINT('',(-32.24998824,14.834960317,3.795809409));
#382=VERTEX_POINT('',#381);
#383=CARTESIAN_POINT('',(-31.,17.,3.795809409));
#384=VERTEX_POINT('',#383);
#385=CARTESIAN_POINT('',(-32.24998824,14.834960317,3.795809409));
#386=DIRECTION('',(0.500000599,0.866025058,0.));
#387=VECTOR('',#386,2.499973486);
#388=LINE('',#385,#387);
#389=EDGE_CURVE('',#382,#384,#388,.T.);
#390=ORIENTED_EDGE('',*,*,#389,.F.);
#391=CARTESIAN_POINT('',(-34.749961726,14.834962045,3.795809409));
#392=VERTEX_POINT('',#391);
#393=CARTESIAN_POINT('',(-34.749961726,14.834962045,3.795809409));
#394=DIRECTION('',(1.,-0.000000692,0.));
#395=VECTOR('',#394,2.499973486);
#396=LINE('',#393,#395);
#397=EDGE_CURVE('',#392,#382,#396,.T.);
#398=ORIENTED_EDGE('',*,*,#397,.F.);
#399=CARTESIAN_POINT('',(-35.999946972,17.000003458,3.795809409));
#400=VERTEX_POINT('',#399);
#401=CARTESIAN_POINT('',(-35.999946972,17.000003458,3.795809409));
#402=DIRECTION('',(0.499999401,-0.86602575,0.));
#403=VECTOR('',#402,2.499973486);
#404=LINE('',#401,#403);
#405=EDGE_CURVE('',#400,#392,#404,.T.);
#406=ORIENTED_EDGE('',*,*,#405,.F.);
#407=CARTESIAN_POINT('',(-34.749958732,19.165043141,3.795809409));
#408=VERTEX_POINT('',#407);
#409=CARTESIAN_POINT('',(-34.749958732,19.165043141,3.795809409));
#410=DIRECTION('',(-0.500000599,-0.866025058,0.));
#411=VECTOR('',#410,2.499973486);
#412=LINE('',#409,#411);
#413=EDGE_CURVE('',#408,#400,#412,.T.);
#414=ORIENTED_EDGE('',*,*,#413,.F.);
#415=CARTESIAN_POINT('',(-32.249985246,19.165041412,3.795809409));
#416=VERTEX_POINT('',#415);
#417=CARTESIAN_POINT('',(-32.249985246,19.165041412,3.795809409));
#418=DIRECTION('',(-1.,0.000000692,0.));
#419=VECTOR('',#418,2.499973486);
#420=LINE('',#417,#419);
#421=EDGE_CURVE('',#416,#408,#420,.T.);
#422=ORIENTED_EDGE('',*,*,#421,.F.);
#423=CARTESIAN_POINT('',(-31.,17.,3.795809409));
#424=DIRECTION('',(-0.499999401,0.86602575,0.));
#425=VECTOR('',#424,2.499973486);
#426=LINE('',#423,#425);
#427=EDGE_CURVE('',#384,#416,#426,.T.);
#428=ORIENTED_EDGE('',*,*,#427,.F.);
#429=EDGE_LOOP('',(#390,#398,#406,#414,#422,#428));
#430=FACE_BOUND('',#429,.T.);
#431=CARTESIAN_POINT('',(34.75001176,14.834960317,3.795809409));
#432=VERTEX_POINT('',#431);
#433=CARTESIAN_POINT('',(36.,17.,3.795809409));
#434=VERTEX_POINT('',#433);
#435=CARTESIAN_POINT('',(34.75001176,14.834960317,3.795809409));
#436=DIRECTION('',(0.500000599,0.866025058,0.));
#437=VECTOR('',#436,2.499973486);
#438=LINE('',#435,#437);
#439=EDGE_CURVE('',#432,#434,#438,.T.);
#440=ORIENTED_EDGE('',*,*,#439,.F.);
#441=CARTESIAN_POINT('',(32.250038274,14.834962045,3.795809409));
#442=VERTEX_POINT('',#441);
#443=CARTESIAN_POINT('',(32.250038274,14.834962045,3.795809409));
#444=DIRECTION('',(1.,-0.000000692,0.));
#445=VECTOR('',#444,2.499973486);
#446=LINE('',#443,#445);
#447=EDGE_CURVE('',#442,#432,#446,.T.);
#448=ORIENTED_EDGE('',*,*,#447,.F.);
#449=CARTESIAN_POINT('',(31.000053028,17.000003458,3.795809409));
#450=VERTEX_POINT('',#449);
#451=CARTESIAN_POINT('',(31.000053028,17.000003458,3.795809409));
#452=DIRECTION('',(0.499999401,-0.86602575,0.));
#453=VECTOR('',#452,2.499973486);
#454=LINE('',#451,#453);
#455=EDGE_CURVE('',#450,#442,#454,.T.);
#456=ORIENTED_EDGE('',*,*,#455,.F.);
#457=CARTESIAN_POINT('',(32.250041268,19.165043141,3.795809409));
#458=VERTEX_POINT('',#457);
#459=CARTESIAN_POINT('',(32.250041268,19.165043141,3.795809409));
#460=DIRECTION('',(-0.500000599,-0.866025058,0.));
#461=VECTOR('',#460,2.499973486);
#462=LINE('',#459,#461);
#463=EDGE_CURVE('',#458,#450,#462,.T.);
#464=ORIENTED_EDGE('',*,*,#463,.F.);
#465=CARTESIAN_POINT('',(34.750014754,19.165041412,3.795809409));
#466=VERTEX_POINT('',#465);
#467=CARTESIAN_POINT('',(34.750014754,19.165041412,3.795809409));
#468=DIRECTION('',(-1.,0.000000692,0.));
#469=VECTOR('',#468,2.499973486);
#470=LINE('',#467,#469);
#471=EDGE_CURVE('',#466,#458,#470,.T.);
#472=ORIENTED_EDGE('',*,*,#471,.F.);
#473=CARTESIAN_POINT('',(36.,17.,3.795809409));
#474=DIRECTION('',(-0.499999401,0.86602575,0.));
#475=VECTOR('',#474,2.499973486);
#476=LINE('',#473,#475);
#477=EDGE_CURVE('',#434,#466,#476,.T.);
#478=ORIENTED_EDGE('',*,*,#477,.F.);
#479=EDGE_LOOP('',(#440,#448,#456,#464,#472,#478));
#480=FACE_BOUND('',#479,.T.);
#481=ORIENTED_EDGE('',*,*,#57,.T.);
#482=CARTESIAN_POINT('',(8.300026514,29.25,3.795809409));
#483=VERTEX_POINT('',#482);
#484=CARTESIAN_POINT('',(8.300026514,31.750001729,3.795809409));
#485=DIRECTION('',(-0.,-1.,-0.));
#486=VECTOR('',#485,2.500001729);
#487=LINE('',#484,#486);
#488=EDGE_CURVE('',#43,#483,#487,.T.);
#489=ORIENTED_EDGE('',*,*,#488,.T.);
#490=CARTESIAN_POINT('',(8.750026514,28.8,3.795809409));
#491=VERTEX_POINT('',#490);
#492=CARTESIAN_POINT('',(8.750026514,29.25,3.795809409));
#493=DIRECTION('',(0.,0.,1.));
#494=DIRECTION('',(1.,0.,-0.));
#495=AXIS2_PLACEMENT_3D('',#492,#493,#494);
#496=CIRCLE('',#495,0.45);
#497=EDGE_CURVE('',#483,#491,#496,.T.);
#498=ORIENTED_EDGE('',*,*,#497,.T.);
#499=CARTESIAN_POINT('',(11.75,28.8,3.795809409));
#500=VERTEX_POINT('',#499);
#501=CARTESIAN_POINT('',(8.750026514,28.8,3.795809409));
#502=DIRECTION('',(1.,0.,-0.));
#503=VECTOR('',#502,2.999973486);
#504=LINE('',#501,#503);
#505=EDGE_CURVE('',#491,#500,#504,.T.);
#506=ORIENTED_EDGE('',*,*,#505,.T.);
#507=CARTESIAN_POINT('',(13.8,26.75,3.795809409));
#508=VERTEX_POINT('',#507);
#509=CARTESIAN_POINT('',(11.75,26.75,3.795809409));
#510=DIRECTION('',(-0.,-0.,-1.));
#511=DIRECTION('',(1.,0.,-0.));
#512=AXIS2_PLACEMENT_3D('',#509,#510,#511);
#513=CIRCLE('',#512,2.05);
#514=EDGE_CURVE('',#500,#508,#513,.T.);
#515=ORIENTED_EDGE('',*,*,#514,.T.);
#516=CARTESIAN_POINT('',(13.8,-26.75,3.795809409));
#517=VERTEX_POINT('',#516);
#518=CARTESIAN_POINT('',(13.8,26.75,3.795809409));
#519=DIRECTION('',(0.,-1.,0.));
#520=VECTOR('',#519,53.5);
#521=LINE('',#518,#520);
#522=EDGE_CURVE('',#508,#517,#521,.T.);
#523=ORIENTED_EDGE('',*,*,#522,.T.);
#524=CARTESIAN_POINT('',(11.75,-28.8,3.795809409));
#525=VERTEX_POINT('',#524);
#526=CARTESIAN_POINT('',(11.75,-26.75,3.795809409));
#527=DIRECTION('',(-0.,-0.,-1.));
#528=DIRECTION('',(1.,0.,-0.));
#529=AXIS2_PLACEMENT_3D('',#526,#527,#528);
#530=CIRCLE('',#529,2.05);
#531=EDGE_CURVE('',#517,#525,#530,.T.);
#532=ORIENTED_EDGE('',*,*,#531,.T.);
#533=CARTESIAN_POINT('',(-11.75,-28.8,3.795809409));
#534=VERTEX_POINT('',#533);
#535=CARTESIAN_POINT('',(11.75,-28.8,3.795809409));
#536=DIRECTION('',(-1.,0.,0.));
#537=VECTOR('',#536,23.5);
#538=LINE('',#535,#537);
#539=EDGE_CURVE('',#525,#534,#538,.T.);
#540=ORIENTED_EDGE('',*,*,#539,.T.);
#541=CARTESIAN_POINT('',(-13.8,-26.75,3.795809409));
#542=VERTEX_POINT('',#541);
#543=CARTESIAN_POINT('',(-11.75,-26.75,3.795809409));
#544=DIRECTION('',(-0.,-0.,-1.));
#545=DIRECTION('',(1.,0.,-0.));
#546=AXIS2_PLACEMENT_3D('',#543,#544,#545);
#547=CIRCLE('',#546,2.05);
#548=EDGE_CURVE('',#534,#542,#547,.T.);
#549=ORIENTED_EDGE('',*,*,#548,.T.);
#550=CARTESIAN_POINT('',(-13.8,26.75,3.795809409));
#551=VERTEX_POINT('',#550);
#552=CARTESIAN_POINT('',(-13.8,-26.75,3.795809409));
#553=DIRECTION('',(0.,1.,0.));
#554=VECTOR('',#553,53.5);
#555=LINE('',#552,#554);
#556=EDGE_CURVE('',#542,#551,#555,.T.);
#557=ORIENTED_EDGE('',*,*,#556,.T.);
#558=CARTESIAN_POINT('',(-11.75,28.8,3.795809409));
#559=VERTEX_POINT('',#558);
#560=CARTESIAN_POINT('',(-11.75,26.75,3.795809409));
#561=DIRECTION('',(-0.,-0.,-1.));
#562=DIRECTION('',(1.,0.,-0.));
#563=AXIS2_PLACEMENT_3D('',#560,#561,#562);
#564=CIRCLE('',#563,2.05);
#565=EDGE_CURVE('',#551,#559,#564,.T.);
#566=ORIENTED_EDGE('',*,*,#565,.T.);
#567=CARTESIAN_POINT('',(-8.749973486,28.8,3.795809409));
#568=VERTEX_POINT('',#567);
#569=CARTESIAN_POINT('',(-11.75,28.8,3.795809409));
#570=DIRECTION('',(1.,0.,-0.));
#571=VECTOR('',#570,3.000026514);
#572=LINE('',#569,#571);
#573=EDGE_CURVE('',#559,#568,#572,.T.);
#574=ORIENTED_EDGE('',*,*,#573,.T.);
#575=CARTESIAN_POINT('',(-8.299973486,29.25,3.795809409));
#576=VERTEX_POINT('',#575);
#577=CARTESIAN_POINT('',(-8.749973486,29.25,3.795809409));
#578=DIRECTION('',(0.,0.,1.));
#579=DIRECTION('',(1.,0.,-0.));
#580=AXIS2_PLACEMENT_3D('',#577,#578,#579);
#581=CIRCLE('',#580,0.45);
#582=EDGE_CURVE('',#568,#576,#581,.T.);
#583=ORIENTED_EDGE('',*,*,#582,.T.);
#584=CARTESIAN_POINT('',(-8.299973486,31.750001729,3.795809409));
#585=VERTEX_POINT('',#584);
#586=CARTESIAN_POINT('',(-8.299973486,29.25,3.795809409));
#587=DIRECTION('',(-0.,1.,-0.));
#588=VECTOR('',#587,2.500001729);
#589=LINE('',#586,#588);
#590=EDGE_CURVE('',#576,#585,#589,.T.);
#591=ORIENTED_EDGE('',*,*,#590,.T.);
#592=CARTESIAN_POINT('',(-8.950301788,31.750001729,3.795809409));
#593=VERTEX_POINT('',#592);
#594=CARTESIAN_POINT('',(-8.299973486,31.750001729,3.795809409));
#595=DIRECTION('',(-1.,0.,0.));
#596=VECTOR('',#595,0.650328302);
#597=LINE('',#594,#596);
#598=EDGE_CURVE('',#585,#593,#597,.T.);
#599=ORIENTED_EDGE('',*,*,#598,.T.);
#600=CARTESIAN_POINT('',(-14.412324855,34.313890618,3.795809409));
#601=VERTEX_POINT('',#600);
#602=CARTESIAN_POINT('',(-8.950301788,38.850001729,3.795809409));
#603=DIRECTION('',(0.,0.,1.));
#604=DIRECTION('',(-0.769299024,-0.638888889,0.));
#605=AXIS2_PLACEMENT_3D('',#602,#603,#604);
#606=CIRCLE('',#605,7.1);
#607=EDGE_CURVE('',#601,#593,#606,.T.);
#608=ORIENTED_EDGE('',*,*,#607,.F.);
#609=CARTESIAN_POINT('',(-15.873993,35.000001729,3.795809409));
#610=VERTEX_POINT('',#609);
#611=CARTESIAN_POINT('',(-15.873993,33.100001729,3.795809409));
#612=DIRECTION('',(0.,-0.,1.));
#613=DIRECTION('',(0.769299024,0.638888889,0.));
#614=AXIS2_PLACEMENT_3D('',#611,#612,#613);
#615=CIRCLE('',#614,1.9);
#616=EDGE_CURVE('',#601,#610,#615,.T.);
#617=ORIENTED_EDGE('',*,*,#616,.T.);
#618=CARTESIAN_POINT('',(-103.599973486,35.000001729,3.795809409));
#619=VERTEX_POINT('',#618);
#620=CARTESIAN_POINT('',(-15.873993,35.000001729,3.795809409));
#621=DIRECTION('',(-1.,0.,0.));
#622=VECTOR('',#621,87.725980486);
#623=LINE('',#620,#622);
#624=EDGE_CURVE('',#610,#619,#623,.T.);
#625=ORIENTED_EDGE('',*,*,#624,.T.);
#626=CARTESIAN_POINT('',(-106.499973486,32.100001729,3.795809409));
#627=VERTEX_POINT('',#626);
#628=CARTESIAN_POINT('',(-103.599973486,32.100001729,3.795809409));
#629=DIRECTION('',(0.,-0.,1.));
#630=DIRECTION('',(0.,1.,0.));
#631=AXIS2_PLACEMENT_3D('',#628,#629,#630);
#632=CIRCLE('',#631,2.9);
#633=EDGE_CURVE('',#619,#627,#632,.T.);
#634=ORIENTED_EDGE('',*,*,#633,.T.);
#635=CARTESIAN_POINT('',(-106.499973486,-15.099998271,3.795809409));
#636=VERTEX_POINT('',#635);
#637=CARTESIAN_POINT('',(-106.499973486,32.100001729,3.795809409));
#638=DIRECTION('',(0.,-1.,0.));
#639=VECTOR('',#638,47.2);
#640=LINE('',#637,#639);
#641=EDGE_CURVE('',#627,#636,#640,.T.);
#642=ORIENTED_EDGE('',*,*,#641,.T.);
#643=CARTESIAN_POINT('',(-103.599973486,-17.999998271,3.795809409));
#644=VERTEX_POINT('',#643);
#645=CARTESIAN_POINT('',(-103.599973486,-15.099998271,3.795809409));
#646=DIRECTION('',(0.,0.,1.));
#647=DIRECTION('',(-1.,0.,0.));
#648=AXIS2_PLACEMENT_3D('',#645,#646,#647);
#649=CIRCLE('',#648,2.9);
#650=EDGE_CURVE('',#636,#644,#649,.T.);
#651=ORIENTED_EDGE('',*,*,#650,.T.);
#652=CARTESIAN_POINT('',(-59.599973486,-17.999998271,3.795809409));
#653=VERTEX_POINT('',#652);
#654=CARTESIAN_POINT('',(-103.599973486,-17.999998271,3.795809409));
#655=DIRECTION('',(1.,0.,-0.));
#656=VECTOR('',#655,44.);
#657=LINE('',#654,#656);
#658=EDGE_CURVE('',#644,#653,#657,.T.);
#659=ORIENTED_EDGE('',*,*,#658,.T.);
#660=CARTESIAN_POINT('',(-52.499973486,-25.099998271,3.795809409));
#661=VERTEX_POINT('',#660);
#662=CARTESIAN_POINT('',(-59.599973486,-25.099998271,3.795809409));
#663=DIRECTION('',(0.,0.,1.));
#664=DIRECTION('',(1.,-0.,0.));
#665=AXIS2_PLACEMENT_3D('',#662,#663,#664);
#666=CIRCLE('',#665,7.1);
#667=EDGE_CURVE('',#661,#653,#666,.T.);
#668=ORIENTED_EDGE('',*,*,#667,.F.);
#669=CARTESIAN_POINT('',(-52.499973486,-32.099998271,3.795809409));
#670=VERTEX_POINT('',#669);
#671=CARTESIAN_POINT('',(-52.499973486,-25.099998271,3.795809409));
#672=DIRECTION('',(0.,-1.,0.));
#673=VECTOR('',#672,7.);
#674=LINE('',#671,#673);
#675=EDGE_CURVE('',#661,#670,#674,.T.);
#676=ORIENTED_EDGE('',*,*,#675,.T.);
#677=CARTESIAN_POINT('',(-49.599973486,-34.999998271,3.795809409));
#678=VERTEX_POINT('',#677);
#679=CARTESIAN_POINT('',(-49.599973486,-32.099998271,3.795809409));
#680=DIRECTION('',(0.,0.,1.));
#681=DIRECTION('',(-1.,0.,0.));
#682=AXIS2_PLACEMENT_3D('',#679,#680,#681);
#683=CIRCLE('',#682,2.9);
#684=EDGE_CURVE('',#670,#678,#683,.T.);
#685=ORIENTED_EDGE('',*,*,#684,.T.);
#686=CARTESIAN_POINT('',(-16.475850612,-34.999998271,3.795809409));
#687=VERTEX_POINT('',#686);
#688=CARTESIAN_POINT('',(-49.599973486,-34.999998271,3.795809409));
#689=DIRECTION('',(1.,0.,-0.));
#690=VECTOR('',#689,33.124122875);
#691=LINE('',#688,#690);
#692=EDGE_CURVE('',#678,#687,#691,.T.);
#693=ORIENTED_EDGE('',*,*,#692,.T.);
#694=CARTESIAN_POINT('',(-14.3361792,-34.057498271,3.795809409));
#695=VERTEX_POINT('',#694);
#696=CARTESIAN_POINT('',(-16.475850612,-32.099998271,3.795809409));
#697=DIRECTION('',(0.,0.,1.));
#698=DIRECTION('',(0.,-1.,0.));
#699=AXIS2_PLACEMENT_3D('',#696,#697,#698);
#700=CIRCLE('',#699,2.9);
#701=EDGE_CURVE('',#687,#695,#700,.T.);
#702=ORIENTED_EDGE('',*,*,#701,.T.);
#703=CARTESIAN_POINT('',(-9.09767333,-31.749998271,3.795809409));
#704=VERTEX_POINT('',#703);
#705=CARTESIAN_POINT('',(-9.09767333,-38.849998271,3.795809409));
#706=DIRECTION('',(0.,-0.,1.));
#707=DIRECTION('',(0.,1.,0.));
#708=AXIS2_PLACEMENT_3D('',#705,#706,#707);
#709=CIRCLE('',#708,7.1);
#710=EDGE_CURVE('',#704,#695,#709,.T.);
#711=ORIENTED_EDGE('',*,*,#710,.F.);
#712=CARTESIAN_POINT('',(9.097726358,-31.749998271,3.795809409));
#713=VERTEX_POINT('',#712);
#714=CARTESIAN_POINT('',(-9.09767333,-31.749998271,3.795809409));
#715=DIRECTION('',(1.,0.,-0.));
#716=VECTOR('',#715,18.195399688);
#717=LINE('',#714,#716);
#718=EDGE_CURVE('',#704,#713,#717,.T.);
#719=ORIENTED_EDGE('',*,*,#718,.T.);
#720=CARTESIAN_POINT('',(14.336232228,-34.057498271,3.795809409));
#721=VERTEX_POINT('',#720);
#722=CARTESIAN_POINT('',(9.097726358,-38.849998271,3.795809409));
#723=DIRECTION('',(0.,-0.,1.));
#724=DIRECTION('',(0.737817728,0.675,0.));
#725=AXIS2_PLACEMENT_3D('',#722,#723,#724);
#726=CIRCLE('',#725,7.1);
#727=EDGE_CURVE('',#721,#713,#726,.T.);
#728=ORIENTED_EDGE('',*,*,#727,.F.);
#729=CARTESIAN_POINT('',(16.475903639,-34.999998271,3.795809409));
#730=VERTEX_POINT('',#729);
#731=CARTESIAN_POINT('',(16.475903639,-32.099998271,3.795809409));
#732=DIRECTION('',(0.,0.,1.));
#733=DIRECTION('',(-0.737817728,-0.675,0.));
#734=AXIS2_PLACEMENT_3D('',#731,#732,#733);
#735=CIRCLE('',#734,2.9);
#736=EDGE_CURVE('',#721,#730,#735,.T.);
#737=ORIENTED_EDGE('',*,*,#736,.T.);
#738=CARTESIAN_POINT('',(49.600026514,-34.999998271,3.795809409));
#739=VERTEX_POINT('',#738);
#740=CARTESIAN_POINT('',(16.475903639,-34.999998271,3.795809409));
#741=DIRECTION('',(1.,0.,-0.));
#742=VECTOR('',#741,33.124122875);
#743=LINE('',#740,#742);
#744=EDGE_CURVE('',#730,#739,#743,.T.);
#745=ORIENTED_EDGE('',*,*,#744,.T.);
#746=CARTESIAN_POINT('',(52.500026514,-32.099998271,3.795809409));
#747=VERTEX_POINT('',#746);
#748=CARTESIAN_POINT('',(49.600026514,-32.099998271,3.795809409));
#749=DIRECTION('',(0.,0.,1.));
#750=DIRECTION('',(0.,-1.,0.));
#751=AXIS2_PLACEMENT_3D('',#748,#749,#750);
#752=CIRCLE('',#751,2.9);
#753=EDGE_CURVE('',#739,#747,#752,.T.);
#754=ORIENTED_EDGE('',*,*,#753,.T.);
#755=CARTESIAN_POINT('',(52.500026514,-25.099998271,3.795809409));
#756=VERTEX_POINT('',#755);
#757=CARTESIAN_POINT('',(52.500026514,-32.099998271,3.795809409));
#758=DIRECTION('',(0.,1.,0.));
#759=VECTOR('',#758,7.);
#760=LINE('',#757,#759);
#761=EDGE_CURVE('',#747,#756,#760,.T.);
#762=ORIENTED_EDGE('',*,*,#761,.T.);
#763=CARTESIAN_POINT('',(59.600026514,-17.999998271,3.795809409));
#764=VERTEX_POINT('',#763);
#765=CARTESIAN_POINT('',(59.600026514,-25.099998271,3.795809409));
#766=DIRECTION('',(0.,-0.,1.));
#767=DIRECTION('',(0.,1.,0.));
#768=AXIS2_PLACEMENT_3D('',#765,#766,#767);
#769=CIRCLE('',#768,7.1);
#770=EDGE_CURVE('',#764,#756,#769,.T.);
#771=ORIENTED_EDGE('',*,*,#770,.F.);
#772=CARTESIAN_POINT('',(103.600026514,-17.999998271,3.795809409));
#773=VERTEX_POINT('',#772);
#774=CARTESIAN_POINT('',(59.600026514,-17.999998271,3.795809409));
#775=DIRECTION('',(1.,0.,-0.));
#776=VECTOR('',#775,44.);
#777=LINE('',#774,#776);
#778=EDGE_CURVE('',#764,#773,#777,.T.);
#779=ORIENTED_EDGE('',*,*,#778,.T.);
#780=CARTESIAN_POINT('',(106.500026514,-15.099998271,3.795809409));
#781=VERTEX_POINT('',#780);
#782=CARTESIAN_POINT('',(103.600026514,-15.099998271,3.795809409));
#783=DIRECTION('',(0.,0.,1.));
#784=DIRECTION('',(0.,-1.,0.));
#785=AXIS2_PLACEMENT_3D('',#782,#783,#784);
#786=CIRCLE('',#785,2.9);
#787=EDGE_CURVE('',#773,#781,#786,.T.);
#788=ORIENTED_EDGE('',*,*,#787,.T.);
#789=CARTESIAN_POINT('',(106.500026514,32.100001729,3.795809409));
#790=VERTEX_POINT('',#789);
#791=CARTESIAN_POINT('',(106.500026514,-15.099998271,3.795809409));
#792=DIRECTION('',(0.,1.,0.));
#793=VECTOR('',#792,47.2);
#794=LINE('',#791,#793);
#795=EDGE_CURVE('',#781,#790,#794,.T.);
#796=ORIENTED_EDGE('',*,*,#795,.T.);
#797=CARTESIAN_POINT('',(103.600026514,35.000001729,3.795809409));
#798=VERTEX_POINT('',#797);
#799=CARTESIAN_POINT('',(103.600026514,32.100001729,3.795809409));
#800=DIRECTION('',(0.,-0.,1.));
#801=DIRECTION('',(1.,0.,0.));
#802=AXIS2_PLACEMENT_3D('',#799,#800,#801);
#803=CIRCLE('',#802,2.9);
#804=EDGE_CURVE('',#790,#798,#803,.T.);
#805=ORIENTED_EDGE('',*,*,#804,.T.);
#806=CARTESIAN_POINT('',(15.874046028,35.000001729,3.795809409));
#807=VERTEX_POINT('',#806);
#808=CARTESIAN_POINT('',(103.600026514,35.000001729,3.795809409));
#809=DIRECTION('',(-1.,0.,0.));
#810=VECTOR('',#809,87.725980486);
#811=LINE('',#808,#810);
#812=EDGE_CURVE('',#798,#807,#811,.T.);
#813=ORIENTED_EDGE('',*,*,#812,.T.);
#814=CARTESIAN_POINT('',(14.412377883,34.313890618,3.795809409));
#815=VERTEX_POINT('',#814);
#816=CARTESIAN_POINT('',(15.874046028,33.100001729,3.795809409));
#817=DIRECTION('',(0.,-0.,1.));
#818=DIRECTION('',(0.,1.,0.));
#819=AXIS2_PLACEMENT_3D('',#816,#817,#818);
#820=CIRCLE('',#819,1.9);
#821=EDGE_CURVE('',#807,#815,#820,.T.);
#822=ORIENTED_EDGE('',*,*,#821,.T.);
#823=CARTESIAN_POINT('',(8.950354815,38.850001729,3.795809409));
#824=DIRECTION('',(0.,0.,1.));
#825=DIRECTION('',(0.,-1.,0.));
#826=AXIS2_PLACEMENT_3D('',#823,#824,#825);
#827=CIRCLE('',#826,7.1);
#828=EDGE_CURVE('',#52,#815,#827,.T.);
#829=ORIENTED_EDGE('',*,*,#828,.F.);
#830=EDGE_LOOP('',(#481,#489,#498,#506,#515,#523,#532,#540,#549,#557,#566,#574,#583,#591,#599,#608,#617,#625,#634,#642,#651,#659,#668,#676,#685,#693,
#702,#711,#719,#728,#737,#745,#754,#762,#771,#779,#788,#796,#805,#813,#822,#829));
#831=FACE_BOUND('',#830,.T.);
#832=CARTESIAN_POINT('',(17.500026514,2.500001729,3.795809409));
#833=VERTEX_POINT('',#832);
#834=CARTESIAN_POINT('',(17.500026514,14.500001729,3.795809409));
#835=VERTEX_POINT('',#834);
#836=CARTESIAN_POINT('',(17.500026514,2.500001729,3.795809409));
#837=DIRECTION('',(0.,1.,0.));
#838=VECTOR('',#837,12.);
#839=LINE('',#836,#838);
#840=EDGE_CURVE('',#833,#835,#839,.T.);
#841=ORIENTED_EDGE('',*,*,#840,.T.);
#842=CARTESIAN_POINT('',(18.500026514,15.500001729,3.795809409));
#843=VERTEX_POINT('',#842);
#844=CARTESIAN_POINT('',(18.500026514,14.500001729,3.795809409));
#845=DIRECTION('',(-0.,-0.,-1.));
#846=DIRECTION('',(1.,0.,-0.));
#847=AXIS2_PLACEMENT_3D('',#844,#845,#846);
#848=CIRCLE('',#847,1.);
#849=EDGE_CURVE('',#835,#843,#848,.T.);
#850=ORIENTED_EDGE('',*,*,#849,.T.);
#851=CARTESIAN_POINT('',(30.500026514,15.500001729,3.795809409));
#852=VERTEX_POINT('',#851);
#853=CARTESIAN_POINT('',(18.500026514,15.500001729,3.795809409));
#854=DIRECTION('',(1.,0.,-0.));
#855=VECTOR('',#854,12.);
#856=LINE('',#853,#855);
#857=EDGE_CURVE('',#843,#852,#856,.T.);
#858=ORIENTED_EDGE('',*,*,#857,.T.);
#859=CARTESIAN_POINT('',(31.500026514,14.500001729,3.795809409));
#860=VERTEX_POINT('',#859);
#861=CARTESIAN_POINT('',(30.500026514,14.500001729,3.795809409));
#862=DIRECTION('',(-0.,-0.,-1.));
#863=DIRECTION('',(1.,0.,-0.));
#864=AXIS2_PLACEMENT_3D('',#861,#862,#863);
#865=CIRCLE('',#864,1.);
#866=EDGE_CURVE('',#852,#860,#865,.T.);
#867=ORIENTED_EDGE('',*,*,#866,.T.);
#868=CARTESIAN_POINT('',(31.500026514,2.500001729,3.795809409));
#869=VERTEX_POINT('',#868);
#870=CARTESIAN_POINT('',(31.500026514,14.500001729,3.795809409));
#871=DIRECTION('',(0.,-1.,0.));
#872=VECTOR('',#871,12.);
#873=LINE('',#870,#872);
#874=EDGE_CURVE('',#860,#869,#873,.T.);
#875=ORIENTED_EDGE('',*,*,#874,.T.);
#876=CARTESIAN_POINT('',(30.500026514,1.500001729,3.795809409));
#877=VERTEX_POINT('',#876);
#878=CARTESIAN_POINT('',(30.500026514,2.500001729,3.795809409));
#879=DIRECTION('',(-0.,-0.,-1.));
#880=DIRECTION('',(1.,0.,-0.));
#881=AXIS2_PLACEMENT_3D('',#878,#879,#880);
#882=CIRCLE('',#881,1.);
#883=EDGE_CURVE('',#869,#877,#882,.T.);
#884=ORIENTED_EDGE('',*,*,#883,.T.);
#885=CARTESIAN_POINT('',(18.500026514,1.500001729,3.795809409));
#886=VERTEX_POINT('',#885);
#887=CARTESIAN_POINT('',(30.500026514,1.500001729,3.795809409));
#888=DIRECTION('',(-1.,0.,0.));
#889=VECTOR('',#888,12.);
#890=LINE('',#887,#889);
#891=EDGE_CURVE('',#877,#886,#890,.T.);
#892=ORIENTED_EDGE('',*,*,#891,.T.);
#893=CARTESIAN_POINT('',(18.500026514,2.500001729,3.795809409));
#894=DIRECTION('',(-0.,-0.,-1.));
#895=DIRECTION('',(1.,0.,-0.));
#896=AXIS2_PLACEMENT_3D('',#893,#894,#895);
#897=CIRCLE('',#896,1.);
#898=EDGE_CURVE('',#886,#833,#897,.T.);
#899=ORIENTED_EDGE('',*,*,#898,.T.);
#900=EDGE_LOOP('',(#841,#850,#858,#867,#875,#884,#892,#899));
#901=FACE_BOUND('',#900,.T.);
#902=CARTESIAN_POINT('',(17.500026514,19.500001729,3.795809409));
#903=VERTEX_POINT('',#902);
#904=CARTESIAN_POINT('',(17.500026514,31.500001729,3.795809409));
#905=VERTEX_POINT('',#904);
#906=CARTESIAN_POINT('',(17.500026514,19.500001729,3.795809409));
#907=DIRECTION('',(0.,1.,0.));
#908=VECTOR('',#907,12.);
#909=LINE('',#906,#908);
#910=EDGE_CURVE('',#903,#905,#909,.T.);
#911=ORIENTED_EDGE('',*,*,#910,.T.);
#912=CARTESIAN_POINT('',(18.500026514,32.500001729,3.795809409));
#913=VERTEX_POINT('',#912);
#914=CARTESIAN_POINT('',(18.500026514,31.500001729,3.795809409));
#915=DIRECTION('',(-0.,-0.,-1.));
#916=DIRECTION('',(1.,0.,-0.));
#917=AXIS2_PLACEMENT_3D('',#914,#915,#916);
#918=CIRCLE('',#917,1.);
#919=EDGE_CURVE('',#905,#913,#918,.T.);
#920=ORIENTED_EDGE('',*,*,#919,.T.);
#921=CARTESIAN_POINT('',(30.500026514,32.500001729,3.795809409));
#922=VERTEX_POINT('',#921);
#923=CARTESIAN_POINT('',(18.500026514,32.500001729,3.795809409));
#924=DIRECTION('',(1.,0.,-0.));
#925=VECTOR('',#924,12.);
#926=LINE('',#923,#925);
#927=EDGE_CURVE('',#913,#922,#926,.T.);
#928=ORIENTED_EDGE('',*,*,#927,.T.);
#929=CARTESIAN_POINT('',(31.500026514,31.500001729,3.795809409));
#930=VERTEX_POINT('',#929);
#931=CARTESIAN_POINT('',(30.500026514,31.500001729,3.795809409));
#932=DIRECTION('',(-0.,-0.,-1.));
#933=DIRECTION('',(1.,0.,-0.));
#934=AXIS2_PLACEMENT_3D('',#931,#932,#933);
#935=CIRCLE('',#934,1.);
#936=EDGE_CURVE('',#922,#930,#935,.T.);
#937=ORIENTED_EDGE('',*,*,#936,.T.);
#938=CARTESIAN_POINT('',(31.500026514,19.500001729,3.795809409));
#939=VERTEX_POINT('',#938);
#940=CARTESIAN_POINT('',(31.500026514,31.500001729,3.795809409));
#941=DIRECTION('',(0.,-1.,0.));
#942=VECTOR('',#941,12.);
#943=LINE('',#940,#942);
#944=EDGE_CURVE('',#930,#939,#943,.T.);
#945=ORIENTED_EDGE('',*,*,#944,.T.);
#946=CARTESIAN_POINT('',(30.500026514,18.500001729,3.795809409));
#947=VERTEX_POINT('',#946);
#948=CARTESIAN_POINT('',(30.500026514,19.500001729,3.795809409));
#949=DIRECTION('',(-0.,-0.,-1.));
#950=DIRECTION('',(1.,0.,-0.));
#951=AXIS2_PLACEMENT_3D('',#948,#949,#950);
#952=CIRCLE('',#951,1.);
#953=EDGE_CURVE('',#939,#947,#952,.T.);
#954=ORIENTED_EDGE('',*,*,#953,.T.);
#955=CARTESIAN_POINT('',(18.500026514,18.500001729,3.795809409));
#956=VERTEX_POINT('',#955);
#957=CARTESIAN_POINT('',(30.500026514,18.500001729,3.795809409));
#958=DIRECTION('',(-1.,0.,0.));
#959=VECTOR('',#958,12.);
#960=LINE('',#957,#959);
#961=EDGE_CURVE('',#947,#956,#960,.T.);
#962=ORIENTED_EDGE('',*,*,#961,.T.);
#963=CARTESIAN_POINT('',(18.500026514,19.500001729,3.795809409));
#964=DIRECTION('',(-0.,-0.,-1.));
#965=DIRECTION('',(1.,0.,-0.));
#966=AXIS2_PLACEMENT_3D('',#963,#964,#965);
#967=CIRCLE('',#966,1.);
#968=EDGE_CURVE('',#956,#903,#967,.T.);
#969=ORIENTED_EDGE('',*,*,#968,.T.);
#970=EDGE_LOOP('',(#911,#920,#928,#937,#945,#954,#962,#969));
#971=FACE_BOUND('',#970,.T.);
#972=CARTESIAN_POINT('',(35.500026514,2.500001729,3.795809409));
#973=VERTEX_POINT('',#972);
#974=CARTESIAN_POINT('',(35.500026514,14.500001729,3.795809409));
#975=VERTEX_POINT('',#974);
#976=CARTESIAN_POINT('',(35.500026514,2.500001729,3.795809409));
#977=DIRECTION('',(0.,1.,0.));
#978=VECTOR('',#977,12.);
#979=LINE('',#976,#978);
#980=EDGE_CURVE('',#973,#975,#979,.T.);
#981=ORIENTED_EDGE('',*,*,#980,.T.);
#982=CARTESIAN_POINT('',(36.500026514,15.500001729,3.795809409));
#983=VERTEX_POINT('',#982);
#984=CARTESIAN_POINT('',(36.500026514,14.500001729,3.795809409));
#985=DIRECTION('',(-0.,-0.,-1.));
#986=DIRECTION('',(1.,0.,-0.));
#987=AXIS2_PLACEMENT_3D('',#984,#985,#986);
#988=CIRCLE('',#987,1.);
#989=EDGE_CURVE('',#975,#983,#988,.T.);
#990=ORIENTED_EDGE('',*,*,#989,.T.);
#991=CARTESIAN_POINT('',(48.500026514,15.500001729,3.795809409));
#992=VERTEX_POINT('',#991);
#993=CARTESIAN_POINT('',(36.500026514,15.500001729,3.795809409));
#994=DIRECTION('',(1.,0.,-0.));
#995=VECTOR('',#994,12.);
#996=LINE('',#993,#995);
#997=EDGE_CURVE('',#983,#992,#996,.T.);
#998=ORIENTED_EDGE('',*,*,#997,.T.);
#999=CARTESIAN_POINT('',(49.500026514,14.500001729,3.795809409));
#1000=VERTEX_POINT('',#999);
#1001=CARTESIAN_POINT('',(48.500026514,14.500001729,3.795809409));
#1002=DIRECTION('',(-0.,-0.,-1.));
#1003=DIRECTION('',(1.,0.,-0.));
#1004=AXIS2_PLACEMENT_3D('',#1001,#1002,#1003);
#1005=CIRCLE('',#1004,1.);
#1006=EDGE_CURVE('',#992,#1000,#1005,.T.);
#1007=ORIENTED_EDGE('',*,*,#1006,.T.);
#1008=CARTESIAN_POINT('',(49.500026514,2.500001729,3.795809409));
#1009=VERTEX_POINT('',#1008);
#1010=CARTESIAN_POINT('',(49.500026514,14.500001729,3.795809409));
#1011=DIRECTION('',(0.,-1.,0.));
#1012=VECTOR('',#1011,12.);
#1013=LINE('',#1010,#1012);
#1014=EDGE_CURVE('',#1000,#1009,#1013,.T.);
#1015=ORIENTED_EDGE('',*,*,#1014,.T.);
#1016=CARTESIAN_POINT('',(48.500026514,1.500001729,3.795809409));
#1017=VERTEX_POINT('',#1016);
#1018=CARTESIAN_POINT('',(48.500026514,2.500001729,3.795809409));
#1019=DIRECTION('',(-0.,-0.,-1.));
#1020=DIRECTION('',(1.,0.,-0.));
#1021=AXIS2_PLACEMENT_3D('',#1018,#1019,#1020);
#1022=CIRCLE('',#1021,1.);
#1023=EDGE_CURVE('',#1009,#1017,#1022,.T.);
#1024=ORIENTED_EDGE('',*,*,#1023,.T.);
#1025=CARTESIAN_POINT('',(36.500026514,1.500001729,3.795809409));
#1026=VERTEX_POINT('',#1025);
#1027=CARTESIAN_POINT('',(48.500026514,1.500001729,3.795809409));
#1028=DIRECTION('',(-1.,0.,0.));
#1029=VECTOR('',#1028,12.);
#1030=LINE('',#1027,#1029);
#1031=EDGE_CURVE('',#1017,#1026,#1030,.T.);
#1032=ORIENTED_EDGE('',*,*,#1031,.T.);
#1033=CARTESIAN_POINT('',(36.500026514,2.500001729,3.795809409));
#1034=DIRECTION('',(-0.,-0.,-1.));
#1035=DIRECTION('',(1.,0.,-0.));
#1036=AXIS2_PLACEMENT_3D('',#1033,#1034,#1035);
#1037=CIRCLE('',#1036,1.);
#1038=EDGE_CURVE('',#1026,#973,#1037,.T.);
#1039=ORIENTED_EDGE('',*,*,#1038,.T.);
#1040=EDGE_LOOP('',(#981,#990,#998,#1007,#1015,#1024,#1032,#1039));
#1041=FACE_BOUND('',#1040,.T.);
#1042=CARTESIAN_POINT('',(35.500026514,19.500001729,3.795809409));
#1043=VERTEX_POINT('',#1042);
#1044=CARTESIAN_POINT('',(35.500026514,31.500001729,3.795809409));
#1045=VERTEX_POINT('',#1044);
#1046=CARTESIAN_POINT('',(35.500026514,19.500001729,3.795809409));
#1047=DIRECTION('',(0.,1.,0.));
#1048=VECTOR('',#1047,12.);
#1049=LINE('',#1046,#1048);
#1050=EDGE_CURVE('',#1043,#1045,#1049,.T.);
#1051=ORIENTED_EDGE('',*,*,#1050,.T.);
#1052=CARTESIAN_POINT('',(36.500026514,32.500001729,3.795809409));
#1053=VERTEX_POINT('',#1052);
#1054=CARTESIAN_POINT('',(36.500026514,31.500001729,3.795809409));
#1055=DIRECTION('',(-0.,-0.,-1.));
#1056=DIRECTION('',(1.,0.,-0.));
#1057=AXIS2_PLACEMENT_3D('',#1054,#1055,#1056);
#1058=CIRCLE('',#1057,1.);
#1059=EDGE_CURVE('',#1045,#1053,#1058,.T.);
#1060=ORIENTED_EDGE('',*,*,#1059,.T.);
#1061=CARTESIAN_POINT('',(48.500026514,32.500001729,3.795809409));
#1062=VERTEX_POINT('',#1061);
#1063=CARTESIAN_POINT('',(36.500026514,32.500001729,3.795809409));
#1064=DIRECTION('',(1.,0.,-0.));
#1065=VECTOR('',#1064,12.);
#1066=LINE('',#1063,#1065);
#1067=EDGE_CURVE('',#1053,#1062,#1066,.T.);
#1068=ORIENTED_EDGE('',*,*,#1067,.T.);
#1069=CARTESIAN_POINT('',(49.500026514,31.500001729,3.795809409));
#1070=VERTEX_POINT('',#1069);
#1071=CARTESIAN_POINT('',(48.500026514,31.500001729,3.795809409));
#1072=DIRECTION('',(-0.,-0.,-1.));
#1073=DIRECTION('',(1.,0.,-0.));
#1074=AXIS2_PLACEMENT_3D('',#1071,#1072,#1073);
#1075=CIRCLE('',#1074,1.);
#1076=EDGE_CURVE('',#1062,#1070,#1075,.T.);
#1077=ORIENTED_EDGE('',*,*,#1076,.T.);
#1078=CARTESIAN_POINT('',(49.500026514,19.500001729,3.795809409));
#1079=VERTEX_POINT('',#1078);
#1080=CARTESIAN_POINT('',(49.500026514,31.500001729,3.795809409));
#1081=DIRECTION('',(0.,-1.,0.));
#1082=VECTOR('',#1081,12.);
#1083=LINE('',#1080,#1082);
#1084=EDGE_CURVE('',#1070,#1079,#1083,.T.);
#1085=ORIENTED_EDGE('',*,*,#1084,.T.);
#1086=CARTESIAN_POINT('',(48.500026514,18.500001729,3.795809409));
#1087=VERTEX_POINT('',#1086);
#1088=CARTESIAN_POINT('',(48.500026514,19.500001729,3.795809409));
#1089=DIRECTION('',(-0.,-0.,-1.));
#1090=DIRECTION('',(1.,0.,-0.));
#1091=AXIS2_PLACEMENT_3D('',#1088,#1089,#1090);
#1092=CIRCLE('',#1091,1.);
#1093=EDGE_CURVE('',#1079,#1087,#1092,.T.);
#1094=ORIENTED_EDGE('',*,*,#1093,.T.);
#1095=CARTESIAN_POINT('',(36.500026514,18.500001729,3.795809409));
#1096=VERTEX_POINT('',#1095);
#1097=CARTESIAN_POINT('',(48.500026514,18.500001729,3.795809409));
#1098=DIRECTION('',(-1.,0.,0.));
#1099=VECTOR('',#1098,12.);
#1100=LINE('',#1097,#1099);
#1101=EDGE_CURVE('',#1087,#1096,#1100,.T.);
#1102=ORIENTED_EDGE('',*,*,#1101,.T.);
#1103=CARTESIAN_POINT('',(36.500026514,19.500001729,3.795809409));
#1104=DIRECTION('',(-0.,-0.,-1.));
#1105=DIRECTION('',(1.,0.,-0.));
#1106=AXIS2_PLACEMENT_3D('',#1103,#1104,#1105);
#1107=CIRCLE('',#1106,1.);
#1108=EDGE_CURVE('',#1096,#1043,#1107,.T.);
#1109=ORIENTED_EDGE('',*,*,#1108,.T.);
#1110=EDGE_LOOP('',(#1051,#1060,#1068,#1077,#1085,#1094,#1102,#1109));
#1111=FACE_BOUND('',#1110,.T.);
#1112=CARTESIAN_POINT('',(53.500026514,2.500001729,3.795809409));
#1113=VERTEX_POINT('',#1112);
#1114=CARTESIAN_POINT('',(53.500026514,14.500001729,3.795809409));
#1115=VERTEX_POINT('',#1114);
#1116=CARTESIAN_POINT('',(53.500026514,2.500001729,3.795809409));
#1117=DIRECTION('',(0.,1.,0.));
#1118=VECTOR('',#1117,12.);
#1119=LINE('',#1116,#1118);
#1120=EDGE_CURVE('',#1113,#1115,#1119,.T.);
#1121=ORIENTED_EDGE('',*,*,#1120,.T.);
#1122=CARTESIAN_POINT('',(54.500026514,15.500001729,3.795809409));
#1123=VERTEX_POINT('',#1122);
#1124=CARTESIAN_POINT('',(54.500026514,14.500001729,3.795809409));
#1125=DIRECTION('',(-0.,-0.,-1.));
#1126=DIRECTION('',(1.,0.,-0.));
#1127=AXIS2_PLACEMENT_3D('',#1124,#1125,#1126);
#1128=CIRCLE('',#1127,1.);
#1129=EDGE_CURVE('',#1115,#1123,#1128,.T.);
#1130=ORIENTED_EDGE('',*,*,#1129,.T.);
#1131=CARTESIAN_POINT('',(66.500026514,15.500001729,3.795809409));
#1132=VERTEX_POINT('',#1131);
#1133=CARTESIAN_POINT('',(54.500026514,15.500001729,3.795809409));
#1134=DIRECTION('',(1.,0.,-0.));
#1135=VECTOR('',#1134,12.);
#1136=LINE('',#1133,#1135);
#1137=EDGE_CURVE('',#1123,#1132,#1136,.T.);
#1138=ORIENTED_EDGE('',*,*,#1137,.T.);
#1139=CARTESIAN_POINT('',(67.500026514,14.500001729,3.795809409));
#1140=VERTEX_POINT('',#1139);
#1141=CARTESIAN_POINT('',(66.500026514,14.500001729,3.795809409));
#1142=DIRECTION('',(-0.,-0.,-1.));
#1143=DIRECTION('',(1.,0.,-0.));
#1144=AXIS2_PLACEMENT_3D('',#1141,#1142,#1143);
#1145=CIRCLE('',#1144,1.);
#1146=EDGE_CURVE('',#1132,#1140,#1145,.T.);
#1147=ORIENTED_EDGE('',*,*,#1146,.T.);
#1148=CARTESIAN_POINT('',(67.500026514,2.500001729,3.795809409));
#1149=VERTEX_POINT('',#1148);
#1150=CARTESIAN_POINT('',(67.500026514,14.500001729,3.795809409));
#1151=DIRECTION('',(0.,-1.,0.));
#1152=VECTOR('',#1151,12.);
#1153=LINE('',#1150,#1152);
#1154=EDGE_CURVE('',#1140,#1149,#1153,.T.);
#1155=ORIENTED_EDGE('',*,*,#1154,.T.);
#1156=CARTESIAN_POINT('',(66.500026514,1.500001729,3.795809409));
#1157=VERTEX_POINT('',#1156);
#1158=CARTESIAN_POINT('',(66.500026514,2.500001729,3.795809409));
#1159=DIRECTION('',(-0.,-0.,-1.));
#1160=DIRECTION('',(1.,0.,-0.));
#1161=AXIS2_PLACEMENT_3D('',#1158,#1159,#1160);
#1162=CIRCLE('',#1161,1.);
#1163=EDGE_CURVE('',#1149,#1157,#1162,.T.);
#1164=ORIENTED_EDGE('',*,*,#1163,.T.);
#1165=CARTESIAN_POINT('',(54.500026514,1.500001729,3.795809409));
#1166=VERTEX_POINT('',#1165);
#1167=CARTESIAN_POINT('',(66.500026514,1.500001729,3.795809409));
#1168=DIRECTION('',(-1.,0.,0.));
#1169=VECTOR('',#1168,12.);
#1170=LINE('',#1167,#1169);
#1171=EDGE_CURVE('',#1157,#1166,#1170,.T.);
#1172=ORIENTED_EDGE('',*,*,#1171,.T.);
#1173=CARTESIAN_POINT('',(54.500026514,2.500001729,3.795809409));
#1174=DIRECTION('',(-0.,-0.,-1.));
#1175=DIRECTION('',(1.,0.,-0.));
#1176=AXIS2_PLACEMENT_3D('',#1173,#1174,#1175);
#1177=CIRCLE('',#1176,1.);
#1178=EDGE_CURVE('',#1166,#1113,#1177,.T.);
#1179=ORIENTED_EDGE('',*,*,#1178,.T.);
#1180=EDGE_LOOP('',(#1121,#1130,#1138,#1147,#1155,#1164,#1172,#1179));
#1181=FACE_BOUND('',#1180,.T.);
#1182=CARTESIAN_POINT('',(53.500026514,19.500001729,3.795809409));
#1183=VERTEX_POINT('',#1182);
#1184=CARTESIAN_POINT('',(53.500026514,31.500001729,3.795809409));
#1185=VERTEX_POINT('',#1184);
#1186=CARTESIAN_POINT('',(53.500026514,19.500001729,3.795809409));
#1187=DIRECTION('',(0.,1.,0.));
#1188=VECTOR('',#1187,12.);
#1189=LINE('',#1186,#1188);
#1190=EDGE_CURVE('',#1183,#1185,#1189,.T.);
#1191=ORIENTED_EDGE('',*,*,#1190,.T.);
#1192=CARTESIAN_POINT('',(54.500026514,32.500001729,3.795809409));
#1193=VERTEX_POINT('',#1192);
#1194=CARTESIAN_POINT('',(54.500026514,31.500001729,3.795809409));
#1195=DIRECTION('',(-0.,-0.,-1.));
#1196=DIRECTION('',(1.,0.,-0.));
#1197=AXIS2_PLACEMENT_3D('',#1194,#1195,#1196);
#1198=CIRCLE('',#1197,1.);
#1199=EDGE_CURVE('',#1185,#1193,#1198,.T.);
#1200=ORIENTED_EDGE('',*,*,#1199,.T.);
#1201=CARTESIAN_POINT('',(66.500026514,32.500001729,3.795809409));
#1202=VERTEX_POINT('',#1201);
#1203=CARTESIAN_POINT('',(54.500026514,32.500001729,3.795809409));
#1204=DIRECTION('',(1.,0.,-0.));
#1205=VECTOR('',#1204,12.);
#1206=LINE('',#1203,#1205);
#1207=EDGE_CURVE('',#1193,#1202,#1206,.T.);
#1208=ORIENTED_EDGE('',*,*,#1207,.T.);
#1209=CARTESIAN_POINT('',(67.500026514,31.500001729,3.795809409));
#1210=VERTEX_POINT('',#1209);
#1211=CARTESIAN_POINT('',(66.500026514,31.500001729,3.795809409));
#1212=DIRECTION('',(-0.,-0.,-1.));
#1213=DIRECTION('',(1.,0.,-0.));
#1214=AXIS2_PLACEMENT_3D('',#1211,#1212,#1213);
#1215=CIRCLE('',#1214,1.);
#1216=EDGE_CURVE('',#1202,#1210,#1215,.T.);
#1217=ORIENTED_EDGE('',*,*,#1216,.T.);
#1218=CARTESIAN_POINT('',(67.500026514,19.500001729,3.795809409));
#1219=VERTEX_POINT('',#1218);
#1220=CARTESIAN_POINT('',(67.500026514,31.500001729,3.795809409));
#1221=DIRECTION('',(0.,-1.,0.));
#1222=VECTOR('',#1221,12.);
#1223=LINE('',#1220,#1222);
#1224=EDGE_CURVE('',#1210,#1219,#1223,.T.);
#1225=ORIENTED_EDGE('',*,*,#1224,.T.);
#1226=CARTESIAN_POINT('',(66.500026514,18.500001729,3.795809409));
#1227=VERTEX_POINT('',#1226);
#1228=CARTESIAN_POINT('',(66.500026514,19.500001729,3.795809409));
#1229=DIRECTION('',(-0.,-0.,-1.));
#1230=DIRECTION('',(1.,0.,-0.));
#1231=AXIS2_PLACEMENT_3D('',#1228,#1229,#1230);
#1232=CIRCLE('',#1231,1.);
#1233=EDGE_CURVE('',#1219,#1227,#1232,.T.);
#1234=ORIENTED_EDGE('',*,*,#1233,.T.);
#1235=CARTESIAN_POINT('',(54.500026514,18.500001729,3.795809409));
#1236=VERTEX_POINT('',#1235);
#1237=CARTESIAN_POINT('',(66.500026514,18.500001729,3.795809409));
#1238=DIRECTION('',(-1.,0.,0.));
#1239=VECTOR('',#1238,12.);
#1240=LINE('',#1237,#1239);
#1241=EDGE_CURVE('',#1227,#1236,#1240,.T.);
#1242=ORIENTED_EDGE('',*,*,#1241,.T.);
#1243=CARTESIAN_POINT('',(54.500026514,19.500001729,3.795809409));
#1244=DIRECTION('',(-0.,-0.,-1.));
#1245=DIRECTION('',(1.,0.,-0.));
#1246=AXIS2_PLACEMENT_3D('',#1243,#1244,#1245);
#1247=CIRCLE('',#1246,1.);
#1248=EDGE_CURVE('',#1236,#1183,#1247,.T.);
#1249=ORIENTED_EDGE('',*,*,#1248,.T.);
#1250=EDGE_LOOP('',(#1191,#1200,#1208,#1217,#1225,#1234,#1242,#1249));
#1251=FACE_BOUND('',#1250,.T.);
#1252=CARTESIAN_POINT('',(71.500026514,2.500001729,3.795809409));
#1253=VERTEX_POINT('',#1252);
#1254=CARTESIAN_POINT('',(71.500026514,14.500001729,3.795809409));
#1255=VERTEX_POINT('',#1254);
#1256=CARTESIAN_POINT('',(71.500026514,2.500001729,3.795809409));
#1257=DIRECTION('',(0.,1.,0.));
#1258=VECTOR('',#1257,12.);
#1259=LINE('',#1256,#1258);
#1260=EDGE_CURVE('',#1253,#1255,#1259,.T.);
#1261=ORIENTED_EDGE('',*,*,#1260,.T.);
#1262=CARTESIAN_POINT('',(72.500026514,15.500001729,3.795809409));
#1263=VERTEX_POINT('',#1262);
#1264=CARTESIAN_POINT('',(72.500026514,14.500001729,3.795809409));
#1265=DIRECTION('',(-0.,-0.,-1.));
#1266=DIRECTION('',(1.,0.,-0.));
#1267=AXIS2_PLACEMENT_3D('',#1264,#1265,#1266);
#1268=CIRCLE('',#1267,1.);
#1269=EDGE_CURVE('',#1255,#1263,#1268,.T.);
#1270=ORIENTED_EDGE('',*,*,#1269,.T.);
#1271=CARTESIAN_POINT('',(84.500026514,15.500001729,3.795809409));
#1272=VERTEX_POINT('',#1271);
#1273=CARTESIAN_POINT('',(72.500026514,15.500001729,3.795809409));
#1274=DIRECTION('',(1.,0.,-0.));
#1275=VECTOR('',#1274,12.);
#1276=LINE('',#1273,#1275);
#1277=EDGE_CURVE('',#1263,#1272,#1276,.T.);
#1278=ORIENTED_EDGE('',*,*,#1277,.T.);
#1279=CARTESIAN_POINT('',(85.500026514,14.500001729,3.795809409));
#1280=VERTEX_POINT('',#1279);
#1281=CARTESIAN_POINT('',(84.500026514,14.500001729,3.795809409));
#1282=DIRECTION('',(-0.,-0.,-1.));
#1283=DIRECTION('',(1.,0.,-0.));
#1284=AXIS2_PLACEMENT_3D('',#1281,#1282,#1283);
#1285=CIRCLE('',#1284,1.);
#1286=EDGE_CURVE('',#1272,#1280,#1285,.T.);
#1287=ORIENTED_EDGE('',*,*,#1286,.T.);
#1288=CARTESIAN_POINT('',(85.500026514,2.500001729,3.795809409));
#1289=VERTEX_POINT('',#1288);
#1290=CARTESIAN_POINT('',(85.500026514,14.500001729,3.795809409));
#1291=DIRECTION('',(0.,-1.,0.));
#1292=VECTOR('',#1291,12.);
#1293=LINE('',#1290,#1292);
#1294=EDGE_CURVE('',#1280,#1289,#1293,.T.);
#1295=ORIENTED_EDGE('',*,*,#1294,.T.);
#1296=CARTESIAN_POINT('',(84.500026514,1.500001729,3.795809409));
#1297=VERTEX_POINT('',#1296);
#1298=CARTESIAN_POINT('',(84.500026514,2.500001729,3.795809409));
#1299=DIRECTION('',(-0.,-0.,-1.));
#1300=DIRECTION('',(1.,0.,-0.));
#1301=AXIS2_PLACEMENT_3D('',#1298,#1299,#1300);
#1302=CIRCLE('',#1301,1.);
#1303=EDGE_CURVE('',#1289,#1297,#1302,.T.);
#1304=ORIENTED_EDGE('',*,*,#1303,.T.);
#1305=CARTESIAN_POINT('',(72.500026514,1.500001729,3.795809409));
#1306=VERTEX_POINT('',#1305);
#1307=CARTESIAN_POINT('',(84.500026514,1.500001729,3.795809409));
#1308=DIRECTION('',(-1.,0.,0.));
#1309=VECTOR('',#1308,12.);
#1310=LINE('',#1307,#1309);
#1311=EDGE_CURVE('',#1297,#1306,#1310,.T.);
#1312=ORIENTED_EDGE('',*,*,#1311,.T.);
#1313=CARTESIAN_POINT('',(72.500026514,2.500001729,3.795809409));
#1314=DIRECTION('',(-0.,-0.,-1.));
#1315=DIRECTION('',(1.,0.,-0.));
#1316=AXIS2_PLACEMENT_3D('',#1313,#1314,#1315);
#1317=CIRCLE('',#1316,1.);
#1318=EDGE_CURVE('',#1306,#1253,#1317,.T.);
#1319=ORIENTED_EDGE('',*,*,#1318,.T.);
#1320=EDGE_LOOP('',(#1261,#1270,#1278,#1287,#1295,#1304,#1312,#1319));
#1321=FACE_BOUND('',#1320,.T.);
#1322=CARTESIAN_POINT('',(71.500026514,19.500001729,3.795809409));
#1323=VERTEX_POINT('',#1322);
#1324=CARTESIAN_POINT('',(71.500026514,31.500001729,3.795809409));
#1325=VERTEX_POINT('',#1324);
#1326=CARTESIAN_POINT('',(71.500026514,19.500001729,3.795809409));
#1327=DIRECTION('',(0.,1.,0.));
#1328=VECTOR('',#1327,12.);
#1329=LINE('',#1326,#1328);
#1330=EDGE_CURVE('',#1323,#1325,#1329,.T.);
#1331=ORIENTED_EDGE('',*,*,#1330,.T.);
#1332=CARTESIAN_POINT('',(72.500026514,32.500001729,3.795809409));
#1333=VERTEX_POINT('',#1332);
#1334=CARTESIAN_POINT('',(72.500026514,31.500001729,3.795809409));
#1335=DIRECTION('',(-0.,-0.,-1.));
#1336=DIRECTION('',(1.,0.,-0.));
#1337=AXIS2_PLACEMENT_3D('',#1334,#1335,#1336);
#1338=CIRCLE('',#1337,1.);
#1339=EDGE_CURVE('',#1325,#1333,#1338,.T.);
#1340=ORIENTED_EDGE('',*,*,#1339,.T.);
#1341=CARTESIAN_POINT('',(84.500026514,32.500001729,3.795809409));
#1342=VERTEX_POINT('',#1341);
#1343=CARTESIAN_POINT('',(72.500026514,32.500001729,3.795809409));
#1344=DIRECTION('',(1.,0.,-0.));
#1345=VECTOR('',#1344,12.);
#1346=LINE('',#1343,#1345);
#1347=EDGE_CURVE('',#1333,#1342,#1346,.T.);
#1348=ORIENTED_EDGE('',*,*,#1347,.T.);
#1349=CARTESIAN_POINT('',(85.500026514,31.500001729,3.795809409));
#1350=VERTEX_POINT('',#1349);
#1351=CARTESIAN_POINT('',(84.500026514,31.500001729,3.795809409));
#1352=DIRECTION('',(-0.,-0.,-1.));
#1353=DIRECTION('',(1.,0.,-0.));
#1354=AXIS2_PLACEMENT_3D('',#1351,#1352,#1353);
#1355=CIRCLE('',#1354,1.);
#1356=EDGE_CURVE('',#1342,#1350,#1355,.T.);
#1357=ORIENTED_EDGE('',*,*,#1356,.T.);
#1358=CARTESIAN_POINT('',(85.500026514,19.500001729,3.795809409));
#1359=VERTEX_POINT('',#1358);
#1360=CARTESIAN_POINT('',(85.500026514,31.500001729,3.795809409));
#1361=DIRECTION('',(0.,-1.,0.));
#1362=VECTOR('',#1361,12.);
#1363=LINE('',#1360,#1362);
#1364=EDGE_CURVE('',#1350,#1359,#1363,.T.);
#1365=ORIENTED_EDGE('',*,*,#1364,.T.);
#1366=CARTESIAN_POINT('',(84.500026514,18.500001729,3.795809409));
#1367=VERTEX_POINT('',#1366);
#1368=CARTESIAN_POINT('',(84.500026514,19.500001729,3.795809409));
#1369=DIRECTION('',(-0.,-0.,-1.));
#1370=DIRECTION('',(1.,0.,-0.));
#1371=AXIS2_PLACEMENT_3D('',#1368,#1369,#1370);
#1372=CIRCLE('',#1371,1.);
#1373=EDGE_CURVE('',#1359,#1367,#1372,.T.);
#1374=ORIENTED_EDGE('',*,*,#1373,.T.);
#1375=CARTESIAN_POINT('',(72.500026514,18.500001729,3.795809409));
#1376=VERTEX_POINT('',#1375);
#1377=CARTESIAN_POINT('',(84.500026514,18.500001729,3.795809409));
#1378=DIRECTION('',(-1.,0.,0.));
#1379=VECTOR('',#1378,12.);
#1380=LINE('',#1377,#1379);
#1381=EDGE_CURVE('',#1367,#1376,#1380,.T.);
#1382=ORIENTED_EDGE('',*,*,#1381,.T.);
#1383=CARTESIAN_POINT('',(72.500026514,19.500001729,3.795809409));
#1384=DIRECTION('',(-0.,-0.,-1.));
#1385=DIRECTION('',(1.,0.,-0.));
#1386=AXIS2_PLACEMENT_3D('',#1383,#1384,#1385);
#1387=CIRCLE('',#1386,1.);
#1388=EDGE_CURVE('',#1376,#1323,#1387,.T.);
#1389=ORIENTED_EDGE('',*,*,#1388,.T.);
#1390=EDGE_LOOP('',(#1331,#1340,#1348,#1357,#1365,#1374,#1382,#1389));
#1391=FACE_BOUND('',#1390,.T.);
#1392=CARTESIAN_POINT('',(89.500026514,2.500001729,3.795809409));
#1393=VERTEX_POINT('',#1392);
#1394=CARTESIAN_POINT('',(89.500026514,14.500001729,3.795809409));
#1395=VERTEX_POINT('',#1394);
#1396=CARTESIAN_POINT('',(89.500026514,2.500001729,3.795809409));
#1397=DIRECTION('',(0.,1.,0.));
#1398=VECTOR('',#1397,12.);
#1399=LINE('',#1396,#1398);
#1400=EDGE_CURVE('',#1393,#1395,#1399,.T.);
#1401=ORIENTED_EDGE('',*,*,#1400,.T.);
#1402=CARTESIAN_POINT('',(90.500026514,15.500001729,3.795809409));
#1403=VERTEX_POINT('',#1402);
#1404=CARTESIAN_POINT('',(90.500026514,14.500001729,3.795809409));
#1405=DIRECTION('',(-0.,-0.,-1.));
#1406=DIRECTION('',(1.,0.,-0.));
#1407=AXIS2_PLACEMENT_3D('',#1404,#1405,#1406);
#1408=CIRCLE('',#1407,1.);
#1409=EDGE_CURVE('',#1395,#1403,#1408,.T.);
#1410=ORIENTED_EDGE('',*,*,#1409,.T.);
#1411=CARTESIAN_POINT('',(102.500026514,15.500001729,3.795809409));
#1412=VERTEX_POINT('',#1411);
#1413=CARTESIAN_POINT('',(90.500026514,15.500001729,3.795809409));
#1414=DIRECTION('',(1.,0.,-0.));
#1415=VECTOR('',#1414,12.);
#1416=LINE('',#1413,#1415);
#1417=EDGE_CURVE('',#1403,#1412,#1416,.T.);
#1418=ORIENTED_EDGE('',*,*,#1417,.T.);
#1419=CARTESIAN_POINT('',(103.500026514,14.500001729,3.795809409));
#1420=VERTEX_POINT('',#1419);
#1421=CARTESIAN_POINT('',(102.500026514,14.500001729,3.795809409));
#1422=DIRECTION('',(-0.,-0.,-1.));
#1423=DIRECTION('',(1.,0.,-0.));
#1424=AXIS2_PLACEMENT_3D('',#1421,#1422,#1423);
#1425=CIRCLE('',#1424,1.);
#1426=EDGE_CURVE('',#1412,#1420,#1425,.T.);
#1427=ORIENTED_EDGE('',*,*,#1426,.T.);
#1428=CARTESIAN_POINT('',(103.500026514,2.500001729,3.795809409));
#1429=VERTEX_POINT('',#1428);
#1430=CARTESIAN_POINT('',(103.500026514,14.500001729,3.795809409));
#1431=DIRECTION('',(0.,-1.,0.));
#1432=VECTOR('',#1431,12.);
#1433=LINE('',#1430,#1432);
#1434=EDGE_CURVE('',#1420,#1429,#1433,.T.);
#1435=ORIENTED_EDGE('',*,*,#1434,.T.);
#1436=CARTESIAN_POINT('',(102.500026514,1.500001729,3.795809409));
#1437=VERTEX_POINT('',#1436);
#1438=CARTESIAN_POINT('',(102.500026514,2.500001729,3.795809409));
#1439=DIRECTION('',(-0.,-0.,-1.));
#1440=DIRECTION('',(1.,0.,-0.));
#1441=AXIS2_PLACEMENT_3D('',#1438,#1439,#1440);
#1442=CIRCLE('',#1441,1.);
#1443=EDGE_CURVE('',#1429,#1437,#1442,.T.);
#1444=ORIENTED_EDGE('',*,*,#1443,.T.);
#1445=CARTESIAN_POINT('',(90.500026514,1.500001729,3.795809409));
#1446=VERTEX_POINT('',#1445);
#1447=CARTESIAN_POINT('',(102.500026514,1.500001729,3.795809409));
#1448=DIRECTION('',(-1.,0.,0.));
#1449=VECTOR('',#1448,12.);
#1450=LINE('',#1447,#1449);
#1451=EDGE_CURVE('',#1437,#1446,#1450,.T.);
#1452=ORIENTED_EDGE('',*,*,#1451,.T.);
#1453=CARTESIAN_POINT('',(90.500026514,2.500001729,3.795809409));
#1454=DIRECTION('',(-0.,-0.,-1.));
#1455=DIRECTION('',(1.,0.,-0.));
#1456=AXIS2_PLACEMENT_3D('',#1453,#1454,#1455);
#1457=CIRCLE('',#1456,1.);
#1458=EDGE_CURVE('',#1446,#1393,#1457,.T.);
#1459=ORIENTED_EDGE('',*,*,#1458,.T.);
#1460=EDGE_LOOP('',(#1401,#1410,#1418,#1427,#1435,#1444,#1452,#1459));
#1461=FACE_BOUND('',#1460,.T.);
#1462=CARTESIAN_POINT('',(89.500026514,19.500001729,3.795809409));
#1463=VERTEX_POINT('',#1462);
#1464=CARTESIAN_POINT('',(89.500026514,31.500001729,3.795809409));
#1465=VERTEX_POINT('',#1464);
#1466=CARTESIAN_POINT('',(89.500026514,19.500001729,3.795809409));
#1467=DIRECTION('',(0.,1.,0.));
#1468=VECTOR('',#1467,12.);
#1469=LINE('',#1466,#1468);
#1470=EDGE_CURVE('',#1463,#1465,#1469,.T.);
#1471=ORIENTED_EDGE('',*,*,#1470,.T.);
#1472=CARTESIAN_POINT('',(90.500026514,32.500001729,3.795809409));
#1473=VERTEX_POINT('',#1472);
#1474=CARTESIAN_POINT('',(90.500026514,31.500001729,3.795809409));
#1475=DIRECTION('',(-0.,-0.,-1.));
#1476=DIRECTION('',(1.,0.,-0.));
#1477=AXIS2_PLACEMENT_3D('',#1474,#1475,#1476);
#1478=CIRCLE('',#1477,1.);
#1479=EDGE_CURVE('',#1465,#1473,#1478,.T.);
#1480=ORIENTED_EDGE('',*,*,#1479,.T.);
#1481=CARTESIAN_POINT('',(102.500026514,32.500001729,3.795809409));
#1482=VERTEX_POINT('',#1481);
#1483=CARTESIAN_POINT('',(90.500026514,32.500001729,3.795809409));
#1484=DIRECTION('',(1.,0.,-0.));
#1485=VECTOR('',#1484,12.);
#1486=LINE('',#1483,#1485);
#1487=EDGE_CURVE('',#1473,#1482,#1486,.T.);
#1488=ORIENTED_EDGE('',*,*,#1487,.T.);
#1489=CARTESIAN_POINT('',(103.500026514,31.500001729,3.795809409));
#1490=VERTEX_POINT('',#1489);
#1491=CARTESIAN_POINT('',(102.500026514,31.500001729,3.795809409));
#1492=DIRECTION('',(-0.,-0.,-1.));
#1493=DIRECTION('',(1.,0.,-0.));
#1494=AXIS2_PLACEMENT_3D('',#1491,#1492,#1493);
#1495=CIRCLE('',#1494,1.);
#1496=EDGE_CURVE('',#1482,#1490,#1495,.T.);
#1497=ORIENTED_EDGE('',*,*,#1496,.T.);
#1498=CARTESIAN_POINT('',(103.500026514,19.500001729,3.795809409));
#1499=VERTEX_POINT('',#1498);
#1500=CARTESIAN_POINT('',(103.500026514,31.500001729,3.795809409));
#1501=DIRECTION('',(0.,-1.,0.));
#1502=VECTOR('',#1501,12.);
#1503=LINE('',#1500,#1502);
#1504=EDGE_CURVE('',#1490,#1499,#1503,.T.);
#1505=ORIENTED_EDGE('',*,*,#1504,.T.);
#1506=CARTESIAN_POINT('',(102.500026514,18.500001729,3.795809409));
#1507=VERTEX_POINT('',#1506);
#1508=CARTESIAN_POINT('',(102.500026514,19.500001729,3.795809409));
#1509=DIRECTION('',(-0.,-0.,-1.));
#1510=DIRECTION('',(1.,0.,-0.));
#1511=AXIS2_PLACEMENT_3D('',#1508,#1509,#1510);
#1512=CIRCLE('',#1511,1.);
#1513=EDGE_CURVE('',#1499,#1507,#1512,.T.);
#1514=ORIENTED_EDGE('',*,*,#1513,.T.);
#1515=CARTESIAN_POINT('',(90.500026514,18.500001729,3.795809409));
#1516=VERTEX_POINT('',#1515);
#1517=CARTESIAN_POINT('',(102.500026514,18.500001729,3.795809409));
#1518=DIRECTION('',(-1.,0.,0.));
#1519=VECTOR('',#1518,12.);
#1520=LINE('',#1517,#1519);
#1521=EDGE_CURVE('',#1507,#1516,#1520,.T.);
#1522=ORIENTED_EDGE('',*,*,#1521,.T.);
#1523=CARTESIAN_POINT('',(90.500026514,19.500001729,3.795809409));
#1524=DIRECTION('',(-0.,-0.,-1.));
#1525=DIRECTION('',(1.,0.,-0.));
#1526=AXIS2_PLACEMENT_3D('',#1523,#1524,#1525);
#1527=CIRCLE('',#1526,1.);
#1528=EDGE_CURVE('',#1516,#1463,#1527,.T.);
#1529=ORIENTED_EDGE('',*,*,#1528,.T.);
#1530=EDGE_LOOP('',(#1471,#1480,#1488,#1497,#1505,#1514,#1522,#1529));
#1531=FACE_BOUND('',#1530,.T.);
#1532=CARTESIAN_POINT('',(-103.499973486,2.500001729,3.795809409));
#1533=VERTEX_POINT('',#1532);
#1534=CARTESIAN_POINT('',(-103.499973486,14.500001729,3.795809409));
#1535=VERTEX_POINT('',#1534);
#1536=CARTESIAN_POINT('',(-103.499973486,2.500001729,3.795809409));
#1537=DIRECTION('',(0.,1.,0.));
#1538=VECTOR('',#1537,12.);
#1539=LINE('',#1536,#1538);
#1540=EDGE_CURVE('',#1533,#1535,#1539,.T.);
#1541=ORIENTED_EDGE('',*,*,#1540,.T.);
#1542=CARTESIAN_POINT('',(-102.499973486,15.500001729,3.795809409));
#1543=VERTEX_POINT('',#1542);
#1544=CARTESIAN_POINT('',(-102.499973486,14.500001729,3.795809409));
#1545=DIRECTION('',(-0.,-0.,-1.));
#1546=DIRECTION('',(1.,0.,-0.));
#1547=AXIS2_PLACEMENT_3D('',#1544,#1545,#1546);
#1548=CIRCLE('',#1547,1.);
#1549=EDGE_CURVE('',#1535,#1543,#1548,.T.);
#1550=ORIENTED_EDGE('',*,*,#1549,.T.);
#1551=CARTESIAN_POINT('',(-90.499973486,15.500001729,3.795809409));
#1552=VERTEX_POINT('',#1551);
#1553=CARTESIAN_POINT('',(-102.499973486,15.500001729,3.795809409));
#1554=DIRECTION('',(1.,0.,-0.));
#1555=VECTOR('',#1554,12.);
#1556=LINE('',#1553,#1555);
#1557=EDGE_CURVE('',#1543,#1552,#1556,.T.);
#1558=ORIENTED_EDGE('',*,*,#1557,.T.);
#1559=CARTESIAN_POINT('',(-89.499973486,14.500001729,3.795809409));
#1560=VERTEX_POINT('',#1559);
#1561=CARTESIAN_POINT('',(-90.499973486,14.500001729,3.795809409));
#1562=DIRECTION('',(-0.,-0.,-1.));
#1563=DIRECTION('',(1.,0.,-0.));
#1564=AXIS2_PLACEMENT_3D('',#1561,#1562,#1563);
#1565=CIRCLE('',#1564,1.);
#1566=EDGE_CURVE('',#1552,#1560,#1565,.T.);
#1567=ORIENTED_EDGE('',*,*,#1566,.T.);
#1568=CARTESIAN_POINT('',(-89.499973486,2.500001729,3.795809409));
#1569=VERTEX_POINT('',#1568);
#1570=CARTESIAN_POINT('',(-89.499973486,14.500001729,3.795809409));
#1571=DIRECTION('',(0.,-1.,0.));
#1572=VECTOR('',#1571,12.);
#1573=LINE('',#1570,#1572);
#1574=EDGE_CURVE('',#1560,#1569,#1573,.T.);
#1575=ORIENTED_EDGE('',*,*,#1574,.T.);
#1576=CARTESIAN_POINT('',(-90.499973486,1.500001729,3.795809409));
#1577=VERTEX_POINT('',#1576);
#1578=CARTESIAN_POINT('',(-90.499973486,2.500001729,3.795809409));
#1579=DIRECTION('',(-0.,-0.,-1.));
#1580=DIRECTION('',(1.,0.,-0.));
#1581=AXIS2_PLACEMENT_3D('',#1578,#1579,#1580);
#1582=CIRCLE('',#1581,1.);
#1583=EDGE_CURVE('',#1569,#1577,#1582,.T.);
#1584=ORIENTED_EDGE('',*,*,#1583,.T.);
#1585=CARTESIAN_POINT('',(-102.499973486,1.500001729,3.795809409));
#1586=VERTEX_POINT('',#1585);
#1587=CARTESIAN_POINT('',(-90.499973486,1.500001729,3.795809409));
#1588=DIRECTION('',(-1.,0.,0.));
#1589=VECTOR('',#1588,12.);
#1590=LINE('',#1587,#1589);
#1591=EDGE_CURVE('',#1577,#1586,#1590,.T.);
#1592=ORIENTED_EDGE('',*,*,#1591,.T.);
#1593=CARTESIAN_POINT('',(-102.499973486,2.500001729,3.795809409));
#1594=DIRECTION('',(-0.,-0.,-1.));
#1595=DIRECTION('',(1.,0.,-0.));
#1596=AXIS2_PLACEMENT_3D('',#1593,#1594,#1595);
#1597=CIRCLE('',#1596,1.);
#1598=EDGE_CURVE('',#1586,#1533,#1597,.T.);
#1599=ORIENTED_EDGE('',*,*,#1598,.T.);
#1600=EDGE_LOOP('',(#1541,#1550,#1558,#1567,#1575,#1584,#1592,#1599));
#1601=FACE_BOUND('',#1600,.T.);
#1602=CARTESIAN_POINT('',(-103.499973486,19.500001729,3.795809409));
#1603=VERTEX_POINT('',#1602);
#1604=CARTESIAN_POINT('',(-103.499973486,31.500001729,3.795809409));
#1605=VERTEX_POINT('',#1604);
#1606=CARTESIAN_POINT('',(-103.499973486,19.500001729,3.795809409));
#1607=DIRECTION('',(0.,1.,0.));
#1608=VECTOR('',#1607,12.);
#1609=LINE('',#1606,#1608);
#1610=EDGE_CURVE('',#1603,#1605,#1609,.T.);
#1611=ORIENTED_EDGE('',*,*,#1610,.T.);
#1612=CARTESIAN_POINT('',(-102.499973486,32.500001729,3.795809409));
#1613=VERTEX_POINT('',#1612);
#1614=CARTESIAN_POINT('',(-102.499973486,31.500001729,3.795809409));
#1615=DIRECTION('',(-0.,-0.,-1.));
#1616=DIRECTION('',(1.,0.,-0.));
#1617=AXIS2_PLACEMENT_3D('',#1614,#1615,#1616);
#1618=CIRCLE('',#1617,1.);
#1619=EDGE_CURVE('',#1605,#1613,#1618,.T.);
#1620=ORIENTED_EDGE('',*,*,#1619,.T.);
#1621=CARTESIAN_POINT('',(-90.499973486,32.500001729,3.795809409));
#1622=VERTEX_POINT('',#1621);
#1623=CARTESIAN_POINT('',(-102.499973486,32.500001729,3.795809409));
#1624=DIRECTION('',(1.,0.,-0.));
#1625=VECTOR('',#1624,12.);
#1626=LINE('',#1623,#1625);
#1627=EDGE_CURVE('',#1613,#1622,#1626,.T.);
#1628=ORIENTED_EDGE('',*,*,#1627,.T.);
#1629=CARTESIAN_POINT('',(-89.499973486,31.500001729,3.795809409));
#1630=VERTEX_POINT('',#1629);
#1631=CARTESIAN_POINT('',(-90.499973486,31.500001729,3.795809409));
#1632=DIRECTION('',(-0.,-0.,-1.));
#1633=DIRECTION('',(1.,0.,-0.));
#1634=AXIS2_PLACEMENT_3D('',#1631,#1632,#1633);
#1635=CIRCLE('',#1634,1.);
#1636=EDGE_CURVE('',#1622,#1630,#1635,.T.);
#1637=ORIENTED_EDGE('',*,*,#1636,.T.);
#1638=CARTESIAN_POINT('',(-89.499973486,19.500001729,3.795809409));
#1639=VERTEX_POINT('',#1638);
#1640=CARTESIAN_POINT('',(-89.499973486,31.500001729,3.795809409));
#1641=DIRECTION('',(0.,-1.,0.));
#1642=VECTOR('',#1641,12.);
#1643=LINE('',#1640,#1642);
#1644=EDGE_CURVE('',#1630,#1639,#1643,.T.);
#1645=ORIENTED_EDGE('',*,*,#1644,.T.);
#1646=CARTESIAN_POINT('',(-90.499973486,18.500001729,3.795809409));
#1647=VERTEX_POINT('',#1646);
#1648=CARTESIAN_POINT('',(-90.499973486,19.500001729,3.795809409));
#1649=DIRECTION('',(-0.,-0.,-1.));
#1650=DIRECTION('',(1.,0.,-0.));
#1651=AXIS2_PLACEMENT_3D('',#1648,#1649,#1650);
#1652=CIRCLE('',#1651,1.);
#1653=EDGE_CURVE('',#1639,#1647,#1652,.T.);
#1654=ORIENTED_EDGE('',*,*,#1653,.T.);
#1655=CARTESIAN_POINT('',(-102.499973486,18.500001729,3.795809409));
#1656=VERTEX_POINT('',#1655);
#1657=CARTESIAN_POINT('',(-90.499973486,18.500001729,3.795809409));
#1658=DIRECTION('',(-1.,0.,0.));
#1659=VECTOR('',#1658,12.);
#1660=LINE('',#1657,#1659);
#1661=EDGE_CURVE('',#1647,#1656,#1660,.T.);
#1662=ORIENTED_EDGE('',*,*,#1661,.T.);
#1663=CARTESIAN_POINT('',(-102.499973486,19.500001729,3.795809409));
#1664=DIRECTION('',(-0.,-0.,-1.));
#1665=DIRECTION('',(1.,0.,-0.));
#1666=AXIS2_PLACEMENT_3D('',#1663,#1664,#1665);
#1667=CIRCLE('',#1666,1.);
#1668=EDGE_CURVE('',#1656,#1603,#1667,.T.);
#1669=ORIENTED_EDGE('',*,*,#1668,.T.);
#1670=EDGE_LOOP('',(#1611,#1620,#1628,#1637,#1645,#1654,#1662,#1669));
#1671=FACE_BOUND('',#1670,.T.);
#1672=CARTESIAN_POINT('',(-85.499973486,2.500001729,3.795809409));
#1673=VERTEX_POINT('',#1672);
#1674=CARTESIAN_POINT('',(-85.499973486,14.500001729,3.795809409));
#1675=VERTEX_POINT('',#1674);
#1676=CARTESIAN_POINT('',(-85.499973486,2.500001729,3.795809409));
#1677=DIRECTION('',(0.,1.,0.));
#1678=VECTOR('',#1677,12.);
#1679=LINE('',#1676,#1678);
#1680=EDGE_CURVE('',#1673,#1675,#1679,.T.);
#1681=ORIENTED_EDGE('',*,*,#1680,.T.);
#1682=CARTESIAN_POINT('',(-84.499973486,15.500001729,3.795809409));
#1683=VERTEX_POINT('',#1682);
#1684=CARTESIAN_POINT('',(-84.499973486,14.500001729,3.795809409));
#1685=DIRECTION('',(-0.,-0.,-1.));
#1686=DIRECTION('',(1.,0.,-0.));
#1687=AXIS2_PLACEMENT_3D('',#1684,#1685,#1686);
#1688=CIRCLE('',#1687,1.);
#1689=EDGE_CURVE('',#1675,#1683,#1688,.T.);
#1690=ORIENTED_EDGE('',*,*,#1689,.T.);
#1691=CARTESIAN_POINT('',(-72.499973486,15.500001729,3.795809409));
#1692=VERTEX_POINT('',#1691);
#1693=CARTESIAN_POINT('',(-84.499973486,15.500001729,3.795809409));
#1694=DIRECTION('',(1.,0.,-0.));
#1695=VECTOR('',#1694,12.);
#1696=LINE('',#1693,#1695);
#1697=EDGE_CURVE('',#1683,#1692,#1696,.T.);
#1698=ORIENTED_EDGE('',*,*,#1697,.T.);
#1699=CARTESIAN_POINT('',(-71.499973486,14.500001729,3.795809409));
#1700=VERTEX_POINT('',#1699);
#1701=CARTESIAN_POINT('',(-72.499973486,14.500001729,3.795809409));
#1702=DIRECTION('',(-0.,-0.,-1.));
#1703=DIRECTION('',(1.,0.,-0.));
#1704=AXIS2_PLACEMENT_3D('',#1701,#1702,#1703);
#1705=CIRCLE('',#1704,1.);
#1706=EDGE_CURVE('',#1692,#1700,#1705,.T.);
#1707=ORIENTED_EDGE('',*,*,#1706,.T.);
#1708=CARTESIAN_POINT('',(-71.499973486,2.500001729,3.795809409));
#1709=VERTEX_POINT('',#1708);
#1710=CARTESIAN_POINT('',(-71.499973486,14.500001729,3.795809409));
#1711=DIRECTION('',(0.,-1.,0.));
#1712=VECTOR('',#1711,12.);
#1713=LINE('',#1710,#1712);
#1714=EDGE_CURVE('',#1700,#1709,#1713,.T.);
#1715=ORIENTED_EDGE('',*,*,#1714,.T.);
#1716=CARTESIAN_POINT('',(-72.499973486,1.500001729,3.795809409));
#1717=VERTEX_POINT('',#1716);
#1718=CARTESIAN_POINT('',(-72.499973486,2.500001729,3.795809409));
#1719=DIRECTION('',(-0.,-0.,-1.));
#1720=DIRECTION('',(1.,0.,-0.));
#1721=AXIS2_PLACEMENT_3D('',#1718,#1719,#1720);
#1722=CIRCLE('',#1721,1.);
#1723=EDGE_CURVE('',#1709,#1717,#1722,.T.);
#1724=ORIENTED_EDGE('',*,*,#1723,.T.);
#1725=CARTESIAN_POINT('',(-84.499973486,1.500001729,3.795809409));
#1726=VERTEX_POINT('',#1725);
#1727=CARTESIAN_POINT('',(-72.499973486,1.500001729,3.795809409));
#1728=DIRECTION('',(-1.,0.,0.));
#1729=VECTOR('',#1728,12.);
#1730=LINE('',#1727,#1729);
#1731=EDGE_CURVE('',#1717,#1726,#1730,.T.);
#1732=ORIENTED_EDGE('',*,*,#1731,.T.);
#1733=CARTESIAN_POINT('',(-84.499973486,2.500001729,3.795809409));
#1734=DIRECTION('',(-0.,-0.,-1.));
#1735=DIRECTION('',(1.,0.,-0.));
#1736=AXIS2_PLACEMENT_3D('',#1733,#1734,#1735);
#1737=CIRCLE('',#1736,1.);
#1738=EDGE_CURVE('',#1726,#1673,#1737,.T.);
#1739=ORIENTED_EDGE('',*,*,#1738,.T.);
#1740=EDGE_LOOP('',(#1681,#1690,#1698,#1707,#1715,#1724,#1732,#1739));
#1741=FACE_BOUND('',#1740,.T.);
#1742=CARTESIAN_POINT('',(-85.499973486,19.500001729,3.795809409));
#1743=VERTEX_POINT('',#1742);
#1744=CARTESIAN_POINT('',(-85.499973486,31.500001729,3.795809409));
#1745=VERTEX_POINT('',#1744);
#1746=CARTESIAN_POINT('',(-85.499973486,19.500001729,3.795809409));
#1747=DIRECTION('',(0.,1.,0.));
#1748=VECTOR('',#1747,12.);
#1749=LINE('',#1746,#1748);
#1750=EDGE_CURVE('',#1743,#1745,#1749,.T.);
#1751=ORIENTED_EDGE('',*,*,#1750,.T.);
#1752=CARTESIAN_POINT('',(-84.499973486,32.500001729,3.795809409));
#1753=VERTEX_POINT('',#1752);
#1754=CARTESIAN_POINT('',(-84.499973486,31.500001729,3.795809409));
#1755=DIRECTION('',(-0.,-0.,-1.));
#1756=DIRECTION('',(1.,0.,-0.));
#1757=AXIS2_PLACEMENT_3D('',#1754,#1755,#1756);
#1758=CIRCLE('',#1757,1.);
#1759=EDGE_CURVE('',#1745,#1753,#1758,.T.);
#1760=ORIENTED_EDGE('',*,*,#1759,.T.);
#1761=CARTESIAN_POINT('',(-72.499973486,32.500001729,3.795809409));
#1762=VERTEX_POINT('',#1761);
#1763=CARTESIAN_POINT('',(-84.499973486,32.500001729,3.795809409));
#1764=DIRECTION('',(1.,0.,-0.));
#1765=VECTOR('',#1764,12.);
#1766=LINE('',#1763,#1765);
#1767=EDGE_CURVE('',#1753,#1762,#1766,.T.);
#1768=ORIENTED_EDGE('',*,*,#1767,.T.);
#1769=CARTESIAN_POINT('',(-71.499973486,31.500001729,3.795809409));
#1770=VERTEX_POINT('',#1769);
#1771=CARTESIAN_POINT('',(-72.499973486,31.500001729,3.795809409));
#1772=DIRECTION('',(-0.,-0.,-1.));
#1773=DIRECTION('',(1.,0.,-0.));
#1774=AXIS2_PLACEMENT_3D('',#1771,#1772,#1773);
#1775=CIRCLE('',#1774,1.);
#1776=EDGE_CURVE('',#1762,#1770,#1775,.T.);
#1777=ORIENTED_EDGE('',*,*,#1776,.T.);
#1778=CARTESIAN_POINT('',(-71.499973486,19.500001729,3.795809409));
#1779=VERTEX_POINT('',#1778);
#1780=CARTESIAN_POINT('',(-71.499973486,31.500001729,3.795809409));
#1781=DIRECTION('',(0.,-1.,0.));
#1782=VECTOR('',#1781,12.);
#1783=LINE('',#1780,#1782);
#1784=EDGE_CURVE('',#1770,#1779,#1783,.T.);
#1785=ORIENTED_EDGE('',*,*,#1784,.T.);
#1786=CARTESIAN_POINT('',(-72.499973486,18.500001729,3.795809409));
#1787=VERTEX_POINT('',#1786);
#1788=CARTESIAN_POINT('',(-72.499973486,19.500001729,3.795809409));
#1789=DIRECTION('',(-0.,-0.,-1.));
#1790=DIRECTION('',(1.,0.,-0.));
#1791=AXIS2_PLACEMENT_3D('',#1788,#1789,#1790);
#1792=CIRCLE('',#1791,1.);
#1793=EDGE_CURVE('',#1779,#1787,#1792,.T.);
#1794=ORIENTED_EDGE('',*,*,#1793,.T.);
#1795=CARTESIAN_POINT('',(-84.499973486,18.500001729,3.795809409));
#1796=VERTEX_POINT('',#1795);
#1797=CARTESIAN_POINT('',(-72.499973486,18.500001729,3.795809409));
#1798=DIRECTION('',(-1.,0.,0.));
#1799=VECTOR('',#1798,12.);
#1800=LINE('',#1797,#1799);
#1801=EDGE_CURVE('',#1787,#1796,#1800,.T.);
#1802=ORIENTED_EDGE('',*,*,#1801,.T.);
#1803=CARTESIAN_POINT('',(-84.499973486,19.500001729,3.795809409));
#1804=DIRECTION('',(-0.,-0.,-1.));
#1805=DIRECTION('',(1.,0.,-0.));
#1806=AXIS2_PLACEMENT_3D('',#1803,#1804,#1805);
#1807=CIRCLE('',#1806,1.);
#1808=EDGE_CURVE('',#1796,#1743,#1807,.T.);
#1809=ORIENTED_EDGE('',*,*,#1808,.T.);
#1810=EDGE_LOOP('',(#1751,#1760,#1768,#1777,#1785,#1794,#1802,#1809));
#1811=FACE_BOUND('',#1810,.T.);
#1812=CARTESIAN_POINT('',(-67.499973486,2.500001729,3.795809409));
#1813=VERTEX_POINT('',#1812);
#1814=CARTESIAN_POINT('',(-67.499973486,14.500001729,3.795809409));
#1815=VERTEX_POINT('',#1814);
#1816=CARTESIAN_POINT('',(-67.499973486,2.500001729,3.795809409));
#1817=DIRECTION('',(0.,1.,0.));
#1818=VECTOR('',#1817,12.);
#1819=LINE('',#1816,#1818);
#1820=EDGE_CURVE('',#1813,#1815,#1819,.T.);
#1821=ORIENTED_EDGE('',*,*,#1820,.T.);
#1822=CARTESIAN_POINT('',(-66.499973486,15.500001729,3.795809409));
#1823=VERTEX_POINT('',#1822);
#1824=CARTESIAN_POINT('',(-66.499973486,14.500001729,3.795809409));
#1825=DIRECTION('',(-0.,-0.,-1.));
#1826=DIRECTION('',(1.,0.,-0.));
#1827=AXIS2_PLACEMENT_3D('',#1824,#1825,#1826);
#1828=CIRCLE('',#1827,1.);
#1829=EDGE_CURVE('',#1815,#1823,#1828,.T.);
#1830=ORIENTED_EDGE('',*,*,#1829,.T.);
#1831=CARTESIAN_POINT('',(-54.499973486,15.500001729,3.795809409));
#1832=VERTEX_POINT('',#1831);
#1833=CARTESIAN_POINT('',(-66.499973486,15.500001729,3.795809409));
#1834=DIRECTION('',(1.,0.,-0.));
#1835=VECTOR('',#1834,12.);
#1836=LINE('',#1833,#1835);
#1837=EDGE_CURVE('',#1823,#1832,#1836,.T.);
#1838=ORIENTED_EDGE('',*,*,#1837,.T.);
#1839=CARTESIAN_POINT('',(-53.499973486,14.500001729,3.795809409));
#1840=VERTEX_POINT('',#1839);
#1841=CARTESIAN_POINT('',(-54.499973486,14.500001729,3.795809409));
#1842=DIRECTION('',(-0.,-0.,-1.));
#1843=DIRECTION('',(1.,0.,-0.));
#1844=AXIS2_PLACEMENT_3D('',#1841,#1842,#1843);
#1845=CIRCLE('',#1844,1.);
#1846=EDGE_CURVE('',#1832,#1840,#1845,.T.);
#1847=ORIENTED_EDGE('',*,*,#1846,.T.);
#1848=CARTESIAN_POINT('',(-53.499973486,2.500001729,3.795809409));
#1849=VERTEX_POINT('',#1848);
#1850=CARTESIAN_POINT('',(-53.499973486,14.500001729,3.795809409));
#1851=DIRECTION('',(0.,-1.,0.));
#1852=VECTOR('',#1851,12.);
#1853=LINE('',#1850,#1852);
#1854=EDGE_CURVE('',#1840,#1849,#1853,.T.);
#1855=ORIENTED_EDGE('',*,*,#1854,.T.);
#1856=CARTESIAN_POINT('',(-54.499973486,1.500001729,3.795809409));
#1857=VERTEX_POINT('',#1856);
#1858=CARTESIAN_POINT('',(-54.499973486,2.500001729,3.795809409));
#1859=DIRECTION('',(-0.,-0.,-1.));
#1860=DIRECTION('',(1.,0.,-0.));
#1861=AXIS2_PLACEMENT_3D('',#1858,#1859,#1860);
#1862=CIRCLE('',#1861,1.);
#1863=EDGE_CURVE('',#1849,#1857,#1862,.T.);
#1864=ORIENTED_EDGE('',*,*,#1863,.T.);
#1865=CARTESIAN_POINT('',(-66.499973486,1.500001729,3.795809409));
#1866=VERTEX_POINT('',#1865);
#1867=CARTESIAN_POINT('',(-54.499973486,1.500001729,3.795809409));
#1868=DIRECTION('',(-1.,0.,0.));
#1869=VECTOR('',#1868,12.);
#1870=LINE('',#1867,#1869);
#1871=EDGE_CURVE('',#1857,#1866,#1870,.T.);
#1872=ORIENTED_EDGE('',*,*,#1871,.T.);
#1873=CARTESIAN_POINT('',(-66.499973486,2.500001729,3.795809409));
#1874=DIRECTION('',(-0.,-0.,-1.));
#1875=DIRECTION('',(1.,0.,-0.));
#1876=AXIS2_PLACEMENT_3D('',#1873,#1874,#1875);
#1877=CIRCLE('',#1876,1.);
#1878=EDGE_CURVE('',#1866,#1813,#1877,.T.);
#1879=ORIENTED_EDGE('',*,*,#1878,.T.);
#1880=EDGE_LOOP('',(#1821,#1830,#1838,#1847,#1855,#1864,#1872,#1879));
#1881=FACE_BOUND('',#1880,.T.);
#1882=CARTESIAN_POINT('',(-67.499973486,19.500001729,3.795809409));
#1883=VERTEX_POINT('',#1882);
#1884=CARTESIAN_POINT('',(-67.499973486,31.500001729,3.795809409));
#1885=VERTEX_POINT('',#1884);
#1886=CARTESIAN_POINT('',(-67.499973486,19.500001729,3.795809409));
#1887=DIRECTION('',(0.,1.,0.));
#1888=VECTOR('',#1887,12.);
#1889=LINE('',#1886,#1888);
#1890=EDGE_CURVE('',#1883,#1885,#1889,.T.);
#1891=ORIENTED_EDGE('',*,*,#1890,.T.);
#1892=CARTESIAN_POINT('',(-66.499973486,32.500001729,3.795809409));
#1893=VERTEX_POINT('',#1892);
#1894=CARTESIAN_POINT('',(-66.499973486,31.500001729,3.795809409));
#1895=DIRECTION('',(-0.,-0.,-1.));
#1896=DIRECTION('',(1.,0.,-0.));
#1897=AXIS2_PLACEMENT_3D('',#1894,#1895,#1896);
#1898=CIRCLE('',#1897,1.);
#1899=EDGE_CURVE('',#1885,#1893,#1898,.T.);
#1900=ORIENTED_EDGE('',*,*,#1899,.T.);
#1901=CARTESIAN_POINT('',(-54.499973486,32.500001729,3.795809409));
#1902=VERTEX_POINT('',#1901);
#1903=CARTESIAN_POINT('',(-66.499973486,32.500001729,3.795809409));
#1904=DIRECTION('',(1.,0.,-0.));
#1905=VECTOR('',#1904,12.);
#1906=LINE('',#1903,#1905);
#1907=EDGE_CURVE('',#1893,#1902,#1906,.T.);
#1908=ORIENTED_EDGE('',*,*,#1907,.T.);
#1909=CARTESIAN_POINT('',(-53.499973486,31.500001729,3.795809409));
#1910=VERTEX_POINT('',#1909);
#1911=CARTESIAN_POINT('',(-54.499973486,31.500001729,3.795809409));
#1912=DIRECTION('',(-0.,-0.,-1.));
#1913=DIRECTION('',(1.,0.,-0.));
#1914=AXIS2_PLACEMENT_3D('',#1911,#1912,#1913);
#1915=CIRCLE('',#1914,1.);
#1916=EDGE_CURVE('',#1902,#1910,#1915,.T.);
#1917=ORIENTED_EDGE('',*,*,#1916,.T.);
#1918=CARTESIAN_POINT('',(-53.499973486,19.500001729,3.795809409));
#1919=VERTEX_POINT('',#1918);
#1920=CARTESIAN_POINT('',(-53.499973486,31.500001729,3.795809409));
#1921=DIRECTION('',(0.,-1.,0.));
#1922=VECTOR('',#1921,12.);
#1923=LINE('',#1920,#1922);
#1924=EDGE_CURVE('',#1910,#1919,#1923,.T.);
#1925=ORIENTED_EDGE('',*,*,#1924,.T.);
#1926=CARTESIAN_POINT('',(-54.499973486,18.500001729,3.795809409));
#1927=VERTEX_POINT('',#1926);
#1928=CARTESIAN_POINT('',(-54.499973486,19.500001729,3.795809409));
#1929=DIRECTION('',(-0.,-0.,-1.));
#1930=DIRECTION('',(1.,0.,-0.));
#1931=AXIS2_PLACEMENT_3D('',#1928,#1929,#1930);
#1932=CIRCLE('',#1931,1.);
#1933=EDGE_CURVE('',#1919,#1927,#1932,.T.);
#1934=ORIENTED_EDGE('',*,*,#1933,.T.);
#1935=CARTESIAN_POINT('',(-66.499973486,18.500001729,3.795809409));
#1936=VERTEX_POINT('',#1935);
#1937=CARTESIAN_POINT('',(-54.499973486,18.500001729,3.795809409));
#1938=DIRECTION('',(-1.,0.,0.));
#1939=VECTOR('',#1938,12.);
#1940=LINE('',#1937,#1939);
#1941=EDGE_CURVE('',#1927,#1936,#1940,.T.);
#1942=ORIENTED_EDGE('',*,*,#1941,.T.);
#1943=CARTESIAN_POINT('',(-66.499973486,19.500001729,3.795809409));
#1944=DIRECTION('',(-0.,-0.,-1.));
#1945=DIRECTION('',(1.,0.,-0.));
#1946=AXIS2_PLACEMENT_3D('',#1943,#1944,#1945);
#1947=CIRCLE('',#1946,1.);
#1948=EDGE_CURVE('',#1936,#1883,#1947,.T.);
#1949=ORIENTED_EDGE('',*,*,#1948,.T.);
#1950=EDGE_LOOP('',(#1891,#1900,#1908,#1917,#1925,#1934,#1942,#1949));
#1951=FACE_BOUND('',#1950,.T.);
#1952=CARTESIAN_POINT('',(-49.499973486,2.500001729,3.795809409));
#1953=VERTEX_POINT('',#1952);
#1954=CARTESIAN_POINT('',(-49.499973486,14.500001729,3.795809409));
#1955=VERTEX_POINT('',#1954);
#1956=CARTESIAN_POINT('',(-49.499973486,2.500001729,3.795809409));
#1957=DIRECTION('',(0.,1.,0.));
#1958=VECTOR('',#1957,12.);
#1959=LINE('',#1956,#1958);
#1960=EDGE_CURVE('',#1953,#1955,#1959,.T.);
#1961=ORIENTED_EDGE('',*,*,#1960,.T.);
#1962=CARTESIAN_POINT('',(-48.499973486,15.500001729,3.795809409));
#1963=VERTEX_POINT('',#1962);
#1964=CARTESIAN_POINT('',(-48.499973486,14.500001729,3.795809409));
#1965=DIRECTION('',(-0.,-0.,-1.));
#1966=DIRECTION('',(1.,0.,-0.));
#1967=AXIS2_PLACEMENT_3D('',#1964,#1965,#1966);
#1968=CIRCLE('',#1967,1.);
#1969=EDGE_CURVE('',#1955,#1963,#1968,.T.);
#1970=ORIENTED_EDGE('',*,*,#1969,.T.);
#1971=CARTESIAN_POINT('',(-36.499973486,15.500001729,3.795809409));
#1972=VERTEX_POINT('',#1971);
#1973=CARTESIAN_POINT('',(-48.499973486,15.500001729,3.795809409));
#1974=DIRECTION('',(1.,0.,-0.));
#1975=VECTOR('',#1974,12.);
#1976=LINE('',#1973,#1975);
#1977=EDGE_CURVE('',#1963,#1972,#1976,.T.);
#1978=ORIENTED_EDGE('',*,*,#1977,.T.);
#1979=CARTESIAN_POINT('',(-35.499973486,14.500001729,3.795809409));
#1980=VERTEX_POINT('',#1979);
#1981=CARTESIAN_POINT('',(-36.499973486,14.500001729,3.795809409));
#1982=DIRECTION('',(-0.,-0.,-1.));
#1983=DIRECTION('',(1.,0.,-0.));
#1984=AXIS2_PLACEMENT_3D('',#1981,#1982,#1983);
#1985=CIRCLE('',#1984,1.);
#1986=EDGE_CURVE('',#1972,#1980,#1985,.T.);
#1987=ORIENTED_EDGE('',*,*,#1986,.T.);
#1988=CARTESIAN_POINT('',(-35.499973486,2.500001729,3.795809409));
#1989=VERTEX_POINT('',#1988);
#1990=CARTESIAN_POINT('',(-35.499973486,14.500001729,3.795809409));
#1991=DIRECTION('',(0.,-1.,0.));
#1992=VECTOR('',#1991,12.);
#1993=LINE('',#1990,#1992);
#1994=EDGE_CURVE('',#1980,#1989,#1993,.T.);
#1995=ORIENTED_EDGE('',*,*,#1994,.T.);
#1996=CARTESIAN_POINT('',(-36.499973486,1.500001729,3.795809409));
#1997=VERTEX_POINT('',#1996);
#1998=CARTESIAN_POINT('',(-36.499973486,2.500001729,3.795809409));
#1999=DIRECTION('',(-0.,-0.,-1.));
#2000=DIRECTION('',(1.,0.,-0.));
#2001=AXIS2_PLACEMENT_3D('',#1998,#1999,#2000);
#2002=CIRCLE('',#2001,1.);
#2003=EDGE_CURVE('',#1989,#1997,#2002,.T.);
#2004=ORIENTED_EDGE('',*,*,#2003,.T.);
#2005=CARTESIAN_POINT('',(-48.499973486,1.500001729,3.795809409));
#2006=VERTEX_POINT('',#2005);
#2007=CARTESIAN_POINT('',(-36.499973486,1.500001729,3.795809409));
#2008=DIRECTION('',(-1.,0.,0.));
#2009=VECTOR('',#2008,12.);
#2010=LINE('',#2007,#2009);
#2011=EDGE_CURVE('',#1997,#2006,#2010,.T.);
#2012=ORIENTED_EDGE('',*,*,#2011,.T.);
#2013=CARTESIAN_POINT('',(-48.499973486,2.500001729,3.795809409));
#2014=DIRECTION('',(-0.,-0.,-1.));
#2015=DIRECTION('',(1.,0.,-0.));
#2016=AXIS2_PLACEMENT_3D('',#2013,#2014,#2015);
#2017=CIRCLE('',#2016,1.);
#2018=EDGE_CURVE('',#2006,#1953,#2017,.T.);
#2019=ORIENTED_EDGE('',*,*,#2018,.T.);
#2020=EDGE_LOOP('',(#1961,#1970,#1978,#1987,#1995,#2004,#2012,#2019));
#2021=FACE_BOUND('',#2020,.T.);
#2022=CARTESIAN_POINT('',(-49.499973486,19.500001729,3.795809409));
#2023=VERTEX_POINT('',#2022);
#2024=CARTESIAN_POINT('',(-49.499973486,31.500001729,3.795809409));
#2025=VERTEX_POINT('',#2024);
#2026=CARTESIAN_POINT('',(-49.499973486,19.500001729,3.795809409));
#2027=DIRECTION('',(0.,1.,0.));
#2028=VECTOR('',#2027,12.);
#2029=LINE('',#2026,#2028);
#2030=EDGE_CURVE('',#2023,#2025,#2029,.T.);
#2031=ORIENTED_EDGE('',*,*,#2030,.T.);
#2032=CARTESIAN_POINT('',(-48.499973486,32.500001729,3.795809409));
#2033=VERTEX_POINT('',#2032);
#2034=CARTESIAN_POINT('',(-48.499973486,31.500001729,3.795809409));
#2035=DIRECTION('',(-0.,-0.,-1.));
#2036=DIRECTION('',(1.,0.,-0.));
#2037=AXIS2_PLACEMENT_3D('',#2034,#2035,#2036);
#2038=CIRCLE('',#2037,1.);
#2039=EDGE_CURVE('',#2025,#2033,#2038,.T.);
#2040=ORIENTED_EDGE('',*,*,#2039,.T.);
#2041=CARTESIAN_POINT('',(-36.499973486,32.500001729,3.795809409));
#2042=VERTEX_POINT('',#2041);
#2043=CARTESIAN_POINT('',(-48.499973486,32.500001729,3.795809409));
#2044=DIRECTION('',(1.,0.,-0.));
#2045=VECTOR('',#2044,12.);
#2046=LINE('',#2043,#2045);
#2047=EDGE_CURVE('',#2033,#2042,#2046,.T.);
#2048=ORIENTED_EDGE('',*,*,#2047,.T.);
#2049=CARTESIAN_POINT('',(-35.499973486,31.500001729,3.795809409));
#2050=VERTEX_POINT('',#2049);
#2051=CARTESIAN_POINT('',(-36.499973486,31.500001729,3.795809409));
#2052=DIRECTION('',(-0.,-0.,-1.));
#2053=DIRECTION('',(1.,0.,-0.));
#2054=AXIS2_PLACEMENT_3D('',#2051,#2052,#2053);
#2055=CIRCLE('',#2054,1.);
#2056=EDGE_CURVE('',#2042,#2050,#2055,.T.);
#2057=ORIENTED_EDGE('',*,*,#2056,.T.);
#2058=CARTESIAN_POINT('',(-35.499973486,19.500001729,3.795809409));
#2059=VERTEX_POINT('',#2058);
#2060=CARTESIAN_POINT('',(-35.499973486,31.500001729,3.795809409));
#2061=DIRECTION('',(0.,-1.,0.));
#2062=VECTOR('',#2061,12.);
#2063=LINE('',#2060,#2062);
#2064=EDGE_CURVE('',#2050,#2059,#2063,.T.);
#2065=ORIENTED_EDGE('',*,*,#2064,.T.);
#2066=CARTESIAN_POINT('',(-36.499973486,18.500001729,3.795809409));
#2067=VERTEX_POINT('',#2066);
#2068=CARTESIAN_POINT('',(-36.499973486,19.500001729,3.795809409));
#2069=DIRECTION('',(-0.,-0.,-1.));
#2070=DIRECTION('',(1.,0.,-0.));
#2071=AXIS2_PLACEMENT_3D('',#2068,#2069,#2070);
#2072=CIRCLE('',#2071,1.);
#2073=EDGE_CURVE('',#2059,#2067,#2072,.T.);
#2074=ORIENTED_EDGE('',*,*,#2073,.T.);
#2075=CARTESIAN_POINT('',(-48.499973486,18.500001729,3.795809409));
#2076=VERTEX_POINT('',#2075);
#2077=CARTESIAN_POINT('',(-36.499973486,18.500001729,3.795809409));
#2078=DIRECTION('',(-1.,0.,0.));
#2079=VECTOR('',#2078,12.);
#2080=LINE('',#2077,#2079);
#2081=EDGE_CURVE('',#2067,#2076,#2080,.T.);
#2082=ORIENTED_EDGE('',*,*,#2081,.T.);
#2083=CARTESIAN_POINT('',(-48.499973486,19.500001729,3.795809409));
#2084=DIRECTION('',(-0.,-0.,-1.));
#2085=DIRECTION('',(1.,0.,-0.));
#2086=AXIS2_PLACEMENT_3D('',#2083,#2084,#2085);
#2087=CIRCLE('',#2086,1.);
#2088=EDGE_CURVE('',#2076,#2023,#2087,.T.);
#2089=ORIENTED_EDGE('',*,*,#2088,.T.);
#2090=EDGE_LOOP('',(#2031,#2040,#2048,#2057,#2065,#2074,#2082,#2089));
#2091=FACE_BOUND('',#2090,.T.);
#2092=CARTESIAN_POINT('',(-31.499973486,2.500001729,3.795809409));
#2093=VERTEX_POINT('',#2092);
#2094=CARTESIAN_POINT('',(-31.499973486,14.500001729,3.795809409));
#2095=VERTEX_POINT('',#2094);
#2096=CARTESIAN_POINT('',(-31.499973486,2.500001729,3.795809409));
#2097=DIRECTION('',(0.,1.,0.));
#2098=VECTOR('',#2097,12.);
#2099=LINE('',#2096,#2098);
#2100=EDGE_CURVE('',#2093,#2095,#2099,.T.);
#2101=ORIENTED_EDGE('',*,*,#2100,.T.);
#2102=CARTESIAN_POINT('',(-30.499973486,15.500001729,3.795809409));
#2103=VERTEX_POINT('',#2102);
#2104=CARTESIAN_POINT('',(-30.499973486,14.500001729,3.795809409));
#2105=DIRECTION('',(-0.,-0.,-1.));
#2106=DIRECTION('',(1.,0.,-0.));
#2107=AXIS2_PLACEMENT_3D('',#2104,#2105,#2106);
#2108=CIRCLE('',#2107,1.);
#2109=EDGE_CURVE('',#2095,#2103,#2108,.T.);
#2110=ORIENTED_EDGE('',*,*,#2109,.T.);
#2111=CARTESIAN_POINT('',(-18.499973486,15.500001729,3.795809409));
#2112=VERTEX_POINT('',#2111);
#2113=CARTESIAN_POINT('',(-30.499973486,15.500001729,3.795809409));
#2114=DIRECTION('',(1.,0.,-0.));
#2115=VECTOR('',#2114,12.);
#2116=LINE('',#2113,#2115);
#2117=EDGE_CURVE('',#2103,#2112,#2116,.T.);
#2118=ORIENTED_EDGE('',*,*,#2117,.T.);
#2119=CARTESIAN_POINT('',(-17.499973486,14.500001729,3.795809409));
#2120=VERTEX_POINT('',#2119);
#2121=CARTESIAN_POINT('',(-18.499973486,14.500001729,3.795809409));
#2122=DIRECTION('',(-0.,-0.,-1.));
#2123=DIRECTION('',(1.,0.,-0.));
#2124=AXIS2_PLACEMENT_3D('',#2121,#2122,#2123);
#2125=CIRCLE('',#2124,1.);
#2126=EDGE_CURVE('',#2112,#2120,#2125,.T.);
#2127=ORIENTED_EDGE('',*,*,#2126,.T.);
#2128=CARTESIAN_POINT('',(-17.499973486,2.500001729,3.795809409));
#2129=VERTEX_POINT('',#2128);
#2130=CARTESIAN_POINT('',(-17.499973486,14.500001729,3.795809409));
#2131=DIRECTION('',(0.,-1.,0.));
#2132=VECTOR('',#2131,12.);
#2133=LINE('',#2130,#2132);
#2134=EDGE_CURVE('',#2120,#2129,#2133,.T.);
#2135=ORIENTED_EDGE('',*,*,#2134,.T.);
#2136=CARTESIAN_POINT('',(-18.499973486,1.500001729,3.795809409));
#2137=VERTEX_POINT('',#2136);
#2138=CARTESIAN_POINT('',(-18.499973486,2.500001729,3.795809409));
#2139=DIRECTION('',(-0.,-0.,-1.));
#2140=DIRECTION('',(1.,0.,-0.));
#2141=AXIS2_PLACEMENT_3D('',#2138,#2139,#2140);
#2142=CIRCLE('',#2141,1.);
#2143=EDGE_CURVE('',#2129,#2137,#2142,.T.);
#2144=ORIENTED_EDGE('',*,*,#2143,.T.);
#2145=CARTESIAN_POINT('',(-30.499973486,1.500001729,3.795809409));
#2146=VERTEX_POINT('',#2145);
#2147=CARTESIAN_POINT('',(-18.499973486,1.500001729,3.795809409));
#2148=DIRECTION('',(-1.,0.,0.));
#2149=VECTOR('',#2148,12.);
#2150=LINE('',#2147,#2149);
#2151=EDGE_CURVE('',#2137,#2146,#2150,.T.);
#2152=ORIENTED_EDGE('',*,*,#2151,.T.);
#2153=CARTESIAN_POINT('',(-30.499973486,2.500001729,3.795809409));
#2154=DIRECTION('',(-0.,-0.,-1.));
#2155=DIRECTION('',(1.,0.,-0.));
#2156=AXIS2_PLACEMENT_3D('',#2153,#2154,#2155);
#2157=CIRCLE('',#2156,1.);
#2158=EDGE_CURVE('',#2146,#2093,#2157,.T.);
#2159=ORIENTED_EDGE('',*,*,#2158,.T.);
#2160=EDGE_LOOP('',(#2101,#2110,#2118,#2127,#2135,#2144,#2152,#2159));
#2161=FACE_BOUND('',#2160,.T.);
#2162=CARTESIAN_POINT('',(-31.499973486,19.500001729,3.795809409));
#2163=VERTEX_POINT('',#2162);
#2164=CARTESIAN_POINT('',(-31.499973486,31.500001729,3.795809409));
#2165=VERTEX_POINT('',#2164);
#2166=CARTESIAN_POINT('',(-31.499973486,19.500001729,3.795809409));
#2167=DIRECTION('',(0.,1.,0.));
#2168=VECTOR('',#2167,12.);
#2169=LINE('',#2166,#2168);
#2170=EDGE_CURVE('',#2163,#2165,#2169,.T.);
#2171=ORIENTED_EDGE('',*,*,#2170,.T.);
#2172=CARTESIAN_POINT('',(-30.499973486,32.500001729,3.795809409));
#2173=VERTEX_POINT('',#2172);
#2174=CARTESIAN_POINT('',(-30.499973486,31.500001729,3.795809409));
#2175=DIRECTION('',(-0.,-0.,-1.));
#2176=DIRECTION('',(1.,0.,-0.));
#2177=AXIS2_PLACEMENT_3D('',#2174,#2175,#2176);
#2178=CIRCLE('',#2177,1.);
#2179=EDGE_CURVE('',#2165,#2173,#2178,.T.);
#2180=ORIENTED_EDGE('',*,*,#2179,.T.);
#2181=CARTESIAN_POINT('',(-18.499973486,32.500001729,3.795809409));
#2182=VERTEX_POINT('',#2181);
#2183=CARTESIAN_POINT('',(-30.499973486,32.500001729,3.795809409));
#2184=DIRECTION('',(1.,0.,-0.));
#2185=VECTOR('',#2184,12.);
#2186=LINE('',#2183,#2185);
#2187=EDGE_CURVE('',#2173,#2182,#2186,.T.);
#2188=ORIENTED_EDGE('',*,*,#2187,.T.);
#2189=CARTESIAN_POINT('',(-17.499973486,31.500001729,3.795809409));
#2190=VERTEX_POINT('',#2189);
#2191=CARTESIAN_POINT('',(-18.499973486,31.500001729,3.795809409));
#2192=DIRECTION('',(-0.,-0.,-1.));
#2193=DIRECTION('',(1.,0.,-0.));
#2194=AXIS2_PLACEMENT_3D('',#2191,#2192,#2193);
#2195=CIRCLE('',#2194,1.);
#2196=EDGE_CURVE('',#2182,#2190,#2195,.T.);
#2197=ORIENTED_EDGE('',*,*,#2196,.T.);
#2198=CARTESIAN_POINT('',(-17.499973486,19.500001729,3.795809409));
#2199=VERTEX_POINT('',#2198);
#2200=CARTESIAN_POINT('',(-17.499973486,31.500001729,3.795809409));
#2201=DIRECTION('',(0.,-1.,0.));
#2202=VECTOR('',#2201,12.);
#2203=LINE('',#2200,#2202);
#2204=EDGE_CURVE('',#2190,#2199,#2203,.T.);
#2205=ORIENTED_EDGE('',*,*,#2204,.T.);
#2206=CARTESIAN_POINT('',(-18.499973486,18.500001729,3.795809409));
#2207=VERTEX_POINT('',#2206);
#2208=CARTESIAN_POINT('',(-18.499973486,19.500001729,3.795809409));
#2209=DIRECTION('',(-0.,-0.,-1.));
#2210=DIRECTION('',(1.,0.,-0.));
#2211=AXIS2_PLACEMENT_3D('',#2208,#2209,#2210);
#2212=CIRCLE('',#2211,1.);
#2213=EDGE_CURVE('',#2199,#2207,#2212,.T.);
#2214=ORIENTED_EDGE('',*,*,#2213,.T.);
#2215=CARTESIAN_POINT('',(-30.499973486,18.500001729,3.795809409));
#2216=VERTEX_POINT('',#2215);
#2217=CARTESIAN_POINT('',(-18.499973486,18.500001729,3.795809409));
#2218=DIRECTION('',(-1.,0.,0.));
#2219=VECTOR('',#2218,12.);
#2220=LINE('',#2217,#2219);
#2221=EDGE_CURVE('',#2207,#2216,#2220,.T.);
#2222=ORIENTED_EDGE('',*,*,#2221,.T.);
#2223=CARTESIAN_POINT('',(-30.499973486,19.500001729,3.795809409));
#2224=DIRECTION('',(-0.,-0.,-1.));
#2225=DIRECTION('',(1.,0.,-0.));
#2226=AXIS2_PLACEMENT_3D('',#2223,#2224,#2225);
#2227=CIRCLE('',#2226,1.);
#2228=EDGE_CURVE('',#2216,#2163,#2227,.T.);
#2229=ORIENTED_EDGE('',*,*,#2228,.T.);
#2230=EDGE_LOOP('',(#2171,#2180,#2188,#2197,#2205,#2214,#2222,#2229));
#2231=FACE_BOUND('',#2230,.T.);
#2232=CARTESIAN_POINT('',(17.500026514,-31.499998271,3.795809409));
#2233=VERTEX_POINT('',#2232);
#2234=CARTESIAN_POINT('',(17.500026514,-19.499998271,3.795809409));
#2235=VERTEX_POINT('',#2234);
#2236=CARTESIAN_POINT('',(17.500026514,-31.499998271,3.795809409));
#2237=DIRECTION('',(0.,1.,0.));
#2238=VECTOR('',#2237,12.);
#2239=LINE('',#2236,#2238);
#2240=EDGE_CURVE('',#2233,#2235,#2239,.T.);
#2241=ORIENTED_EDGE('',*,*,#2240,.T.);
#2242=CARTESIAN_POINT('',(18.500026514,-18.499998271,3.795809409));
#2243=VERTEX_POINT('',#2242);
#2244=CARTESIAN_POINT('',(18.500026514,-19.499998271,3.795809409));
#2245=DIRECTION('',(-0.,-0.,-1.));
#2246=DIRECTION('',(1.,0.,-0.));
#2247=AXIS2_PLACEMENT_3D('',#2244,#2245,#2246);
#2248=CIRCLE('',#2247,1.);
#2249=EDGE_CURVE('',#2235,#2243,#2248,.T.);
#2250=ORIENTED_EDGE('',*,*,#2249,.T.);
#2251=CARTESIAN_POINT('',(30.500026514,-18.499998271,3.795809409));
#2252=VERTEX_POINT('',#2251);
#2253=CARTESIAN_POINT('',(18.500026514,-18.499998271,3.795809409));
#2254=DIRECTION('',(1.,0.,-0.));
#2255=VECTOR('',#2254,12.);
#2256=LINE('',#2253,#2255);
#2257=EDGE_CURVE('',#2243,#2252,#2256,.T.);
#2258=ORIENTED_EDGE('',*,*,#2257,.T.);
#2259=CARTESIAN_POINT('',(31.500026514,-19.499998271,3.795809409));
#2260=VERTEX_POINT('',#2259);
#2261=CARTESIAN_POINT('',(30.500026514,-19.499998271,3.795809409));
#2262=DIRECTION('',(-0.,-0.,-1.));
#2263=DIRECTION('',(1.,0.,-0.));
#2264=AXIS2_PLACEMENT_3D('',#2261,#2262,#2263);
#2265=CIRCLE('',#2264,1.);
#2266=EDGE_CURVE('',#2252,#2260,#2265,.T.);
#2267=ORIENTED_EDGE('',*,*,#2266,.T.);
#2268=CARTESIAN_POINT('',(31.500026514,-31.499998271,3.795809409));
#2269=VERTEX_POINT('',#2268);
#2270=CARTESIAN_POINT('',(31.500026514,-19.499998271,3.795809409));
#2271=DIRECTION('',(0.,-1.,0.));
#2272=VECTOR('',#2271,12.);
#2273=LINE('',#2270,#2272);
#2274=EDGE_CURVE('',#2260,#2269,#2273,.T.);
#2275=ORIENTED_EDGE('',*,*,#2274,.T.);
#2276=CARTESIAN_POINT('',(30.500026514,-32.499998271,3.795809409));
#2277=VERTEX_POINT('',#2276);
#2278=CARTESIAN_POINT('',(30.500026514,-31.499998271,3.795809409));
#2279=DIRECTION('',(-0.,-0.,-1.));
#2280=DIRECTION('',(1.,0.,-0.));
#2281=AXIS2_PLACEMENT_3D('',#2278,#2279,#2280);
#2282=CIRCLE('',#2281,1.);
#2283=EDGE_CURVE('',#2269,#2277,#2282,.T.);
#2284=ORIENTED_EDGE('',*,*,#2283,.T.);
#2285=CARTESIAN_POINT('',(18.500026514,-32.499998271,3.795809409));
#2286=VERTEX_POINT('',#2285);
#2287=CARTESIAN_POINT('',(30.500026514,-32.499998271,3.795809409));
#2288=DIRECTION('',(-1.,0.,0.));
#2289=VECTOR('',#2288,12.);
#2290=LINE('',#2287,#2289);
#2291=EDGE_CURVE('',#2277,#2286,#2290,.T.);
#2292=ORIENTED_EDGE('',*,*,#2291,.T.);
#2293=CARTESIAN_POINT('',(18.500026514,-31.499998271,3.795809409));
#2294=DIRECTION('',(-0.,-0.,-1.));
#2295=DIRECTION('',(1.,0.,-0.));
#2296=AXIS2_PLACEMENT_3D('',#2293,#2294,#2295);
#2297=CIRCLE('',#2296,1.);
#2298=EDGE_CURVE('',#2286,#2233,#2297,.T.);
#2299=ORIENTED_EDGE('',*,*,#2298,.T.);
#2300=EDGE_LOOP('',(#2241,#2250,#2258,#2267,#2275,#2284,#2292,#2299));
#2301=FACE_BOUND('',#2300,.T.);
#2302=CARTESIAN_POINT('',(17.500026514,-14.499998271,3.795809409));
#2303=VERTEX_POINT('',#2302);
#2304=CARTESIAN_POINT('',(17.500026514,-2.499998271,3.795809409));
#2305=VERTEX_POINT('',#2304);
#2306=CARTESIAN_POINT('',(17.500026514,-14.499998271,3.795809409));
#2307=DIRECTION('',(0.,1.,0.));
#2308=VECTOR('',#2307,12.);
#2309=LINE('',#2306,#2308);
#2310=EDGE_CURVE('',#2303,#2305,#2309,.T.);
#2311=ORIENTED_EDGE('',*,*,#2310,.T.);
#2312=CARTESIAN_POINT('',(18.500026514,-1.499998271,3.795809409));
#2313=VERTEX_POINT('',#2312);
#2314=CARTESIAN_POINT('',(18.500026514,-2.499998271,3.795809409));
#2315=DIRECTION('',(-0.,-0.,-1.));
#2316=DIRECTION('',(1.,0.,-0.));
#2317=AXIS2_PLACEMENT_3D('',#2314,#2315,#2316);
#2318=CIRCLE('',#2317,1.);
#2319=EDGE_CURVE('',#2305,#2313,#2318,.T.);
#2320=ORIENTED_EDGE('',*,*,#2319,.T.);
#2321=CARTESIAN_POINT('',(30.500026514,-1.499998271,3.795809409));
#2322=VERTEX_POINT('',#2321);
#2323=CARTESIAN_POINT('',(18.500026514,-1.499998271,3.795809409));
#2324=DIRECTION('',(1.,0.,-0.));
#2325=VECTOR('',#2324,12.);
#2326=LINE('',#2323,#2325);
#2327=EDGE_CURVE('',#2313,#2322,#2326,.T.);
#2328=ORIENTED_EDGE('',*,*,#2327,.T.);
#2329=CARTESIAN_POINT('',(31.500026514,-2.499998271,3.795809409));
#2330=VERTEX_POINT('',#2329);
#2331=CARTESIAN_POINT('',(30.500026514,-2.499998271,3.795809409));
#2332=DIRECTION('',(-0.,-0.,-1.));
#2333=DIRECTION('',(1.,0.,-0.));
#2334=AXIS2_PLACEMENT_3D('',#2331,#2332,#2333);
#2335=CIRCLE('',#2334,1.);
#2336=EDGE_CURVE('',#2322,#2330,#2335,.T.);
#2337=ORIENTED_EDGE('',*,*,#2336,.T.);
#2338=CARTESIAN_POINT('',(31.500026514,-14.499998271,3.795809409));
#2339=VERTEX_POINT('',#2338);
#2340=CARTESIAN_POINT('',(31.500026514,-2.499998271,3.795809409));
#2341=DIRECTION('',(0.,-1.,0.));
#2342=VECTOR('',#2341,12.);
#2343=LINE('',#2340,#2342);
#2344=EDGE_CURVE('',#2330,#2339,#2343,.T.);
#2345=ORIENTED_EDGE('',*,*,#2344,.T.);
#2346=CARTESIAN_POINT('',(30.500026514,-15.499998271,3.795809409));
#2347=VERTEX_POINT('',#2346);
#2348=CARTESIAN_POINT('',(30.500026514,-14.499998271,3.795809409));
#2349=DIRECTION('',(-0.,-0.,-1.));
#2350=DIRECTION('',(1.,0.,-0.));
#2351=AXIS2_PLACEMENT_3D('',#2348,#2349,#2350);
#2352=CIRCLE('',#2351,1.);
#2353=EDGE_CURVE('',#2339,#2347,#2352,.T.);
#2354=ORIENTED_EDGE('',*,*,#2353,.T.);
#2355=CARTESIAN_POINT('',(18.500026514,-15.499998271,3.795809409));
#2356=VERTEX_POINT('',#2355);
#2357=CARTESIAN_POINT('',(30.500026514,-15.499998271,3.795809409));
#2358=DIRECTION('',(-1.,0.,0.));
#2359=VECTOR('',#2358,12.);
#2360=LINE('',#2357,#2359);
#2361=EDGE_CURVE('',#2347,#2356,#2360,.T.);
#2362=ORIENTED_EDGE('',*,*,#2361,.T.);
#2363=CARTESIAN_POINT('',(18.500026514,-14.499998271,3.795809409));
#2364=DIRECTION('',(-0.,-0.,-1.));
#2365=DIRECTION('',(1.,0.,-0.));
#2366=AXIS2_PLACEMENT_3D('',#2363,#2364,#2365);
#2367=CIRCLE('',#2366,1.);
#2368=EDGE_CURVE('',#2356,#2303,#2367,.T.);
#2369=ORIENTED_EDGE('',*,*,#2368,.T.);
#2370=EDGE_LOOP('',(#2311,#2320,#2328,#2337,#2345,#2354,#2362,#2369));
#2371=FACE_BOUND('',#2370,.T.);
#2372=CARTESIAN_POINT('',(35.500026514,-31.499998271,3.795809409));
#2373=VERTEX_POINT('',#2372);
#2374=CARTESIAN_POINT('',(35.500026514,-19.499998271,3.795809409));
#2375=VERTEX_POINT('',#2374);
#2376=CARTESIAN_POINT('',(35.500026514,-31.499998271,3.795809409));
#2377=DIRECTION('',(0.,1.,0.));
#2378=VECTOR('',#2377,12.);
#2379=LINE('',#2376,#2378);
#2380=EDGE_CURVE('',#2373,#2375,#2379,.T.);
#2381=ORIENTED_EDGE('',*,*,#2380,.T.);
#2382=CARTESIAN_POINT('',(36.500026514,-18.499998271,3.795809409));
#2383=VERTEX_POINT('',#2382);
#2384=CARTESIAN_POINT('',(36.500026514,-19.499998271,3.795809409));
#2385=DIRECTION('',(-0.,-0.,-1.));
#2386=DIRECTION('',(1.,0.,-0.));
#2387=AXIS2_PLACEMENT_3D('',#2384,#2385,#2386);
#2388=CIRCLE('',#2387,1.);
#2389=EDGE_CURVE('',#2375,#2383,#2388,.T.);
#2390=ORIENTED_EDGE('',*,*,#2389,.T.);
#2391=CARTESIAN_POINT('',(48.500026514,-18.499998271,3.795809409));
#2392=VERTEX_POINT('',#2391);
#2393=CARTESIAN_POINT('',(36.500026514,-18.499998271,3.795809409));
#2394=DIRECTION('',(1.,0.,-0.));
#2395=VECTOR('',#2394,12.);
#2396=LINE('',#2393,#2395);
#2397=EDGE_CURVE('',#2383,#2392,#2396,.T.);
#2398=ORIENTED_EDGE('',*,*,#2397,.T.);
#2399=CARTESIAN_POINT('',(49.500026514,-19.499998271,3.795809409));
#2400=VERTEX_POINT('',#2399);
#2401=CARTESIAN_POINT('',(48.500026514,-19.499998271,3.795809409));
#2402=DIRECTION('',(-0.,-0.,-1.));
#2403=DIRECTION('',(1.,0.,-0.));
#2404=AXIS2_PLACEMENT_3D('',#2401,#2402,#2403);
#2405=CIRCLE('',#2404,1.);
#2406=EDGE_CURVE('',#2392,#2400,#2405,.T.);
#2407=ORIENTED_EDGE('',*,*,#2406,.T.);
#2408=CARTESIAN_POINT('',(49.500026514,-31.499998271,3.795809409));
#2409=VERTEX_POINT('',#2408);
#2410=CARTESIAN_POINT('',(49.500026514,-19.499998271,3.795809409));
#2411=DIRECTION('',(0.,-1.,0.));
#2412=VECTOR('',#2411,12.);
#2413=LINE('',#2410,#2412);
#2414=EDGE_CURVE('',#2400,#2409,#2413,.T.);
#2415=ORIENTED_EDGE('',*,*,#2414,.T.);
#2416=CARTESIAN_POINT('',(48.500026514,-32.499998271,3.795809409));
#2417=VERTEX_POINT('',#2416);
#2418=CARTESIAN_POINT('',(48.500026514,-31.499998271,3.795809409));
#2419=DIRECTION('',(-0.,-0.,-1.));
#2420=DIRECTION('',(1.,0.,-0.));
#2421=AXIS2_PLACEMENT_3D('',#2418,#2419,#2420);
#2422=CIRCLE('',#2421,1.);
#2423=EDGE_CURVE('',#2409,#2417,#2422,.T.);
#2424=ORIENTED_EDGE('',*,*,#2423,.T.);
#2425=CARTESIAN_POINT('',(36.500026514,-32.499998271,3.795809409));
#2426=VERTEX_POINT('',#2425);
#2427=CARTESIAN_POINT('',(48.500026514,-32.499998271,3.795809409));
#2428=DIRECTION('',(-1.,0.,0.));
#2429=VECTOR('',#2428,12.);
#2430=LINE('',#2427,#2429);
#2431=EDGE_CURVE('',#2417,#2426,#2430,.T.);
#2432=ORIENTED_EDGE('',*,*,#2431,.T.);
#2433=CARTESIAN_POINT('',(36.500026514,-31.499998271,3.795809409));
#2434=DIRECTION('',(-0.,-0.,-1.));
#2435=DIRECTION('',(1.,0.,-0.));
#2436=AXIS2_PLACEMENT_3D('',#2433,#2434,#2435);
#2437=CIRCLE('',#2436,1.);
#2438=EDGE_CURVE('',#2426,#2373,#2437,.T.);
#2439=ORIENTED_EDGE('',*,*,#2438,.T.);
#2440=EDGE_LOOP('',(#2381,#2390,#2398,#2407,#2415,#2424,#2432,#2439));
#2441=FACE_BOUND('',#2440,.T.);
#2442=CARTESIAN_POINT('',(35.500026514,-14.499998271,3.795809409));
#2443=VERTEX_POINT('',#2442);
#2444=CARTESIAN_POINT('',(35.500026514,-2.499998271,3.795809409));
#2445=VERTEX_POINT('',#2444);
#2446=CARTESIAN_POINT('',(35.500026514,-14.499998271,3.795809409));
#2447=DIRECTION('',(0.,1.,0.));
#2448=VECTOR('',#2447,12.);
#2449=LINE('',#2446,#2448);
#2450=EDGE_CURVE('',#2443,#2445,#2449,.T.);
#2451=ORIENTED_EDGE('',*,*,#2450,.T.);
#2452=CARTESIAN_POINT('',(36.500026514,-1.499998271,3.795809409));
#2453=VERTEX_POINT('',#2452);
#2454=CARTESIAN_POINT('',(36.500026514,-2.499998271,3.795809409));
#2455=DIRECTION('',(-0.,-0.,-1.));
#2456=DIRECTION('',(1.,0.,-0.));
#2457=AXIS2_PLACEMENT_3D('',#2454,#2455,#2456);
#2458=CIRCLE('',#2457,1.);
#2459=EDGE_CURVE('',#2445,#2453,#2458,.T.);
#2460=ORIENTED_EDGE('',*,*,#2459,.T.);
#2461=CARTESIAN_POINT('',(48.500026514,-1.499998271,3.795809409));
#2462=VERTEX_POINT('',#2461);
#2463=CARTESIAN_POINT('',(36.500026514,-1.499998271,3.795809409));
#2464=DIRECTION('',(1.,0.,-0.));
#2465=VECTOR('',#2464,12.);
#2466=LINE('',#2463,#2465);
#2467=EDGE_CURVE('',#2453,#2462,#2466,.T.);
#2468=ORIENTED_EDGE('',*,*,#2467,.T.);
#2469=CARTESIAN_POINT('',(49.500026514,-2.499998271,3.795809409));
#2470=VERTEX_POINT('',#2469);
#2471=CARTESIAN_POINT('',(48.500026514,-2.499998271,3.795809409));
#2472=DIRECTION('',(-0.,-0.,-1.));
#2473=DIRECTION('',(1.,0.,-0.));
#2474=AXIS2_PLACEMENT_3D('',#2471,#2472,#2473);
#2475=CIRCLE('',#2474,1.);
#2476=EDGE_CURVE('',#2462,#2470,#2475,.T.);
#2477=ORIENTED_EDGE('',*,*,#2476,.T.);
#2478=CARTESIAN_POINT('',(49.500026514,-14.499998271,3.795809409));
#2479=VERTEX_POINT('',#2478);
#2480=CARTESIAN_POINT('',(49.500026514,-2.499998271,3.795809409));
#2481=DIRECTION('',(0.,-1.,0.));
#2482=VECTOR('',#2481,12.);
#2483=LINE('',#2480,#2482);
#2484=EDGE_CURVE('',#2470,#2479,#2483,.T.);
#2485=ORIENTED_EDGE('',*,*,#2484,.T.);
#2486=CARTESIAN_POINT('',(48.500026514,-15.499998271,3.795809409));
#2487=VERTEX_POINT('',#2486);
#2488=CARTESIAN_POINT('',(48.500026514,-14.499998271,3.795809409));
#2489=DIRECTION('',(-0.,-0.,-1.));
#2490=DIRECTION('',(1.,0.,-0.));
#2491=AXIS2_PLACEMENT_3D('',#2488,#2489,#2490);
#2492=CIRCLE('',#2491,1.);
#2493=EDGE_CURVE('',#2479,#2487,#2492,.T.);
#2494=ORIENTED_EDGE('',*,*,#2493,.T.);
#2495=CARTESIAN_POINT('',(36.500026514,-15.499998271,3.795809409));
#2496=VERTEX_POINT('',#2495);
#2497=CARTESIAN_POINT('',(48.500026514,-15.499998271,3.795809409));
#2498=DIRECTION('',(-1.,0.,0.));
#2499=VECTOR('',#2498,12.);
#2500=LINE('',#2497,#2499);
#2501=EDGE_CURVE('',#2487,#2496,#2500,.T.);
#2502=ORIENTED_EDGE('',*,*,#2501,.T.);
#2503=CARTESIAN_POINT('',(36.500026514,-14.499998271,3.795809409));
#2504=DIRECTION('',(-0.,-0.,-1.));
#2505=DIRECTION('',(1.,0.,-0.));
#2506=AXIS2_PLACEMENT_3D('',#2503,#2504,#2505);
#2507=CIRCLE('',#2506,1.);
#2508=EDGE_CURVE('',#2496,#2443,#2507,.T.);
#2509=ORIENTED_EDGE('',*,*,#2508,.T.);
#2510=EDGE_LOOP('',(#2451,#2460,#2468,#2477,#2485,#2494,#2502,#2509));
#2511=FACE_BOUND('',#2510,.T.);
#2512=CARTESIAN_POINT('',(53.500026514,-14.499998271,3.795809409));
#2513=VERTEX_POINT('',#2512);
#2514=CARTESIAN_POINT('',(53.500026514,-2.499998271,3.795809409));
#2515=VERTEX_POINT('',#2514);
#2516=CARTESIAN_POINT('',(53.500026514,-14.499998271,3.795809409));
#2517=DIRECTION('',(0.,1.,0.));
#2518=VECTOR('',#2517,12.);
#2519=LINE('',#2516,#2518);
#2520=EDGE_CURVE('',#2513,#2515,#2519,.T.);
#2521=ORIENTED_EDGE('',*,*,#2520,.T.);
#2522=CARTESIAN_POINT('',(54.500026514,-1.499998271,3.795809409));
#2523=VERTEX_POINT('',#2522);
#2524=CARTESIAN_POINT('',(54.500026514,-2.499998271,3.795809409));
#2525=DIRECTION('',(-0.,-0.,-1.));
#2526=DIRECTION('',(1.,0.,-0.));
#2527=AXIS2_PLACEMENT_3D('',#2524,#2525,#2526);
#2528=CIRCLE('',#2527,1.);
#2529=EDGE_CURVE('',#2515,#2523,#2528,.T.);
#2530=ORIENTED_EDGE('',*,*,#2529,.T.);
#2531=CARTESIAN_POINT('',(66.500026514,-1.499998271,3.795809409));
#2532=VERTEX_POINT('',#2531);
#2533=CARTESIAN_POINT('',(54.500026514,-1.499998271,3.795809409));
#2534=DIRECTION('',(1.,0.,-0.));
#2535=VECTOR('',#2534,12.);
#2536=LINE('',#2533,#2535);
#2537=EDGE_CURVE('',#2523,#2532,#2536,.T.);
#2538=ORIENTED_EDGE('',*,*,#2537,.T.);
#2539=CARTESIAN_POINT('',(67.500026514,-2.499998271,3.795809409));
#2540=VERTEX_POINT('',#2539);
#2541=CARTESIAN_POINT('',(66.500026514,-2.499998271,3.795809409));
#2542=DIRECTION('',(-0.,-0.,-1.));
#2543=DIRECTION('',(1.,0.,-0.));
#2544=AXIS2_PLACEMENT_3D('',#2541,#2542,#2543);
#2545=CIRCLE('',#2544,1.);
#2546=EDGE_CURVE('',#2532,#2540,#2545,.T.);
#2547=ORIENTED_EDGE('',*,*,#2546,.T.);
#2548=CARTESIAN_POINT('',(67.500026514,-14.499998271,3.795809409));
#2549=VERTEX_POINT('',#2548);
#2550=CARTESIAN_POINT('',(67.500026514,-2.499998271,3.795809409));
#2551=DIRECTION('',(0.,-1.,0.));
#2552=VECTOR('',#2551,12.);
#2553=LINE('',#2550,#2552);
#2554=EDGE_CURVE('',#2540,#2549,#2553,.T.);
#2555=ORIENTED_EDGE('',*,*,#2554,.T.);
#2556=CARTESIAN_POINT('',(66.500026514,-15.499998271,3.795809409));
#2557=VERTEX_POINT('',#2556);
#2558=CARTESIAN_POINT('',(66.500026514,-14.499998271,3.795809409));
#2559=DIRECTION('',(-0.,-0.,-1.));
#2560=DIRECTION('',(1.,0.,-0.));
#2561=AXIS2_PLACEMENT_3D('',#2558,#2559,#2560);
#2562=CIRCLE('',#2561,1.);
#2563=EDGE_CURVE('',#2549,#2557,#2562,.T.);
#2564=ORIENTED_EDGE('',*,*,#2563,.T.);
#2565=CARTESIAN_POINT('',(54.500026514,-15.499998271,3.795809409));
#2566=VERTEX_POINT('',#2565);
#2567=CARTESIAN_POINT('',(66.500026514,-15.499998271,3.795809409));
#2568=DIRECTION('',(-1.,0.,0.));
#2569=VECTOR('',#2568,12.);
#2570=LINE('',#2567,#2569);
#2571=EDGE_CURVE('',#2557,#2566,#2570,.T.);
#2572=ORIENTED_EDGE('',*,*,#2571,.T.);
#2573=CARTESIAN_POINT('',(54.500026514,-14.499998271,3.795809409));
#2574=DIRECTION('',(-0.,-0.,-1.));
#2575=DIRECTION('',(1.,0.,-0.));
#2576=AXIS2_PLACEMENT_3D('',#2573,#2574,#2575);
#2577=CIRCLE('',#2576,1.);
#2578=EDGE_CURVE('',#2566,#2513,#2577,.T.);
#2579=ORIENTED_EDGE('',*,*,#2578,.T.);
#2580=EDGE_LOOP('',(#2521,#2530,#2538,#2547,#2555,#2564,#2572,#2579));
#2581=FACE_BOUND('',#2580,.T.);
#2582=CARTESIAN_POINT('',(71.500026514,-14.499998271,3.795809409));
#2583=VERTEX_POINT('',#2582);
#2584=CARTESIAN_POINT('',(71.500026514,-2.499998271,3.795809409));
#2585=VERTEX_POINT('',#2584);
#2586=CARTESIAN_POINT('',(71.500026514,-14.499998271,3.795809409));
#2587=DIRECTION('',(0.,1.,0.));
#2588=VECTOR('',#2587,12.);
#2589=LINE('',#2586,#2588);
#2590=EDGE_CURVE('',#2583,#2585,#2589,.T.);
#2591=ORIENTED_EDGE('',*,*,#2590,.T.);
#2592=CARTESIAN_POINT('',(72.500026514,-1.499998271,3.795809409));
#2593=VERTEX_POINT('',#2592);
#2594=CARTESIAN_POINT('',(72.500026514,-2.499998271,3.795809409));
#2595=DIRECTION('',(-0.,-0.,-1.));
#2596=DIRECTION('',(1.,0.,-0.));
#2597=AXIS2_PLACEMENT_3D('',#2594,#2595,#2596);
#2598=CIRCLE('',#2597,1.);
#2599=EDGE_CURVE('',#2585,#2593,#2598,.T.);
#2600=ORIENTED_EDGE('',*,*,#2599,.T.);
#2601=CARTESIAN_POINT('',(84.500026514,-1.499998271,3.795809409));
#2602=VERTEX_POINT('',#2601);
#2603=CARTESIAN_POINT('',(72.500026514,-1.499998271,3.795809409));
#2604=DIRECTION('',(1.,0.,-0.));
#2605=VECTOR('',#2604,12.);
#2606=LINE('',#2603,#2605);
#2607=EDGE_CURVE('',#2593,#2602,#2606,.T.);
#2608=ORIENTED_EDGE('',*,*,#2607,.T.);
#2609=CARTESIAN_POINT('',(85.500026514,-2.499998271,3.795809409));
#2610=VERTEX_POINT('',#2609);
#2611=CARTESIAN_POINT('',(84.500026514,-2.499998271,3.795809409));
#2612=DIRECTION('',(-0.,-0.,-1.));
#2613=DIRECTION('',(1.,0.,-0.));
#2614=AXIS2_PLACEMENT_3D('',#2611,#2612,#2613);
#2615=CIRCLE('',#2614,1.);
#2616=EDGE_CURVE('',#2602,#2610,#2615,.T.);
#2617=ORIENTED_EDGE('',*,*,#2616,.T.);
#2618=CARTESIAN_POINT('',(85.500026514,-14.499998271,3.795809409));
#2619=VERTEX_POINT('',#2618);
#2620=CARTESIAN_POINT('',(85.500026514,-2.499998271,3.795809409));
#2621=DIRECTION('',(0.,-1.,0.));
#2622=VECTOR('',#2621,12.);
#2623=LINE('',#2620,#2622);
#2624=EDGE_CURVE('',#2610,#2619,#2623,.T.);
#2625=ORIENTED_EDGE('',*,*,#2624,.T.);
#2626=CARTESIAN_POINT('',(84.500026514,-15.499998271,3.795809409));
#2627=VERTEX_POINT('',#2626);
#2628=CARTESIAN_POINT('',(84.500026514,-14.499998271,3.795809409));
#2629=DIRECTION('',(-0.,-0.,-1.));
#2630=DIRECTION('',(1.,0.,-0.));
#2631=AXIS2_PLACEMENT_3D('',#2628,#2629,#2630);
#2632=CIRCLE('',#2631,1.);
#2633=EDGE_CURVE('',#2619,#2627,#2632,.T.);
#2634=ORIENTED_EDGE('',*,*,#2633,.T.);
#2635=CARTESIAN_POINT('',(72.500026514,-15.499998271,3.795809409));
#2636=VERTEX_POINT('',#2635);
#2637=CARTESIAN_POINT('',(84.500026514,-15.499998271,3.795809409));
#2638=DIRECTION('',(-1.,0.,0.));
#2639=VECTOR('',#2638,12.);
#2640=LINE('',#2637,#2639);
#2641=EDGE_CURVE('',#2627,#2636,#2640,.T.);
#2642=ORIENTED_EDGE('',*,*,#2641,.T.);
#2643=CARTESIAN_POINT('',(72.500026514,-14.499998271,3.795809409));
#2644=DIRECTION('',(-0.,-0.,-1.));
#2645=DIRECTION('',(1.,0.,-0.));
#2646=AXIS2_PLACEMENT_3D('',#2643,#2644,#2645);
#2647=CIRCLE('',#2646,1.);
#2648=EDGE_CURVE('',#2636,#2583,#2647,.T.);
#2649=ORIENTED_EDGE('',*,*,#2648,.T.);
#2650=EDGE_LOOP('',(#2591,#2600,#2608,#2617,#2625,#2634,#2642,#2649));
#2651=FACE_BOUND('',#2650,.T.);
#2652=CARTESIAN_POINT('',(89.500026514,-14.499998271,3.795809409));
#2653=VERTEX_POINT('',#2652);
#2654=CARTESIAN_POINT('',(89.500026514,-2.499998271,3.795809409));
#2655=VERTEX_POINT('',#2654);
#2656=CARTESIAN_POINT('',(89.500026514,-14.499998271,3.795809409));
#2657=DIRECTION('',(0.,1.,0.));
#2658=VECTOR('',#2657,12.);
#2659=LINE('',#2656,#2658);
#2660=EDGE_CURVE('',#2653,#2655,#2659,.T.);
#2661=ORIENTED_EDGE('',*,*,#2660,.T.);
#2662=CARTESIAN_POINT('',(90.500026514,-1.499998271,3.795809409));
#2663=VERTEX_POINT('',#2662);
#2664=CARTESIAN_POINT('',(90.500026514,-2.499998271,3.795809409));
#2665=DIRECTION('',(-0.,-0.,-1.));
#2666=DIRECTION('',(1.,0.,-0.));
#2667=AXIS2_PLACEMENT_3D('',#2664,#2665,#2666);
#2668=CIRCLE('',#2667,1.);
#2669=EDGE_CURVE('',#2655,#2663,#2668,.T.);
#2670=ORIENTED_EDGE('',*,*,#2669,.T.);
#2671=CARTESIAN_POINT('',(102.500026514,-1.499998271,3.795809409));
#2672=VERTEX_POINT('',#2671);
#2673=CARTESIAN_POINT('',(90.500026514,-1.499998271,3.795809409));
#2674=DIRECTION('',(1.,0.,-0.));
#2675=VECTOR('',#2674,12.);
#2676=LINE('',#2673,#2675);
#2677=EDGE_CURVE('',#2663,#2672,#2676,.T.);
#2678=ORIENTED_EDGE('',*,*,#2677,.T.);
#2679=CARTESIAN_POINT('',(103.500026514,-2.499998271,3.795809409));
#2680=VERTEX_POINT('',#2679);
#2681=CARTESIAN_POINT('',(102.500026514,-2.499998271,3.795809409));
#2682=DIRECTION('',(-0.,-0.,-1.));
#2683=DIRECTION('',(1.,0.,-0.));
#2684=AXIS2_PLACEMENT_3D('',#2681,#2682,#2683);
#2685=CIRCLE('',#2684,1.);
#2686=EDGE_CURVE('',#2672,#2680,#2685,.T.);
#2687=ORIENTED_EDGE('',*,*,#2686,.T.);
#2688=CARTESIAN_POINT('',(103.500026514,-14.499998271,3.795809409));
#2689=VERTEX_POINT('',#2688);
#2690=CARTESIAN_POINT('',(103.500026514,-2.499998271,3.795809409));
#2691=DIRECTION('',(0.,-1.,0.));
#2692=VECTOR('',#2691,12.);
#2693=LINE('',#2690,#2692);
#2694=EDGE_CURVE('',#2680,#2689,#2693,.T.);
#2695=ORIENTED_EDGE('',*,*,#2694,.T.);
#2696=CARTESIAN_POINT('',(102.500026514,-15.499998271,3.795809409));
#2697=VERTEX_POINT('',#2696);
#2698=CARTESIAN_POINT('',(102.500026514,-14.499998271,3.795809409));
#2699=DIRECTION('',(-0.,-0.,-1.));
#2700=DIRECTION('',(1.,0.,-0.));
#2701=AXIS2_PLACEMENT_3D('',#2698,#2699,#2700);
#2702=CIRCLE('',#2701,1.);
#2703=EDGE_CURVE('',#2689,#2697,#2702,.T.);
#2704=ORIENTED_EDGE('',*,*,#2703,.T.);
#2705=CARTESIAN_POINT('',(90.500026514,-15.499998271,3.795809409));
#2706=VERTEX_POINT('',#2705);
#2707=CARTESIAN_POINT('',(102.500026514,-15.499998271,3.795809409));
#2708=DIRECTION('',(-1.,0.,0.));
#2709=VECTOR('',#2708,12.);
#2710=LINE('',#2707,#2709);
#2711=EDGE_CURVE('',#2697,#2706,#2710,.T.);
#2712=ORIENTED_EDGE('',*,*,#2711,.T.);
#2713=CARTESIAN_POINT('',(90.500026514,-14.499998271,3.795809409));
#2714=DIRECTION('',(-0.,-0.,-1.));
#2715=DIRECTION('',(1.,0.,-0.));
#2716=AXIS2_PLACEMENT_3D('',#2713,#2714,#2715);
#2717=CIRCLE('',#2716,1.);
#2718=EDGE_CURVE('',#2706,#2653,#2717,.T.);
#2719=ORIENTED_EDGE('',*,*,#2718,.T.);
#2720=EDGE_LOOP('',(#2661,#2670,#2678,#2687,#2695,#2704,#2712,#2719));
#2721=FACE_BOUND('',#2720,.T.);
#2722=CARTESIAN_POINT('',(-103.499973486,-14.499998271,3.795809409));
#2723=VERTEX_POINT('',#2722);
#2724=CARTESIAN_POINT('',(-103.499973486,-2.499998271,3.795809409));
#2725=VERTEX_POINT('',#2724);
#2726=CARTESIAN_POINT('',(-103.499973486,-14.499998271,3.795809409));
#2727=DIRECTION('',(0.,1.,0.));
#2728=VECTOR('',#2727,12.);
#2729=LINE('',#2726,#2728);
#2730=EDGE_CURVE('',#2723,#2725,#2729,.T.);
#2731=ORIENTED_EDGE('',*,*,#2730,.T.);
#2732=CARTESIAN_POINT('',(-102.499973486,-1.499998271,3.795809409));
#2733=VERTEX_POINT('',#2732);
#2734=CARTESIAN_POINT('',(-102.499973486,-2.499998271,3.795809409));
#2735=DIRECTION('',(-0.,-0.,-1.));
#2736=DIRECTION('',(1.,0.,-0.));
#2737=AXIS2_PLACEMENT_3D('',#2734,#2735,#2736);
#2738=CIRCLE('',#2737,1.);
#2739=EDGE_CURVE('',#2725,#2733,#2738,.T.);
#2740=ORIENTED_EDGE('',*,*,#2739,.T.);
#2741=CARTESIAN_POINT('',(-90.499973486,-1.499998271,3.795809409));
#2742=VERTEX_POINT('',#2741);
#2743=CARTESIAN_POINT('',(-102.499973486,-1.499998271,3.795809409));
#2744=DIRECTION('',(1.,0.,-0.));
#2745=VECTOR('',#2744,12.);
#2746=LINE('',#2743,#2745);
#2747=EDGE_CURVE('',#2733,#2742,#2746,.T.);
#2748=ORIENTED_EDGE('',*,*,#2747,.T.);
#2749=CARTESIAN_POINT('',(-89.499973486,-2.499998271,3.795809409));
#2750=VERTEX_POINT('',#2749);
#2751=CARTESIAN_POINT('',(-90.499973486,-2.499998271,3.795809409));
#2752=DIRECTION('',(-0.,-0.,-1.));
#2753=DIRECTION('',(1.,0.,-0.));
#2754=AXIS2_PLACEMENT_3D('',#2751,#2752,#2753);
#2755=CIRCLE('',#2754,1.);
#2756=EDGE_CURVE('',#2742,#2750,#2755,.T.);
#2757=ORIENTED_EDGE('',*,*,#2756,.T.);
#2758=CARTESIAN_POINT('',(-89.499973486,-14.499998271,3.795809409));
#2759=VERTEX_POINT('',#2758);
#2760=CARTESIAN_POINT('',(-89.499973486,-2.499998271,3.795809409));
#2761=DIRECTION('',(0.,-1.,0.));
#2762=VECTOR('',#2761,12.);
#2763=LINE('',#2760,#2762);
#2764=EDGE_CURVE('',#2750,#2759,#2763,.T.);
#2765=ORIENTED_EDGE('',*,*,#2764,.T.);
#2766=CARTESIAN_POINT('',(-90.499973486,-15.499998271,3.795809409));
#2767=VERTEX_POINT('',#2766);
#2768=CARTESIAN_POINT('',(-90.499973486,-14.499998271,3.795809409));
#2769=DIRECTION('',(-0.,-0.,-1.));
#2770=DIRECTION('',(1.,0.,-0.));
#2771=AXIS2_PLACEMENT_3D('',#2768,#2769,#2770);
#2772=CIRCLE('',#2771,1.);
#2773=EDGE_CURVE('',#2759,#2767,#2772,.T.);
#2774=ORIENTED_EDGE('',*,*,#2773,.T.);
#2775=CARTESIAN_POINT('',(-102.499973486,-15.499998271,3.795809409));
#2776=VERTEX_POINT('',#2775);
#2777=CARTESIAN_POINT('',(-90.499973486,-15.499998271,3.795809409));
#2778=DIRECTION('',(-1.,0.,0.));
#2779=VECTOR('',#2778,12.);
#2780=LINE('',#2777,#2779);
#2781=EDGE_CURVE('',#2767,#2776,#2780,.T.);
#2782=ORIENTED_EDGE('',*,*,#2781,.T.);
#2783=CARTESIAN_POINT('',(-102.499973486,-14.499998271,3.795809409));
#2784=DIRECTION('',(-0.,-0.,-1.));
#2785=DIRECTION('',(1.,0.,-0.));
#2786=AXIS2_PLACEMENT_3D('',#2783,#2784,#2785);
#2787=CIRCLE('',#2786,1.);
#2788=EDGE_CURVE('',#2776,#2723,#2787,.T.);
#2789=ORIENTED_EDGE('',*,*,#2788,.T.);
#2790=EDGE_LOOP('',(#2731,#2740,#2748,#2757,#2765,#2774,#2782,#2789));
#2791=FACE_BOUND('',#2790,.T.);
#2792=CARTESIAN_POINT('',(-85.499973486,-14.499998271,3.795809409));
#2793=VERTEX_POINT('',#2792);
#2794=CARTESIAN_POINT('',(-85.499973486,-2.499998271,3.795809409));
#2795=VERTEX_POINT('',#2794);
#2796=CARTESIAN_POINT('',(-85.499973486,-14.499998271,3.795809409));
#2797=DIRECTION('',(0.,1.,0.));
#2798=VECTOR('',#2797,12.);
#2799=LINE('',#2796,#2798);
#2800=EDGE_CURVE('',#2793,#2795,#2799,.T.);
#2801=ORIENTED_EDGE('',*,*,#2800,.T.);
#2802=CARTESIAN_POINT('',(-84.499973486,-1.499998271,3.795809409));
#2803=VERTEX_POINT('',#2802);
#2804=CARTESIAN_POINT('',(-84.499973486,-2.499998271,3.795809409));
#2805=DIRECTION('',(-0.,-0.,-1.));
#2806=DIRECTION('',(1.,0.,-0.));
#2807=AXIS2_PLACEMENT_3D('',#2804,#2805,#2806);
#2808=CIRCLE('',#2807,1.);
#2809=EDGE_CURVE('',#2795,#2803,#2808,.T.);
#2810=ORIENTED_EDGE('',*,*,#2809,.T.);
#2811=CARTESIAN_POINT('',(-72.499973486,-1.499998271,3.795809409));
#2812=VERTEX_POINT('',#2811);
#2813=CARTESIAN_POINT('',(-84.499973486,-1.499998271,3.795809409));
#2814=DIRECTION('',(1.,0.,-0.));
#2815=VECTOR('',#2814,12.);
#2816=LINE('',#2813,#2815);
#2817=EDGE_CURVE('',#2803,#2812,#2816,.T.);
#2818=ORIENTED_EDGE('',*,*,#2817,.T.);
#2819=CARTESIAN_POINT('',(-71.499973486,-2.499998271,3.795809409));
#2820=VERTEX_POINT('',#2819);
#2821=CARTESIAN_POINT('',(-72.499973486,-2.499998271,3.795809409));
#2822=DIRECTION('',(-0.,-0.,-1.));
#2823=DIRECTION('',(1.,0.,-0.));
#2824=AXIS2_PLACEMENT_3D('',#2821,#2822,#2823);
#2825=CIRCLE('',#2824,1.);
#2826=EDGE_CURVE('',#2812,#2820,#2825,.T.);
#2827=ORIENTED_EDGE('',*,*,#2826,.T.);
#2828=CARTESIAN_POINT('',(-71.499973486,-14.499998271,3.795809409));
#2829=VERTEX_POINT('',#2828);
#2830=CARTESIAN_POINT('',(-71.499973486,-2.499998271,3.795809409));
#2831=DIRECTION('',(0.,-1.,0.));
#2832=VECTOR('',#2831,12.);
#2833=LINE('',#2830,#2832);
#2834=EDGE_CURVE('',#2820,#2829,#2833,.T.);
#2835=ORIENTED_EDGE('',*,*,#2834,.T.);
#2836=CARTESIAN_POINT('',(-72.499973486,-15.499998271,3.795809409));
#2837=VERTEX_POINT('',#2836);
#2838=CARTESIAN_POINT('',(-72.499973486,-14.499998271,3.795809409));
#2839=DIRECTION('',(-0.,-0.,-1.));
#2840=DIRECTION('',(1.,0.,-0.));
#2841=AXIS2_PLACEMENT_3D('',#2838,#2839,#2840);
#2842=CIRCLE('',#2841,1.);
#2843=EDGE_CURVE('',#2829,#2837,#2842,.T.);
#2844=ORIENTED_EDGE('',*,*,#2843,.T.);
#2845=CARTESIAN_POINT('',(-84.499973486,-15.499998271,3.795809409));
#2846=VERTEX_POINT('',#2845);
#2847=CARTESIAN_POINT('',(-72.499973486,-15.499998271,3.795809409));
#2848=DIRECTION('',(-1.,0.,0.));
#2849=VECTOR('',#2848,12.);
#2850=LINE('',#2847,#2849);
#2851=EDGE_CURVE('',#2837,#2846,#2850,.T.);
#2852=ORIENTED_EDGE('',*,*,#2851,.T.);
#2853=CARTESIAN_POINT('',(-84.499973486,-14.499998271,3.795809409));
#2854=DIRECTION('',(-0.,-0.,-1.));
#2855=DIRECTION('',(1.,0.,-0.));
#2856=AXIS2_PLACEMENT_3D('',#2853,#2854,#2855);
#2857=CIRCLE('',#2856,1.);
#2858=EDGE_CURVE('',#2846,#2793,#2857,.T.);
#2859=ORIENTED_EDGE('',*,*,#2858,.T.);
#2860=EDGE_LOOP('',(#2801,#2810,#2818,#2827,#2835,#2844,#2852,#2859));
#2861=FACE_BOUND('',#2860,.T.);
#2862=CARTESIAN_POINT('',(-67.499973486,-14.499998271,3.795809409));
#2863=VERTEX_POINT('',#2862);
#2864=CARTESIAN_POINT('',(-67.499973486,-2.499998271,3.795809409));
#2865=VERTEX_POINT('',#2864);
#2866=CARTESIAN_POINT('',(-67.499973486,-14.499998271,3.795809409));
#2867=DIRECTION('',(0.,1.,0.));
#2868=VECTOR('',#2867,12.);
#2869=LINE('',#2866,#2868);
#2870=EDGE_CURVE('',#2863,#2865,#2869,.T.);
#2871=ORIENTED_EDGE('',*,*,#2870,.T.);
#2872=CARTESIAN_POINT('',(-66.499973486,-1.499998271,3.795809409));
#2873=VERTEX_POINT('',#2872);
#2874=CARTESIAN_POINT('',(-66.499973486,-2.499998271,3.795809409));
#2875=DIRECTION('',(-0.,-0.,-1.));
#2876=DIRECTION('',(1.,0.,-0.));
#2877=AXIS2_PLACEMENT_3D('',#2874,#2875,#2876);
#2878=CIRCLE('',#2877,1.);
#2879=EDGE_CURVE('',#2865,#2873,#2878,.T.);
#2880=ORIENTED_EDGE('',*,*,#2879,.T.);
#2881=CARTESIAN_POINT('',(-54.499973486,-1.499998271,3.795809409));
#2882=VERTEX_POINT('',#2881);
#2883=CARTESIAN_POINT('',(-66.499973486,-1.499998271,3.795809409));
#2884=DIRECTION('',(1.,0.,-0.));
#2885=VECTOR('',#2884,12.);
#2886=LINE('',#2883,#2885);
#2887=EDGE_CURVE('',#2873,#2882,#2886,.T.);
#2888=ORIENTED_EDGE('',*,*,#2887,.T.);
#2889=CARTESIAN_POINT('',(-53.499973486,-2.499998271,3.795809409));
#2890=VERTEX_POINT('',#2889);
#2891=CARTESIAN_POINT('',(-54.499973486,-2.499998271,3.795809409));
#2892=DIRECTION('',(-0.,-0.,-1.));
#2893=DIRECTION('',(1.,0.,-0.));
#2894=AXIS2_PLACEMENT_3D('',#2891,#2892,#2893);
#2895=CIRCLE('',#2894,1.);
#2896=EDGE_CURVE('',#2882,#2890,#2895,.T.);
#2897=ORIENTED_EDGE('',*,*,#2896,.T.);
#2898=CARTESIAN_POINT('',(-53.499973486,-14.499998271,3.795809409));
#2899=VERTEX_POINT('',#2898);
#2900=CARTESIAN_POINT('',(-53.499973486,-2.499998271,3.795809409));
#2901=DIRECTION('',(0.,-1.,0.));
#2902=VECTOR('',#2901,12.);
#2903=LINE('',#2900,#2902);
#2904=EDGE_CURVE('',#2890,#2899,#2903,.T.);
#2905=ORIENTED_EDGE('',*,*,#2904,.T.);
#2906=CARTESIAN_POINT('',(-54.499973486,-15.499998271,3.795809409));
#2907=VERTEX_POINT('',#2906);
#2908=CARTESIAN_POINT('',(-54.499973486,-14.499998271,3.795809409));
#2909=DIRECTION('',(-0.,-0.,-1.));
#2910=DIRECTION('',(1.,0.,-0.));
#2911=AXIS2_PLACEMENT_3D('',#2908,#2909,#2910);
#2912=CIRCLE('',#2911,1.);
#2913=EDGE_CURVE('',#2899,#2907,#2912,.T.);
#2914=ORIENTED_EDGE('',*,*,#2913,.T.);
#2915=CARTESIAN_POINT('',(-66.499973486,-15.499998271,3.795809409));
#2916=VERTEX_POINT('',#2915);
#2917=CARTESIAN_POINT('',(-54.499973486,-15.499998271,3.795809409));
#2918=DIRECTION('',(-1.,0.,0.));
#2919=VECTOR('',#2918,12.);
#2920=LINE('',#2917,#2919);
#2921=EDGE_CURVE('',#2907,#2916,#2920,.T.);
#2922=ORIENTED_EDGE('',*,*,#2921,.T.);
#2923=CARTESIAN_POINT('',(-66.499973486,-14.499998271,3.795809409));
#2924=DIRECTION('',(-0.,-0.,-1.));
#2925=DIRECTION('',(1.,0.,-0.));
#2926=AXIS2_PLACEMENT_3D('',#2923,#2924,#2925);
#2927=CIRCLE('',#2926,1.);
#2928=EDGE_CURVE('',#2916,#2863,#2927,.T.);
#2929=ORIENTED_EDGE('',*,*,#2928,.T.);
#2930=EDGE_LOOP('',(#2871,#2880,#2888,#2897,#2905,#2914,#2922,#2929));
#2931=FACE_BOUND('',#2930,.T.);
#2932=CARTESIAN_POINT('',(-49.499973486,-31.499998271,3.795809409));
#2933=VERTEX_POINT('',#2932);
#2934=CARTESIAN_POINT('',(-49.499973486,-19.499998271,3.795809409));
#2935=VERTEX_POINT('',#2934);
#2936=CARTESIAN_POINT('',(-49.499973486,-31.499998271,3.795809409));
#2937=DIRECTION('',(0.,1.,0.));
#2938=VECTOR('',#2937,12.);
#2939=LINE('',#2936,#2938);
#2940=EDGE_CURVE('',#2933,#2935,#2939,.T.);
#2941=ORIENTED_EDGE('',*,*,#2940,.T.);
#2942=CARTESIAN_POINT('',(-48.499973486,-18.499998271,3.795809409));
#2943=VERTEX_POINT('',#2942);
#2944=CARTESIAN_POINT('',(-48.499973486,-19.499998271,3.795809409));
#2945=DIRECTION('',(-0.,-0.,-1.));
#2946=DIRECTION('',(1.,0.,-0.));
#2947=AXIS2_PLACEMENT_3D('',#2944,#2945,#2946);
#2948=CIRCLE('',#2947,1.);
#2949=EDGE_CURVE('',#2935,#2943,#2948,.T.);
#2950=ORIENTED_EDGE('',*,*,#2949,.T.);
#2951=CARTESIAN_POINT('',(-36.499973486,-18.499998271,3.795809409));
#2952=VERTEX_POINT('',#2951);
#2953=CARTESIAN_POINT('',(-48.499973486,-18.499998271,3.795809409));
#2954=DIRECTION('',(1.,0.,-0.));
#2955=VECTOR('',#2954,12.);
#2956=LINE('',#2953,#2955);
#2957=EDGE_CURVE('',#2943,#2952,#2956,.T.);
#2958=ORIENTED_EDGE('',*,*,#2957,.T.);
#2959=CARTESIAN_POINT('',(-35.499973486,-19.499998271,3.795809409));
#2960=VERTEX_POINT('',#2959);
#2961=CARTESIAN_POINT('',(-36.499973486,-19.499998271,3.795809409));
#2962=DIRECTION('',(-0.,-0.,-1.));
#2963=DIRECTION('',(1.,0.,-0.));
#2964=AXIS2_PLACEMENT_3D('',#2961,#2962,#2963);
#2965=CIRCLE('',#2964,1.);
#2966=EDGE_CURVE('',#2952,#2960,#2965,.T.);
#2967=ORIENTED_EDGE('',*,*,#2966,.T.);
#2968=CARTESIAN_POINT('',(-35.499973486,-31.499998271,3.795809409));
#2969=VERTEX_POINT('',#2968);
#2970=CARTESIAN_POINT('',(-35.499973486,-19.499998271,3.795809409));
#2971=DIRECTION('',(0.,-1.,0.));
#2972=VECTOR('',#2971,12.);
#2973=LINE('',#2970,#2972);
#2974=EDGE_CURVE('',#2960,#2969,#2973,.T.);
#2975=ORIENTED_EDGE('',*,*,#2974,.T.);
#2976=CARTESIAN_POINT('',(-36.499973486,-32.499998271,3.795809409));
#2977=VERTEX_POINT('',#2976);
#2978=CARTESIAN_POINT('',(-36.499973486,-31.499998271,3.795809409));
#2979=DIRECTION('',(-0.,-0.,-1.));
#2980=DIRECTION('',(1.,0.,-0.));
#2981=AXIS2_PLACEMENT_3D('',#2978,#2979,#2980);
#2982=CIRCLE('',#2981,1.);
#2983=EDGE_CURVE('',#2969,#2977,#2982,.T.);
#2984=ORIENTED_EDGE('',*,*,#2983,.T.);
#2985=CARTESIAN_POINT('',(-48.499973486,-32.499998271,3.795809409));
#2986=VERTEX_POINT('',#2985);
#2987=CARTESIAN_POINT('',(-36.499973486,-32.499998271,3.795809409));
#2988=DIRECTION('',(-1.,0.,0.));
#2989=VECTOR('',#2988,12.);
#2990=LINE('',#2987,#2989);
#2991=EDGE_CURVE('',#2977,#2986,#2990,.T.);
#2992=ORIENTED_EDGE('',*,*,#2991,.T.);
#2993=CARTESIAN_POINT('',(-48.499973486,-31.499998271,3.795809409));
#2994=DIRECTION('',(-0.,-0.,-1.));
#2995=DIRECTION('',(1.,0.,-0.));
#2996=AXIS2_PLACEMENT_3D('',#2993,#2994,#2995);
#2997=CIRCLE('',#2996,1.);
#2998=EDGE_CURVE('',#2986,#2933,#2997,.T.);
#2999=ORIENTED_EDGE('',*,*,#2998,.T.);
#3000=EDGE_LOOP('',(#2941,#2950,#2958,#2967,#2975,#2984,#2992,#2999));
#3001=FACE_BOUND('',#3000,.T.);
#3002=CARTESIAN_POINT('',(-49.499973486,-14.499998271,3.795809409));
#3003=VERTEX_POINT('',#3002);
#3004=CARTESIAN_POINT('',(-49.499973486,-2.499998271,3.795809409));
#3005=VERTEX_POINT('',#3004);
#3006=CARTESIAN_POINT('',(-49.499973486,-14.499998271,3.795809409));
#3007=DIRECTION('',(0.,1.,0.));
#3008=VECTOR('',#3007,12.);
#3009=LINE('',#3006,#3008);
#3010=EDGE_CURVE('',#3003,#3005,#3009,.T.);
#3011=ORIENTED_EDGE('',*,*,#3010,.T.);
#3012=CARTESIAN_POINT('',(-48.499973486,-1.499998271,3.795809409));
#3013=VERTEX_POINT('',#3012);
#3014=CARTESIAN_POINT('',(-48.499973486,-2.499998271,3.795809409));
#3015=DIRECTION('',(-0.,-0.,-1.));
#3016=DIRECTION('',(1.,0.,-0.));
#3017=AXIS2_PLACEMENT_3D('',#3014,#3015,#3016);
#3018=CIRCLE('',#3017,1.);
#3019=EDGE_CURVE('',#3005,#3013,#3018,.T.);
#3020=ORIENTED_EDGE('',*,*,#3019,.T.);
#3021=CARTESIAN_POINT('',(-36.499973486,-1.499998271,3.795809409));
#3022=VERTEX_POINT('',#3021);
#3023=CARTESIAN_POINT('',(-48.499973486,-1.499998271,3.795809409));
#3024=DIRECTION('',(1.,0.,-0.));
#3025=VECTOR('',#3024,12.);
#3026=LINE('',#3023,#3025);
#3027=EDGE_CURVE('',#3013,#3022,#3026,.T.);
#3028=ORIENTED_EDGE('',*,*,#3027,.T.);
#3029=CARTESIAN_POINT('',(-35.499973486,-2.499998271,3.795809409));
#3030=VERTEX_POINT('',#3029);
#3031=CARTESIAN_POINT('',(-36.499973486,-2.499998271,3.795809409));
#3032=DIRECTION('',(-0.,-0.,-1.));
#3033=DIRECTION('',(1.,0.,-0.));
#3034=AXIS2_PLACEMENT_3D('',#3031,#3032,#3033);
#3035=CIRCLE('',#3034,1.);
#3036=EDGE_CURVE('',#3022,#3030,#3035,.T.);
#3037=ORIENTED_EDGE('',*,*,#3036,.T.);
#3038=CARTESIAN_POINT('',(-35.499973486,-14.499998271,3.795809409));
#3039=VERTEX_POINT('',#3038);
#3040=CARTESIAN_POINT('',(-35.499973486,-2.499998271,3.795809409));
#3041=DIRECTION('',(0.,-1.,0.));
#3042=VECTOR('',#3041,12.);
#3043=LINE('',#3040,#3042);
#3044=EDGE_CURVE('',#3030,#3039,#3043,.T.);
#3045=ORIENTED_EDGE('',*,*,#3044,.T.);
#3046=CARTESIAN_POINT('',(-36.499973486,-15.499998271,3.795809409));
#3047=VERTEX_POINT('',#3046);
#3048=CARTESIAN_POINT('',(-36.499973486,-14.499998271,3.795809409));
#3049=DIRECTION('',(-0.,-0.,-1.));
#3050=DIRECTION('',(1.,0.,-0.));
#3051=AXIS2_PLACEMENT_3D('',#3048,#3049,#3050);
#3052=CIRCLE('',#3051,1.);
#3053=EDGE_CURVE('',#3039,#3047,#3052,.T.);
#3054=ORIENTED_EDGE('',*,*,#3053,.T.);
#3055=CARTESIAN_POINT('',(-48.499973486,-15.499998271,3.795809409));
#3056=VERTEX_POINT('',#3055);
#3057=CARTESIAN_POINT('',(-36.499973486,-15.499998271,3.795809409));
#3058=DIRECTION('',(-1.,0.,0.));
#3059=VECTOR('',#3058,12.);
#3060=LINE('',#3057,#3059);
#3061=EDGE_CURVE('',#3047,#3056,#3060,.T.);
#3062=ORIENTED_EDGE('',*,*,#3061,.T.);
#3063=CARTESIAN_POINT('',(-48.499973486,-14.499998271,3.795809409));
#3064=DIRECTION('',(-0.,-0.,-1.));
#3065=DIRECTION('',(1.,0.,-0.));
#3066=AXIS2_PLACEMENT_3D('',#3063,#3064,#3065);
#3067=CIRCLE('',#3066,1.);
#3068=EDGE_CURVE('',#3056,#3003,#3067,.T.);
#3069=ORIENTED_EDGE('',*,*,#3068,.T.);
#3070=EDGE_LOOP('',(#3011,#3020,#3028,#3037,#3045,#3054,#3062,#3069));
#3071=FACE_BOUND('',#3070,.T.);
#3072=CARTESIAN_POINT('',(-31.499973486,-31.499998271,3.795809409));
#3073=VERTEX_POINT('',#3072);
#3074=CARTESIAN_POINT('',(-31.499973486,-19.499998271,3.795809409));
#3075=VERTEX_POINT('',#3074);
#3076=CARTESIAN_POINT('',(-31.499973486,-31.499998271,3.795809409));
#3077=DIRECTION('',(0.,1.,0.));
#3078=VECTOR('',#3077,12.);
#3079=LINE('',#3076,#3078);
#3080=EDGE_CURVE('',#3073,#3075,#3079,.T.);
#3081=ORIENTED_EDGE('',*,*,#3080,.T.);
#3082=CARTESIAN_POINT('',(-30.499973486,-18.499998271,3.795809409));
#3083=VERTEX_POINT('',#3082);
#3084=CARTESIAN_POINT('',(-30.499973486,-19.499998271,3.795809409));
#3085=DIRECTION('',(-0.,-0.,-1.));
#3086=DIRECTION('',(1.,0.,-0.));
#3087=AXIS2_PLACEMENT_3D('',#3084,#3085,#3086);
#3088=CIRCLE('',#3087,1.);
#3089=EDGE_CURVE('',#3075,#3083,#3088,.T.);
#3090=ORIENTED_EDGE('',*,*,#3089,.T.);
#3091=CARTESIAN_POINT('',(-18.499973486,-18.499998271,3.795809409));
#3092=VERTEX_POINT('',#3091);
#3093=CARTESIAN_POINT('',(-30.499973486,-18.499998271,3.795809409));
#3094=DIRECTION('',(1.,0.,-0.));
#3095=VECTOR('',#3094,12.);
#3096=LINE('',#3093,#3095);
#3097=EDGE_CURVE('',#3083,#3092,#3096,.T.);
#3098=ORIENTED_EDGE('',*,*,#3097,.T.);
#3099=CARTESIAN_POINT('',(-17.499973486,-19.499998271,3.795809409));
#3100=VERTEX_POINT('',#3099);
#3101=CARTESIAN_POINT('',(-18.499973486,-19.499998271,3.795809409));
#3102=DIRECTION('',(-0.,-0.,-1.));
#3103=DIRECTION('',(1.,0.,-0.));
#3104=AXIS2_PLACEMENT_3D('',#3101,#3102,#3103);
#3105=CIRCLE('',#3104,1.);
#3106=EDGE_CURVE('',#3092,#3100,#3105,.T.);
#3107=ORIENTED_EDGE('',*,*,#3106,.T.);
#3108=CARTESIAN_POINT('',(-17.499973486,-31.499998271,3.795809409));
#3109=VERTEX_POINT('',#3108);
#3110=CARTESIAN_POINT('',(-17.499973486,-19.499998271,3.795809409));
#3111=DIRECTION('',(0.,-1.,0.));
#3112=VECTOR('',#3111,12.);
#3113=LINE('',#3110,#3112);
#3114=EDGE_CURVE('',#3100,#3109,#3113,.T.);
#3115=ORIENTED_EDGE('',*,*,#3114,.T.);
#3116=CARTESIAN_POINT('',(-18.499973486,-32.499998271,3.795809409));
#3117=VERTEX_POINT('',#3116);
#3118=CARTESIAN_POINT('',(-18.499973486,-31.499998271,3.795809409));
#3119=DIRECTION('',(-0.,-0.,-1.));
#3120=DIRECTION('',(1.,0.,-0.));
#3121=AXIS2_PLACEMENT_3D('',#3118,#3119,#3120);
#3122=CIRCLE('',#3121,1.);
#3123=EDGE_CURVE('',#3109,#3117,#3122,.T.);
#3124=ORIENTED_EDGE('',*,*,#3123,.T.);
#3125=CARTESIAN_POINT('',(-30.499973486,-32.499998271,3.795809409));
#3126=VERTEX_POINT('',#3125);
#3127=CARTESIAN_POINT('',(-18.499973486,-32.499998271,3.795809409));
#3128=DIRECTION('',(-1.,0.,0.));
#3129=VECTOR('',#3128,12.);
#3130=LINE('',#3127,#3129);
#3131=EDGE_CURVE('',#3117,#3126,#3130,.T.);
#3132=ORIENTED_EDGE('',*,*,#3131,.T.);
#3133=CARTESIAN_POINT('',(-30.499973486,-31.499998271,3.795809409));
#3134=DIRECTION('',(-0.,-0.,-1.));
#3135=DIRECTION('',(1.,0.,-0.));
#3136=AXIS2_PLACEMENT_3D('',#3133,#3134,#3135);
#3137=CIRCLE('',#3136,1.);
#3138=EDGE_CURVE('',#3126,#3073,#3137,.T.);
#3139=ORIENTED_EDGE('',*,*,#3138,.T.);
#3140=EDGE_LOOP('',(#3081,#3090,#3098,#3107,#3115,#3124,#3132,#3139));
#3141=FACE_BOUND('',#3140,.T.);
#3142=CARTESIAN_POINT('',(-31.499973486,-14.499998271,3.795809409));
#3143=VERTEX_POINT('',#3142);
#3144=CARTESIAN_POINT('',(-31.499973486,-2.499998271,3.795809409));
#3145=VERTEX_POINT('',#3144);
#3146=CARTESIAN_POINT('',(-31.499973486,-14.499998271,3.795809409));
#3147=DIRECTION('',(0.,1.,0.));
#3148=VECTOR('',#3147,12.);
#3149=LINE('',#3146,#3148);
#3150=EDGE_CURVE('',#3143,#3145,#3149,.T.);
#3151=ORIENTED_EDGE('',*,*,#3150,.T.);
#3152=CARTESIAN_POINT('',(-30.499973486,-1.499998271,3.795809409));
#3153=VERTEX_POINT('',#3152);
#3154=CARTESIAN_POINT('',(-30.499973486,-2.499998271,3.795809409));
#3155=DIRECTION('',(-0.,-0.,-1.));
#3156=DIRECTION('',(1.,0.,-0.));
#3157=AXIS2_PLACEMENT_3D('',#3154,#3155,#3156);
#3158=CIRCLE('',#3157,1.);
#3159=EDGE_CURVE('',#3145,#3153,#3158,.T.);
#3160=ORIENTED_EDGE('',*,*,#3159,.T.);
#3161=CARTESIAN_POINT('',(-18.499973486,-1.499998271,3.795809409));
#3162=VERTEX_POINT('',#3161);
#3163=CARTESIAN_POINT('',(-30.499973486,-1.499998271,3.795809409));
#3164=DIRECTION('',(1.,0.,-0.));
#3165=VECTOR('',#3164,12.);
#3166=LINE('',#3163,#3165);
#3167=EDGE_CURVE('',#3153,#3162,#3166,.T.);
#3168=ORIENTED_EDGE('',*,*,#3167,.T.);
#3169=CARTESIAN_POINT('',(-17.499973486,-2.499998271,3.795809409));
#3170=VERTEX_POINT('',#3169);
#3171=CARTESIAN_POINT('',(-18.499973486,-2.499998271,3.795809409));
#3172=DIRECTION('',(-0.,-0.,-1.));
#3173=DIRECTION('',(1.,0.,-0.));
#3174=AXIS2_PLACEMENT_3D('',#3171,#3172,#3173);
#3175=CIRCLE('',#3174,1.);
#3176=EDGE_CURVE('',#3162,#3170,#3175,.T.);
#3177=ORIENTED_EDGE('',*,*,#3176,.T.);
#3178=CARTESIAN_POINT('',(-17.499973486,-14.499998271,3.795809409));
#3179=VERTEX_POINT('',#3178);
#3180=CARTESIAN_POINT('',(-17.499973486,-2.499998271,3.795809409));
#3181=DIRECTION('',(0.,-1.,0.));
#3182=VECTOR('',#3181,12.);
#3183=LINE('',#3180,#3182);
#3184=EDGE_CURVE('',#3170,#3179,#3183,.T.);
#3185=ORIENTED_EDGE('',*,*,#3184,.T.);
#3186=CARTESIAN_POINT('',(-18.499973486,-15.499998271,3.795809409));
#3187=VERTEX_POINT('',#3186);
#3188=CARTESIAN_POINT('',(-18.499973486,-14.499998271,3.795809409));
#3189=DIRECTION('',(-0.,-0.,-1.));
#3190=DIRECTION('',(1.,0.,-0.));
#3191=AXIS2_PLACEMENT_3D('',#3188,#3189,#3190);
#3192=CIRCLE('',#3191,1.);
#3193=EDGE_CURVE('',#3179,#3187,#3192,.T.);
#3194=ORIENTED_EDGE('',*,*,#3193,.T.);
#3195=CARTESIAN_POINT('',(-30.499973486,-15.499998271,3.795809409));
#3196=VERTEX_POINT('',#3195);
#3197=CARTESIAN_POINT('',(-18.499973486,-15.499998271,3.795809409));
#3198=DIRECTION('',(-1.,0.,0.));
#3199=VECTOR('',#3198,12.);
#3200=LINE('',#3197,#3199);
#3201=EDGE_CURVE('',#3187,#3196,#3200,.T.);
#3202=ORIENTED_EDGE('',*,*,#3201,.T.);
#3203=CARTESIAN_POINT('',(-30.499973486,-14.499998271,3.795809409));
#3204=DIRECTION('',(-0.,-0.,-1.));
#3205=DIRECTION('',(1.,0.,-0.));
#3206=AXIS2_PLACEMENT_3D('',#3203,#3204,#3205);
#3207=CIRCLE('',#3206,1.);
#3208=EDGE_CURVE('',#3196,#3143,#3207,.T.);
#3209=ORIENTED_EDGE('',*,*,#3208,.T.);
#3210=EDGE_LOOP('',(#3151,#3160,#3168,#3177,#3185,#3194,#3202,#3209));
#3211=FACE_BOUND('',#3210,.T.);
#3212=ADVANCED_FACE('',(#130,#180,#230,#280,#330,#380,#430,#480,#831,#901,#971,#1041,#1111,#1181,#1251,#1321,#1391,#1461,#1531,#1601,#1671,#1741,#1811,#1881,#1951,#2021,
#2091,#2161,#2231,#2301,#2371,#2441,#2511,#2581,#2651,#2721,#2791,#2861,#2931,#3001,#3071,#3141,#3211),#80,.T.);
#3213=CARTESIAN_POINT('',(0.,0.,2.595809409));
#3214=DIRECTION('',(0.,0.,1.));
#3215=DIRECTION('',(1.,0.,0.));
#3216=AXIS2_PLACEMENT_3D('',#3213,#3214,#3215);
#3217=PLANE('',#3216);
#3218=CARTESIAN_POINT('',(86.250038274,14.834962045,2.595809409));
#3219=VERTEX_POINT('',#3218);
#3220=CARTESIAN_POINT('',(88.75001176,14.834960317,2.595809409));
#3221=VERTEX_POINT('',#3220);
#3222=CARTESIAN_POINT('',(86.250038274,14.834962045,2.595809409));
#3223=DIRECTION('',(1.,-0.000000692,0.));
#3224=VECTOR('',#3223,2.499973486);
#3225=LINE('',#3222,#3224);
#3226=EDGE_CURVE('',#3219,#3221,#3225,.T.);
#3227=ORIENTED_EDGE('',*,*,#3226,.T.);
#3228=CARTESIAN_POINT('',(90.,17.,2.595809409));
#3229=VERTEX_POINT('',#3228);
#3230=CARTESIAN_POINT('',(88.75001176,14.834960317,2.595809409));
#3231=DIRECTION('',(0.500000599,0.866025058,0.));
#3232=VECTOR('',#3231,2.499973486);
#3233=LINE('',#3230,#3232);
#3234=EDGE_CURVE('',#3221,#3229,#3233,.T.);
#3235=ORIENTED_EDGE('',*,*,#3234,.T.);
#3236=CARTESIAN_POINT('',(88.750014754,19.165041412,2.595809409));
#3237=VERTEX_POINT('',#3236);
#3238=CARTESIAN_POINT('',(90.,17.,2.595809409));
#3239=DIRECTION('',(-0.499999401,0.86602575,0.));
#3240=VECTOR('',#3239,2.499973486);
#3241=LINE('',#3238,#3240);
#3242=EDGE_CURVE('',#3229,#3237,#3241,.T.);
#3243=ORIENTED_EDGE('',*,*,#3242,.T.);
#3244=CARTESIAN_POINT('',(86.250041268,19.165043141,2.595809409));
#3245=VERTEX_POINT('',#3244);
#3246=CARTESIAN_POINT('',(88.750014754,19.165041412,2.595809409));
#3247=DIRECTION('',(-1.,0.000000692,0.));
#3248=VECTOR('',#3247,2.499973486);
#3249=LINE('',#3246,#3248);
#3250=EDGE_CURVE('',#3237,#3245,#3249,.T.);
#3251=ORIENTED_EDGE('',*,*,#3250,.T.);
#3252=CARTESIAN_POINT('',(85.000053028,17.000003458,2.595809409));
#3253=VERTEX_POINT('',#3252);
#3254=CARTESIAN_POINT('',(86.250041268,19.165043141,2.595809409));
#3255=DIRECTION('',(-0.500000599,-0.866025058,0.));
#3256=VECTOR('',#3255,2.499973486);
#3257=LINE('',#3254,#3256);
#3258=EDGE_CURVE('',#3245,#3253,#3257,.T.);
#3259=ORIENTED_EDGE('',*,*,#3258,.T.);
#3260=CARTESIAN_POINT('',(85.000053028,17.000003458,2.595809409));
#3261=DIRECTION('',(0.499999401,-0.86602575,0.));
#3262=VECTOR('',#3261,2.499973486);
#3263=LINE('',#3260,#3262);
#3264=EDGE_CURVE('',#3253,#3219,#3263,.T.);
#3265=ORIENTED_EDGE('',*,*,#3264,.T.);
#3266=EDGE_LOOP('',(#3227,#3235,#3243,#3251,#3259,#3265));
#3267=FACE_BOUND('',#3266,.T.);
#3268=CARTESIAN_POINT('',(-88.749961726,-2.165037955,2.595809409));
#3269=VERTEX_POINT('',#3268);
#3270=CARTESIAN_POINT('',(-86.24998824,-2.165039683,2.595809409));
#3271=VERTEX_POINT('',#3270);
#3272=CARTESIAN_POINT('',(-88.749961726,-2.165037955,2.595809409));
#3273=DIRECTION('',(1.,-0.000000692,0.));
#3274=VECTOR('',#3273,2.499973486);
#3275=LINE('',#3272,#3274);
#3276=EDGE_CURVE('',#3269,#3271,#3275,.T.);
#3277=ORIENTED_EDGE('',*,*,#3276,.T.);
#3278=CARTESIAN_POINT('',(-85.,0.,2.595809409));
#3279=VERTEX_POINT('',#3278);
#3280=CARTESIAN_POINT('',(-86.24998824,-2.165039683,2.595809409));
#3281=DIRECTION('',(0.500000599,0.866025058,0.));
#3282=VECTOR('',#3281,2.499973486);
#3283=LINE('',#3280,#3282);
#3284=EDGE_CURVE('',#3271,#3279,#3283,.T.);
#3285=ORIENTED_EDGE('',*,*,#3284,.T.);
#3286=CARTESIAN_POINT('',(-86.249985246,2.165041412,2.595809409));
#3287=VERTEX_POINT('',#3286);
#3288=CARTESIAN_POINT('',(-85.,0.,2.595809409));
#3289=DIRECTION('',(-0.499999401,0.86602575,0.));
#3290=VECTOR('',#3289,2.499973486);
#3291=LINE('',#3288,#3290);
#3292=EDGE_CURVE('',#3279,#3287,#3291,.T.);
#3293=ORIENTED_EDGE('',*,*,#3292,.T.);
#3294=CARTESIAN_POINT('',(-88.749958732,2.165043141,2.595809409));
#3295=VERTEX_POINT('',#3294);
#3296=CARTESIAN_POINT('',(-86.249985246,2.165041412,2.595809409));
#3297=DIRECTION('',(-1.,0.000000692,0.));
#3298=VECTOR('',#3297,2.499973486);
#3299=LINE('',#3296,#3298);
#3300=EDGE_CURVE('',#3287,#3295,#3299,.T.);
#3301=ORIENTED_EDGE('',*,*,#3300,.T.);
#3302=CARTESIAN_POINT('',(-89.999946972,0.000003458,2.595809409));
#3303=VERTEX_POINT('',#3302);
#3304=CARTESIAN_POINT('',(-88.749958732,2.165043141,2.595809409));
#3305=DIRECTION('',(-0.500000599,-0.866025058,0.));
#3306=VECTOR('',#3305,2.499973486);
#3307=LINE('',#3304,#3306);
#3308=EDGE_CURVE('',#3295,#3303,#3307,.T.);
#3309=ORIENTED_EDGE('',*,*,#3308,.T.);
#3310=CARTESIAN_POINT('',(-89.999946972,0.000003458,2.595809409));
#3311=DIRECTION('',(0.499999401,-0.86602575,0.));
#3312=VECTOR('',#3311,2.499973486);
#3313=LINE('',#3310,#3312);
#3314=EDGE_CURVE('',#3303,#3269,#3313,.T.);
#3315=ORIENTED_EDGE('',*,*,#3314,.T.);
#3316=EDGE_LOOP('',(#3277,#3285,#3293,#3301,#3309,#3315));
#3317=FACE_BOUND('',#3316,.T.);
#3318=CARTESIAN_POINT('',(32.250038274,-19.165037955,2.595809409));
#3319=VERTEX_POINT('',#3318);
#3320=CARTESIAN_POINT('',(34.75001176,-19.165039683,2.595809409));
#3321=VERTEX_POINT('',#3320);
#3322=CARTESIAN_POINT('',(32.250038274,-19.165037955,2.595809409));
#3323=DIRECTION('',(1.,-0.000000692,0.));
#3324=VECTOR('',#3323,2.499973486);
#3325=LINE('',#3322,#3324);
#3326=EDGE_CURVE('',#3319,#3321,#3325,.T.);
#3327=ORIENTED_EDGE('',*,*,#3326,.T.);
#3328=CARTESIAN_POINT('',(36.,-17.,2.595809409));
#3329=VERTEX_POINT('',#3328);
#3330=CARTESIAN_POINT('',(34.75001176,-19.165039683,2.595809409));
#3331=DIRECTION('',(0.500000599,0.866025058,0.));
#3332=VECTOR('',#3331,2.499973486);
#3333=LINE('',#3330,#3332);
#3334=EDGE_CURVE('',#3321,#3329,#3333,.T.);
#3335=ORIENTED_EDGE('',*,*,#3334,.T.);
#3336=CARTESIAN_POINT('',(34.750014754,-14.834958588,2.595809409));
#3337=VERTEX_POINT('',#3336);
#3338=CARTESIAN_POINT('',(36.,-17.,2.595809409));
#3339=DIRECTION('',(-0.499999401,0.86602575,0.));
#3340=VECTOR('',#3339,2.499973486);
#3341=LINE('',#3338,#3340);
#3342=EDGE_CURVE('',#3329,#3337,#3341,.T.);
#3343=ORIENTED_EDGE('',*,*,#3342,.T.);
#3344=CARTESIAN_POINT('',(32.250041268,-14.834956859,2.595809409));
#3345=VERTEX_POINT('',#3344);
#3346=CARTESIAN_POINT('',(34.750014754,-14.834958588,2.595809409));
#3347=DIRECTION('',(-1.,0.000000692,0.));
#3348=VECTOR('',#3347,2.499973486);
#3349=LINE('',#3346,#3348);
#3350=EDGE_CURVE('',#3337,#3345,#3349,.T.);
#3351=ORIENTED_EDGE('',*,*,#3350,.T.);
#3352=CARTESIAN_POINT('',(31.000053028,-16.999996542,2.595809409));
#3353=VERTEX_POINT('',#3352);
#3354=CARTESIAN_POINT('',(32.250041268,-14.834956859,2.595809409));
#3355=DIRECTION('',(-0.500000599,-0.866025058,0.));
#3356=VECTOR('',#3355,2.499973486);
#3357=LINE('',#3354,#3356);
#3358=EDGE_CURVE('',#3345,#3353,#3357,.T.);
#3359=ORIENTED_EDGE('',*,*,#3358,.T.);
#3360=CARTESIAN_POINT('',(31.000053028,-16.999996542,2.595809409));
#3361=DIRECTION('',(0.499999401,-0.86602575,0.));
#3362=VECTOR('',#3361,2.499973486);
#3363=LINE('',#3360,#3362);
#3364=EDGE_CURVE('',#3353,#3319,#3363,.T.);
#3365=ORIENTED_EDGE('',*,*,#3364,.T.);
#3366=EDGE_LOOP('',(#3327,#3335,#3343,#3351,#3359,#3365));
#3367=FACE_BOUND('',#3366,.T.);
#3368=CARTESIAN_POINT('',(-88.749961726,14.834962045,2.595809409));
#3369=VERTEX_POINT('',#3368);
#3370=CARTESIAN_POINT('',(-86.24998824,14.834960317,2.595809409));
#3371=VERTEX_POINT('',#3370);
#3372=CARTESIAN_POINT('',(-88.749961726,14.834962045,2.595809409));
#3373=DIRECTION('',(1.,-0.000000692,0.));
#3374=VECTOR('',#3373,2.499973486);
#3375=LINE('',#3372,#3374);
#3376=EDGE_CURVE('',#3369,#3371,#3375,.T.);
#3377=ORIENTED_EDGE('',*,*,#3376,.T.);
#3378=CARTESIAN_POINT('',(-85.,17.,2.595809409));
#3379=VERTEX_POINT('',#3378);
#3380=CARTESIAN_POINT('',(-86.24998824,14.834960317,2.595809409));
#3381=DIRECTION('',(0.500000599,0.866025058,0.));
#3382=VECTOR('',#3381,2.499973486);
#3383=LINE('',#3380,#3382);
#3384=EDGE_CURVE('',#3371,#3379,#3383,.T.);
#3385=ORIENTED_EDGE('',*,*,#3384,.T.);
#3386=CARTESIAN_POINT('',(-86.249985246,19.165041412,2.595809409));
#3387=VERTEX_POINT('',#3386);
#3388=CARTESIAN_POINT('',(-85.,17.,2.595809409));
#3389=DIRECTION('',(-0.499999401,0.86602575,0.));
#3390=VECTOR('',#3389,2.499973486);
#3391=LINE('',#3388,#3390);
#3392=EDGE_CURVE('',#3379,#3387,#3391,.T.);
#3393=ORIENTED_EDGE('',*,*,#3392,.T.);
#3394=CARTESIAN_POINT('',(-88.749958732,19.165043141,2.595809409));
#3395=VERTEX_POINT('',#3394);
#3396=CARTESIAN_POINT('',(-86.249985246,19.165041412,2.595809409));
#3397=DIRECTION('',(-1.,0.000000692,0.));
#3398=VECTOR('',#3397,2.499973486);
#3399=LINE('',#3396,#3398);
#3400=EDGE_CURVE('',#3387,#3395,#3399,.T.);
#3401=ORIENTED_EDGE('',*,*,#3400,.T.);
#3402=CARTESIAN_POINT('',(-89.999946972,17.000003458,2.595809409));
#3403=VERTEX_POINT('',#3402);
#3404=CARTESIAN_POINT('',(-88.749958732,19.165043141,2.595809409));
#3405=DIRECTION('',(-0.500000599,-0.866025058,0.));
#3406=VECTOR('',#3405,2.499973486);
#3407=LINE('',#3404,#3406);
#3408=EDGE_CURVE('',#3395,#3403,#3407,.T.);
#3409=ORIENTED_EDGE('',*,*,#3408,.T.);
#3410=CARTESIAN_POINT('',(-89.999946972,17.000003458,2.595809409));
#3411=DIRECTION('',(0.499999401,-0.86602575,0.));
#3412=VECTOR('',#3411,2.499973486);
#3413=LINE('',#3410,#3412);
#3414=EDGE_CURVE('',#3403,#3369,#3413,.T.);
#3415=ORIENTED_EDGE('',*,*,#3414,.T.);
#3416=EDGE_LOOP('',(#3377,#3385,#3393,#3401,#3409,#3415));
#3417=FACE_BOUND('',#3416,.T.);
#3418=CARTESIAN_POINT('',(86.250038274,-2.165037955,2.595809409));
#3419=VERTEX_POINT('',#3418);
#3420=CARTESIAN_POINT('',(88.75001176,-2.165039683,2.595809409));
#3421=VERTEX_POINT('',#3420);
#3422=CARTESIAN_POINT('',(86.250038274,-2.165037955,2.595809409));
#3423=DIRECTION('',(1.,-0.000000692,0.));
#3424=VECTOR('',#3423,2.499973486);
#3425=LINE('',#3422,#3424);
#3426=EDGE_CURVE('',#3419,#3421,#3425,.T.);
#3427=ORIENTED_EDGE('',*,*,#3426,.T.);
#3428=CARTESIAN_POINT('',(90.,0.,2.595809409));
#3429=VERTEX_POINT('',#3428);
#3430=CARTESIAN_POINT('',(88.75001176,-2.165039683,2.595809409));
#3431=DIRECTION('',(0.500000599,0.866025058,0.));
#3432=VECTOR('',#3431,2.499973486);
#3433=LINE('',#3430,#3432);
#3434=EDGE_CURVE('',#3421,#3429,#3433,.T.);
#3435=ORIENTED_EDGE('',*,*,#3434,.T.);
#3436=CARTESIAN_POINT('',(88.750014754,2.165041412,2.595809409));
#3437=VERTEX_POINT('',#3436);
#3438=CARTESIAN_POINT('',(90.,0.,2.595809409));
#3439=DIRECTION('',(-0.499999401,0.86602575,0.));
#3440=VECTOR('',#3439,2.499973486);
#3441=LINE('',#3438,#3440);
#3442=EDGE_CURVE('',#3429,#3437,#3441,.T.);
#3443=ORIENTED_EDGE('',*,*,#3442,.T.);
#3444=CARTESIAN_POINT('',(86.250041268,2.165043141,2.595809409));
#3445=VERTEX_POINT('',#3444);
#3446=CARTESIAN_POINT('',(88.750014754,2.165041412,2.595809409));
#3447=DIRECTION('',(-1.,0.000000692,0.));
#3448=VECTOR('',#3447,2.499973486);
#3449=LINE('',#3446,#3448);
#3450=EDGE_CURVE('',#3437,#3445,#3449,.T.);
#3451=ORIENTED_EDGE('',*,*,#3450,.T.);
#3452=CARTESIAN_POINT('',(85.000053028,0.000003458,2.595809409));
#3453=VERTEX_POINT('',#3452);
#3454=CARTESIAN_POINT('',(86.250041268,2.165043141,2.595809409));
#3455=DIRECTION('',(-0.500000599,-0.866025058,0.));
#3456=VECTOR('',#3455,2.499973486);
#3457=LINE('',#3454,#3456);
#3458=EDGE_CURVE('',#3445,#3453,#3457,.T.);
#3459=ORIENTED_EDGE('',*,*,#3458,.T.);
#3460=CARTESIAN_POINT('',(85.000053028,0.000003458,2.595809409));
#3461=DIRECTION('',(0.499999401,-0.86602575,0.));
#3462=VECTOR('',#3461,2.499973486);
#3463=LINE('',#3460,#3462);
#3464=EDGE_CURVE('',#3453,#3419,#3463,.T.);
#3465=ORIENTED_EDGE('',*,*,#3464,.T.);
#3466=EDGE_LOOP('',(#3427,#3435,#3443,#3451,#3459,#3465));
#3467=FACE_BOUND('',#3466,.T.);
#3468=CARTESIAN_POINT('',(-34.749961726,-19.165037955,2.595809409));
#3469=VERTEX_POINT('',#3468);
#3470=CARTESIAN_POINT('',(-32.24998824,-19.165039683,2.595809409));
#3471=VERTEX_POINT('',#3470);
#3472=CARTESIAN_POINT('',(-34.749961726,-19.165037955,2.595809409));
#3473=DIRECTION('',(1.,-0.000000692,0.));
#3474=VECTOR('',#3473,2.499973486);
#3475=LINE('',#3472,#3474);
#3476=EDGE_CURVE('',#3469,#3471,#3475,.T.);
#3477=ORIENTED_EDGE('',*,*,#3476,.T.);
#3478=CARTESIAN_POINT('',(-31.,-17.,2.595809409));
#3479=VERTEX_POINT('',#3478);
#3480=CARTESIAN_POINT('',(-32.24998824,-19.165039683,2.595809409));
#3481=DIRECTION('',(0.500000599,0.866025058,0.));
#3482=VECTOR('',#3481,2.499973486);
#3483=LINE('',#3480,#3482);
#3484=EDGE_CURVE('',#3471,#3479,#3483,.T.);
#3485=ORIENTED_EDGE('',*,*,#3484,.T.);
#3486=CARTESIAN_POINT('',(-32.249985246,-14.834958588,2.595809409));
#3487=VERTEX_POINT('',#3486);
#3488=CARTESIAN_POINT('',(-31.,-17.,2.595809409));
#3489=DIRECTION('',(-0.499999401,0.86602575,0.));
#3490=VECTOR('',#3489,2.499973486);
#3491=LINE('',#3488,#3490);
#3492=EDGE_CURVE('',#3479,#3487,#3491,.T.);
#3493=ORIENTED_EDGE('',*,*,#3492,.T.);
#3494=CARTESIAN_POINT('',(-34.749958732,-14.834956859,2.595809409));
#3495=VERTEX_POINT('',#3494);
#3496=CARTESIAN_POINT('',(-32.249985246,-14.834958588,2.595809409));
#3497=DIRECTION('',(-1.,0.000000692,0.));
#3498=VECTOR('',#3497,2.499973486);
#3499=LINE('',#3496,#3498);
#3500=EDGE_CURVE('',#3487,#3495,#3499,.T.);
#3501=ORIENTED_EDGE('',*,*,#3500,.T.);
#3502=CARTESIAN_POINT('',(-35.999946972,-16.999996542,2.595809409));
#3503=VERTEX_POINT('',#3502);
#3504=CARTESIAN_POINT('',(-34.749958732,-14.834956859,2.595809409));
#3505=DIRECTION('',(-0.500000599,-0.866025058,0.));
#3506=VECTOR('',#3505,2.499973486);
#3507=LINE('',#3504,#3506);
#3508=EDGE_CURVE('',#3495,#3503,#3507,.T.);
#3509=ORIENTED_EDGE('',*,*,#3508,.T.);
#3510=CARTESIAN_POINT('',(-35.999946972,-16.999996542,2.595809409));
#3511=DIRECTION('',(0.499999401,-0.86602575,0.));
#3512=VECTOR('',#3511,2.499973486);
#3513=LINE('',#3510,#3512);
#3514=EDGE_CURVE('',#3503,#3469,#3513,.T.);
#3515=ORIENTED_EDGE('',*,*,#3514,.T.);
#3516=EDGE_LOOP('',(#3477,#3485,#3493,#3501,#3509,#3515));
#3517=FACE_BOUND('',#3516,.T.);
#3518=CARTESIAN_POINT('',(-34.749961726,14.834962045,2.595809409));
#3519=VERTEX_POINT('',#3518);
#3520=CARTESIAN_POINT('',(-32.24998824,14.834960317,2.595809409));
#3521=VERTEX_POINT('',#3520);
#3522=CARTESIAN_POINT('',(-34.749961726,14.834962045,2.595809409));
#3523=DIRECTION('',(1.,-0.000000692,0.));
#3524=VECTOR('',#3523,2.499973486);
#3525=LINE('',#3522,#3524);
#3526=EDGE_CURVE('',#3519,#3521,#3525,.T.);
#3527=ORIENTED_EDGE('',*,*,#3526,.T.);
#3528=CARTESIAN_POINT('',(-31.,17.,2.595809409));
#3529=VERTEX_POINT('',#3528);
#3530=CARTESIAN_POINT('',(-32.24998824,14.834960317,2.595809409));
#3531=DIRECTION('',(0.500000599,0.866025058,0.));
#3532=VECTOR('',#3531,2.499973486);
#3533=LINE('',#3530,#3532);
#3534=EDGE_CURVE('',#3521,#3529,#3533,.T.);
#3535=ORIENTED_EDGE('',*,*,#3534,.T.);
#3536=CARTESIAN_POINT('',(-32.249985246,19.165041412,2.595809409));
#3537=VERTEX_POINT('',#3536);
#3538=CARTESIAN_POINT('',(-31.,17.,2.595809409));
#3539=DIRECTION('',(-0.499999401,0.86602575,0.));
#3540=VECTOR('',#3539,2.499973486);
#3541=LINE('',#3538,#3540);
#3542=EDGE_CURVE('',#3529,#3537,#3541,.T.);
#3543=ORIENTED_EDGE('',*,*,#3542,.T.);
#3544=CARTESIAN_POINT('',(-34.749958732,19.165043141,2.595809409));
#3545=VERTEX_POINT('',#3544);
#3546=CARTESIAN_POINT('',(-32.249985246,19.165041412,2.595809409));
#3547=DIRECTION('',(-1.,0.000000692,0.));
#3548=VECTOR('',#3547,2.499973486);
#3549=LINE('',#3546,#3548);
#3550=EDGE_CURVE('',#3537,#3545,#3549,.T.);
#3551=ORIENTED_EDGE('',*,*,#3550,.T.);
#3552=CARTESIAN_POINT('',(-35.999946972,17.000003458,2.595809409));
#3553=VERTEX_POINT('',#3552);
#3554=CARTESIAN_POINT('',(-34.749958732,19.165043141,2.595809409));
#3555=DIRECTION('',(-0.500000599,-0.866025058,0.));
#3556=VECTOR('',#3555,2.499973486);
#3557=LINE('',#3554,#3556);
#3558=EDGE_CURVE('',#3545,#3553,#3557,.T.);
#3559=ORIENTED_EDGE('',*,*,#3558,.T.);
#3560=CARTESIAN_POINT('',(-35.999946972,17.000003458,2.595809409));
#3561=DIRECTION('',(0.499999401,-0.86602575,0.));
#3562=VECTOR('',#3561,2.499973486);
#3563=LINE('',#3560,#3562);
#3564=EDGE_CURVE('',#3553,#3519,#3563,.T.);
#3565=ORIENTED_EDGE('',*,*,#3564,.T.);
#3566=EDGE_LOOP('',(#3527,#3535,#3543,#3551,#3559,#3565));
#3567=FACE_BOUND('',#3566,.T.);
#3568=CARTESIAN_POINT('',(32.250038274,14.834962045,2.595809409));
#3569=VERTEX_POINT('',#3568);
#3570=CARTESIAN_POINT('',(34.75001176,14.834960317,2.595809409));
#3571=VERTEX_POINT('',#3570);
#3572=CARTESIAN_POINT('',(32.250038274,14.834962045,2.595809409));
#3573=DIRECTION('',(1.,-0.000000692,0.));
#3574=VECTOR('',#3573,2.499973486);
#3575=LINE('',#3572,#3574);
#3576=EDGE_CURVE('',#3569,#3571,#3575,.T.);
#3577=ORIENTED_EDGE('',*,*,#3576,.T.);
#3578=CARTESIAN_POINT('',(36.,17.,2.595809409));
#3579=VERTEX_POINT('',#3578);
#3580=CARTESIAN_POINT('',(34.75001176,14.834960317,2.595809409));
#3581=DIRECTION('',(0.500000599,0.866025058,0.));
#3582=VECTOR('',#3581,2.499973486);
#3583=LINE('',#3580,#3582);
#3584=EDGE_CURVE('',#3571,#3579,#3583,.T.);
#3585=ORIENTED_EDGE('',*,*,#3584,.T.);
#3586=CARTESIAN_POINT('',(34.750014754,19.165041412,2.595809409));
#3587=VERTEX_POINT('',#3586);
#3588=CARTESIAN_POINT('',(36.,17.,2.595809409));
#3589=DIRECTION('',(-0.499999401,0.86602575,0.));
#3590=VECTOR('',#3589,2.499973486);
#3591=LINE('',#3588,#3590);
#3592=EDGE_CURVE('',#3579,#3587,#3591,.T.);
#3593=ORIENTED_EDGE('',*,*,#3592,.T.);
#3594=CARTESIAN_POINT('',(32.250041268,19.165043141,2.595809409));
#3595=VERTEX_POINT('',#3594);
#3596=CARTESIAN_POINT('',(34.750014754,19.165041412,2.595809409));
#3597=DIRECTION('',(-1.,0.000000692,0.));
#3598=VECTOR('',#3597,2.499973486);
#3599=LINE('',#3596,#3598);
#3600=EDGE_CURVE('',#3587,#3595,#3599,.T.);
#3601=ORIENTED_EDGE('',*,*,#3600,.T.);
#3602=CARTESIAN_POINT('',(31.000053028,17.000003458,2.595809409));
#3603=VERTEX_POINT('',#3602);
#3604=CARTESIAN_POINT('',(32.250041268,19.165043141,2.595809409));
#3605=DIRECTION('',(-0.500000599,-0.866025058,0.));
#3606=VECTOR('',#3605,2.499973486);
#3607=LINE('',#3604,#3606);
#3608=EDGE_CURVE('',#3595,#3603,#3607,.T.);
#3609=ORIENTED_EDGE('',*,*,#3608,.T.);
#3610=CARTESIAN_POINT('',(31.000053028,17.000003458,2.595809409));
#3611=DIRECTION('',(0.499999401,-0.86602575,0.));
#3612=VECTOR('',#3611,2.499973486);
#3613=LINE('',#3610,#3612);
#3614=EDGE_CURVE('',#3603,#3569,#3613,.T.);
#3615=ORIENTED_EDGE('',*,*,#3614,.T.);
#3616=EDGE_LOOP('',(#3577,#3585,#3593,#3601,#3609,#3615));
#3617=FACE_BOUND('',#3616,.T.);
#3618=CARTESIAN_POINT('',(18.500026514,15.500001729,2.595809409));
#3619=VERTEX_POINT('',#3618);
#3620=CARTESIAN_POINT('',(30.500026514,15.500001729,2.595809409));
#3621=VERTEX_POINT('',#3620);
#3622=CARTESIAN_POINT('',(18.500026514,15.500001729,2.595809409));
#3623=DIRECTION('',(1.,0.,-0.));
#3624=VECTOR('',#3623,12.);
#3625=LINE('',#3622,#3624);
#3626=EDGE_CURVE('',#3619,#3621,#3625,.T.);
#3627=ORIENTED_EDGE('',*,*,#3626,.F.);
#3628=CARTESIAN_POINT('',(17.500026514,14.500001729,2.595809409));
#3629=VERTEX_POINT('',#3628);
#3630=CARTESIAN_POINT('',(18.500026514,14.500001729,2.595809409));
#3631=DIRECTION('',(0.,0.,1.));
#3632=DIRECTION('',(1.,0.,-0.));
#3633=AXIS2_PLACEMENT_3D('',#3630,#3631,#3632);
#3634=CIRCLE('',#3633,1.);
#3635=EDGE_CURVE('',#3619,#3629,#3634,.T.);
#3636=ORIENTED_EDGE('',*,*,#3635,.T.);
#3637=CARTESIAN_POINT('',(17.500026514,2.500001729,2.595809409));
#3638=VERTEX_POINT('',#3637);
#3639=CARTESIAN_POINT('',(17.500026514,2.500001729,2.595809409));
#3640=DIRECTION('',(0.,1.,0.));
#3641=VECTOR('',#3640,12.);
#3642=LINE('',#3639,#3641);
#3643=EDGE_CURVE('',#3638,#3629,#3642,.T.);
#3644=ORIENTED_EDGE('',*,*,#3643,.F.);
#3645=CARTESIAN_POINT('',(18.500026514,1.500001729,2.595809409));
#3646=VERTEX_POINT('',#3645);
#3647=CARTESIAN_POINT('',(18.500026514,2.500001729,2.595809409));
#3648=DIRECTION('',(0.,0.,1.));
#3649=DIRECTION('',(1.,0.,-0.));
#3650=AXIS2_PLACEMENT_3D('',#3647,#3648,#3649);
#3651=CIRCLE('',#3650,1.);
#3652=EDGE_CURVE('',#3638,#3646,#3651,.T.);
#3653=ORIENTED_EDGE('',*,*,#3652,.T.);
#3654=CARTESIAN_POINT('',(30.500026514,1.500001729,2.595809409));
#3655=VERTEX_POINT('',#3654);
#3656=CARTESIAN_POINT('',(30.500026514,1.500001729,2.595809409));
#3657=DIRECTION('',(-1.,0.,0.));
#3658=VECTOR('',#3657,12.);
#3659=LINE('',#3656,#3658);
#3660=EDGE_CURVE('',#3655,#3646,#3659,.T.);
#3661=ORIENTED_EDGE('',*,*,#3660,.F.);
#3662=CARTESIAN_POINT('',(31.500026514,2.500001729,2.595809409));
#3663=VERTEX_POINT('',#3662);
#3664=CARTESIAN_POINT('',(30.500026514,2.500001729,2.595809409));
#3665=DIRECTION('',(0.,0.,1.));
#3666=DIRECTION('',(1.,0.,-0.));
#3667=AXIS2_PLACEMENT_3D('',#3664,#3665,#3666);
#3668=CIRCLE('',#3667,1.);
#3669=EDGE_CURVE('',#3655,#3663,#3668,.T.);
#3670=ORIENTED_EDGE('',*,*,#3669,.T.);
#3671=CARTESIAN_POINT('',(31.500026514,14.500001729,2.595809409));
#3672=VERTEX_POINT('',#3671);
#3673=CARTESIAN_POINT('',(31.500026514,14.500001729,2.595809409));
#3674=DIRECTION('',(0.,-1.,0.));
#3675=VECTOR('',#3674,12.);
#3676=LINE('',#3673,#3675);
#3677=EDGE_CURVE('',#3672,#3663,#3676,.T.);
#3678=ORIENTED_EDGE('',*,*,#3677,.F.);
#3679=CARTESIAN_POINT('',(30.500026514,14.500001729,2.595809409));
#3680=DIRECTION('',(0.,0.,1.));
#3681=DIRECTION('',(1.,0.,-0.));
#3682=AXIS2_PLACEMENT_3D('',#3679,#3680,#3681);
#3683=CIRCLE('',#3682,1.);
#3684=EDGE_CURVE('',#3672,#3621,#3683,.T.);
#3685=ORIENTED_EDGE('',*,*,#3684,.T.);
#3686=EDGE_LOOP('',(#3627,#3636,#3644,#3653,#3661,#3670,#3678,#3685));
#3687=FACE_BOUND('',#3686,.T.);
#3688=CARTESIAN_POINT('',(18.500026514,32.500001729,2.595809409));
#3689=VERTEX_POINT('',#3688);
#3690=CARTESIAN_POINT('',(30.500026514,32.500001729,2.595809409));
#3691=VERTEX_POINT('',#3690);
#3692=CARTESIAN_POINT('',(18.500026514,32.500001729,2.595809409));
#3693=DIRECTION('',(1.,0.,-0.));
#3694=VECTOR('',#3693,12.);
#3695=LINE('',#3692,#3694);
#3696=EDGE_CURVE('',#3689,#3691,#3695,.T.);
#3697=ORIENTED_EDGE('',*,*,#3696,.F.);
#3698=CARTESIAN_POINT('',(17.500026514,31.500001729,2.595809409));
#3699=VERTEX_POINT('',#3698);
#3700=CARTESIAN_POINT('',(18.500026514,31.500001729,2.595809409));
#3701=DIRECTION('',(0.,0.,1.));
#3702=DIRECTION('',(1.,0.,-0.));
#3703=AXIS2_PLACEMENT_3D('',#3700,#3701,#3702);
#3704=CIRCLE('',#3703,1.);
#3705=EDGE_CURVE('',#3689,#3699,#3704,.T.);
#3706=ORIENTED_EDGE('',*,*,#3705,.T.);
#3707=CARTESIAN_POINT('',(17.500026514,19.500001729,2.595809409));
#3708=VERTEX_POINT('',#3707);
#3709=CARTESIAN_POINT('',(17.500026514,19.500001729,2.595809409));
#3710=DIRECTION('',(0.,1.,0.));
#3711=VECTOR('',#3710,12.);
#3712=LINE('',#3709,#3711);
#3713=EDGE_CURVE('',#3708,#3699,#3712,.T.);
#3714=ORIENTED_EDGE('',*,*,#3713,.F.);
#3715=CARTESIAN_POINT('',(18.500026514,18.500001729,2.595809409));
#3716=VERTEX_POINT('',#3715);
#3717=CARTESIAN_POINT('',(18.500026514,19.500001729,2.595809409));
#3718=DIRECTION('',(0.,0.,1.));
#3719=DIRECTION('',(1.,0.,-0.));
#3720=AXIS2_PLACEMENT_3D('',#3717,#3718,#3719);
#3721=CIRCLE('',#3720,1.);
#3722=EDGE_CURVE('',#3708,#3716,#3721,.T.);
#3723=ORIENTED_EDGE('',*,*,#3722,.T.);
#3724=CARTESIAN_POINT('',(30.500026514,18.500001729,2.595809409));
#3725=VERTEX_POINT('',#3724);
#3726=CARTESIAN_POINT('',(30.500026514,18.500001729,2.595809409));
#3727=DIRECTION('',(-1.,0.,0.));
#3728=VECTOR('',#3727,12.);
#3729=LINE('',#3726,#3728);
#3730=EDGE_CURVE('',#3725,#3716,#3729,.T.);
#3731=ORIENTED_EDGE('',*,*,#3730,.F.);
#3732=CARTESIAN_POINT('',(31.500026514,19.500001729,2.595809409));
#3733=VERTEX_POINT('',#3732);
#3734=CARTESIAN_POINT('',(30.500026514,19.500001729,2.595809409));
#3735=DIRECTION('',(0.,0.,1.));
#3736=DIRECTION('',(1.,0.,-0.));
#3737=AXIS2_PLACEMENT_3D('',#3734,#3735,#3736);
#3738=CIRCLE('',#3737,1.);
#3739=EDGE_CURVE('',#3725,#3733,#3738,.T.);
#3740=ORIENTED_EDGE('',*,*,#3739,.T.);
#3741=CARTESIAN_POINT('',(31.500026514,31.500001729,2.595809409));
#3742=VERTEX_POINT('',#3741);
#3743=CARTESIAN_POINT('',(31.500026514,31.500001729,2.595809409));
#3744=DIRECTION('',(0.,-1.,0.));
#3745=VECTOR('',#3744,12.);
#3746=LINE('',#3743,#3745);
#3747=EDGE_CURVE('',#3742,#3733,#3746,.T.);
#3748=ORIENTED_EDGE('',*,*,#3747,.F.);
#3749=CARTESIAN_POINT('',(30.500026514,31.500001729,2.595809409));
#3750=DIRECTION('',(0.,0.,1.));
#3751=DIRECTION('',(1.,0.,-0.));
#3752=AXIS2_PLACEMENT_3D('',#3749,#3750,#3751);
#3753=CIRCLE('',#3752,1.);
#3754=EDGE_CURVE('',#3742,#3691,#3753,.T.);
#3755=ORIENTED_EDGE('',*,*,#3754,.T.);
#3756=EDGE_LOOP('',(#3697,#3706,#3714,#3723,#3731,#3740,#3748,#3755));
#3757=FACE_BOUND('',#3756,.T.);
#3758=CARTESIAN_POINT('',(36.500026514,15.500001729,2.595809409));
#3759=VERTEX_POINT('',#3758);
#3760=CARTESIAN_POINT('',(48.500026514,15.500001729,2.595809409));
#3761=VERTEX_POINT('',#3760);
#3762=CARTESIAN_POINT('',(36.500026514,15.500001729,2.595809409));
#3763=DIRECTION('',(1.,0.,-0.));
#3764=VECTOR('',#3763,12.);
#3765=LINE('',#3762,#3764);
#3766=EDGE_CURVE('',#3759,#3761,#3765,.T.);
#3767=ORIENTED_EDGE('',*,*,#3766,.F.);
#3768=CARTESIAN_POINT('',(35.500026514,14.500001729,2.595809409));
#3769=VERTEX_POINT('',#3768);
#3770=CARTESIAN_POINT('',(36.500026514,14.500001729,2.595809409));
#3771=DIRECTION('',(0.,0.,1.));
#3772=DIRECTION('',(1.,0.,-0.));
#3773=AXIS2_PLACEMENT_3D('',#3770,#3771,#3772);
#3774=CIRCLE('',#3773,1.);
#3775=EDGE_CURVE('',#3759,#3769,#3774,.T.);
#3776=ORIENTED_EDGE('',*,*,#3775,.T.);
#3777=CARTESIAN_POINT('',(35.500026514,2.500001729,2.595809409));
#3778=VERTEX_POINT('',#3777);
#3779=CARTESIAN_POINT('',(35.500026514,2.500001729,2.595809409));
#3780=DIRECTION('',(0.,1.,0.));
#3781=VECTOR('',#3780,12.);
#3782=LINE('',#3779,#3781);
#3783=EDGE_CURVE('',#3778,#3769,#3782,.T.);
#3784=ORIENTED_EDGE('',*,*,#3783,.F.);
#3785=CARTESIAN_POINT('',(36.500026514,1.500001729,2.595809409));
#3786=VERTEX_POINT('',#3785);
#3787=CARTESIAN_POINT('',(36.500026514,2.500001729,2.595809409));
#3788=DIRECTION('',(0.,0.,1.));
#3789=DIRECTION('',(1.,0.,-0.));
#3790=AXIS2_PLACEMENT_3D('',#3787,#3788,#3789);
#3791=CIRCLE('',#3790,1.);
#3792=EDGE_CURVE('',#3778,#3786,#3791,.T.);
#3793=ORIENTED_EDGE('',*,*,#3792,.T.);
#3794=CARTESIAN_POINT('',(48.500026514,1.500001729,2.595809409));
#3795=VERTEX_POINT('',#3794);
#3796=CARTESIAN_POINT('',(48.500026514,1.500001729,2.595809409));
#3797=DIRECTION('',(-1.,0.,0.));
#3798=VECTOR('',#3797,12.);
#3799=LINE('',#3796,#3798);
#3800=EDGE_CURVE('',#3795,#3786,#3799,.T.);
#3801=ORIENTED_EDGE('',*,*,#3800,.F.);
#3802=CARTESIAN_POINT('',(49.500026514,2.500001729,2.595809409));
#3803=VERTEX_POINT('',#3802);
#3804=CARTESIAN_POINT('',(48.500026514,2.500001729,2.595809409));
#3805=DIRECTION('',(0.,0.,1.));
#3806=DIRECTION('',(1.,0.,-0.));
#3807=AXIS2_PLACEMENT_3D('',#3804,#3805,#3806);
#3808=CIRCLE('',#3807,1.);
#3809=EDGE_CURVE('',#3795,#3803,#3808,.T.);
#3810=ORIENTED_EDGE('',*,*,#3809,.T.);
#3811=CARTESIAN_POINT('',(49.500026514,14.500001729,2.595809409));
#3812=VERTEX_POINT('',#3811);
#3813=CARTESIAN_POINT('',(49.500026514,14.500001729,2.595809409));
#3814=DIRECTION('',(0.,-1.,0.));
#3815=VECTOR('',#3814,12.);
#3816=LINE('',#3813,#3815);
#3817=EDGE_CURVE('',#3812,#3803,#3816,.T.);
#3818=ORIENTED_EDGE('',*,*,#3817,.F.);
#3819=CARTESIAN_POINT('',(48.500026514,14.500001729,2.595809409));
#3820=DIRECTION('',(0.,0.,1.));
#3821=DIRECTION('',(1.,0.,-0.));
#3822=AXIS2_PLACEMENT_3D('',#3819,#3820,#3821);
#3823=CIRCLE('',#3822,1.);
#3824=EDGE_CURVE('',#3812,#3761,#3823,.T.);
#3825=ORIENTED_EDGE('',*,*,#3824,.T.);
#3826=EDGE_LOOP('',(#3767,#3776,#3784,#3793,#3801,#3810,#3818,#3825));
#3827=FACE_BOUND('',#3826,.T.);
#3828=CARTESIAN_POINT('',(36.500026514,32.500001729,2.595809409));
#3829=VERTEX_POINT('',#3828);
#3830=CARTESIAN_POINT('',(48.500026514,32.500001729,2.595809409));
#3831=VERTEX_POINT('',#3830);
#3832=CARTESIAN_POINT('',(36.500026514,32.500001729,2.595809409));
#3833=DIRECTION('',(1.,0.,-0.));
#3834=VECTOR('',#3833,12.);
#3835=LINE('',#3832,#3834);
#3836=EDGE_CURVE('',#3829,#3831,#3835,.T.);
#3837=ORIENTED_EDGE('',*,*,#3836,.F.);
#3838=CARTESIAN_POINT('',(35.500026514,31.500001729,2.595809409));
#3839=VERTEX_POINT('',#3838);
#3840=CARTESIAN_POINT('',(36.500026514,31.500001729,2.595809409));
#3841=DIRECTION('',(0.,0.,1.));
#3842=DIRECTION('',(1.,0.,-0.));
#3843=AXIS2_PLACEMENT_3D('',#3840,#3841,#3842);
#3844=CIRCLE('',#3843,1.);
#3845=EDGE_CURVE('',#3829,#3839,#3844,.T.);
#3846=ORIENTED_EDGE('',*,*,#3845,.T.);
#3847=CARTESIAN_POINT('',(35.500026514,19.500001729,2.595809409));
#3848=VERTEX_POINT('',#3847);
#3849=CARTESIAN_POINT('',(35.500026514,19.500001729,2.595809409));
#3850=DIRECTION('',(0.,1.,0.));
#3851=VECTOR('',#3850,12.);
#3852=LINE('',#3849,#3851);
#3853=EDGE_CURVE('',#3848,#3839,#3852,.T.);
#3854=ORIENTED_EDGE('',*,*,#3853,.F.);
#3855=CARTESIAN_POINT('',(36.500026514,18.500001729,2.595809409));
#3856=VERTEX_POINT('',#3855);
#3857=CARTESIAN_POINT('',(36.500026514,19.500001729,2.595809409));
#3858=DIRECTION('',(0.,0.,1.));
#3859=DIRECTION('',(1.,0.,-0.));
#3860=AXIS2_PLACEMENT_3D('',#3857,#3858,#3859);
#3861=CIRCLE('',#3860,1.);
#3862=EDGE_CURVE('',#3848,#3856,#3861,.T.);
#3863=ORIENTED_EDGE('',*,*,#3862,.T.);
#3864=CARTESIAN_POINT('',(48.500026514,18.500001729,2.595809409));
#3865=VERTEX_POINT('',#3864);
#3866=CARTESIAN_POINT('',(48.500026514,18.500001729,2.595809409));
#3867=DIRECTION('',(-1.,0.,0.));
#3868=VECTOR('',#3867,12.);
#3869=LINE('',#3866,#3868);
#3870=EDGE_CURVE('',#3865,#3856,#3869,.T.);
#3871=ORIENTED_EDGE('',*,*,#3870,.F.);
#3872=CARTESIAN_POINT('',(49.500026514,19.500001729,2.595809409));
#3873=VERTEX_POINT('',#3872);
#3874=CARTESIAN_POINT('',(48.500026514,19.500001729,2.595809409));
#3875=DIRECTION('',(0.,0.,1.));
#3876=DIRECTION('',(1.,0.,-0.));
#3877=AXIS2_PLACEMENT_3D('',#3874,#3875,#3876);
#3878=CIRCLE('',#3877,1.);
#3879=EDGE_CURVE('',#3865,#3873,#3878,.T.);
#3880=ORIENTED_EDGE('',*,*,#3879,.T.);
#3881=CARTESIAN_POINT('',(49.500026514,31.500001729,2.595809409));
#3882=VERTEX_POINT('',#3881);
#3883=CARTESIAN_POINT('',(49.500026514,31.500001729,2.595809409));
#3884=DIRECTION('',(0.,-1.,0.));
#3885=VECTOR('',#3884,12.);
#3886=LINE('',#3883,#3885);
#3887=EDGE_CURVE('',#3882,#3873,#3886,.T.);
#3888=ORIENTED_EDGE('',*,*,#3887,.F.);
#3889=CARTESIAN_POINT('',(48.500026514,31.500001729,2.595809409));
#3890=DIRECTION('',(0.,0.,1.));
#3891=DIRECTION('',(1.,0.,-0.));
#3892=AXIS2_PLACEMENT_3D('',#3889,#3890,#3891);
#3893=CIRCLE('',#3892,1.);
#3894=EDGE_CURVE('',#3882,#3831,#3893,.T.);
#3895=ORIENTED_EDGE('',*,*,#3894,.T.);
#3896=EDGE_LOOP('',(#3837,#3846,#3854,#3863,#3871,#3880,#3888,#3895));
#3897=FACE_BOUND('',#3896,.T.);
#3898=CARTESIAN_POINT('',(54.500026514,15.500001729,2.595809409));
#3899=VERTEX_POINT('',#3898);
#3900=CARTESIAN_POINT('',(66.500026514,15.500001729,2.595809409));
#3901=VERTEX_POINT('',#3900);
#3902=CARTESIAN_POINT('',(54.500026514,15.500001729,2.595809409));
#3903=DIRECTION('',(1.,0.,-0.));
#3904=VECTOR('',#3903,12.);
#3905=LINE('',#3902,#3904);
#3906=EDGE_CURVE('',#3899,#3901,#3905,.T.);
#3907=ORIENTED_EDGE('',*,*,#3906,.F.);
#3908=CARTESIAN_POINT('',(53.500026514,14.500001729,2.595809409));
#3909=VERTEX_POINT('',#3908);
#3910=CARTESIAN_POINT('',(54.500026514,14.500001729,2.595809409));
#3911=DIRECTION('',(0.,0.,1.));
#3912=DIRECTION('',(1.,0.,-0.));
#3913=AXIS2_PLACEMENT_3D('',#3910,#3911,#3912);
#3914=CIRCLE('',#3913,1.);
#3915=EDGE_CURVE('',#3899,#3909,#3914,.T.);
#3916=ORIENTED_EDGE('',*,*,#3915,.T.);
#3917=CARTESIAN_POINT('',(53.500026514,2.500001729,2.595809409));
#3918=VERTEX_POINT('',#3917);
#3919=CARTESIAN_POINT('',(53.500026514,2.500001729,2.595809409));
#3920=DIRECTION('',(0.,1.,0.));
#3921=VECTOR('',#3920,12.);
#3922=LINE('',#3919,#3921);
#3923=EDGE_CURVE('',#3918,#3909,#3922,.T.);
#3924=ORIENTED_EDGE('',*,*,#3923,.F.);
#3925=CARTESIAN_POINT('',(54.500026514,1.500001729,2.595809409));
#3926=VERTEX_POINT('',#3925);
#3927=CARTESIAN_POINT('',(54.500026514,2.500001729,2.595809409));
#3928=DIRECTION('',(0.,0.,1.));
#3929=DIRECTION('',(1.,0.,-0.));
#3930=AXIS2_PLACEMENT_3D('',#3927,#3928,#3929);
#3931=CIRCLE('',#3930,1.);
#3932=EDGE_CURVE('',#3918,#3926,#3931,.T.);
#3933=ORIENTED_EDGE('',*,*,#3932,.T.);
#3934=CARTESIAN_POINT('',(66.500026514,1.500001729,2.595809409));
#3935=VERTEX_POINT('',#3934);
#3936=CARTESIAN_POINT('',(66.500026514,1.500001729,2.595809409));
#3937=DIRECTION('',(-1.,0.,0.));
#3938=VECTOR('',#3937,12.);
#3939=LINE('',#3936,#3938);
#3940=EDGE_CURVE('',#3935,#3926,#3939,.T.);
#3941=ORIENTED_EDGE('',*,*,#3940,.F.);
#3942=CARTESIAN_POINT('',(67.500026514,2.500001729,2.595809409));
#3943=VERTEX_POINT('',#3942);
#3944=CARTESIAN_POINT('',(66.500026514,2.500001729,2.595809409));
#3945=DIRECTION('',(0.,0.,1.));
#3946=DIRECTION('',(1.,0.,-0.));
#3947=AXIS2_PLACEMENT_3D('',#3944,#3945,#3946);
#3948=CIRCLE('',#3947,1.);
#3949=EDGE_CURVE('',#3935,#3943,#3948,.T.);
#3950=ORIENTED_EDGE('',*,*,#3949,.T.);
#3951=CARTESIAN_POINT('',(67.500026514,14.500001729,2.595809409));
#3952=VERTEX_POINT('',#3951);
#3953=CARTESIAN_POINT('',(67.500026514,14.500001729,2.595809409));
#3954=DIRECTION('',(0.,-1.,0.));
#3955=VECTOR('',#3954,12.);
#3956=LINE('',#3953,#3955);
#3957=EDGE_CURVE('',#3952,#3943,#3956,.T.);
#3958=ORIENTED_EDGE('',*,*,#3957,.F.);
#3959=CARTESIAN_POINT('',(66.500026514,14.500001729,2.595809409));
#3960=DIRECTION('',(0.,0.,1.));
#3961=DIRECTION('',(1.,0.,-0.));
#3962=AXIS2_PLACEMENT_3D('',#3959,#3960,#3961);
#3963=CIRCLE('',#3962,1.);
#3964=EDGE_CURVE('',#3952,#3901,#3963,.T.);
#3965=ORIENTED_EDGE('',*,*,#3964,.T.);
#3966=EDGE_LOOP('',(#3907,#3916,#3924,#3933,#3941,#3950,#3958,#3965));
#3967=FACE_BOUND('',#3966,.T.);
#3968=CARTESIAN_POINT('',(54.500026514,32.500001729,2.595809409));
#3969=VERTEX_POINT('',#3968);
#3970=CARTESIAN_POINT('',(66.500026514,32.500001729,2.595809409));
#3971=VERTEX_POINT('',#3970);
#3972=CARTESIAN_POINT('',(54.500026514,32.500001729,2.595809409));
#3973=DIRECTION('',(1.,0.,-0.));
#3974=VECTOR('',#3973,12.);
#3975=LINE('',#3972,#3974);
#3976=EDGE_CURVE('',#3969,#3971,#3975,.T.);
#3977=ORIENTED_EDGE('',*,*,#3976,.F.);
#3978=CARTESIAN_POINT('',(53.500026514,31.500001729,2.595809409));
#3979=VERTEX_POINT('',#3978);
#3980=CARTESIAN_POINT('',(54.500026514,31.500001729,2.595809409));
#3981=DIRECTION('',(0.,0.,1.));
#3982=DIRECTION('',(1.,0.,-0.));
#3983=AXIS2_PLACEMENT_3D('',#3980,#3981,#3982);
#3984=CIRCLE('',#3983,1.);
#3985=EDGE_CURVE('',#3969,#3979,#3984,.T.);
#3986=ORIENTED_EDGE('',*,*,#3985,.T.);
#3987=CARTESIAN_POINT('',(53.500026514,19.500001729,2.595809409));
#3988=VERTEX_POINT('',#3987);
#3989=CARTESIAN_POINT('',(53.500026514,19.500001729,2.595809409));
#3990=DIRECTION('',(0.,1.,0.));
#3991=VECTOR('',#3990,12.);
#3992=LINE('',#3989,#3991);
#3993=EDGE_CURVE('',#3988,#3979,#3992,.T.);
#3994=ORIENTED_EDGE('',*,*,#3993,.F.);
#3995=CARTESIAN_POINT('',(54.500026514,18.500001729,2.595809409));
#3996=VERTEX_POINT('',#3995);
#3997=CARTESIAN_POINT('',(54.500026514,19.500001729,2.595809409));
#3998=DIRECTION('',(0.,0.,1.));
#3999=DIRECTION('',(1.,0.,-0.));
#4000=AXIS2_PLACEMENT_3D('',#3997,#3998,#3999);
#4001=CIRCLE('',#4000,1.);
#4002=EDGE_CURVE('',#3988,#3996,#4001,.T.);
#4003=ORIENTED_EDGE('',*,*,#4002,.T.);
#4004=CARTESIAN_POINT('',(66.500026514,18.500001729,2.595809409));
#4005=VERTEX_POINT('',#4004);
#4006=CARTESIAN_POINT('',(66.500026514,18.500001729,2.595809409));
#4007=DIRECTION('',(-1.,0.,0.));
#4008=VECTOR('',#4007,12.);
#4009=LINE('',#4006,#4008);
#4010=EDGE_CURVE('',#4005,#3996,#4009,.T.);
#4011=ORIENTED_EDGE('',*,*,#4010,.F.);
#4012=CARTESIAN_POINT('',(67.500026514,19.500001729,2.595809409));
#4013=VERTEX_POINT('',#4012);
#4014=CARTESIAN_POINT('',(66.500026514,19.500001729,2.595809409));
#4015=DIRECTION('',(0.,0.,1.));
#4016=DIRECTION('',(1.,0.,-0.));
#4017=AXIS2_PLACEMENT_3D('',#4014,#4015,#4016);
#4018=CIRCLE('',#4017,1.);
#4019=EDGE_CURVE('',#4005,#4013,#4018,.T.);
#4020=ORIENTED_EDGE('',*,*,#4019,.T.);
#4021=CARTESIAN_POINT('',(67.500026514,31.500001729,2.595809409));
#4022=VERTEX_POINT('',#4021);
#4023=CARTESIAN_POINT('',(67.500026514,31.500001729,2.595809409));
#4024=DIRECTION('',(0.,-1.,0.));
#4025=VECTOR('',#4024,12.);
#4026=LINE('',#4023,#4025);
#4027=EDGE_CURVE('',#4022,#4013,#4026,.T.);
#4028=ORIENTED_EDGE('',*,*,#4027,.F.);
#4029=CARTESIAN_POINT('',(66.500026514,31.500001729,2.595809409));
#4030=DIRECTION('',(0.,0.,1.));
#4031=DIRECTION('',(1.,0.,-0.));
#4032=AXIS2_PLACEMENT_3D('',#4029,#4030,#4031);
#4033=CIRCLE('',#4032,1.);
#4034=EDGE_CURVE('',#4022,#3971,#4033,.T.);
#4035=ORIENTED_EDGE('',*,*,#4034,.T.);
#4036=EDGE_LOOP('',(#3977,#3986,#3994,#4003,#4011,#4020,#4028,#4035));
#4037=FACE_BOUND('',#4036,.T.);
#4038=CARTESIAN_POINT('',(72.500026514,15.500001729,2.595809409));
#4039=VERTEX_POINT('',#4038);
#4040=CARTESIAN_POINT('',(84.500026514,15.500001729,2.595809409));
#4041=VERTEX_POINT('',#4040);
#4042=CARTESIAN_POINT('',(72.500026514,15.500001729,2.595809409));
#4043=DIRECTION('',(1.,0.,-0.));
#4044=VECTOR('',#4043,12.);
#4045=LINE('',#4042,#4044);
#4046=EDGE_CURVE('',#4039,#4041,#4045,.T.);
#4047=ORIENTED_EDGE('',*,*,#4046,.F.);
#4048=CARTESIAN_POINT('',(71.500026514,14.500001729,2.595809409));
#4049=VERTEX_POINT('',#4048);
#4050=CARTESIAN_POINT('',(72.500026514,14.500001729,2.595809409));
#4051=DIRECTION('',(0.,0.,1.));
#4052=DIRECTION('',(1.,0.,-0.));
#4053=AXIS2_PLACEMENT_3D('',#4050,#4051,#4052);
#4054=CIRCLE('',#4053,1.);
#4055=EDGE_CURVE('',#4039,#4049,#4054,.T.);
#4056=ORIENTED_EDGE('',*,*,#4055,.T.);
#4057=CARTESIAN_POINT('',(71.500026514,2.500001729,2.595809409));
#4058=VERTEX_POINT('',#4057);
#4059=CARTESIAN_POINT('',(71.500026514,2.500001729,2.595809409));
#4060=DIRECTION('',(0.,1.,0.));
#4061=VECTOR('',#4060,12.);
#4062=LINE('',#4059,#4061);
#4063=EDGE_CURVE('',#4058,#4049,#4062,.T.);
#4064=ORIENTED_EDGE('',*,*,#4063,.F.);
#4065=CARTESIAN_POINT('',(72.500026514,1.500001729,2.595809409));
#4066=VERTEX_POINT('',#4065);
#4067=CARTESIAN_POINT('',(72.500026514,2.500001729,2.595809409));
#4068=DIRECTION('',(0.,0.,1.));
#4069=DIRECTION('',(1.,0.,-0.));
#4070=AXIS2_PLACEMENT_3D('',#4067,#4068,#4069);
#4071=CIRCLE('',#4070,1.);
#4072=EDGE_CURVE('',#4058,#4066,#4071,.T.);
#4073=ORIENTED_EDGE('',*,*,#4072,.T.);
#4074=CARTESIAN_POINT('',(84.500026514,1.500001729,2.595809409));
#4075=VERTEX_POINT('',#4074);
#4076=CARTESIAN_POINT('',(84.500026514,1.500001729,2.595809409));
#4077=DIRECTION('',(-1.,0.,0.));
#4078=VECTOR('',#4077,12.);
#4079=LINE('',#4076,#4078);
#4080=EDGE_CURVE('',#4075,#4066,#4079,.T.);
#4081=ORIENTED_EDGE('',*,*,#4080,.F.);
#4082=CARTESIAN_POINT('',(85.500026514,2.500001729,2.595809409));
#4083=VERTEX_POINT('',#4082);
#4084=CARTESIAN_POINT('',(84.500026514,2.500001729,2.595809409));
#4085=DIRECTION('',(0.,0.,1.));
#4086=DIRECTION('',(1.,0.,-0.));
#4087=AXIS2_PLACEMENT_3D('',#4084,#4085,#4086);
#4088=CIRCLE('',#4087,1.);
#4089=EDGE_CURVE('',#4075,#4083,#4088,.T.);
#4090=ORIENTED_EDGE('',*,*,#4089,.T.);
#4091=CARTESIAN_POINT('',(85.500026514,14.500001729,2.595809409));
#4092=VERTEX_POINT('',#4091);
#4093=CARTESIAN_POINT('',(85.500026514,14.500001729,2.595809409));
#4094=DIRECTION('',(0.,-1.,0.));
#4095=VECTOR('',#4094,12.);
#4096=LINE('',#4093,#4095);
#4097=EDGE_CURVE('',#4092,#4083,#4096,.T.);
#4098=ORIENTED_EDGE('',*,*,#4097,.F.);
#4099=CARTESIAN_POINT('',(84.500026514,14.500001729,2.595809409));
#4100=DIRECTION('',(0.,0.,1.));
#4101=DIRECTION('',(1.,0.,-0.));
#4102=AXIS2_PLACEMENT_3D('',#4099,#4100,#4101);
#4103=CIRCLE('',#4102,1.);
#4104=EDGE_CURVE('',#4092,#4041,#4103,.T.);
#4105=ORIENTED_EDGE('',*,*,#4104,.T.);
#4106=EDGE_LOOP('',(#4047,#4056,#4064,#4073,#4081,#4090,#4098,#4105));
#4107=FACE_BOUND('',#4106,.T.);
#4108=CARTESIAN_POINT('',(72.500026514,32.500001729,2.595809409));
#4109=VERTEX_POINT('',#4108);
#4110=CARTESIAN_POINT('',(84.500026514,32.500001729,2.595809409));
#4111=VERTEX_POINT('',#4110);
#4112=CARTESIAN_POINT('',(72.500026514,32.500001729,2.595809409));
#4113=DIRECTION('',(1.,0.,-0.));
#4114=VECTOR('',#4113,12.);
#4115=LINE('',#4112,#4114);
#4116=EDGE_CURVE('',#4109,#4111,#4115,.T.);
#4117=ORIENTED_EDGE('',*,*,#4116,.F.);
#4118=CARTESIAN_POINT('',(71.500026514,31.500001729,2.595809409));
#4119=VERTEX_POINT('',#4118);
#4120=CARTESIAN_POINT('',(72.500026514,31.500001729,2.595809409));
#4121=DIRECTION('',(0.,0.,1.));
#4122=DIRECTION('',(1.,0.,-0.));
#4123=AXIS2_PLACEMENT_3D('',#4120,#4121,#4122);
#4124=CIRCLE('',#4123,1.);
#4125=EDGE_CURVE('',#4109,#4119,#4124,.T.);
#4126=ORIENTED_EDGE('',*,*,#4125,.T.);
#4127=CARTESIAN_POINT('',(71.500026514,19.500001729,2.595809409));
#4128=VERTEX_POINT('',#4127);
#4129=CARTESIAN_POINT('',(71.500026514,19.500001729,2.595809409));
#4130=DIRECTION('',(0.,1.,0.));
#4131=VECTOR('',#4130,12.);
#4132=LINE('',#4129,#4131);
#4133=EDGE_CURVE('',#4128,#4119,#4132,.T.);
#4134=ORIENTED_EDGE('',*,*,#4133,.F.);
#4135=CARTESIAN_POINT('',(72.500026514,18.500001729,2.595809409));
#4136=VERTEX_POINT('',#4135);
#4137=CARTESIAN_POINT('',(72.500026514,19.500001729,2.595809409));
#4138=DIRECTION('',(0.,0.,1.));
#4139=DIRECTION('',(1.,0.,-0.));
#4140=AXIS2_PLACEMENT_3D('',#4137,#4138,#4139);
#4141=CIRCLE('',#4140,1.);
#4142=EDGE_CURVE('',#4128,#4136,#4141,.T.);
#4143=ORIENTED_EDGE('',*,*,#4142,.T.);
#4144=CARTESIAN_POINT('',(84.500026514,18.500001729,2.595809409));
#4145=VERTEX_POINT('',#4144);
#4146=CARTESIAN_POINT('',(84.500026514,18.500001729,2.595809409));
#4147=DIRECTION('',(-1.,0.,0.));
#4148=VECTOR('',#4147,12.);
#4149=LINE('',#4146,#4148);
#4150=EDGE_CURVE('',#4145,#4136,#4149,.T.);
#4151=ORIENTED_EDGE('',*,*,#4150,.F.);
#4152=CARTESIAN_POINT('',(85.500026514,19.500001729,2.595809409));
#4153=VERTEX_POINT('',#4152);
#4154=CARTESIAN_POINT('',(84.500026514,19.500001729,2.595809409));
#4155=DIRECTION('',(0.,0.,1.));
#4156=DIRECTION('',(1.,0.,-0.));
#4157=AXIS2_PLACEMENT_3D('',#4154,#4155,#4156);
#4158=CIRCLE('',#4157,1.);
#4159=EDGE_CURVE('',#4145,#4153,#4158,.T.);
#4160=ORIENTED_EDGE('',*,*,#4159,.T.);
#4161=CARTESIAN_POINT('',(85.500026514,31.500001729,2.595809409));
#4162=VERTEX_POINT('',#4161);
#4163=CARTESIAN_POINT('',(85.500026514,31.500001729,2.595809409));
#4164=DIRECTION('',(0.,-1.,0.));
#4165=VECTOR('',#4164,12.);
#4166=LINE('',#4163,#4165);
#4167=EDGE_CURVE('',#4162,#4153,#4166,.T.);
#4168=ORIENTED_EDGE('',*,*,#4167,.F.);
#4169=CARTESIAN_POINT('',(84.500026514,31.500001729,2.595809409));
#4170=DIRECTION('',(0.,0.,1.));
#4171=DIRECTION('',(1.,0.,-0.));
#4172=AXIS2_PLACEMENT_3D('',#4169,#4170,#4171);
#4173=CIRCLE('',#4172,1.);
#4174=EDGE_CURVE('',#4162,#4111,#4173,.T.);
#4175=ORIENTED_EDGE('',*,*,#4174,.T.);
#4176=EDGE_LOOP('',(#4117,#4126,#4134,#4143,#4151,#4160,#4168,#4175));
#4177=FACE_BOUND('',#4176,.T.);
#4178=CARTESIAN_POINT('',(90.500026514,15.500001729,2.595809409));
#4179=VERTEX_POINT('',#4178);
#4180=CARTESIAN_POINT('',(102.500026514,15.500001729,2.595809409));
#4181=VERTEX_POINT('',#4180);
#4182=CARTESIAN_POINT('',(90.500026514,15.500001729,2.595809409));
#4183=DIRECTION('',(1.,0.,-0.));
#4184=VECTOR('',#4183,12.);
#4185=LINE('',#4182,#4184);
#4186=EDGE_CURVE('',#4179,#4181,#4185,.T.);
#4187=ORIENTED_EDGE('',*,*,#4186,.F.);
#4188=CARTESIAN_POINT('',(89.500026514,14.500001729,2.595809409));
#4189=VERTEX_POINT('',#4188);
#4190=CARTESIAN_POINT('',(90.500026514,14.500001729,2.595809409));
#4191=DIRECTION('',(0.,0.,1.));
#4192=DIRECTION('',(1.,0.,-0.));
#4193=AXIS2_PLACEMENT_3D('',#4190,#4191,#4192);
#4194=CIRCLE('',#4193,1.);
#4195=EDGE_CURVE('',#4179,#4189,#4194,.T.);
#4196=ORIENTED_EDGE('',*,*,#4195,.T.);
#4197=CARTESIAN_POINT('',(89.500026514,2.500001729,2.595809409));
#4198=VERTEX_POINT('',#4197);
#4199=CARTESIAN_POINT('',(89.500026514,2.500001729,2.595809409));
#4200=DIRECTION('',(0.,1.,0.));
#4201=VECTOR('',#4200,12.);
#4202=LINE('',#4199,#4201);
#4203=EDGE_CURVE('',#4198,#4189,#4202,.T.);
#4204=ORIENTED_EDGE('',*,*,#4203,.F.);
#4205=CARTESIAN_POINT('',(90.500026514,1.500001729,2.595809409));
#4206=VERTEX_POINT('',#4205);
#4207=CARTESIAN_POINT('',(90.500026514,2.500001729,2.595809409));
#4208=DIRECTION('',(0.,0.,1.));
#4209=DIRECTION('',(1.,0.,-0.));
#4210=AXIS2_PLACEMENT_3D('',#4207,#4208,#4209);
#4211=CIRCLE('',#4210,1.);
#4212=EDGE_CURVE('',#4198,#4206,#4211,.T.);
#4213=ORIENTED_EDGE('',*,*,#4212,.T.);
#4214=CARTESIAN_POINT('',(102.500026514,1.500001729,2.595809409));
#4215=VERTEX_POINT('',#4214);
#4216=CARTESIAN_POINT('',(102.500026514,1.500001729,2.595809409));
#4217=DIRECTION('',(-1.,0.,0.));
#4218=VECTOR('',#4217,12.);
#4219=LINE('',#4216,#4218);
#4220=EDGE_CURVE('',#4215,#4206,#4219,.T.);
#4221=ORIENTED_EDGE('',*,*,#4220,.F.);
#4222=CARTESIAN_POINT('',(103.500026514,2.500001729,2.595809409));
#4223=VERTEX_POINT('',#4222);
#4224=CARTESIAN_POINT('',(102.500026514,2.500001729,2.595809409));
#4225=DIRECTION('',(0.,0.,1.));
#4226=DIRECTION('',(1.,0.,-0.));
#4227=AXIS2_PLACEMENT_3D('',#4224,#4225,#4226);
#4228=CIRCLE('',#4227,1.);
#4229=EDGE_CURVE('',#4215,#4223,#4228,.T.);
#4230=ORIENTED_EDGE('',*,*,#4229,.T.);
#4231=CARTESIAN_POINT('',(103.500026514,14.500001729,2.595809409));
#4232=VERTEX_POINT('',#4231);
#4233=CARTESIAN_POINT('',(103.500026514,14.500001729,2.595809409));
#4234=DIRECTION('',(0.,-1.,0.));
#4235=VECTOR('',#4234,12.);
#4236=LINE('',#4233,#4235);
#4237=EDGE_CURVE('',#4232,#4223,#4236,.T.);
#4238=ORIENTED_EDGE('',*,*,#4237,.F.);
#4239=CARTESIAN_POINT('',(102.500026514,14.500001729,2.595809409));
#4240=DIRECTION('',(0.,0.,1.));
#4241=DIRECTION('',(1.,0.,-0.));
#4242=AXIS2_PLACEMENT_3D('',#4239,#4240,#4241);
#4243=CIRCLE('',#4242,1.);
#4244=EDGE_CURVE('',#4232,#4181,#4243,.T.);
#4245=ORIENTED_EDGE('',*,*,#4244,.T.);
#4246=EDGE_LOOP('',(#4187,#4196,#4204,#4213,#4221,#4230,#4238,#4245));
#4247=FACE_BOUND('',#4246,.T.);
#4248=CARTESIAN_POINT('',(90.500026514,32.500001729,2.595809409));
#4249=VERTEX_POINT('',#4248);
#4250=CARTESIAN_POINT('',(102.500026514,32.500001729,2.595809409));
#4251=VERTEX_POINT('',#4250);
#4252=CARTESIAN_POINT('',(90.500026514,32.500001729,2.595809409));
#4253=DIRECTION('',(1.,0.,-0.));
#4254=VECTOR('',#4253,12.);
#4255=LINE('',#4252,#4254);
#4256=EDGE_CURVE('',#4249,#4251,#4255,.T.);
#4257=ORIENTED_EDGE('',*,*,#4256,.F.);
#4258=CARTESIAN_POINT('',(89.500026514,31.500001729,2.595809409));
#4259=VERTEX_POINT('',#4258);
#4260=CARTESIAN_POINT('',(90.500026514,31.500001729,2.595809409));
#4261=DIRECTION('',(0.,0.,1.));
#4262=DIRECTION('',(1.,0.,-0.));
#4263=AXIS2_PLACEMENT_3D('',#4260,#4261,#4262);
#4264=CIRCLE('',#4263,1.);
#4265=EDGE_CURVE('',#4249,#4259,#4264,.T.);
#4266=ORIENTED_EDGE('',*,*,#4265,.T.);
#4267=CARTESIAN_POINT('',(89.500026514,19.500001729,2.595809409));
#4268=VERTEX_POINT('',#4267);
#4269=CARTESIAN_POINT('',(89.500026514,19.500001729,2.595809409));
#4270=DIRECTION('',(0.,1.,0.));
#4271=VECTOR('',#4270,12.);
#4272=LINE('',#4269,#4271);
#4273=EDGE_CURVE('',#4268,#4259,#4272,.T.);
#4274=ORIENTED_EDGE('',*,*,#4273,.F.);
#4275=CARTESIAN_POINT('',(90.500026514,18.500001729,2.595809409));
#4276=VERTEX_POINT('',#4275);
#4277=CARTESIAN_POINT('',(90.500026514,19.500001729,2.595809409));
#4278=DIRECTION('',(0.,0.,1.));
#4279=DIRECTION('',(1.,0.,-0.));
#4280=AXIS2_PLACEMENT_3D('',#4277,#4278,#4279);
#4281=CIRCLE('',#4280,1.);
#4282=EDGE_CURVE('',#4268,#4276,#4281,.T.);
#4283=ORIENTED_EDGE('',*,*,#4282,.T.);
#4284=CARTESIAN_POINT('',(102.500026514,18.500001729,2.595809409));
#4285=VERTEX_POINT('',#4284);
#4286=CARTESIAN_POINT('',(102.500026514,18.500001729,2.595809409));
#4287=DIRECTION('',(-1.,0.,0.));
#4288=VECTOR('',#4287,12.);
#4289=LINE('',#4286,#4288);
#4290=EDGE_CURVE('',#4285,#4276,#4289,.T.);
#4291=ORIENTED_EDGE('',*,*,#4290,.F.);
#4292=CARTESIAN_POINT('',(103.500026514,19.500001729,2.595809409));
#4293=VERTEX_POINT('',#4292);
#4294=CARTESIAN_POINT('',(102.500026514,19.500001729,2.595809409));
#4295=DIRECTION('',(0.,0.,1.));
#4296=DIRECTION('',(1.,0.,-0.));
#4297=AXIS2_PLACEMENT_3D('',#4294,#4295,#4296);
#4298=CIRCLE('',#4297,1.);
#4299=EDGE_CURVE('',#4285,#4293,#4298,.T.);
#4300=ORIENTED_EDGE('',*,*,#4299,.T.);
#4301=CARTESIAN_POINT('',(103.500026514,31.500001729,2.595809409));
#4302=VERTEX_POINT('',#4301);
#4303=CARTESIAN_POINT('',(103.500026514,31.500001729,2.595809409));
#4304=DIRECTION('',(0.,-1.,0.));
#4305=VECTOR('',#4304,12.);
#4306=LINE('',#4303,#4305);
#4307=EDGE_CURVE('',#4302,#4293,#4306,.T.);
#4308=ORIENTED_EDGE('',*,*,#4307,.F.);
#4309=CARTESIAN_POINT('',(102.500026514,31.500001729,2.595809409));
#4310=DIRECTION('',(0.,0.,1.));
#4311=DIRECTION('',(1.,0.,-0.));
#4312=AXIS2_PLACEMENT_3D('',#4309,#4310,#4311);
#4313=CIRCLE('',#4312,1.);
#4314=EDGE_CURVE('',#4302,#4251,#4313,.T.);
#4315=ORIENTED_EDGE('',*,*,#4314,.T.);
#4316=EDGE_LOOP('',(#4257,#4266,#4274,#4283,#4291,#4300,#4308,#4315));
#4317=FACE_BOUND('',#4316,.T.);
#4318=CARTESIAN_POINT('',(-102.499973486,15.500001729,2.595809409));
#4319=VERTEX_POINT('',#4318);
#4320=CARTESIAN_POINT('',(-90.499973486,15.500001729,2.595809409));
#4321=VERTEX_POINT('',#4320);
#4322=CARTESIAN_POINT('',(-102.499973486,15.500001729,2.595809409));
#4323=DIRECTION('',(1.,0.,-0.));
#4324=VECTOR('',#4323,12.);
#4325=LINE('',#4322,#4324);
#4326=EDGE_CURVE('',#4319,#4321,#4325,.T.);
#4327=ORIENTED_EDGE('',*,*,#4326,.F.);
#4328=CARTESIAN_POINT('',(-103.499973486,14.500001729,2.595809409));
#4329=VERTEX_POINT('',#4328);
#4330=CARTESIAN_POINT('',(-102.499973486,14.500001729,2.595809409));
#4331=DIRECTION('',(0.,0.,1.));
#4332=DIRECTION('',(1.,0.,-0.));
#4333=AXIS2_PLACEMENT_3D('',#4330,#4331,#4332);
#4334=CIRCLE('',#4333,1.);
#4335=EDGE_CURVE('',#4319,#4329,#4334,.T.);
#4336=ORIENTED_EDGE('',*,*,#4335,.T.);
#4337=CARTESIAN_POINT('',(-103.499973486,2.500001729,2.595809409));
#4338=VERTEX_POINT('',#4337);
#4339=CARTESIAN_POINT('',(-103.499973486,2.500001729,2.595809409));
#4340=DIRECTION('',(0.,1.,0.));
#4341=VECTOR('',#4340,12.);
#4342=LINE('',#4339,#4341);
#4343=EDGE_CURVE('',#4338,#4329,#4342,.T.);
#4344=ORIENTED_EDGE('',*,*,#4343,.F.);
#4345=CARTESIAN_POINT('',(-102.499973486,1.500001729,2.595809409));
#4346=VERTEX_POINT('',#4345);
#4347=CARTESIAN_POINT('',(-102.499973486,2.500001729,2.595809409));
#4348=DIRECTION('',(0.,0.,1.));
#4349=DIRECTION('',(1.,0.,-0.));
#4350=AXIS2_PLACEMENT_3D('',#4347,#4348,#4349);
#4351=CIRCLE('',#4350,1.);
#4352=EDGE_CURVE('',#4338,#4346,#4351,.T.);
#4353=ORIENTED_EDGE('',*,*,#4352,.T.);
#4354=CARTESIAN_POINT('',(-90.499973486,1.500001729,2.595809409));
#4355=VERTEX_POINT('',#4354);
#4356=CARTESIAN_POINT('',(-90.499973486,1.500001729,2.595809409));
#4357=DIRECTION('',(-1.,0.,0.));
#4358=VECTOR('',#4357,12.);
#4359=LINE('',#4356,#4358);
#4360=EDGE_CURVE('',#4355,#4346,#4359,.T.);
#4361=ORIENTED_EDGE('',*,*,#4360,.F.);
#4362=CARTESIAN_POINT('',(-89.499973486,2.500001729,2.595809409));
#4363=VERTEX_POINT('',#4362);
#4364=CARTESIAN_POINT('',(-90.499973486,2.500001729,2.595809409));
#4365=DIRECTION('',(0.,0.,1.));
#4366=DIRECTION('',(1.,0.,-0.));
#4367=AXIS2_PLACEMENT_3D('',#4364,#4365,#4366);
#4368=CIRCLE('',#4367,1.);
#4369=EDGE_CURVE('',#4355,#4363,#4368,.T.);
#4370=ORIENTED_EDGE('',*,*,#4369,.T.);
#4371=CARTESIAN_POINT('',(-89.499973486,14.500001729,2.595809409));
#4372=VERTEX_POINT('',#4371);
#4373=CARTESIAN_POINT('',(-89.499973486,14.500001729,2.595809409));
#4374=DIRECTION('',(0.,-1.,0.));
#4375=VECTOR('',#4374,12.);
#4376=LINE('',#4373,#4375);
#4377=EDGE_CURVE('',#4372,#4363,#4376,.T.);
#4378=ORIENTED_EDGE('',*,*,#4377,.F.);
#4379=CARTESIAN_POINT('',(-90.499973486,14.500001729,2.595809409));
#4380=DIRECTION('',(0.,0.,1.));
#4381=DIRECTION('',(1.,0.,-0.));
#4382=AXIS2_PLACEMENT_3D('',#4379,#4380,#4381);
#4383=CIRCLE('',#4382,1.);
#4384=EDGE_CURVE('',#4372,#4321,#4383,.T.);
#4385=ORIENTED_EDGE('',*,*,#4384,.T.);
#4386=EDGE_LOOP('',(#4327,#4336,#4344,#4353,#4361,#4370,#4378,#4385));
#4387=FACE_BOUND('',#4386,.T.);
#4388=CARTESIAN_POINT('',(-102.499973486,32.500001729,2.595809409));
#4389=VERTEX_POINT('',#4388);
#4390=CARTESIAN_POINT('',(-90.499973486,32.500001729,2.595809409));
#4391=VERTEX_POINT('',#4390);
#4392=CARTESIAN_POINT('',(-102.499973486,32.500001729,2.595809409));
#4393=DIRECTION('',(1.,0.,-0.));
#4394=VECTOR('',#4393,12.);
#4395=LINE('',#4392,#4394);
#4396=EDGE_CURVE('',#4389,#4391,#4395,.T.);
#4397=ORIENTED_EDGE('',*,*,#4396,.F.);
#4398=CARTESIAN_POINT('',(-103.499973486,31.500001729,2.595809409));
#4399=VERTEX_POINT('',#4398);
#4400=CARTESIAN_POINT('',(-102.499973486,31.500001729,2.595809409));
#4401=DIRECTION('',(0.,0.,1.));
#4402=DIRECTION('',(1.,0.,-0.));
#4403=AXIS2_PLACEMENT_3D('',#4400,#4401,#4402);
#4404=CIRCLE('',#4403,1.);
#4405=EDGE_CURVE('',#4389,#4399,#4404,.T.);
#4406=ORIENTED_EDGE('',*,*,#4405,.T.);
#4407=CARTESIAN_POINT('',(-103.499973486,19.500001729,2.595809409));
#4408=VERTEX_POINT('',#4407);
#4409=CARTESIAN_POINT('',(-103.499973486,19.500001729,2.595809409));
#4410=DIRECTION('',(0.,1.,0.));
#4411=VECTOR('',#4410,12.);
#4412=LINE('',#4409,#4411);
#4413=EDGE_CURVE('',#4408,#4399,#4412,.T.);
#4414=ORIENTED_EDGE('',*,*,#4413,.F.);
#4415=CARTESIAN_POINT('',(-102.499973486,18.500001729,2.595809409));
#4416=VERTEX_POINT('',#4415);
#4417=CARTESIAN_POINT('',(-102.499973486,19.500001729,2.595809409));
#4418=DIRECTION('',(0.,0.,1.));
#4419=DIRECTION('',(1.,0.,-0.));
#4420=AXIS2_PLACEMENT_3D('',#4417,#4418,#4419);
#4421=CIRCLE('',#4420,1.);
#4422=EDGE_CURVE('',#4408,#4416,#4421,.T.);
#4423=ORIENTED_EDGE('',*,*,#4422,.T.);
#4424=CARTESIAN_POINT('',(-90.499973486,18.500001729,2.595809409));
#4425=VERTEX_POINT('',#4424);
#4426=CARTESIAN_POINT('',(-90.499973486,18.500001729,2.595809409));
#4427=DIRECTION('',(-1.,0.,0.));
#4428=VECTOR('',#4427,12.);
#4429=LINE('',#4426,#4428);
#4430=EDGE_CURVE('',#4425,#4416,#4429,.T.);
#4431=ORIENTED_EDGE('',*,*,#4430,.F.);
#4432=CARTESIAN_POINT('',(-89.499973486,19.500001729,2.595809409));
#4433=VERTEX_POINT('',#4432);
#4434=CARTESIAN_POINT('',(-90.499973486,19.500001729,2.595809409));
#4435=DIRECTION('',(0.,0.,1.));
#4436=DIRECTION('',(1.,0.,-0.));
#4437=AXIS2_PLACEMENT_3D('',#4434,#4435,#4436);
#4438=CIRCLE('',#4437,1.);
#4439=EDGE_CURVE('',#4425,#4433,#4438,.T.);
#4440=ORIENTED_EDGE('',*,*,#4439,.T.);
#4441=CARTESIAN_POINT('',(-89.499973486,31.500001729,2.595809409));
#4442=VERTEX_POINT('',#4441);
#4443=CARTESIAN_POINT('',(-89.499973486,31.500001729,2.595809409));
#4444=DIRECTION('',(0.,-1.,0.));
#4445=VECTOR('',#4444,12.);
#4446=LINE('',#4443,#4445);
#4447=EDGE_CURVE('',#4442,#4433,#4446,.T.);
#4448=ORIENTED_EDGE('',*,*,#4447,.F.);
#4449=CARTESIAN_POINT('',(-90.499973486,31.500001729,2.595809409));
#4450=DIRECTION('',(0.,0.,1.));
#4451=DIRECTION('',(1.,0.,-0.));
#4452=AXIS2_PLACEMENT_3D('',#4449,#4450,#4451);
#4453=CIRCLE('',#4452,1.);
#4454=EDGE_CURVE('',#4442,#4391,#4453,.T.);
#4455=ORIENTED_EDGE('',*,*,#4454,.T.);
#4456=EDGE_LOOP('',(#4397,#4406,#4414,#4423,#4431,#4440,#4448,#4455));
#4457=FACE_BOUND('',#4456,.T.);
#4458=CARTESIAN_POINT('',(-84.499973486,15.500001729,2.595809409));
#4459=VERTEX_POINT('',#4458);
#4460=CARTESIAN_POINT('',(-72.499973486,15.500001729,2.595809409));
#4461=VERTEX_POINT('',#4460);
#4462=CARTESIAN_POINT('',(-84.499973486,15.500001729,2.595809409));
#4463=DIRECTION('',(1.,0.,-0.));
#4464=VECTOR('',#4463,12.);
#4465=LINE('',#4462,#4464);
#4466=EDGE_CURVE('',#4459,#4461,#4465,.T.);
#4467=ORIENTED_EDGE('',*,*,#4466,.F.);
#4468=CARTESIAN_POINT('',(-85.499973486,14.500001729,2.595809409));
#4469=VERTEX_POINT('',#4468);
#4470=CARTESIAN_POINT('',(-84.499973486,14.500001729,2.595809409));
#4471=DIRECTION('',(0.,0.,1.));
#4472=DIRECTION('',(1.,0.,-0.));
#4473=AXIS2_PLACEMENT_3D('',#4470,#4471,#4472);
#4474=CIRCLE('',#4473,1.);
#4475=EDGE_CURVE('',#4459,#4469,#4474,.T.);
#4476=ORIENTED_EDGE('',*,*,#4475,.T.);
#4477=CARTESIAN_POINT('',(-85.499973486,2.500001729,2.595809409));
#4478=VERTEX_POINT('',#4477);
#4479=CARTESIAN_POINT('',(-85.499973486,2.500001729,2.595809409));
#4480=DIRECTION('',(0.,1.,0.));
#4481=VECTOR('',#4480,12.);
#4482=LINE('',#4479,#4481);
#4483=EDGE_CURVE('',#4478,#4469,#4482,.T.);
#4484=ORIENTED_EDGE('',*,*,#4483,.F.);
#4485=CARTESIAN_POINT('',(-84.499973486,1.500001729,2.595809409));
#4486=VERTEX_POINT('',#4485);
#4487=CARTESIAN_POINT('',(-84.499973486,2.500001729,2.595809409));
#4488=DIRECTION('',(0.,0.,1.));
#4489=DIRECTION('',(1.,0.,-0.));
#4490=AXIS2_PLACEMENT_3D('',#4487,#4488,#4489);
#4491=CIRCLE('',#4490,1.);
#4492=EDGE_CURVE('',#4478,#4486,#4491,.T.);
#4493=ORIENTED_EDGE('',*,*,#4492,.T.);
#4494=CARTESIAN_POINT('',(-72.499973486,1.500001729,2.595809409));
#4495=VERTEX_POINT('',#4494);
#4496=CARTESIAN_POINT('',(-72.499973486,1.500001729,2.595809409));
#4497=DIRECTION('',(-1.,0.,0.));
#4498=VECTOR('',#4497,12.);
#4499=LINE('',#4496,#4498);
#4500=EDGE_CURVE('',#4495,#4486,#4499,.T.);
#4501=ORIENTED_EDGE('',*,*,#4500,.F.);
#4502=CARTESIAN_POINT('',(-71.499973486,2.500001729,2.595809409));
#4503=VERTEX_POINT('',#4502);
#4504=CARTESIAN_POINT('',(-72.499973486,2.500001729,2.595809409));
#4505=DIRECTION('',(0.,0.,1.));
#4506=DIRECTION('',(1.,0.,-0.));
#4507=AXIS2_PLACEMENT_3D('',#4504,#4505,#4506);
#4508=CIRCLE('',#4507,1.);
#4509=EDGE_CURVE('',#4495,#4503,#4508,.T.);
#4510=ORIENTED_EDGE('',*,*,#4509,.T.);
#4511=CARTESIAN_POINT('',(-71.499973486,14.500001729,2.595809409));
#4512=VERTEX_POINT('',#4511);
#4513=CARTESIAN_POINT('',(-71.499973486,14.500001729,2.595809409));
#4514=DIRECTION('',(0.,-1.,0.));
#4515=VECTOR('',#4514,12.);
#4516=LINE('',#4513,#4515);
#4517=EDGE_CURVE('',#4512,#4503,#4516,.T.);
#4518=ORIENTED_EDGE('',*,*,#4517,.F.);
#4519=CARTESIAN_POINT('',(-72.499973486,14.500001729,2.595809409));
#4520=DIRECTION('',(0.,0.,1.));
#4521=DIRECTION('',(1.,0.,-0.));
#4522=AXIS2_PLACEMENT_3D('',#4519,#4520,#4521);
#4523=CIRCLE('',#4522,1.);
#4524=EDGE_CURVE('',#4512,#4461,#4523,.T.);
#4525=ORIENTED_EDGE('',*,*,#4524,.T.);
#4526=EDGE_LOOP('',(#4467,#4476,#4484,#4493,#4501,#4510,#4518,#4525));
#4527=FACE_BOUND('',#4526,.T.);
#4528=CARTESIAN_POINT('',(-84.499973486,32.500001729,2.595809409));
#4529=VERTEX_POINT('',#4528);
#4530=CARTESIAN_POINT('',(-72.499973486,32.500001729,2.595809409));
#4531=VERTEX_POINT('',#4530);
#4532=CARTESIAN_POINT('',(-84.499973486,32.500001729,2.595809409));
#4533=DIRECTION('',(1.,0.,-0.));
#4534=VECTOR('',#4533,12.);
#4535=LINE('',#4532,#4534);
#4536=EDGE_CURVE('',#4529,#4531,#4535,.T.);
#4537=ORIENTED_EDGE('',*,*,#4536,.F.);
#4538=CARTESIAN_POINT('',(-85.499973486,31.500001729,2.595809409));
#4539=VERTEX_POINT('',#4538);
#4540=CARTESIAN_POINT('',(-84.499973486,31.500001729,2.595809409));
#4541=DIRECTION('',(0.,0.,1.));
#4542=DIRECTION('',(1.,0.,-0.));
#4543=AXIS2_PLACEMENT_3D('',#4540,#4541,#4542);
#4544=CIRCLE('',#4543,1.);
#4545=EDGE_CURVE('',#4529,#4539,#4544,.T.);
#4546=ORIENTED_EDGE('',*,*,#4545,.T.);
#4547=CARTESIAN_POINT('',(-85.499973486,19.500001729,2.595809409));
#4548=VERTEX_POINT('',#4547);
#4549=CARTESIAN_POINT('',(-85.499973486,19.500001729,2.595809409));
#4550=DIRECTION('',(0.,1.,0.));
#4551=VECTOR('',#4550,12.);
#4552=LINE('',#4549,#4551);
#4553=EDGE_CURVE('',#4548,#4539,#4552,.T.);
#4554=ORIENTED_EDGE('',*,*,#4553,.F.);
#4555=CARTESIAN_POINT('',(-84.499973486,18.500001729,2.595809409));
#4556=VERTEX_POINT('',#4555);
#4557=CARTESIAN_POINT('',(-84.499973486,19.500001729,2.595809409));
#4558=DIRECTION('',(0.,0.,1.));
#4559=DIRECTION('',(1.,0.,-0.));
#4560=AXIS2_PLACEMENT_3D('',#4557,#4558,#4559);
#4561=CIRCLE('',#4560,1.);
#4562=EDGE_CURVE('',#4548,#4556,#4561,.T.);
#4563=ORIENTED_EDGE('',*,*,#4562,.T.);
#4564=CARTESIAN_POINT('',(-72.499973486,18.500001729,2.595809409));
#4565=VERTEX_POINT('',#4564);
#4566=CARTESIAN_POINT('',(-72.499973486,18.500001729,2.595809409));
#4567=DIRECTION('',(-1.,0.,0.));
#4568=VECTOR('',#4567,12.);
#4569=LINE('',#4566,#4568);
#4570=EDGE_CURVE('',#4565,#4556,#4569,.T.);
#4571=ORIENTED_EDGE('',*,*,#4570,.F.);
#4572=CARTESIAN_POINT('',(-71.499973486,19.500001729,2.595809409));
#4573=VERTEX_POINT('',#4572);
#4574=CARTESIAN_POINT('',(-72.499973486,19.500001729,2.595809409));
#4575=DIRECTION('',(0.,0.,1.));
#4576=DIRECTION('',(1.,0.,-0.));
#4577=AXIS2_PLACEMENT_3D('',#4574,#4575,#4576);
#4578=CIRCLE('',#4577,1.);
#4579=EDGE_CURVE('',#4565,#4573,#4578,.T.);
#4580=ORIENTED_EDGE('',*,*,#4579,.T.);
#4581=CARTESIAN_POINT('',(-71.499973486,31.500001729,2.595809409));
#4582=VERTEX_POINT('',#4581);
#4583=CARTESIAN_POINT('',(-71.499973486,31.500001729,2.595809409));
#4584=DIRECTION('',(0.,-1.,0.));
#4585=VECTOR('',#4584,12.);
#4586=LINE('',#4583,#4585);
#4587=EDGE_CURVE('',#4582,#4573,#4586,.T.);
#4588=ORIENTED_EDGE('',*,*,#4587,.F.);
#4589=CARTESIAN_POINT('',(-72.499973486,31.500001729,2.595809409));
#4590=DIRECTION('',(0.,0.,1.));
#4591=DIRECTION('',(1.,0.,-0.));
#4592=AXIS2_PLACEMENT_3D('',#4589,#4590,#4591);
#4593=CIRCLE('',#4592,1.);
#4594=EDGE_CURVE('',#4582,#4531,#4593,.T.);
#4595=ORIENTED_EDGE('',*,*,#4594,.T.);
#4596=EDGE_LOOP('',(#4537,#4546,#4554,#4563,#4571,#4580,#4588,#4595));
#4597=FACE_BOUND('',#4596,.T.);
#4598=CARTESIAN_POINT('',(-66.499973486,15.500001729,2.595809409));
#4599=VERTEX_POINT('',#4598);
#4600=CARTESIAN_POINT('',(-54.499973486,15.500001729,2.595809409));
#4601=VERTEX_POINT('',#4600);
#4602=CARTESIAN_POINT('',(-66.499973486,15.500001729,2.595809409));
#4603=DIRECTION('',(1.,0.,-0.));
#4604=VECTOR('',#4603,12.);
#4605=LINE('',#4602,#4604);
#4606=EDGE_CURVE('',#4599,#4601,#4605,.T.);
#4607=ORIENTED_EDGE('',*,*,#4606,.F.);
#4608=CARTESIAN_POINT('',(-67.499973486,14.500001729,2.595809409));
#4609=VERTEX_POINT('',#4608);
#4610=CARTESIAN_POINT('',(-66.499973486,14.500001729,2.595809409));
#4611=DIRECTION('',(0.,0.,1.));
#4612=DIRECTION('',(1.,0.,-0.));
#4613=AXIS2_PLACEMENT_3D('',#4610,#4611,#4612);
#4614=CIRCLE('',#4613,1.);
#4615=EDGE_CURVE('',#4599,#4609,#4614,.T.);
#4616=ORIENTED_EDGE('',*,*,#4615,.T.);
#4617=CARTESIAN_POINT('',(-67.499973486,2.500001729,2.595809409));
#4618=VERTEX_POINT('',#4617);
#4619=CARTESIAN_POINT('',(-67.499973486,2.500001729,2.595809409));
#4620=DIRECTION('',(0.,1.,0.));
#4621=VECTOR('',#4620,12.);
#4622=LINE('',#4619,#4621);
#4623=EDGE_CURVE('',#4618,#4609,#4622,.T.);
#4624=ORIENTED_EDGE('',*,*,#4623,.F.);
#4625=CARTESIAN_POINT('',(-66.499973486,1.500001729,2.595809409));
#4626=VERTEX_POINT('',#4625);
#4627=CARTESIAN_POINT('',(-66.499973486,2.500001729,2.595809409));
#4628=DIRECTION('',(0.,0.,1.));
#4629=DIRECTION('',(1.,0.,-0.));
#4630=AXIS2_PLACEMENT_3D('',#4627,#4628,#4629);
#4631=CIRCLE('',#4630,1.);
#4632=EDGE_CURVE('',#4618,#4626,#4631,.T.);
#4633=ORIENTED_EDGE('',*,*,#4632,.T.);
#4634=CARTESIAN_POINT('',(-54.499973486,1.500001729,2.595809409));
#4635=VERTEX_POINT('',#4634);
#4636=CARTESIAN_POINT('',(-54.499973486,1.500001729,2.595809409));
#4637=DIRECTION('',(-1.,0.,0.));
#4638=VECTOR('',#4637,12.);
#4639=LINE('',#4636,#4638);
#4640=EDGE_CURVE('',#4635,#4626,#4639,.T.);
#4641=ORIENTED_EDGE('',*,*,#4640,.F.);
#4642=CARTESIAN_POINT('',(-53.499973486,2.500001729,2.595809409));
#4643=VERTEX_POINT('',#4642);
#4644=CARTESIAN_POINT('',(-54.499973486,2.500001729,2.595809409));
#4645=DIRECTION('',(0.,0.,1.));
#4646=DIRECTION('',(1.,0.,-0.));
#4647=AXIS2_PLACEMENT_3D('',#4644,#4645,#4646);
#4648=CIRCLE('',#4647,1.);
#4649=EDGE_CURVE('',#4635,#4643,#4648,.T.);
#4650=ORIENTED_EDGE('',*,*,#4649,.T.);
#4651=CARTESIAN_POINT('',(-53.499973486,14.500001729,2.595809409));
#4652=VERTEX_POINT('',#4651);
#4653=CARTESIAN_POINT('',(-53.499973486,14.500001729,2.595809409));
#4654=DIRECTION('',(0.,-1.,0.));
#4655=VECTOR('',#4654,12.);
#4656=LINE('',#4653,#4655);
#4657=EDGE_CURVE('',#4652,#4643,#4656,.T.);
#4658=ORIENTED_EDGE('',*,*,#4657,.F.);
#4659=CARTESIAN_POINT('',(-54.499973486,14.500001729,2.595809409));
#4660=DIRECTION('',(0.,0.,1.));
#4661=DIRECTION('',(1.,0.,-0.));
#4662=AXIS2_PLACEMENT_3D('',#4659,#4660,#4661);
#4663=CIRCLE('',#4662,1.);
#4664=EDGE_CURVE('',#4652,#4601,#4663,.T.);
#4665=ORIENTED_EDGE('',*,*,#4664,.T.);
#4666=EDGE_LOOP('',(#4607,#4616,#4624,#4633,#4641,#4650,#4658,#4665));
#4667=FACE_BOUND('',#4666,.T.);
#4668=CARTESIAN_POINT('',(-66.499973486,32.500001729,2.595809409));
#4669=VERTEX_POINT('',#4668);
#4670=CARTESIAN_POINT('',(-54.499973486,32.500001729,2.595809409));
#4671=VERTEX_POINT('',#4670);
#4672=CARTESIAN_POINT('',(-66.499973486,32.500001729,2.595809409));
#4673=DIRECTION('',(1.,0.,-0.));
#4674=VECTOR('',#4673,12.);
#4675=LINE('',#4672,#4674);
#4676=EDGE_CURVE('',#4669,#4671,#4675,.T.);
#4677=ORIENTED_EDGE('',*,*,#4676,.F.);
#4678=CARTESIAN_POINT('',(-67.499973486,31.500001729,2.595809409));
#4679=VERTEX_POINT('',#4678);
#4680=CARTESIAN_POINT('',(-66.499973486,31.500001729,2.595809409));
#4681=DIRECTION('',(0.,0.,1.));
#4682=DIRECTION('',(1.,0.,-0.));
#4683=AXIS2_PLACEMENT_3D('',#4680,#4681,#4682);
#4684=CIRCLE('',#4683,1.);
#4685=EDGE_CURVE('',#4669,#4679,#4684,.T.);
#4686=ORIENTED_EDGE('',*,*,#4685,.T.);
#4687=CARTESIAN_POINT('',(-67.499973486,19.500001729,2.595809409));
#4688=VERTEX_POINT('',#4687);
#4689=CARTESIAN_POINT('',(-67.499973486,19.500001729,2.595809409));
#4690=DIRECTION('',(0.,1.,0.));
#4691=VECTOR('',#4690,12.);
#4692=LINE('',#4689,#4691);
#4693=EDGE_CURVE('',#4688,#4679,#4692,.T.);
#4694=ORIENTED_EDGE('',*,*,#4693,.F.);
#4695=CARTESIAN_POINT('',(-66.499973486,18.500001729,2.595809409));
#4696=VERTEX_POINT('',#4695);
#4697=CARTESIAN_POINT('',(-66.499973486,19.500001729,2.595809409));
#4698=DIRECTION('',(0.,0.,1.));
#4699=DIRECTION('',(1.,0.,-0.));
#4700=AXIS2_PLACEMENT_3D('',#4697,#4698,#4699);
#4701=CIRCLE('',#4700,1.);
#4702=EDGE_CURVE('',#4688,#4696,#4701,.T.);
#4703=ORIENTED_EDGE('',*,*,#4702,.T.);
#4704=CARTESIAN_POINT('',(-54.499973486,18.500001729,2.595809409));
#4705=VERTEX_POINT('',#4704);
#4706=CARTESIAN_POINT('',(-54.499973486,18.500001729,2.595809409));
#4707=DIRECTION('',(-1.,0.,0.));
#4708=VECTOR('',#4707,12.);
#4709=LINE('',#4706,#4708);
#4710=EDGE_CURVE('',#4705,#4696,#4709,.T.);
#4711=ORIENTED_EDGE('',*,*,#4710,.F.);
#4712=CARTESIAN_POINT('',(-53.499973486,19.500001729,2.595809409));
#4713=VERTEX_POINT('',#4712);
#4714=CARTESIAN_POINT('',(-54.499973486,19.500001729,2.595809409));
#4715=DIRECTION('',(0.,0.,1.));
#4716=DIRECTION('',(1.,0.,-0.));
#4717=AXIS2_PLACEMENT_3D('',#4714,#4715,#4716);
#4718=CIRCLE('',#4717,1.);
#4719=EDGE_CURVE('',#4705,#4713,#4718,.T.);
#4720=ORIENTED_EDGE('',*,*,#4719,.T.);
#4721=CARTESIAN_POINT('',(-53.499973486,31.500001729,2.595809409));
#4722=VERTEX_POINT('',#4721);
#4723=CARTESIAN_POINT('',(-53.499973486,31.500001729,2.595809409));
#4724=DIRECTION('',(0.,-1.,0.));
#4725=VECTOR('',#4724,12.);
#4726=LINE('',#4723,#4725);
#4727=EDGE_CURVE('',#4722,#4713,#4726,.T.);
#4728=ORIENTED_EDGE('',*,*,#4727,.F.);
#4729=CARTESIAN_POINT('',(-54.499973486,31.500001729,2.595809409));
#4730=DIRECTION('',(0.,0.,1.));
#4731=DIRECTION('',(1.,0.,-0.));
#4732=AXIS2_PLACEMENT_3D('',#4729,#4730,#4731);
#4733=CIRCLE('',#4732,1.);
#4734=EDGE_CURVE('',#4722,#4671,#4733,.T.);
#4735=ORIENTED_EDGE('',*,*,#4734,.T.);
#4736=EDGE_LOOP('',(#4677,#4686,#4694,#4703,#4711,#4720,#4728,#4735));
#4737=FACE_BOUND('',#4736,.T.);
#4738=CARTESIAN_POINT('',(-48.499973486,15.500001729,2.595809409));
#4739=VERTEX_POINT('',#4738);
#4740=CARTESIAN_POINT('',(-36.499973486,15.500001729,2.595809409));
#4741=VERTEX_POINT('',#4740);
#4742=CARTESIAN_POINT('',(-48.499973486,15.500001729,2.595809409));
#4743=DIRECTION('',(1.,0.,-0.));
#4744=VECTOR('',#4743,12.);
#4745=LINE('',#4742,#4744);
#4746=EDGE_CURVE('',#4739,#4741,#4745,.T.);
#4747=ORIENTED_EDGE('',*,*,#4746,.F.);
#4748=CARTESIAN_POINT('',(-49.499973486,14.500001729,2.595809409));
#4749=VERTEX_POINT('',#4748);
#4750=CARTESIAN_POINT('',(-48.499973486,14.500001729,2.595809409));
#4751=DIRECTION('',(0.,0.,1.));
#4752=DIRECTION('',(1.,0.,-0.));
#4753=AXIS2_PLACEMENT_3D('',#4750,#4751,#4752);
#4754=CIRCLE('',#4753,1.);
#4755=EDGE_CURVE('',#4739,#4749,#4754,.T.);
#4756=ORIENTED_EDGE('',*,*,#4755,.T.);
#4757=CARTESIAN_POINT('',(-49.499973486,2.500001729,2.595809409));
#4758=VERTEX_POINT('',#4757);
#4759=CARTESIAN_POINT('',(-49.499973486,2.500001729,2.595809409));
#4760=DIRECTION('',(0.,1.,0.));
#4761=VECTOR('',#4760,12.);
#4762=LINE('',#4759,#4761);
#4763=EDGE_CURVE('',#4758,#4749,#4762,.T.);
#4764=ORIENTED_EDGE('',*,*,#4763,.F.);
#4765=CARTESIAN_POINT('',(-48.499973486,1.500001729,2.595809409));
#4766=VERTEX_POINT('',#4765);
#4767=CARTESIAN_POINT('',(-48.499973486,2.500001729,2.595809409));
#4768=DIRECTION('',(0.,0.,1.));
#4769=DIRECTION('',(1.,0.,-0.));
#4770=AXIS2_PLACEMENT_3D('',#4767,#4768,#4769);
#4771=CIRCLE('',#4770,1.);
#4772=EDGE_CURVE('',#4758,#4766,#4771,.T.);
#4773=ORIENTED_EDGE('',*,*,#4772,.T.);
#4774=CARTESIAN_POINT('',(-36.499973486,1.500001729,2.595809409));
#4775=VERTEX_POINT('',#4774);
#4776=CARTESIAN_POINT('',(-36.499973486,1.500001729,2.595809409));
#4777=DIRECTION('',(-1.,0.,0.));
#4778=VECTOR('',#4777,12.);
#4779=LINE('',#4776,#4778);
#4780=EDGE_CURVE('',#4775,#4766,#4779,.T.);
#4781=ORIENTED_EDGE('',*,*,#4780,.F.);
#4782=CARTESIAN_POINT('',(-35.499973486,2.500001729,2.595809409));
#4783=VERTEX_POINT('',#4782);
#4784=CARTESIAN_POINT('',(-36.499973486,2.500001729,2.595809409));
#4785=DIRECTION('',(0.,0.,1.));
#4786=DIRECTION('',(1.,0.,-0.));
#4787=AXIS2_PLACEMENT_3D('',#4784,#4785,#4786);
#4788=CIRCLE('',#4787,1.);
#4789=EDGE_CURVE('',#4775,#4783,#4788,.T.);
#4790=ORIENTED_EDGE('',*,*,#4789,.T.);
#4791=CARTESIAN_POINT('',(-35.499973486,14.500001729,2.595809409));
#4792=VERTEX_POINT('',#4791);
#4793=CARTESIAN_POINT('',(-35.499973486,14.500001729,2.595809409));
#4794=DIRECTION('',(0.,-1.,0.));
#4795=VECTOR('',#4794,12.);
#4796=LINE('',#4793,#4795);
#4797=EDGE_CURVE('',#4792,#4783,#4796,.T.);
#4798=ORIENTED_EDGE('',*,*,#4797,.F.);
#4799=CARTESIAN_POINT('',(-36.499973486,14.500001729,2.595809409));
#4800=DIRECTION('',(0.,0.,1.));
#4801=DIRECTION('',(1.,0.,-0.));
#4802=AXIS2_PLACEMENT_3D('',#4799,#4800,#4801);
#4803=CIRCLE('',#4802,1.);
#4804=EDGE_CURVE('',#4792,#4741,#4803,.T.);
#4805=ORIENTED_EDGE('',*,*,#4804,.T.);
#4806=EDGE_LOOP('',(#4747,#4756,#4764,#4773,#4781,#4790,#4798,#4805));
#4807=FACE_BOUND('',#4806,.T.);
#4808=CARTESIAN_POINT('',(-48.499973486,32.500001729,2.595809409));
#4809=VERTEX_POINT('',#4808);
#4810=CARTESIAN_POINT('',(-36.499973486,32.500001729,2.595809409));
#4811=VERTEX_POINT('',#4810);
#4812=CARTESIAN_POINT('',(-48.499973486,32.500001729,2.595809409));
#4813=DIRECTION('',(1.,0.,-0.));
#4814=VECTOR('',#4813,12.);
#4815=LINE('',#4812,#4814);
#4816=EDGE_CURVE('',#4809,#4811,#4815,.T.);
#4817=ORIENTED_EDGE('',*,*,#4816,.F.);
#4818=CARTESIAN_POINT('',(-49.499973486,31.500001729,2.595809409));
#4819=VERTEX_POINT('',#4818);
#4820=CARTESIAN_POINT('',(-48.499973486,31.500001729,2.595809409));
#4821=DIRECTION('',(0.,0.,1.));
#4822=DIRECTION('',(1.,0.,-0.));
#4823=AXIS2_PLACEMENT_3D('',#4820,#4821,#4822);
#4824=CIRCLE('',#4823,1.);
#4825=EDGE_CURVE('',#4809,#4819,#4824,.T.);
#4826=ORIENTED_EDGE('',*,*,#4825,.T.);
#4827=CARTESIAN_POINT('',(-49.499973486,19.500001729,2.595809409));
#4828=VERTEX_POINT('',#4827);
#4829=CARTESIAN_POINT('',(-49.499973486,19.500001729,2.595809409));
#4830=DIRECTION('',(0.,1.,0.));
#4831=VECTOR('',#4830,12.);
#4832=LINE('',#4829,#4831);
#4833=EDGE_CURVE('',#4828,#4819,#4832,.T.);
#4834=ORIENTED_EDGE('',*,*,#4833,.F.);
#4835=CARTESIAN_POINT('',(-48.499973486,18.500001729,2.595809409));
#4836=VERTEX_POINT('',#4835);
#4837=CARTESIAN_POINT('',(-48.499973486,19.500001729,2.595809409));
#4838=DIRECTION('',(0.,0.,1.));
#4839=DIRECTION('',(1.,0.,-0.));
#4840=AXIS2_PLACEMENT_3D('',#4837,#4838,#4839);
#4841=CIRCLE('',#4840,1.);
#4842=EDGE_CURVE('',#4828,#4836,#4841,.T.);
#4843=ORIENTED_EDGE('',*,*,#4842,.T.);
#4844=CARTESIAN_POINT('',(-36.499973486,18.500001729,2.595809409));
#4845=VERTEX_POINT('',#4844);
#4846=CARTESIAN_POINT('',(-36.499973486,18.500001729,2.595809409));
#4847=DIRECTION('',(-1.,0.,0.));
#4848=VECTOR('',#4847,12.);
#4849=LINE('',#4846,#4848);
#4850=EDGE_CURVE('',#4845,#4836,#4849,.T.);
#4851=ORIENTED_EDGE('',*,*,#4850,.F.);
#4852=CARTESIAN_POINT('',(-35.499973486,19.500001729,2.595809409));
#4853=VERTEX_POINT('',#4852);
#4854=CARTESIAN_POINT('',(-36.499973486,19.500001729,2.595809409));
#4855=DIRECTION('',(0.,0.,1.));
#4856=DIRECTION('',(1.,0.,-0.));
#4857=AXIS2_PLACEMENT_3D('',#4854,#4855,#4856);
#4858=CIRCLE('',#4857,1.);
#4859=EDGE_CURVE('',#4845,#4853,#4858,.T.);
#4860=ORIENTED_EDGE('',*,*,#4859,.T.);
#4861=CARTESIAN_POINT('',(-35.499973486,31.500001729,2.595809409));
#4862=VERTEX_POINT('',#4861);
#4863=CARTESIAN_POINT('',(-35.499973486,31.500001729,2.595809409));
#4864=DIRECTION('',(0.,-1.,0.));
#4865=VECTOR('',#4864,12.);
#4866=LINE('',#4863,#4865);
#4867=EDGE_CURVE('',#4862,#4853,#4866,.T.);
#4868=ORIENTED_EDGE('',*,*,#4867,.F.);
#4869=CARTESIAN_POINT('',(-36.499973486,31.500001729,2.595809409));
#4870=DIRECTION('',(0.,0.,1.));
#4871=DIRECTION('',(1.,0.,-0.));
#4872=AXIS2_PLACEMENT_3D('',#4869,#4870,#4871);
#4873=CIRCLE('',#4872,1.);
#4874=EDGE_CURVE('',#4862,#4811,#4873,.T.);
#4875=ORIENTED_EDGE('',*,*,#4874,.T.);
#4876=EDGE_LOOP('',(#4817,#4826,#4834,#4843,#4851,#4860,#4868,#4875));
#4877=FACE_BOUND('',#4876,.T.);
#4878=CARTESIAN_POINT('',(-30.499973486,15.500001729,2.595809409));
#4879=VERTEX_POINT('',#4878);
#4880=CARTESIAN_POINT('',(-18.499973486,15.500001729,2.595809409));
#4881=VERTEX_POINT('',#4880);
#4882=CARTESIAN_POINT('',(-30.499973486,15.500001729,2.595809409));
#4883=DIRECTION('',(1.,0.,-0.));
#4884=VECTOR('',#4883,12.);
#4885=LINE('',#4882,#4884);
#4886=EDGE_CURVE('',#4879,#4881,#4885,.T.);
#4887=ORIENTED_EDGE('',*,*,#4886,.F.);
#4888=CARTESIAN_POINT('',(-31.499973486,14.500001729,2.595809409));
#4889=VERTEX_POINT('',#4888);
#4890=CARTESIAN_POINT('',(-30.499973486,14.500001729,2.595809409));
#4891=DIRECTION('',(0.,0.,1.));
#4892=DIRECTION('',(1.,0.,-0.));
#4893=AXIS2_PLACEMENT_3D('',#4890,#4891,#4892);
#4894=CIRCLE('',#4893,1.);
#4895=EDGE_CURVE('',#4879,#4889,#4894,.T.);
#4896=ORIENTED_EDGE('',*,*,#4895,.T.);
#4897=CARTESIAN_POINT('',(-31.499973486,2.500001729,2.595809409));
#4898=VERTEX_POINT('',#4897);
#4899=CARTESIAN_POINT('',(-31.499973486,2.500001729,2.595809409));
#4900=DIRECTION('',(0.,1.,0.));
#4901=VECTOR('',#4900,12.);
#4902=LINE('',#4899,#4901);
#4903=EDGE_CURVE('',#4898,#4889,#4902,.T.);
#4904=ORIENTED_EDGE('',*,*,#4903,.F.);
#4905=CARTESIAN_POINT('',(-30.499973486,1.500001729,2.595809409));
#4906=VERTEX_POINT('',#4905);
#4907=CARTESIAN_POINT('',(-30.499973486,2.500001729,2.595809409));
#4908=DIRECTION('',(0.,0.,1.));
#4909=DIRECTION('',(1.,0.,-0.));
#4910=AXIS2_PLACEMENT_3D('',#4907,#4908,#4909);
#4911=CIRCLE('',#4910,1.);
#4912=EDGE_CURVE('',#4898,#4906,#4911,.T.);
#4913=ORIENTED_EDGE('',*,*,#4912,.T.);
#4914=CARTESIAN_POINT('',(-18.499973486,1.500001729,2.595809409));
#4915=VERTEX_POINT('',#4914);
#4916=CARTESIAN_POINT('',(-18.499973486,1.500001729,2.595809409));
#4917=DIRECTION('',(-1.,0.,0.));
#4918=VECTOR('',#4917,12.);
#4919=LINE('',#4916,#4918);
#4920=EDGE_CURVE('',#4915,#4906,#4919,.T.);
#4921=ORIENTED_EDGE('',*,*,#4920,.F.);
#4922=CARTESIAN_POINT('',(-17.499973486,2.500001729,2.595809409));
#4923=VERTEX_POINT('',#4922);
#4924=CARTESIAN_POINT('',(-18.499973486,2.500001729,2.595809409));
#4925=DIRECTION('',(0.,0.,1.));
#4926=DIRECTION('',(1.,0.,-0.));
#4927=AXIS2_PLACEMENT_3D('',#4924,#4925,#4926);
#4928=CIRCLE('',#4927,1.);
#4929=EDGE_CURVE('',#4915,#4923,#4928,.T.);
#4930=ORIENTED_EDGE('',*,*,#4929,.T.);
#4931=CARTESIAN_POINT('',(-17.499973486,14.500001729,2.595809409));
#4932=VERTEX_POINT('',#4931);
#4933=CARTESIAN_POINT('',(-17.499973486,14.500001729,2.595809409));
#4934=DIRECTION('',(0.,-1.,0.));
#4935=VECTOR('',#4934,12.);
#4936=LINE('',#4933,#4935);
#4937=EDGE_CURVE('',#4932,#4923,#4936,.T.);
#4938=ORIENTED_EDGE('',*,*,#4937,.F.);
#4939=CARTESIAN_POINT('',(-18.499973486,14.500001729,2.595809409));
#4940=DIRECTION('',(0.,0.,1.));
#4941=DIRECTION('',(1.,0.,-0.));
#4942=AXIS2_PLACEMENT_3D('',#4939,#4940,#4941);
#4943=CIRCLE('',#4942,1.);
#4944=EDGE_CURVE('',#4932,#4881,#4943,.T.);
#4945=ORIENTED_EDGE('',*,*,#4944,.T.);
#4946=EDGE_LOOP('',(#4887,#4896,#4904,#4913,#4921,#4930,#4938,#4945));
#4947=FACE_BOUND('',#4946,.T.);
#4948=CARTESIAN_POINT('',(-30.499973486,32.500001729,2.595809409));
#4949=VERTEX_POINT('',#4948);
#4950=CARTESIAN_POINT('',(-18.499973486,32.500001729,2.595809409));
#4951=VERTEX_POINT('',#4950);
#4952=CARTESIAN_POINT('',(-30.499973486,32.500001729,2.595809409));
#4953=DIRECTION('',(1.,0.,-0.));
#4954=VECTOR('',#4953,12.);
#4955=LINE('',#4952,#4954);
#4956=EDGE_CURVE('',#4949,#4951,#4955,.T.);
#4957=ORIENTED_EDGE('',*,*,#4956,.F.);
#4958=CARTESIAN_POINT('',(-31.499973486,31.500001729,2.595809409));
#4959=VERTEX_POINT('',#4958);
#4960=CARTESIAN_POINT('',(-30.499973486,31.500001729,2.595809409));
#4961=DIRECTION('',(0.,0.,1.));
#4962=DIRECTION('',(1.,0.,-0.));
#4963=AXIS2_PLACEMENT_3D('',#4960,#4961,#4962);
#4964=CIRCLE('',#4963,1.);
#4965=EDGE_CURVE('',#4949,#4959,#4964,.T.);
#4966=ORIENTED_EDGE('',*,*,#4965,.T.);
#4967=CARTESIAN_POINT('',(-31.499973486,19.500001729,2.595809409));
#4968=VERTEX_POINT('',#4967);
#4969=CARTESIAN_POINT('',(-31.499973486,19.500001729,2.595809409));
#4970=DIRECTION('',(0.,1.,0.));
#4971=VECTOR('',#4970,12.);
#4972=LINE('',#4969,#4971);
#4973=EDGE_CURVE('',#4968,#4959,#4972,.T.);
#4974=ORIENTED_EDGE('',*,*,#4973,.F.);
#4975=CARTESIAN_POINT('',(-30.499973486,18.500001729,2.595809409));
#4976=VERTEX_POINT('',#4975);
#4977=CARTESIAN_POINT('',(-30.499973486,19.500001729,2.595809409));
#4978=DIRECTION('',(0.,0.,1.));
#4979=DIRECTION('',(1.,0.,-0.));
#4980=AXIS2_PLACEMENT_3D('',#4977,#4978,#4979);
#4981=CIRCLE('',#4980,1.);
#4982=EDGE_CURVE('',#4968,#4976,#4981,.T.);
#4983=ORIENTED_EDGE('',*,*,#4982,.T.);
#4984=CARTESIAN_POINT('',(-18.499973486,18.500001729,2.595809409));
#4985=VERTEX_POINT('',#4984);
#4986=CARTESIAN_POINT('',(-18.499973486,18.500001729,2.595809409));
#4987=DIRECTION('',(-1.,0.,0.));
#4988=VECTOR('',#4987,12.);
#4989=LINE('',#4986,#4988);
#4990=EDGE_CURVE('',#4985,#4976,#4989,.T.);
#4991=ORIENTED_EDGE('',*,*,#4990,.F.);
#4992=CARTESIAN_POINT('',(-17.499973486,19.500001729,2.595809409));
#4993=VERTEX_POINT('',#4992);
#4994=CARTESIAN_POINT('',(-18.499973486,19.500001729,2.595809409));
#4995=DIRECTION('',(0.,0.,1.));
#4996=DIRECTION('',(1.,0.,-0.));
#4997=AXIS2_PLACEMENT_3D('',#4994,#4995,#4996);
#4998=CIRCLE('',#4997,1.);
#4999=EDGE_CURVE('',#4985,#4993,#4998,.T.);
#5000=ORIENTED_EDGE('',*,*,#4999,.T.);
#5001=CARTESIAN_POINT('',(-17.499973486,31.500001729,2.595809409));
#5002=VERTEX_POINT('',#5001);
#5003=CARTESIAN_POINT('',(-17.499973486,31.500001729,2.595809409));
#5004=DIRECTION('',(0.,-1.,0.));
#5005=VECTOR('',#5004,12.);
#5006=LINE('',#5003,#5005);
#5007=EDGE_CURVE('',#5002,#4993,#5006,.T.);
#5008=ORIENTED_EDGE('',*,*,#5007,.F.);
#5009=CARTESIAN_POINT('',(-18.499973486,31.500001729,2.595809409));
#5010=DIRECTION('',(0.,0.,1.));
#5011=DIRECTION('',(1.,0.,-0.));
#5012=AXIS2_PLACEMENT_3D('',#5009,#5010,#5011);
#5013=CIRCLE('',#5012,1.);
#5014=EDGE_CURVE('',#5002,#4951,#5013,.T.);
#5015=ORIENTED_EDGE('',*,*,#5014,.T.);
#5016=EDGE_LOOP('',(#4957,#4966,#4974,#4983,#4991,#5000,#5008,#5015));
#5017=FACE_BOUND('',#5016,.T.);
#5018=CARTESIAN_POINT('',(18.500026514,-18.499998271,2.595809409));
#5019=VERTEX_POINT('',#5018);
#5020=CARTESIAN_POINT('',(30.500026514,-18.499998271,2.595809409));
#5021=VERTEX_POINT('',#5020);
#5022=CARTESIAN_POINT('',(18.500026514,-18.499998271,2.595809409));
#5023=DIRECTION('',(1.,0.,-0.));
#5024=VECTOR('',#5023,12.);
#5025=LINE('',#5022,#5024);
#5026=EDGE_CURVE('',#5019,#5021,#5025,.T.);
#5027=ORIENTED_EDGE('',*,*,#5026,.F.);
#5028=CARTESIAN_POINT('',(17.500026514,-19.499998271,2.595809409));
#5029=VERTEX_POINT('',#5028);
#5030=CARTESIAN_POINT('',(18.500026514,-19.499998271,2.595809409));
#5031=DIRECTION('',(0.,0.,1.));
#5032=DIRECTION('',(1.,0.,-0.));
#5033=AXIS2_PLACEMENT_3D('',#5030,#5031,#5032);
#5034=CIRCLE('',#5033,1.);
#5035=EDGE_CURVE('',#5019,#5029,#5034,.T.);
#5036=ORIENTED_EDGE('',*,*,#5035,.T.);
#5037=CARTESIAN_POINT('',(17.500026514,-31.499998271,2.595809409));
#5038=VERTEX_POINT('',#5037);
#5039=CARTESIAN_POINT('',(17.500026514,-31.499998271,2.595809409));
#5040=DIRECTION('',(0.,1.,0.));
#5041=VECTOR('',#5040,12.);
#5042=LINE('',#5039,#5041);
#5043=EDGE_CURVE('',#5038,#5029,#5042,.T.);
#5044=ORIENTED_EDGE('',*,*,#5043,.F.);
#5045=CARTESIAN_POINT('',(18.500026514,-32.499998271,2.595809409));
#5046=VERTEX_POINT('',#5045);
#5047=CARTESIAN_POINT('',(18.500026514,-31.499998271,2.595809409));
#5048=DIRECTION('',(0.,0.,1.));
#5049=DIRECTION('',(1.,0.,-0.));
#5050=AXIS2_PLACEMENT_3D('',#5047,#5048,#5049);
#5051=CIRCLE('',#5050,1.);
#5052=EDGE_CURVE('',#5038,#5046,#5051,.T.);
#5053=ORIENTED_EDGE('',*,*,#5052,.T.);
#5054=CARTESIAN_POINT('',(30.500026514,-32.499998271,2.595809409));
#5055=VERTEX_POINT('',#5054);
#5056=CARTESIAN_POINT('',(30.500026514,-32.499998271,2.595809409));
#5057=DIRECTION('',(-1.,0.,0.));
#5058=VECTOR('',#5057,12.);
#5059=LINE('',#5056,#5058);
#5060=EDGE_CURVE('',#5055,#5046,#5059,.T.);
#5061=ORIENTED_EDGE('',*,*,#5060,.F.);
#5062=CARTESIAN_POINT('',(31.500026514,-31.499998271,2.595809409));
#5063=VERTEX_POINT('',#5062);
#5064=CARTESIAN_POINT('',(30.500026514,-31.499998271,2.595809409));
#5065=DIRECTION('',(0.,0.,1.));
#5066=DIRECTION('',(1.,0.,-0.));
#5067=AXIS2_PLACEMENT_3D('',#5064,#5065,#5066);
#5068=CIRCLE('',#5067,1.);
#5069=EDGE_CURVE('',#5055,#5063,#5068,.T.);
#5070=ORIENTED_EDGE('',*,*,#5069,.T.);
#5071=CARTESIAN_POINT('',(31.500026514,-19.499998271,2.595809409));
#5072=VERTEX_POINT('',#5071);
#5073=CARTESIAN_POINT('',(31.500026514,-19.499998271,2.595809409));
#5074=DIRECTION('',(0.,-1.,0.));
#5075=VECTOR('',#5074,12.);
#5076=LINE('',#5073,#5075);
#5077=EDGE_CURVE('',#5072,#5063,#5076,.T.);
#5078=ORIENTED_EDGE('',*,*,#5077,.F.);
#5079=CARTESIAN_POINT('',(30.500026514,-19.499998271,2.595809409));
#5080=DIRECTION('',(0.,0.,1.));
#5081=DIRECTION('',(1.,0.,-0.));
#5082=AXIS2_PLACEMENT_3D('',#5079,#5080,#5081);
#5083=CIRCLE('',#5082,1.);
#5084=EDGE_CURVE('',#5072,#5021,#5083,.T.);
#5085=ORIENTED_EDGE('',*,*,#5084,.T.);
#5086=EDGE_LOOP('',(#5027,#5036,#5044,#5053,#5061,#5070,#5078,#5085));
#5087=FACE_BOUND('',#5086,.T.);
#5088=CARTESIAN_POINT('',(18.500026514,-1.499998271,2.595809409));
#5089=VERTEX_POINT('',#5088);
#5090=CARTESIAN_POINT('',(30.500026514,-1.499998271,2.595809409));
#5091=VERTEX_POINT('',#5090);
#5092=CARTESIAN_POINT('',(18.500026514,-1.499998271,2.595809409));
#5093=DIRECTION('',(1.,0.,-0.));
#5094=VECTOR('',#5093,12.);
#5095=LINE('',#5092,#5094);
#5096=EDGE_CURVE('',#5089,#5091,#5095,.T.);
#5097=ORIENTED_EDGE('',*,*,#5096,.F.);
#5098=CARTESIAN_POINT('',(17.500026514,-2.499998271,2.595809409));
#5099=VERTEX_POINT('',#5098);
#5100=CARTESIAN_POINT('',(18.500026514,-2.499998271,2.595809409));
#5101=DIRECTION('',(0.,0.,1.));
#5102=DIRECTION('',(1.,0.,-0.));
#5103=AXIS2_PLACEMENT_3D('',#5100,#5101,#5102);
#5104=CIRCLE('',#5103,1.);
#5105=EDGE_CURVE('',#5089,#5099,#5104,.T.);
#5106=ORIENTED_EDGE('',*,*,#5105,.T.);
#5107=CARTESIAN_POINT('',(17.500026514,-14.499998271,2.595809409));
#5108=VERTEX_POINT('',#5107);
#5109=CARTESIAN_POINT('',(17.500026514,-14.499998271,2.595809409));
#5110=DIRECTION('',(0.,1.,0.));
#5111=VECTOR('',#5110,12.);
#5112=LINE('',#5109,#5111);
#5113=EDGE_CURVE('',#5108,#5099,#5112,.T.);
#5114=ORIENTED_EDGE('',*,*,#5113,.F.);
#5115=CARTESIAN_POINT('',(18.500026514,-15.499998271,2.595809409));
#5116=VERTEX_POINT('',#5115);
#5117=CARTESIAN_POINT('',(18.500026514,-14.499998271,2.595809409));
#5118=DIRECTION('',(0.,0.,1.));
#5119=DIRECTION('',(1.,0.,-0.));
#5120=AXIS2_PLACEMENT_3D('',#5117,#5118,#5119);
#5121=CIRCLE('',#5120,1.);
#5122=EDGE_CURVE('',#5108,#5116,#5121,.T.);
#5123=ORIENTED_EDGE('',*,*,#5122,.T.);
#5124=CARTESIAN_POINT('',(30.500026514,-15.499998271,2.595809409));
#5125=VERTEX_POINT('',#5124);
#5126=CARTESIAN_POINT('',(30.500026514,-15.499998271,2.595809409));
#5127=DIRECTION('',(-1.,0.,0.));
#5128=VECTOR('',#5127,12.);
#5129=LINE('',#5126,#5128);
#5130=EDGE_CURVE('',#5125,#5116,#5129,.T.);
#5131=ORIENTED_EDGE('',*,*,#5130,.F.);
#5132=CARTESIAN_POINT('',(31.500026514,-14.499998271,2.595809409));
#5133=VERTEX_POINT('',#5132);
#5134=CARTESIAN_POINT('',(30.500026514,-14.499998271,2.595809409));
#5135=DIRECTION('',(0.,0.,1.));
#5136=DIRECTION('',(1.,0.,-0.));
#5137=AXIS2_PLACEMENT_3D('',#5134,#5135,#5136);
#5138=CIRCLE('',#5137,1.);
#5139=EDGE_CURVE('',#5125,#5133,#5138,.T.);
#5140=ORIENTED_EDGE('',*,*,#5139,.T.);
#5141=CARTESIAN_POINT('',(31.500026514,-2.499998271,2.595809409));
#5142=VERTEX_POINT('',#5141);
#5143=CARTESIAN_POINT('',(31.500026514,-2.499998271,2.595809409));
#5144=DIRECTION('',(0.,-1.,0.));
#5145=VECTOR('',#5144,12.);
#5146=LINE('',#5143,#5145);
#5147=EDGE_CURVE('',#5142,#5133,#5146,.T.);
#5148=ORIENTED_EDGE('',*,*,#5147,.F.);
#5149=CARTESIAN_POINT('',(30.500026514,-2.499998271,2.595809409));
#5150=DIRECTION('',(0.,0.,1.));
#5151=DIRECTION('',(1.,0.,-0.));
#5152=AXIS2_PLACEMENT_3D('',#5149,#5150,#5151);
#5153=CIRCLE('',#5152,1.);
#5154=EDGE_CURVE('',#5142,#5091,#5153,.T.);
#5155=ORIENTED_EDGE('',*,*,#5154,.T.);
#5156=EDGE_LOOP('',(#5097,#5106,#5114,#5123,#5131,#5140,#5148,#5155));
#5157=FACE_BOUND('',#5156,.T.);
#5158=CARTESIAN_POINT('',(36.500026514,-18.499998271,2.595809409));
#5159=VERTEX_POINT('',#5158);
#5160=CARTESIAN_POINT('',(48.500026514,-18.499998271,2.595809409));
#5161=VERTEX_POINT('',#5160);
#5162=CARTESIAN_POINT('',(36.500026514,-18.499998271,2.595809409));
#5163=DIRECTION('',(1.,0.,-0.));
#5164=VECTOR('',#5163,12.);
#5165=LINE('',#5162,#5164);
#5166=EDGE_CURVE('',#5159,#5161,#5165,.T.);
#5167=ORIENTED_EDGE('',*,*,#5166,.F.);
#5168=CARTESIAN_POINT('',(35.500026514,-19.499998271,2.595809409));
#5169=VERTEX_POINT('',#5168);
#5170=CARTESIAN_POINT('',(36.500026514,-19.499998271,2.595809409));
#5171=DIRECTION('',(0.,0.,1.));
#5172=DIRECTION('',(1.,0.,-0.));
#5173=AXIS2_PLACEMENT_3D('',#5170,#5171,#5172);
#5174=CIRCLE('',#5173,1.);
#5175=EDGE_CURVE('',#5159,#5169,#5174,.T.);
#5176=ORIENTED_EDGE('',*,*,#5175,.T.);
#5177=CARTESIAN_POINT('',(35.500026514,-31.499998271,2.595809409));
#5178=VERTEX_POINT('',#5177);
#5179=CARTESIAN_POINT('',(35.500026514,-31.499998271,2.595809409));
#5180=DIRECTION('',(0.,1.,0.));
#5181=VECTOR('',#5180,12.);
#5182=LINE('',#5179,#5181);
#5183=EDGE_CURVE('',#5178,#5169,#5182,.T.);
#5184=ORIENTED_EDGE('',*,*,#5183,.F.);
#5185=CARTESIAN_POINT('',(36.500026514,-32.499998271,2.595809409));
#5186=VERTEX_POINT('',#5185);
#5187=CARTESIAN_POINT('',(36.500026514,-31.499998271,2.595809409));
#5188=DIRECTION('',(0.,0.,1.));
#5189=DIRECTION('',(1.,0.,-0.));
#5190=AXIS2_PLACEMENT_3D('',#5187,#5188,#5189);
#5191=CIRCLE('',#5190,1.);
#5192=EDGE_CURVE('',#5178,#5186,#5191,.T.);
#5193=ORIENTED_EDGE('',*,*,#5192,.T.);
#5194=CARTESIAN_POINT('',(48.500026514,-32.499998271,2.595809409));
#5195=VERTEX_POINT('',#5194);
#5196=CARTESIAN_POINT('',(48.500026514,-32.499998271,2.595809409));
#5197=DIRECTION('',(-1.,0.,0.));
#5198=VECTOR('',#5197,12.);
#5199=LINE('',#5196,#5198);
#5200=EDGE_CURVE('',#5195,#5186,#5199,.T.);
#5201=ORIENTED_EDGE('',*,*,#5200,.F.);
#5202=CARTESIAN_POINT('',(49.500026514,-31.499998271,2.595809409));
#5203=VERTEX_POINT('',#5202);
#5204=CARTESIAN_POINT('',(48.500026514,-31.499998271,2.595809409));
#5205=DIRECTION('',(0.,0.,1.));
#5206=DIRECTION('',(1.,0.,-0.));
#5207=AXIS2_PLACEMENT_3D('',#5204,#5205,#5206);
#5208=CIRCLE('',#5207,1.);
#5209=EDGE_CURVE('',#5195,#5203,#5208,.T.);
#5210=ORIENTED_EDGE('',*,*,#5209,.T.);
#5211=CARTESIAN_POINT('',(49.500026514,-19.499998271,2.595809409));
#5212=VERTEX_POINT('',#5211);
#5213=CARTESIAN_POINT('',(49.500026514,-19.499998271,2.595809409));
#5214=DIRECTION('',(0.,-1.,0.));
#5215=VECTOR('',#5214,12.);
#5216=LINE('',#5213,#5215);
#5217=EDGE_CURVE('',#5212,#5203,#5216,.T.);
#5218=ORIENTED_EDGE('',*,*,#5217,.F.);
#5219=CARTESIAN_POINT('',(48.500026514,-19.499998271,2.595809409));
#5220=DIRECTION('',(0.,0.,1.));
#5221=DIRECTION('',(1.,0.,-0.));
#5222=AXIS2_PLACEMENT_3D('',#5219,#5220,#5221);
#5223=CIRCLE('',#5222,1.);
#5224=EDGE_CURVE('',#5212,#5161,#5223,.T.);
#5225=ORIENTED_EDGE('',*,*,#5224,.T.);
#5226=EDGE_LOOP('',(#5167,#5176,#5184,#5193,#5201,#5210,#5218,#5225));
#5227=FACE_BOUND('',#5226,.T.);
#5228=CARTESIAN_POINT('',(36.500026514,-1.499998271,2.595809409));
#5229=VERTEX_POINT('',#5228);
#5230=CARTESIAN_POINT('',(48.500026514,-1.499998271,2.595809409));
#5231=VERTEX_POINT('',#5230);
#5232=CARTESIAN_POINT('',(36.500026514,-1.499998271,2.595809409));
#5233=DIRECTION('',(1.,0.,-0.));
#5234=VECTOR('',#5233,12.);
#5235=LINE('',#5232,#5234);
#5236=EDGE_CURVE('',#5229,#5231,#5235,.T.);
#5237=ORIENTED_EDGE('',*,*,#5236,.F.);
#5238=CARTESIAN_POINT('',(35.500026514,-2.499998271,2.595809409));
#5239=VERTEX_POINT('',#5238);
#5240=CARTESIAN_POINT('',(36.500026514,-2.499998271,2.595809409));
#5241=DIRECTION('',(0.,0.,1.));
#5242=DIRECTION('',(1.,0.,-0.));
#5243=AXIS2_PLACEMENT_3D('',#5240,#5241,#5242);
#5244=CIRCLE('',#5243,1.);
#5245=EDGE_CURVE('',#5229,#5239,#5244,.T.);
#5246=ORIENTED_EDGE('',*,*,#5245,.T.);
#5247=CARTESIAN_POINT('',(35.500026514,-14.499998271,2.595809409));
#5248=VERTEX_POINT('',#5247);
#5249=CARTESIAN_POINT('',(35.500026514,-14.499998271,2.595809409));
#5250=DIRECTION('',(0.,1.,0.));
#5251=VECTOR('',#5250,12.);
#5252=LINE('',#5249,#5251);
#5253=EDGE_CURVE('',#5248,#5239,#5252,.T.);
#5254=ORIENTED_EDGE('',*,*,#5253,.F.);
#5255=CARTESIAN_POINT('',(36.500026514,-15.499998271,2.595809409));
#5256=VERTEX_POINT('',#5255);
#5257=CARTESIAN_POINT('',(36.500026514,-14.499998271,2.595809409));
#5258=DIRECTION('',(0.,0.,1.));
#5259=DIRECTION('',(1.,0.,-0.));
#5260=AXIS2_PLACEMENT_3D('',#5257,#5258,#5259);
#5261=CIRCLE('',#5260,1.);
#5262=EDGE_CURVE('',#5248,#5256,#5261,.T.);
#5263=ORIENTED_EDGE('',*,*,#5262,.T.);
#5264=CARTESIAN_POINT('',(48.500026514,-15.499998271,2.595809409));
#5265=VERTEX_POINT('',#5264);
#5266=CARTESIAN_POINT('',(48.500026514,-15.499998271,2.595809409));
#5267=DIRECTION('',(-1.,0.,0.));
#5268=VECTOR('',#5267,12.);
#5269=LINE('',#5266,#5268);
#5270=EDGE_CURVE('',#5265,#5256,#5269,.T.);
#5271=ORIENTED_EDGE('',*,*,#5270,.F.);
#5272=CARTESIAN_POINT('',(49.500026514,-14.499998271,2.595809409));
#5273=VERTEX_POINT('',#5272);
#5274=CARTESIAN_POINT('',(48.500026514,-14.499998271,2.595809409));
#5275=DIRECTION('',(0.,0.,1.));
#5276=DIRECTION('',(1.,0.,-0.));
#5277=AXIS2_PLACEMENT_3D('',#5274,#5275,#5276);
#5278=CIRCLE('',#5277,1.);
#5279=EDGE_CURVE('',#5265,#5273,#5278,.T.);
#5280=ORIENTED_EDGE('',*,*,#5279,.T.);
#5281=CARTESIAN_POINT('',(49.500026514,-2.499998271,2.595809409));
#5282=VERTEX_POINT('',#5281);
#5283=CARTESIAN_POINT('',(49.500026514,-2.499998271,2.595809409));
#5284=DIRECTION('',(0.,-1.,0.));
#5285=VECTOR('',#5284,12.);
#5286=LINE('',#5283,#5285);
#5287=EDGE_CURVE('',#5282,#5273,#5286,.T.);
#5288=ORIENTED_EDGE('',*,*,#5287,.F.);
#5289=CARTESIAN_POINT('',(48.500026514,-2.499998271,2.595809409));
#5290=DIRECTION('',(0.,0.,1.));
#5291=DIRECTION('',(1.,0.,-0.));
#5292=AXIS2_PLACEMENT_3D('',#5289,#5290,#5291);
#5293=CIRCLE('',#5292,1.);
#5294=EDGE_CURVE('',#5282,#5231,#5293,.T.);
#5295=ORIENTED_EDGE('',*,*,#5294,.T.);
#5296=EDGE_LOOP('',(#5237,#5246,#5254,#5263,#5271,#5280,#5288,#5295));
#5297=FACE_BOUND('',#5296,.T.);
#5298=CARTESIAN_POINT('',(54.500026514,-1.499998271,2.595809409));
#5299=VERTEX_POINT('',#5298);
#5300=CARTESIAN_POINT('',(66.500026514,-1.499998271,2.595809409));
#5301=VERTEX_POINT('',#5300);
#5302=CARTESIAN_POINT('',(54.500026514,-1.499998271,2.595809409));
#5303=DIRECTION('',(1.,0.,-0.));
#5304=VECTOR('',#5303,12.);
#5305=LINE('',#5302,#5304);
#5306=EDGE_CURVE('',#5299,#5301,#5305,.T.);
#5307=ORIENTED_EDGE('',*,*,#5306,.F.);
#5308=CARTESIAN_POINT('',(53.500026514,-2.499998271,2.595809409));
#5309=VERTEX_POINT('',#5308);
#5310=CARTESIAN_POINT('',(54.500026514,-2.499998271,2.595809409));
#5311=DIRECTION('',(0.,0.,1.));
#5312=DIRECTION('',(1.,0.,-0.));
#5313=AXIS2_PLACEMENT_3D('',#5310,#5311,#5312);
#5314=CIRCLE('',#5313,1.);
#5315=EDGE_CURVE('',#5299,#5309,#5314,.T.);
#5316=ORIENTED_EDGE('',*,*,#5315,.T.);
#5317=CARTESIAN_POINT('',(53.500026514,-14.499998271,2.595809409));
#5318=VERTEX_POINT('',#5317);
#5319=CARTESIAN_POINT('',(53.500026514,-14.499998271,2.595809409));
#5320=DIRECTION('',(0.,1.,0.));
#5321=VECTOR('',#5320,12.);
#5322=LINE('',#5319,#5321);
#5323=EDGE_CURVE('',#5318,#5309,#5322,.T.);
#5324=ORIENTED_EDGE('',*,*,#5323,.F.);
#5325=CARTESIAN_POINT('',(54.500026514,-15.499998271,2.595809409));
#5326=VERTEX_POINT('',#5325);
#5327=CARTESIAN_POINT('',(54.500026514,-14.499998271,2.595809409));
#5328=DIRECTION('',(0.,0.,1.));
#5329=DIRECTION('',(1.,0.,-0.));
#5330=AXIS2_PLACEMENT_3D('',#5327,#5328,#5329);
#5331=CIRCLE('',#5330,1.);
#5332=EDGE_CURVE('',#5318,#5326,#5331,.T.);
#5333=ORIENTED_EDGE('',*,*,#5332,.T.);
#5334=CARTESIAN_POINT('',(66.500026514,-15.499998271,2.595809409));
#5335=VERTEX_POINT('',#5334);
#5336=CARTESIAN_POINT('',(66.500026514,-15.499998271,2.595809409));
#5337=DIRECTION('',(-1.,0.,0.));
#5338=VECTOR('',#5337,12.);
#5339=LINE('',#5336,#5338);
#5340=EDGE_CURVE('',#5335,#5326,#5339,.T.);
#5341=ORIENTED_EDGE('',*,*,#5340,.F.);
#5342=CARTESIAN_POINT('',(67.500026514,-14.499998271,2.595809409));
#5343=VERTEX_POINT('',#5342);
#5344=CARTESIAN_POINT('',(66.500026514,-14.499998271,2.595809409));
#5345=DIRECTION('',(0.,0.,1.));
#5346=DIRECTION('',(1.,0.,-0.));
#5347=AXIS2_PLACEMENT_3D('',#5344,#5345,#5346);
#5348=CIRCLE('',#5347,1.);
#5349=EDGE_CURVE('',#5335,#5343,#5348,.T.);
#5350=ORIENTED_EDGE('',*,*,#5349,.T.);
#5351=CARTESIAN_POINT('',(67.500026514,-2.499998271,2.595809409));
#5352=VERTEX_POINT('',#5351);
#5353=CARTESIAN_POINT('',(67.500026514,-2.499998271,2.595809409));
#5354=DIRECTION('',(0.,-1.,0.));
#5355=VECTOR('',#5354,12.);
#5356=LINE('',#5353,#5355);
#5357=EDGE_CURVE('',#5352,#5343,#5356,.T.);
#5358=ORIENTED_EDGE('',*,*,#5357,.F.);
#5359=CARTESIAN_POINT('',(66.500026514,-2.499998271,2.595809409));
#5360=DIRECTION('',(0.,0.,1.));
#5361=DIRECTION('',(1.,0.,-0.));
#5362=AXIS2_PLACEMENT_3D('',#5359,#5360,#5361);
#5363=CIRCLE('',#5362,1.);
#5364=EDGE_CURVE('',#5352,#5301,#5363,.T.);
#5365=ORIENTED_EDGE('',*,*,#5364,.T.);
#5366=EDGE_LOOP('',(#5307,#5316,#5324,#5333,#5341,#5350,#5358,#5365));
#5367=FACE_BOUND('',#5366,.T.);
#5368=CARTESIAN_POINT('',(72.500026514,-1.499998271,2.595809409));
#5369=VERTEX_POINT('',#5368);
#5370=CARTESIAN_POINT('',(84.500026514,-1.499998271,2.595809409));
#5371=VERTEX_POINT('',#5370);
#5372=CARTESIAN_POINT('',(72.500026514,-1.499998271,2.595809409));
#5373=DIRECTION('',(1.,0.,-0.));
#5374=VECTOR('',#5373,12.);
#5375=LINE('',#5372,#5374);
#5376=EDGE_CURVE('',#5369,#5371,#5375,.T.);
#5377=ORIENTED_EDGE('',*,*,#5376,.F.);
#5378=CARTESIAN_POINT('',(71.500026514,-2.499998271,2.595809409));
#5379=VERTEX_POINT('',#5378);
#5380=CARTESIAN_POINT('',(72.500026514,-2.499998271,2.595809409));
#5381=DIRECTION('',(0.,0.,1.));
#5382=DIRECTION('',(1.,0.,-0.));
#5383=AXIS2_PLACEMENT_3D('',#5380,#5381,#5382);
#5384=CIRCLE('',#5383,1.);
#5385=EDGE_CURVE('',#5369,#5379,#5384,.T.);
#5386=ORIENTED_EDGE('',*,*,#5385,.T.);
#5387=CARTESIAN_POINT('',(71.500026514,-14.499998271,2.595809409));
#5388=VERTEX_POINT('',#5387);
#5389=CARTESIAN_POINT('',(71.500026514,-14.499998271,2.595809409));
#5390=DIRECTION('',(0.,1.,0.));
#5391=VECTOR('',#5390,12.);
#5392=LINE('',#5389,#5391);
#5393=EDGE_CURVE('',#5388,#5379,#5392,.T.);
#5394=ORIENTED_EDGE('',*,*,#5393,.F.);
#5395=CARTESIAN_POINT('',(72.500026514,-15.499998271,2.595809409));
#5396=VERTEX_POINT('',#5395);
#5397=CARTESIAN_POINT('',(72.500026514,-14.499998271,2.595809409));
#5398=DIRECTION('',(0.,0.,1.));
#5399=DIRECTION('',(1.,0.,-0.));
#5400=AXIS2_PLACEMENT_3D('',#5397,#5398,#5399);
#5401=CIRCLE('',#5400,1.);
#5402=EDGE_CURVE('',#5388,#5396,#5401,.T.);
#5403=ORIENTED_EDGE('',*,*,#5402,.T.);
#5404=CARTESIAN_POINT('',(84.500026514,-15.499998271,2.595809409));
#5405=VERTEX_POINT('',#5404);
#5406=CARTESIAN_POINT('',(84.500026514,-15.499998271,2.595809409));
#5407=DIRECTION('',(-1.,0.,0.));
#5408=VECTOR('',#5407,12.);
#5409=LINE('',#5406,#5408);
#5410=EDGE_CURVE('',#5405,#5396,#5409,.T.);
#5411=ORIENTED_EDGE('',*,*,#5410,.F.);
#5412=CARTESIAN_POINT('',(85.500026514,-14.499998271,2.595809409));
#5413=VERTEX_POINT('',#5412);
#5414=CARTESIAN_POINT('',(84.500026514,-14.499998271,2.595809409));
#5415=DIRECTION('',(0.,0.,1.));
#5416=DIRECTION('',(1.,0.,-0.));
#5417=AXIS2_PLACEMENT_3D('',#5414,#5415,#5416);
#5418=CIRCLE('',#5417,1.);
#5419=EDGE_CURVE('',#5405,#5413,#5418,.T.);
#5420=ORIENTED_EDGE('',*,*,#5419,.T.);
#5421=CARTESIAN_POINT('',(85.500026514,-2.499998271,2.595809409));
#5422=VERTEX_POINT('',#5421);
#5423=CARTESIAN_POINT('',(85.500026514,-2.499998271,2.595809409));
#5424=DIRECTION('',(0.,-1.,0.));
#5425=VECTOR('',#5424,12.);
#5426=LINE('',#5423,#5425);
#5427=EDGE_CURVE('',#5422,#5413,#5426,.T.);
#5428=ORIENTED_EDGE('',*,*,#5427,.F.);
#5429=CARTESIAN_POINT('',(84.500026514,-2.499998271,2.595809409));
#5430=DIRECTION('',(0.,0.,1.));
#5431=DIRECTION('',(1.,0.,-0.));
#5432=AXIS2_PLACEMENT_3D('',#5429,#5430,#5431);
#5433=CIRCLE('',#5432,1.);
#5434=EDGE_CURVE('',#5422,#5371,#5433,.T.);
#5435=ORIENTED_EDGE('',*,*,#5434,.T.);
#5436=EDGE_LOOP('',(#5377,#5386,#5394,#5403,#5411,#5420,#5428,#5435));
#5437=FACE_BOUND('',#5436,.T.);
#5438=CARTESIAN_POINT('',(90.500026514,-1.499998271,2.595809409));
#5439=VERTEX_POINT('',#5438);
#5440=CARTESIAN_POINT('',(102.500026514,-1.499998271,2.595809409));
#5441=VERTEX_POINT('',#5440);
#5442=CARTESIAN_POINT('',(90.500026514,-1.499998271,2.595809409));
#5443=DIRECTION('',(1.,0.,-0.));
#5444=VECTOR('',#5443,12.);
#5445=LINE('',#5442,#5444);
#5446=EDGE_CURVE('',#5439,#5441,#5445,.T.);
#5447=ORIENTED_EDGE('',*,*,#5446,.F.);
#5448=CARTESIAN_POINT('',(89.500026514,-2.499998271,2.595809409));
#5449=VERTEX_POINT('',#5448);
#5450=CARTESIAN_POINT('',(90.500026514,-2.499998271,2.595809409));
#5451=DIRECTION('',(0.,0.,1.));
#5452=DIRECTION('',(1.,0.,-0.));
#5453=AXIS2_PLACEMENT_3D('',#5450,#5451,#5452);
#5454=CIRCLE('',#5453,1.);
#5455=EDGE_CURVE('',#5439,#5449,#5454,.T.);
#5456=ORIENTED_EDGE('',*,*,#5455,.T.);
#5457=CARTESIAN_POINT('',(89.500026514,-14.499998271,2.595809409));
#5458=VERTEX_POINT('',#5457);
#5459=CARTESIAN_POINT('',(89.500026514,-14.499998271,2.595809409));
#5460=DIRECTION('',(0.,1.,0.));
#5461=VECTOR('',#5460,12.);
#5462=LINE('',#5459,#5461);
#5463=EDGE_CURVE('',#5458,#5449,#5462,.T.);
#5464=ORIENTED_EDGE('',*,*,#5463,.F.);
#5465=CARTESIAN_POINT('',(90.500026514,-15.499998271,2.595809409));
#5466=VERTEX_POINT('',#5465);
#5467=CARTESIAN_POINT('',(90.500026514,-14.499998271,2.595809409));
#5468=DIRECTION('',(0.,0.,1.));
#5469=DIRECTION('',(1.,0.,-0.));
#5470=AXIS2_PLACEMENT_3D('',#5467,#5468,#5469);
#5471=CIRCLE('',#5470,1.);
#5472=EDGE_CURVE('',#5458,#5466,#5471,.T.);
#5473=ORIENTED_EDGE('',*,*,#5472,.T.);
#5474=CARTESIAN_POINT('',(102.500026514,-15.499998271,2.595809409));
#5475=VERTEX_POINT('',#5474);
#5476=CARTESIAN_POINT('',(102.500026514,-15.499998271,2.595809409));
#5477=DIRECTION('',(-1.,0.,0.));
#5478=VECTOR('',#5477,12.);
#5479=LINE('',#5476,#5478);
#5480=EDGE_CURVE('',#5475,#5466,#5479,.T.);
#5481=ORIENTED_EDGE('',*,*,#5480,.F.);
#5482=CARTESIAN_POINT('',(103.500026514,-14.499998271,2.595809409));
#5483=VERTEX_POINT('',#5482);
#5484=CARTESIAN_POINT('',(102.500026514,-14.499998271,2.595809409));
#5485=DIRECTION('',(0.,0.,1.));
#5486=DIRECTION('',(1.,0.,-0.));
#5487=AXIS2_PLACEMENT_3D('',#5484,#5485,#5486);
#5488=CIRCLE('',#5487,1.);
#5489=EDGE_CURVE('',#5475,#5483,#5488,.T.);
#5490=ORIENTED_EDGE('',*,*,#5489,.T.);
#5491=CARTESIAN_POINT('',(103.500026514,-2.499998271,2.595809409));
#5492=VERTEX_POINT('',#5491);
#5493=CARTESIAN_POINT('',(103.500026514,-2.499998271,2.595809409));
#5494=DIRECTION('',(0.,-1.,0.));
#5495=VECTOR('',#5494,12.);
#5496=LINE('',#5493,#5495);
#5497=EDGE_CURVE('',#5492,#5483,#5496,.T.);
#5498=ORIENTED_EDGE('',*,*,#5497,.F.);
#5499=CARTESIAN_POINT('',(102.500026514,-2.499998271,2.595809409));
#5500=DIRECTION('',(0.,0.,1.));
#5501=DIRECTION('',(1.,0.,-0.));
#5502=AXIS2_PLACEMENT_3D('',#5499,#5500,#5501);
#5503=CIRCLE('',#5502,1.);
#5504=EDGE_CURVE('',#5492,#5441,#5503,.T.);
#5505=ORIENTED_EDGE('',*,*,#5504,.T.);
#5506=EDGE_LOOP('',(#5447,#5456,#5464,#5473,#5481,#5490,#5498,#5505));
#5507=FACE_BOUND('',#5506,.T.);
#5508=CARTESIAN_POINT('',(-102.499973486,-1.499998271,2.595809409));
#5509=VERTEX_POINT('',#5508);
#5510=CARTESIAN_POINT('',(-90.499973486,-1.499998271,2.595809409));
#5511=VERTEX_POINT('',#5510);
#5512=CARTESIAN_POINT('',(-102.499973486,-1.499998271,2.595809409));
#5513=DIRECTION('',(1.,0.,-0.));
#5514=VECTOR('',#5513,12.);
#5515=LINE('',#5512,#5514);
#5516=EDGE_CURVE('',#5509,#5511,#5515,.T.);
#5517=ORIENTED_EDGE('',*,*,#5516,.F.);
#5518=CARTESIAN_POINT('',(-103.499973486,-2.499998271,2.595809409));
#5519=VERTEX_POINT('',#5518);
#5520=CARTESIAN_POINT('',(-102.499973486,-2.499998271,2.595809409));
#5521=DIRECTION('',(0.,0.,1.));
#5522=DIRECTION('',(1.,0.,-0.));
#5523=AXIS2_PLACEMENT_3D('',#5520,#5521,#5522);
#5524=CIRCLE('',#5523,1.);
#5525=EDGE_CURVE('',#5509,#5519,#5524,.T.);
#5526=ORIENTED_EDGE('',*,*,#5525,.T.);
#5527=CARTESIAN_POINT('',(-103.499973486,-14.499998271,2.595809409));
#5528=VERTEX_POINT('',#5527);
#5529=CARTESIAN_POINT('',(-103.499973486,-14.499998271,2.595809409));
#5530=DIRECTION('',(0.,1.,0.));
#5531=VECTOR('',#5530,12.);
#5532=LINE('',#5529,#5531);
#5533=EDGE_CURVE('',#5528,#5519,#5532,.T.);
#5534=ORIENTED_EDGE('',*,*,#5533,.F.);
#5535=CARTESIAN_POINT('',(-102.499973486,-15.499998271,2.595809409));
#5536=VERTEX_POINT('',#5535);
#5537=CARTESIAN_POINT('',(-102.499973486,-14.499998271,2.595809409));
#5538=DIRECTION('',(0.,0.,1.));
#5539=DIRECTION('',(1.,0.,-0.));
#5540=AXIS2_PLACEMENT_3D('',#5537,#5538,#5539);
#5541=CIRCLE('',#5540,1.);
#5542=EDGE_CURVE('',#5528,#5536,#5541,.T.);
#5543=ORIENTED_EDGE('',*,*,#5542,.T.);
#5544=CARTESIAN_POINT('',(-90.499973486,-15.499998271,2.595809409));
#5545=VERTEX_POINT('',#5544);
#5546=CARTESIAN_POINT('',(-90.499973486,-15.499998271,2.595809409));
#5547=DIRECTION('',(-1.,0.,0.));
#5548=VECTOR('',#5547,12.);
#5549=LINE('',#5546,#5548);
#5550=EDGE_CURVE('',#5545,#5536,#5549,.T.);
#5551=ORIENTED_EDGE('',*,*,#5550,.F.);
#5552=CARTESIAN_POINT('',(-89.499973486,-14.499998271,2.595809409));
#5553=VERTEX_POINT('',#5552);
#5554=CARTESIAN_POINT('',(-90.499973486,-14.499998271,2.595809409));
#5555=DIRECTION('',(0.,0.,1.));
#5556=DIRECTION('',(1.,0.,-0.));
#5557=AXIS2_PLACEMENT_3D('',#5554,#5555,#5556);
#5558=CIRCLE('',#5557,1.);
#5559=EDGE_CURVE('',#5545,#5553,#5558,.T.);
#5560=ORIENTED_EDGE('',*,*,#5559,.T.);
#5561=CARTESIAN_POINT('',(-89.499973486,-2.499998271,2.595809409));
#5562=VERTEX_POINT('',#5561);
#5563=CARTESIAN_POINT('',(-89.499973486,-2.499998271,2.595809409));
#5564=DIRECTION('',(0.,-1.,0.));
#5565=VECTOR('',#5564,12.);
#5566=LINE('',#5563,#5565);
#5567=EDGE_CURVE('',#5562,#5553,#5566,.T.);
#5568=ORIENTED_EDGE('',*,*,#5567,.F.);
#5569=CARTESIAN_POINT('',(-90.499973486,-2.499998271,2.595809409));
#5570=DIRECTION('',(0.,0.,1.));
#5571=DIRECTION('',(1.,0.,-0.));
#5572=AXIS2_PLACEMENT_3D('',#5569,#5570,#5571);
#5573=CIRCLE('',#5572,1.);
#5574=EDGE_CURVE('',#5562,#5511,#5573,.T.);
#5575=ORIENTED_EDGE('',*,*,#5574,.T.);
#5576=EDGE_LOOP('',(#5517,#5526,#5534,#5543,#5551,#5560,#5568,#5575));
#5577=FACE_BOUND('',#5576,.T.);
#5578=CARTESIAN_POINT('',(-84.499973486,-1.499998271,2.595809409));
#5579=VERTEX_POINT('',#5578);
#5580=CARTESIAN_POINT('',(-72.499973486,-1.499998271,2.595809409));
#5581=VERTEX_POINT('',#5580);
#5582=CARTESIAN_POINT('',(-84.499973486,-1.499998271,2.595809409));
#5583=DIRECTION('',(1.,0.,-0.));
#5584=VECTOR('',#5583,12.);
#5585=LINE('',#5582,#5584);
#5586=EDGE_CURVE('',#5579,#5581,#5585,.T.);
#5587=ORIENTED_EDGE('',*,*,#5586,.F.);
#5588=CARTESIAN_POINT('',(-85.499973486,-2.499998271,2.595809409));
#5589=VERTEX_POINT('',#5588);
#5590=CARTESIAN_POINT('',(-84.499973486,-2.499998271,2.595809409));
#5591=DIRECTION('',(0.,0.,1.));
#5592=DIRECTION('',(1.,0.,-0.));
#5593=AXIS2_PLACEMENT_3D('',#5590,#5591,#5592);
#5594=CIRCLE('',#5593,1.);
#5595=EDGE_CURVE('',#5579,#5589,#5594,.T.);
#5596=ORIENTED_EDGE('',*,*,#5595,.T.);
#5597=CARTESIAN_POINT('',(-85.499973486,-14.499998271,2.595809409));
#5598=VERTEX_POINT('',#5597);
#5599=CARTESIAN_POINT('',(-85.499973486,-14.499998271,2.595809409));
#5600=DIRECTION('',(0.,1.,0.));
#5601=VECTOR('',#5600,12.);
#5602=LINE('',#5599,#5601);
#5603=EDGE_CURVE('',#5598,#5589,#5602,.T.);
#5604=ORIENTED_EDGE('',*,*,#5603,.F.);
#5605=CARTESIAN_POINT('',(-84.499973486,-15.499998271,2.595809409));
#5606=VERTEX_POINT('',#5605);
#5607=CARTESIAN_POINT('',(-84.499973486,-14.499998271,2.595809409));
#5608=DIRECTION('',(0.,0.,1.));
#5609=DIRECTION('',(1.,0.,-0.));
#5610=AXIS2_PLACEMENT_3D('',#5607,#5608,#5609);
#5611=CIRCLE('',#5610,1.);
#5612=EDGE_CURVE('',#5598,#5606,#5611,.T.);
#5613=ORIENTED_EDGE('',*,*,#5612,.T.);
#5614=CARTESIAN_POINT('',(-72.499973486,-15.499998271,2.595809409));
#5615=VERTEX_POINT('',#5614);
#5616=CARTESIAN_POINT('',(-72.499973486,-15.499998271,2.595809409));
#5617=DIRECTION('',(-1.,0.,0.));
#5618=VECTOR('',#5617,12.);
#5619=LINE('',#5616,#5618);
#5620=EDGE_CURVE('',#5615,#5606,#5619,.T.);
#5621=ORIENTED_EDGE('',*,*,#5620,.F.);
#5622=CARTESIAN_POINT('',(-71.499973486,-14.499998271,2.595809409));
#5623=VERTEX_POINT('',#5622);
#5624=CARTESIAN_POINT('',(-72.499973486,-14.499998271,2.595809409));
#5625=DIRECTION('',(0.,0.,1.));
#5626=DIRECTION('',(1.,0.,-0.));
#5627=AXIS2_PLACEMENT_3D('',#5624,#5625,#5626);
#5628=CIRCLE('',#5627,1.);
#5629=EDGE_CURVE('',#5615,#5623,#5628,.T.);
#5630=ORIENTED_EDGE('',*,*,#5629,.T.);
#5631=CARTESIAN_POINT('',(-71.499973486,-2.499998271,2.595809409));
#5632=VERTEX_POINT('',#5631);
#5633=CARTESIAN_POINT('',(-71.499973486,-2.499998271,2.595809409));
#5634=DIRECTION('',(0.,-1.,0.));
#5635=VECTOR('',#5634,12.);
#5636=LINE('',#5633,#5635);
#5637=EDGE_CURVE('',#5632,#5623,#5636,.T.);
#5638=ORIENTED_EDGE('',*,*,#5637,.F.);
#5639=CARTESIAN_POINT('',(-72.499973486,-2.499998271,2.595809409));
#5640=DIRECTION('',(0.,0.,1.));
#5641=DIRECTION('',(1.,0.,-0.));
#5642=AXIS2_PLACEMENT_3D('',#5639,#5640,#5641);
#5643=CIRCLE('',#5642,1.);
#5644=EDGE_CURVE('',#5632,#5581,#5643,.T.);
#5645=ORIENTED_EDGE('',*,*,#5644,.T.);
#5646=EDGE_LOOP('',(#5587,#5596,#5604,#5613,#5621,#5630,#5638,#5645));
#5647=FACE_BOUND('',#5646,.T.);
#5648=CARTESIAN_POINT('',(-66.499973486,-1.499998271,2.595809409));
#5649=VERTEX_POINT('',#5648);
#5650=CARTESIAN_POINT('',(-54.499973486,-1.499998271,2.595809409));
#5651=VERTEX_POINT('',#5650);
#5652=CARTESIAN_POINT('',(-66.499973486,-1.499998271,2.595809409));
#5653=DIRECTION('',(1.,0.,-0.));
#5654=VECTOR('',#5653,12.);
#5655=LINE('',#5652,#5654);
#5656=EDGE_CURVE('',#5649,#5651,#5655,.T.);
#5657=ORIENTED_EDGE('',*,*,#5656,.F.);
#5658=CARTESIAN_POINT('',(-67.499973486,-2.499998271,2.595809409));
#5659=VERTEX_POINT('',#5658);
#5660=CARTESIAN_POINT('',(-66.499973486,-2.499998271,2.595809409));
#5661=DIRECTION('',(0.,0.,1.));
#5662=DIRECTION('',(1.,0.,-0.));
#5663=AXIS2_PLACEMENT_3D('',#5660,#5661,#5662);
#5664=CIRCLE('',#5663,1.);
#5665=EDGE_CURVE('',#5649,#5659,#5664,.T.);
#5666=ORIENTED_EDGE('',*,*,#5665,.T.);
#5667=CARTESIAN_POINT('',(-67.499973486,-14.499998271,2.595809409));
#5668=VERTEX_POINT('',#5667);
#5669=CARTESIAN_POINT('',(-67.499973486,-14.499998271,2.595809409));
#5670=DIRECTION('',(0.,1.,0.));
#5671=VECTOR('',#5670,12.);
#5672=LINE('',#5669,#5671);
#5673=EDGE_CURVE('',#5668,#5659,#5672,.T.);
#5674=ORIENTED_EDGE('',*,*,#5673,.F.);
#5675=CARTESIAN_POINT('',(-66.499973486,-15.499998271,2.595809409));
#5676=VERTEX_POINT('',#5675);
#5677=CARTESIAN_POINT('',(-66.499973486,-14.499998271,2.595809409));
#5678=DIRECTION('',(0.,0.,1.));
#5679=DIRECTION('',(1.,0.,-0.));
#5680=AXIS2_PLACEMENT_3D('',#5677,#5678,#5679);
#5681=CIRCLE('',#5680,1.);
#5682=EDGE_CURVE('',#5668,#5676,#5681,.T.);
#5683=ORIENTED_EDGE('',*,*,#5682,.T.);
#5684=CARTESIAN_POINT('',(-54.499973486,-15.499998271,2.595809409));
#5685=VERTEX_POINT('',#5684);
#5686=CARTESIAN_POINT('',(-54.499973486,-15.499998271,2.595809409));
#5687=DIRECTION('',(-1.,0.,0.));
#5688=VECTOR('',#5687,12.);
#5689=LINE('',#5686,#5688);
#5690=EDGE_CURVE('',#5685,#5676,#5689,.T.);
#5691=ORIENTED_EDGE('',*,*,#5690,.F.);
#5692=CARTESIAN_POINT('',(-53.499973486,-14.499998271,2.595809409));
#5693=VERTEX_POINT('',#5692);
#5694=CARTESIAN_POINT('',(-54.499973486,-14.499998271,2.595809409));
#5695=DIRECTION('',(0.,0.,1.));
#5696=DIRECTION('',(1.,0.,-0.));
#5697=AXIS2_PLACEMENT_3D('',#5694,#5695,#5696);
#5698=CIRCLE('',#5697,1.);
#5699=EDGE_CURVE('',#5685,#5693,#5698,.T.);
#5700=ORIENTED_EDGE('',*,*,#5699,.T.);
#5701=CARTESIAN_POINT('',(-53.499973486,-2.499998271,2.595809409));
#5702=VERTEX_POINT('',#5701);
#5703=CARTESIAN_POINT('',(-53.499973486,-2.499998271,2.595809409));
#5704=DIRECTION('',(0.,-1.,0.));
#5705=VECTOR('',#5704,12.);
#5706=LINE('',#5703,#5705);
#5707=EDGE_CURVE('',#5702,#5693,#5706,.T.);
#5708=ORIENTED_EDGE('',*,*,#5707,.F.);
#5709=CARTESIAN_POINT('',(-54.499973486,-2.499998271,2.595809409));
#5710=DIRECTION('',(0.,0.,1.));
#5711=DIRECTION('',(1.,0.,-0.));
#5712=AXIS2_PLACEMENT_3D('',#5709,#5710,#5711);
#5713=CIRCLE('',#5712,1.);
#5714=EDGE_CURVE('',#5702,#5651,#5713,.T.);
#5715=ORIENTED_EDGE('',*,*,#5714,.T.);
#5716=EDGE_LOOP('',(#5657,#5666,#5674,#5683,#5691,#5700,#5708,#5715));
#5717=FACE_BOUND('',#5716,.T.);
#5718=CARTESIAN_POINT('',(-48.499973486,-18.499998271,2.595809409));
#5719=VERTEX_POINT('',#5718);
#5720=CARTESIAN_POINT('',(-36.499973486,-18.499998271,2.595809409));
#5721=VERTEX_POINT('',#5720);
#5722=CARTESIAN_POINT('',(-48.499973486,-18.499998271,2.595809409));
#5723=DIRECTION('',(1.,0.,-0.));
#5724=VECTOR('',#5723,12.);
#5725=LINE('',#5722,#5724);
#5726=EDGE_CURVE('',#5719,#5721,#5725,.T.);
#5727=ORIENTED_EDGE('',*,*,#5726,.F.);
#5728=CARTESIAN_POINT('',(-49.499973486,-19.499998271,2.595809409));
#5729=VERTEX_POINT('',#5728);
#5730=CARTESIAN_POINT('',(-48.499973486,-19.499998271,2.595809409));
#5731=DIRECTION('',(0.,0.,1.));
#5732=DIRECTION('',(1.,0.,-0.));
#5733=AXIS2_PLACEMENT_3D('',#5730,#5731,#5732);
#5734=CIRCLE('',#5733,1.);
#5735=EDGE_CURVE('',#5719,#5729,#5734,.T.);
#5736=ORIENTED_EDGE('',*,*,#5735,.T.);
#5737=CARTESIAN_POINT('',(-49.499973486,-31.499998271,2.595809409));
#5738=VERTEX_POINT('',#5737);
#5739=CARTESIAN_POINT('',(-49.499973486,-31.499998271,2.595809409));
#5740=DIRECTION('',(0.,1.,0.));
#5741=VECTOR('',#5740,12.);
#5742=LINE('',#5739,#5741);
#5743=EDGE_CURVE('',#5738,#5729,#5742,.T.);
#5744=ORIENTED_EDGE('',*,*,#5743,.F.);
#5745=CARTESIAN_POINT('',(-48.499973486,-32.499998271,2.595809409));
#5746=VERTEX_POINT('',#5745);
#5747=CARTESIAN_POINT('',(-48.499973486,-31.499998271,2.595809409));
#5748=DIRECTION('',(0.,0.,1.));
#5749=DIRECTION('',(1.,0.,-0.));
#5750=AXIS2_PLACEMENT_3D('',#5747,#5748,#5749);
#5751=CIRCLE('',#5750,1.);
#5752=EDGE_CURVE('',#5738,#5746,#5751,.T.);
#5753=ORIENTED_EDGE('',*,*,#5752,.T.);
#5754=CARTESIAN_POINT('',(-36.499973486,-32.499998271,2.595809409));
#5755=VERTEX_POINT('',#5754);
#5756=CARTESIAN_POINT('',(-36.499973486,-32.499998271,2.595809409));
#5757=DIRECTION('',(-1.,0.,0.));
#5758=VECTOR('',#5757,12.);
#5759=LINE('',#5756,#5758);
#5760=EDGE_CURVE('',#5755,#5746,#5759,.T.);
#5761=ORIENTED_EDGE('',*,*,#5760,.F.);
#5762=CARTESIAN_POINT('',(-35.499973486,-31.499998271,2.595809409));
#5763=VERTEX_POINT('',#5762);
#5764=CARTESIAN_POINT('',(-36.499973486,-31.499998271,2.595809409));
#5765=DIRECTION('',(0.,0.,1.));
#5766=DIRECTION('',(1.,0.,-0.));
#5767=AXIS2_PLACEMENT_3D('',#5764,#5765,#5766);
#5768=CIRCLE('',#5767,1.);
#5769=EDGE_CURVE('',#5755,#5763,#5768,.T.);
#5770=ORIENTED_EDGE('',*,*,#5769,.T.);
#5771=CARTESIAN_POINT('',(-35.499973486,-19.499998271,2.595809409));
#5772=VERTEX_POINT('',#5771);
#5773=CARTESIAN_POINT('',(-35.499973486,-19.499998271,2.595809409));
#5774=DIRECTION('',(0.,-1.,0.));
#5775=VECTOR('',#5774,12.);
#5776=LINE('',#5773,#5775);
#5777=EDGE_CURVE('',#5772,#5763,#5776,.T.);
#5778=ORIENTED_EDGE('',*,*,#5777,.F.);
#5779=CARTESIAN_POINT('',(-36.499973486,-19.499998271,2.595809409));
#5780=DIRECTION('',(0.,0.,1.));
#5781=DIRECTION('',(1.,0.,-0.));
#5782=AXIS2_PLACEMENT_3D('',#5779,#5780,#5781);
#5783=CIRCLE('',#5782,1.);
#5784=EDGE_CURVE('',#5772,#5721,#5783,.T.);
#5785=ORIENTED_EDGE('',*,*,#5784,.T.);
#5786=EDGE_LOOP('',(#5727,#5736,#5744,#5753,#5761,#5770,#5778,#5785));
#5787=FACE_BOUND('',#5786,.T.);
#5788=CARTESIAN_POINT('',(-48.499973486,-1.499998271,2.595809409));
#5789=VERTEX_POINT('',#5788);
#5790=CARTESIAN_POINT('',(-36.499973486,-1.499998271,2.595809409));
#5791=VERTEX_POINT('',#5790);
#5792=CARTESIAN_POINT('',(-48.499973486,-1.499998271,2.595809409));
#5793=DIRECTION('',(1.,0.,-0.));
#5794=VECTOR('',#5793,12.);
#5795=LINE('',#5792,#5794);
#5796=EDGE_CURVE('',#5789,#5791,#5795,.T.);
#5797=ORIENTED_EDGE('',*,*,#5796,.F.);
#5798=CARTESIAN_POINT('',(-49.499973486,-2.499998271,2.595809409));
#5799=VERTEX_POINT('',#5798);
#5800=CARTESIAN_POINT('',(-48.499973486,-2.499998271,2.595809409));
#5801=DIRECTION('',(0.,0.,1.));
#5802=DIRECTION('',(1.,0.,-0.));
#5803=AXIS2_PLACEMENT_3D('',#5800,#5801,#5802);
#5804=CIRCLE('',#5803,1.);
#5805=EDGE_CURVE('',#5789,#5799,#5804,.T.);
#5806=ORIENTED_EDGE('',*,*,#5805,.T.);
#5807=CARTESIAN_POINT('',(-49.499973486,-14.499998271,2.595809409));
#5808=VERTEX_POINT('',#5807);
#5809=CARTESIAN_POINT('',(-49.499973486,-14.499998271,2.595809409));
#5810=DIRECTION('',(0.,1.,0.));
#5811=VECTOR('',#5810,12.);
#5812=LINE('',#5809,#5811);
#5813=EDGE_CURVE('',#5808,#5799,#5812,.T.);
#5814=ORIENTED_EDGE('',*,*,#5813,.F.);
#5815=CARTESIAN_POINT('',(-48.499973486,-15.499998271,2.595809409));
#5816=VERTEX_POINT('',#5815);
#5817=CARTESIAN_POINT('',(-48.499973486,-14.499998271,2.595809409));
#5818=DIRECTION('',(0.,0.,1.));
#5819=DIRECTION('',(1.,0.,-0.));
#5820=AXIS2_PLACEMENT_3D('',#5817,#5818,#5819);
#5821=CIRCLE('',#5820,1.);
#5822=EDGE_CURVE('',#5808,#5816,#5821,.T.);
#5823=ORIENTED_EDGE('',*,*,#5822,.T.);
#5824=CARTESIAN_POINT('',(-36.499973486,-15.499998271,2.595809409));
#5825=VERTEX_POINT('',#5824);
#5826=CARTESIAN_POINT('',(-36.499973486,-15.499998271,2.595809409));
#5827=DIRECTION('',(-1.,0.,0.));
#5828=VECTOR('',#5827,12.);
#5829=LINE('',#5826,#5828);
#5830=EDGE_CURVE('',#5825,#5816,#5829,.T.);
#5831=ORIENTED_EDGE('',*,*,#5830,.F.);
#5832=CARTESIAN_POINT('',(-35.499973486,-14.499998271,2.595809409));
#5833=VERTEX_POINT('',#5832);
#5834=CARTESIAN_POINT('',(-36.499973486,-14.499998271,2.595809409));
#5835=DIRECTION('',(0.,0.,1.));
#5836=DIRECTION('',(1.,0.,-0.));
#5837=AXIS2_PLACEMENT_3D('',#5834,#5835,#5836);
#5838=CIRCLE('',#5837,1.);
#5839=EDGE_CURVE('',#5825,#5833,#5838,.T.);
#5840=ORIENTED_EDGE('',*,*,#5839,.T.);
#5841=CARTESIAN_POINT('',(-35.499973486,-2.499998271,2.595809409));
#5842=VERTEX_POINT('',#5841);
#5843=CARTESIAN_POINT('',(-35.499973486,-2.499998271,2.595809409));
#5844=DIRECTION('',(0.,-1.,0.));
#5845=VECTOR('',#5844,12.);
#5846=LINE('',#5843,#5845);
#5847=EDGE_CURVE('',#5842,#5833,#5846,.T.);
#5848=ORIENTED_EDGE('',*,*,#5847,.F.);
#5849=CARTESIAN_POINT('',(-36.499973486,-2.499998271,2.595809409));
#5850=DIRECTION('',(0.,0.,1.));
#5851=DIRECTION('',(1.,0.,-0.));
#5852=AXIS2_PLACEMENT_3D('',#5849,#5850,#5851);
#5853=CIRCLE('',#5852,1.);
#5854=EDGE_CURVE('',#5842,#5791,#5853,.T.);
#5855=ORIENTED_EDGE('',*,*,#5854,.T.);
#5856=EDGE_LOOP('',(#5797,#5806,#5814,#5823,#5831,#5840,#5848,#5855));
#5857=FACE_BOUND('',#5856,.T.);
#5858=CARTESIAN_POINT('',(-30.499973486,-18.499998271,2.595809409));
#5859=VERTEX_POINT('',#5858);
#5860=CARTESIAN_POINT('',(-18.499973486,-18.499998271,2.595809409));
#5861=VERTEX_POINT('',#5860);
#5862=CARTESIAN_POINT('',(-30.499973486,-18.499998271,2.595809409));
#5863=DIRECTION('',(1.,0.,-0.));
#5864=VECTOR('',#5863,12.);
#5865=LINE('',#5862,#5864);
#5866=EDGE_CURVE('',#5859,#5861,#5865,.T.);
#5867=ORIENTED_EDGE('',*,*,#5866,.F.);
#5868=CARTESIAN_POINT('',(-31.499973486,-19.499998271,2.595809409));
#5869=VERTEX_POINT('',#5868);
#5870=CARTESIAN_POINT('',(-30.499973486,-19.499998271,2.595809409));
#5871=DIRECTION('',(0.,0.,1.));
#5872=DIRECTION('',(1.,0.,-0.));
#5873=AXIS2_PLACEMENT_3D('',#5870,#5871,#5872);
#5874=CIRCLE('',#5873,1.);
#5875=EDGE_CURVE('',#5859,#5869,#5874,.T.);
#5876=ORIENTED_EDGE('',*,*,#5875,.T.);
#5877=CARTESIAN_POINT('',(-31.499973486,-31.499998271,2.595809409));
#5878=VERTEX_POINT('',#5877);
#5879=CARTESIAN_POINT('',(-31.499973486,-31.499998271,2.595809409));
#5880=DIRECTION('',(0.,1.,0.));
#5881=VECTOR('',#5880,12.);
#5882=LINE('',#5879,#5881);
#5883=EDGE_CURVE('',#5878,#5869,#5882,.T.);
#5884=ORIENTED_EDGE('',*,*,#5883,.F.);
#5885=CARTESIAN_POINT('',(-30.499973486,-32.499998271,2.595809409));
#5886=VERTEX_POINT('',#5885);
#5887=CARTESIAN_POINT('',(-30.499973486,-31.499998271,2.595809409));
#5888=DIRECTION('',(0.,0.,1.));
#5889=DIRECTION('',(1.,0.,-0.));
#5890=AXIS2_PLACEMENT_3D('',#5887,#5888,#5889);
#5891=CIRCLE('',#5890,1.);
#5892=EDGE_CURVE('',#5878,#5886,#5891,.T.);
#5893=ORIENTED_EDGE('',*,*,#5892,.T.);
#5894=CARTESIAN_POINT('',(-18.499973486,-32.499998271,2.595809409));
#5895=VERTEX_POINT('',#5894);
#5896=CARTESIAN_POINT('',(-18.499973486,-32.499998271,2.595809409));
#5897=DIRECTION('',(-1.,0.,0.));
#5898=VECTOR('',#5897,12.);
#5899=LINE('',#5896,#5898);
#5900=EDGE_CURVE('',#5895,#5886,#5899,.T.);
#5901=ORIENTED_EDGE('',*,*,#5900,.F.);
#5902=CARTESIAN_POINT('',(-17.499973486,-31.499998271,2.595809409));
#5903=VERTEX_POINT('',#5902);
#5904=CARTESIAN_POINT('',(-18.499973486,-31.499998271,2.595809409));
#5905=DIRECTION('',(0.,0.,1.));
#5906=DIRECTION('',(1.,0.,-0.));
#5907=AXIS2_PLACEMENT_3D('',#5904,#5905,#5906);
#5908=CIRCLE('',#5907,1.);
#5909=EDGE_CURVE('',#5895,#5903,#5908,.T.);
#5910=ORIENTED_EDGE('',*,*,#5909,.T.);
#5911=CARTESIAN_POINT('',(-17.499973486,-19.499998271,2.595809409));
#5912=VERTEX_POINT('',#5911);
#5913=CARTESIAN_POINT('',(-17.499973486,-19.499998271,2.595809409));
#5914=DIRECTION('',(0.,-1.,0.));
#5915=VECTOR('',#5914,12.);
#5916=LINE('',#5913,#5915);
#5917=EDGE_CURVE('',#5912,#5903,#5916,.T.);
#5918=ORIENTED_EDGE('',*,*,#5917,.F.);
#5919=CARTESIAN_POINT('',(-18.499973486,-19.499998271,2.595809409));
#5920=DIRECTION('',(0.,0.,1.));
#5921=DIRECTION('',(1.,0.,-0.));
#5922=AXIS2_PLACEMENT_3D('',#5919,#5920,#5921);
#5923=CIRCLE('',#5922,1.);
#5924=EDGE_CURVE('',#5912,#5861,#5923,.T.);
#5925=ORIENTED_EDGE('',*,*,#5924,.T.);
#5926=EDGE_LOOP('',(#5867,#5876,#5884,#5893,#5901,#5910,#5918,#5925));
#5927=FACE_BOUND('',#5926,.T.);
#5928=CARTESIAN_POINT('',(-30.499973486,-1.499998271,2.595809409));
#5929=VERTEX_POINT('',#5928);
#5930=CARTESIAN_POINT('',(-18.499973486,-1.499998271,2.595809409));
#5931=VERTEX_POINT('',#5930);
#5932=CARTESIAN_POINT('',(-30.499973486,-1.499998271,2.595809409));
#5933=DIRECTION('',(1.,0.,-0.));
#5934=VECTOR('',#5933,12.);
#5935=LINE('',#5932,#5934);
#5936=EDGE_CURVE('',#5929,#5931,#5935,.T.);
#5937=ORIENTED_EDGE('',*,*,#5936,.F.);
#5938=CARTESIAN_POINT('',(-31.499973486,-2.499998271,2.595809409));
#5939=VERTEX_POINT('',#5938);
#5940=CARTESIAN_POINT('',(-30.499973486,-2.499998271,2.595809409));
#5941=DIRECTION('',(0.,0.,1.));
#5942=DIRECTION('',(1.,0.,-0.));
#5943=AXIS2_PLACEMENT_3D('',#5940,#5941,#5942);
#5944=CIRCLE('',#5943,1.);
#5945=EDGE_CURVE('',#5929,#5939,#5944,.T.);
#5946=ORIENTED_EDGE('',*,*,#5945,.T.);
#5947=CARTESIAN_POINT('',(-31.499973486,-14.499998271,2.595809409));
#5948=VERTEX_POINT('',#5947);
#5949=CARTESIAN_POINT('',(-31.499973486,-14.499998271,2.595809409));
#5950=DIRECTION('',(0.,1.,0.));
#5951=VECTOR('',#5950,12.);
#5952=LINE('',#5949,#5951);
#5953=EDGE_CURVE('',#5948,#5939,#5952,.T.);
#5954=ORIENTED_EDGE('',*,*,#5953,.F.);
#5955=CARTESIAN_POINT('',(-30.499973486,-15.499998271,2.595809409));
#5956=VERTEX_POINT('',#5955);
#5957=CARTESIAN_POINT('',(-30.499973486,-14.499998271,2.595809409));
#5958=DIRECTION('',(0.,0.,1.));
#5959=DIRECTION('',(1.,0.,-0.));
#5960=AXIS2_PLACEMENT_3D('',#5957,#5958,#5959);
#5961=CIRCLE('',#5960,1.);
#5962=EDGE_CURVE('',#5948,#5956,#5961,.T.);
#5963=ORIENTED_EDGE('',*,*,#5962,.T.);
#5964=CARTESIAN_POINT('',(-18.499973486,-15.499998271,2.595809409));
#5965=VERTEX_POINT('',#5964);
#5966=CARTESIAN_POINT('',(-18.499973486,-15.499998271,2.595809409));
#5967=DIRECTION('',(-1.,0.,0.));
#5968=VECTOR('',#5967,12.);
#5969=LINE('',#5966,#5968);
#5970=EDGE_CURVE('',#5965,#5956,#5969,.T.);
#5971=ORIENTED_EDGE('',*,*,#5970,.F.);
#5972=CARTESIAN_POINT('',(-17.499973486,-14.499998271,2.595809409));
#5973=VERTEX_POINT('',#5972);
#5974=CARTESIAN_POINT('',(-18.499973486,-14.499998271,2.595809409));
#5975=DIRECTION('',(0.,0.,1.));
#5976=DIRECTION('',(1.,0.,-0.));
#5977=AXIS2_PLACEMENT_3D('',#5974,#5975,#5976);
#5978=CIRCLE('',#5977,1.);
#5979=EDGE_CURVE('',#5965,#5973,#5978,.T.);
#5980=ORIENTED_EDGE('',*,*,#5979,.T.);
#5981=CARTESIAN_POINT('',(-17.499973486,-2.499998271,2.595809409));
#5982=VERTEX_POINT('',#5981);
#5983=CARTESIAN_POINT('',(-17.499973486,-2.499998271,2.595809409));
#5984=DIRECTION('',(0.,-1.,0.));
#5985=VECTOR('',#5984,12.);
#5986=LINE('',#5983,#5985);
#5987=EDGE_CURVE('',#5982,#5973,#5986,.T.);
#5988=ORIENTED_EDGE('',*,*,#5987,.F.);
#5989=CARTESIAN_POINT('',(-18.499973486,-2.499998271,2.595809409));
#5990=DIRECTION('',(0.,0.,1.));
#5991=DIRECTION('',(1.,0.,-0.));
#5992=AXIS2_PLACEMENT_3D('',#5989,#5990,#5991);
#5993=CIRCLE('',#5992,1.);
#5994=EDGE_CURVE('',#5982,#5931,#5993,.T.);
#5995=ORIENTED_EDGE('',*,*,#5994,.T.);
#5996=EDGE_LOOP('',(#5937,#5946,#5954,#5963,#5971,#5980,#5988,#5995));
#5997=FACE_BOUND('',#5996,.T.);
#5998=CARTESIAN_POINT('',(8.750026514,28.,2.595809409));
#5999=VERTEX_POINT('',#5998);
#6000=CARTESIAN_POINT('',(11.75,28.,2.595809409));
#6001=VERTEX_POINT('',#6000);
#6002=CARTESIAN_POINT('',(8.750026514,28.,2.595809409));
#6003=DIRECTION('',(1.,0.,-0.));
#6004=VECTOR('',#6003,2.999973486);
#6005=LINE('',#6002,#6004);
#6006=EDGE_CURVE('',#5999,#6001,#6005,.T.);
#6007=ORIENTED_EDGE('',*,*,#6006,.F.);
#6008=CARTESIAN_POINT('',(7.500026514,29.25,2.595809409));
#6009=VERTEX_POINT('',#6008);
#6010=CARTESIAN_POINT('',(8.750026514,29.25,2.595809409));
#6011=DIRECTION('',(-0.,-0.,-1.));
#6012=DIRECTION('',(1.,0.,-0.));
#6013=AXIS2_PLACEMENT_3D('',#6010,#6011,#6012);
#6014=CIRCLE('',#6013,1.25);
#6015=EDGE_CURVE('',#5999,#6009,#6014,.T.);
#6016=ORIENTED_EDGE('',*,*,#6015,.T.);
#6017=CARTESIAN_POINT('',(7.500026514,29.25,2.595809409));
#6018=DIRECTION('',(0.,1.,0.));
#6019=VECTOR('',#6018,2.500001729);
#6020=LINE('',#6017,#6019);
#6021=EDGE_CURVE('',#6009,#33,#6020,.T.);
#6022=ORIENTED_EDGE('',*,*,#6021,.T.);
#6023=ORIENTED_EDGE('',*,*,#71,.F.);
#6024=CARTESIAN_POINT('',(14.412377883,34.313890618,2.595809409));
#6025=VERTEX_POINT('',#6024);
#6026=CARTESIAN_POINT('',(8.950354815,38.850001729,2.595809409));
#6027=DIRECTION('',(0.,0.,1.));
#6028=DIRECTION('',(0.,-1.,0.));
#6029=AXIS2_PLACEMENT_3D('',#6026,#6027,#6028);
#6030=CIRCLE('',#6029,7.1);
#6031=EDGE_CURVE('',#60,#6025,#6030,.T.);
#6032=ORIENTED_EDGE('',*,*,#6031,.T.);
#6033=CARTESIAN_POINT('',(15.874046028,35.000001729,2.595809409));
#6034=VERTEX_POINT('',#6033);
#6035=CARTESIAN_POINT('',(15.874046028,33.100001729,2.595809409));
#6036=DIRECTION('',(0.,-0.,1.));
#6037=DIRECTION('',(0.,1.,0.));
#6038=AXIS2_PLACEMENT_3D('',#6035,#6036,#6037);
#6039=CIRCLE('',#6038,1.9);
#6040=EDGE_CURVE('',#6034,#6025,#6039,.T.);
#6041=ORIENTED_EDGE('',*,*,#6040,.F.);
#6042=CARTESIAN_POINT('',(103.600026514,35.000001729,2.595809409));
#6043=VERTEX_POINT('',#6042);
#6044=CARTESIAN_POINT('',(103.600026514,35.000001729,2.595809409));
#6045=DIRECTION('',(-1.,0.,0.));
#6046=VECTOR('',#6045,87.725980486);
#6047=LINE('',#6044,#6046);
#6048=EDGE_CURVE('',#6043,#6034,#6047,.T.);
#6049=ORIENTED_EDGE('',*,*,#6048,.F.);
#6050=CARTESIAN_POINT('',(106.500026514,32.100001729,2.595809409));
#6051=VERTEX_POINT('',#6050);
#6052=CARTESIAN_POINT('',(103.600026514,32.100001729,2.595809409));
#6053=DIRECTION('',(0.,-0.,1.));
#6054=DIRECTION('',(1.,0.,0.));
#6055=AXIS2_PLACEMENT_3D('',#6052,#6053,#6054);
#6056=CIRCLE('',#6055,2.9);
#6057=EDGE_CURVE('',#6051,#6043,#6056,.T.);
#6058=ORIENTED_EDGE('',*,*,#6057,.F.);
#6059=CARTESIAN_POINT('',(106.500026514,-15.099998271,2.595809409));
#6060=VERTEX_POINT('',#6059);
#6061=CARTESIAN_POINT('',(106.500026514,-15.099998271,2.595809409));
#6062=DIRECTION('',(0.,1.,0.));
#6063=VECTOR('',#6062,47.2);
#6064=LINE('',#6061,#6063);
#6065=EDGE_CURVE('',#6060,#6051,#6064,.T.);
#6066=ORIENTED_EDGE('',*,*,#6065,.F.);
#6067=CARTESIAN_POINT('',(103.600026514,-17.999998271,2.595809409));
#6068=VERTEX_POINT('',#6067);
#6069=CARTESIAN_POINT('',(103.600026514,-15.099998271,2.595809409));
#6070=DIRECTION('',(0.,0.,1.));
#6071=DIRECTION('',(0.,-1.,0.));
#6072=AXIS2_PLACEMENT_3D('',#6069,#6070,#6071);
#6073=CIRCLE('',#6072,2.9);
#6074=EDGE_CURVE('',#6068,#6060,#6073,.T.);
#6075=ORIENTED_EDGE('',*,*,#6074,.F.);
#6076=CARTESIAN_POINT('',(59.600026514,-17.999998271,2.595809409));
#6077=VERTEX_POINT('',#6076);
#6078=CARTESIAN_POINT('',(59.600026514,-17.999998271,2.595809409));
#6079=DIRECTION('',(1.,0.,-0.));
#6080=VECTOR('',#6079,44.);
#6081=LINE('',#6078,#6080);
#6082=EDGE_CURVE('',#6077,#6068,#6081,.T.);
#6083=ORIENTED_EDGE('',*,*,#6082,.F.);
#6084=CARTESIAN_POINT('',(52.500026514,-25.099998271,2.595809409));
#6085=VERTEX_POINT('',#6084);
#6086=CARTESIAN_POINT('',(59.600026514,-25.099998271,2.595809409));
#6087=DIRECTION('',(0.,-0.,1.));
#6088=DIRECTION('',(0.,1.,0.));
#6089=AXIS2_PLACEMENT_3D('',#6086,#6087,#6088);
#6090=CIRCLE('',#6089,7.1);
#6091=EDGE_CURVE('',#6077,#6085,#6090,.T.);
#6092=ORIENTED_EDGE('',*,*,#6091,.T.);
#6093=CARTESIAN_POINT('',(52.500026514,-32.099998271,2.595809409));
#6094=VERTEX_POINT('',#6093);
#6095=CARTESIAN_POINT('',(52.500026514,-32.099998271,2.595809409));
#6096=DIRECTION('',(0.,1.,0.));
#6097=VECTOR('',#6096,7.);
#6098=LINE('',#6095,#6097);
#6099=EDGE_CURVE('',#6094,#6085,#6098,.T.);
#6100=ORIENTED_EDGE('',*,*,#6099,.F.);
#6101=CARTESIAN_POINT('',(49.600026514,-34.999998271,2.595809409));
#6102=VERTEX_POINT('',#6101);
#6103=CARTESIAN_POINT('',(49.600026514,-32.099998271,2.595809409));
#6104=DIRECTION('',(0.,0.,1.));
#6105=DIRECTION('',(0.,-1.,0.));
#6106=AXIS2_PLACEMENT_3D('',#6103,#6104,#6105);
#6107=CIRCLE('',#6106,2.9);
#6108=EDGE_CURVE('',#6102,#6094,#6107,.T.);
#6109=ORIENTED_EDGE('',*,*,#6108,.F.);
#6110=CARTESIAN_POINT('',(16.475903639,-34.999998271,2.595809409));
#6111=VERTEX_POINT('',#6110);
#6112=CARTESIAN_POINT('',(16.475903639,-34.999998271,2.595809409));
#6113=DIRECTION('',(1.,0.,-0.));
#6114=VECTOR('',#6113,33.124122875);
#6115=LINE('',#6112,#6114);
#6116=EDGE_CURVE('',#6111,#6102,#6115,.T.);
#6117=ORIENTED_EDGE('',*,*,#6116,.F.);
#6118=CARTESIAN_POINT('',(14.336232228,-34.057498271,2.595809409));
#6119=VERTEX_POINT('',#6118);
#6120=CARTESIAN_POINT('',(16.475903639,-32.099998271,2.595809409));
#6121=DIRECTION('',(0.,0.,1.));
#6122=DIRECTION('',(-0.737817728,-0.675,0.));
#6123=AXIS2_PLACEMENT_3D('',#6120,#6121,#6122);
#6124=CIRCLE('',#6123,2.9);
#6125=EDGE_CURVE('',#6119,#6111,#6124,.T.);
#6126=ORIENTED_EDGE('',*,*,#6125,.F.);
#6127=CARTESIAN_POINT('',(9.097726358,-31.749998271,2.595809409));
#6128=VERTEX_POINT('',#6127);
#6129=CARTESIAN_POINT('',(9.097726358,-38.849998271,2.595809409));
#6130=DIRECTION('',(0.,-0.,1.));
#6131=DIRECTION('',(0.737817728,0.675,0.));
#6132=AXIS2_PLACEMENT_3D('',#6129,#6130,#6131);
#6133=CIRCLE('',#6132,7.1);
#6134=EDGE_CURVE('',#6119,#6128,#6133,.T.);
#6135=ORIENTED_EDGE('',*,*,#6134,.T.);
#6136=CARTESIAN_POINT('',(-9.09767333,-31.749998271,2.595809409));
#6137=VERTEX_POINT('',#6136);
#6138=CARTESIAN_POINT('',(-9.09767333,-31.749998271,2.595809409));
#6139=DIRECTION('',(1.,0.,-0.));
#6140=VECTOR('',#6139,18.195399688);
#6141=LINE('',#6138,#6140);
#6142=EDGE_CURVE('',#6137,#6128,#6141,.T.);
#6143=ORIENTED_EDGE('',*,*,#6142,.F.);
#6144=CARTESIAN_POINT('',(-14.3361792,-34.057498271,2.595809409));
#6145=VERTEX_POINT('',#6144);
#6146=CARTESIAN_POINT('',(-9.09767333,-38.849998271,2.595809409));
#6147=DIRECTION('',(0.,-0.,1.));
#6148=DIRECTION('',(0.,1.,0.));
#6149=AXIS2_PLACEMENT_3D('',#6146,#6147,#6148);
#6150=CIRCLE('',#6149,7.1);
#6151=EDGE_CURVE('',#6137,#6145,#6150,.T.);
#6152=ORIENTED_EDGE('',*,*,#6151,.T.);
#6153=CARTESIAN_POINT('',(-16.475850612,-34.999998271,2.595809409));
#6154=VERTEX_POINT('',#6153);
#6155=CARTESIAN_POINT('',(-16.475850612,-32.099998271,2.595809409));
#6156=DIRECTION('',(0.,0.,1.));
#6157=DIRECTION('',(0.,-1.,0.));
#6158=AXIS2_PLACEMENT_3D('',#6155,#6156,#6157);
#6159=CIRCLE('',#6158,2.9);
#6160=EDGE_CURVE('',#6154,#6145,#6159,.T.);
#6161=ORIENTED_EDGE('',*,*,#6160,.F.);
#6162=CARTESIAN_POINT('',(-49.599973486,-34.999998271,2.595809409));
#6163=VERTEX_POINT('',#6162);
#6164=CARTESIAN_POINT('',(-49.599973486,-34.999998271,2.595809409));
#6165=DIRECTION('',(1.,0.,-0.));
#6166=VECTOR('',#6165,33.124122875);
#6167=LINE('',#6164,#6166);
#6168=EDGE_CURVE('',#6163,#6154,#6167,.T.);
#6169=ORIENTED_EDGE('',*,*,#6168,.F.);
#6170=CARTESIAN_POINT('',(-52.499973486,-32.099998271,2.595809409));
#6171=VERTEX_POINT('',#6170);
#6172=CARTESIAN_POINT('',(-49.599973486,-32.099998271,2.595809409));
#6173=DIRECTION('',(0.,0.,1.));
#6174=DIRECTION('',(-1.,0.,0.));
#6175=AXIS2_PLACEMENT_3D('',#6172,#6173,#6174);
#6176=CIRCLE('',#6175,2.9);
#6177=EDGE_CURVE('',#6171,#6163,#6176,.T.);
#6178=ORIENTED_EDGE('',*,*,#6177,.F.);
#6179=CARTESIAN_POINT('',(-52.499973486,-25.099998271,2.595809409));
#6180=VERTEX_POINT('',#6179);
#6181=CARTESIAN_POINT('',(-52.499973486,-25.099998271,2.595809409));
#6182=DIRECTION('',(0.,-1.,0.));
#6183=VECTOR('',#6182,7.);
#6184=LINE('',#6181,#6183);
#6185=EDGE_CURVE('',#6180,#6171,#6184,.T.);
#6186=ORIENTED_EDGE('',*,*,#6185,.F.);
#6187=CARTESIAN_POINT('',(-59.599973486,-17.999998271,2.595809409));
#6188=VERTEX_POINT('',#6187);
#6189=CARTESIAN_POINT('',(-59.599973486,-25.099998271,2.595809409));
#6190=DIRECTION('',(0.,0.,1.));
#6191=DIRECTION('',(1.,-0.,0.));
#6192=AXIS2_PLACEMENT_3D('',#6189,#6190,#6191);
#6193=CIRCLE('',#6192,7.1);
#6194=EDGE_CURVE('',#6180,#6188,#6193,.T.);
#6195=ORIENTED_EDGE('',*,*,#6194,.T.);
#6196=CARTESIAN_POINT('',(-103.599973486,-17.999998271,2.595809409));
#6197=VERTEX_POINT('',#6196);
#6198=CARTESIAN_POINT('',(-103.599973486,-17.999998271,2.595809409));
#6199=DIRECTION('',(1.,0.,-0.));
#6200=VECTOR('',#6199,44.);
#6201=LINE('',#6198,#6200);
#6202=EDGE_CURVE('',#6197,#6188,#6201,.T.);
#6203=ORIENTED_EDGE('',*,*,#6202,.F.);
#6204=CARTESIAN_POINT('',(-106.499973486,-15.099998271,2.595809409));
#6205=VERTEX_POINT('',#6204);
#6206=CARTESIAN_POINT('',(-103.599973486,-15.099998271,2.595809409));
#6207=DIRECTION('',(0.,0.,1.));
#6208=DIRECTION('',(-1.,0.,0.));
#6209=AXIS2_PLACEMENT_3D('',#6206,#6207,#6208);
#6210=CIRCLE('',#6209,2.9);
#6211=EDGE_CURVE('',#6205,#6197,#6210,.T.);
#6212=ORIENTED_EDGE('',*,*,#6211,.F.);
#6213=CARTESIAN_POINT('',(-106.499973486,32.100001729,2.595809409));
#6214=VERTEX_POINT('',#6213);
#6215=CARTESIAN_POINT('',(-106.499973486,32.100001729,2.595809409));
#6216=DIRECTION('',(0.,-1.,0.));
#6217=VECTOR('',#6216,47.2);
#6218=LINE('',#6215,#6217);
#6219=EDGE_CURVE('',#6214,#6205,#6218,.T.);
#6220=ORIENTED_EDGE('',*,*,#6219,.F.);
#6221=CARTESIAN_POINT('',(-103.599973486,35.000001729,2.595809409));
#6222=VERTEX_POINT('',#6221);
#6223=CARTESIAN_POINT('',(-103.599973486,32.100001729,2.595809409));
#6224=DIRECTION('',(0.,-0.,1.));
#6225=DIRECTION('',(0.,1.,0.));
#6226=AXIS2_PLACEMENT_3D('',#6223,#6224,#6225);
#6227=CIRCLE('',#6226,2.9);
#6228=EDGE_CURVE('',#6222,#6214,#6227,.T.);
#6229=ORIENTED_EDGE('',*,*,#6228,.F.);
#6230=CARTESIAN_POINT('',(-15.873993,35.000001729,2.595809409));
#6231=VERTEX_POINT('',#6230);
#6232=CARTESIAN_POINT('',(-15.873993,35.000001729,2.595809409));
#6233=DIRECTION('',(-1.,0.,0.));
#6234=VECTOR('',#6233,87.725980486);
#6235=LINE('',#6232,#6234);
#6236=EDGE_CURVE('',#6231,#6222,#6235,.T.);
#6237=ORIENTED_EDGE('',*,*,#6236,.F.);
#6238=CARTESIAN_POINT('',(-14.412324855,34.313890618,2.595809409));
#6239=VERTEX_POINT('',#6238);
#6240=CARTESIAN_POINT('',(-15.873993,33.100001729,2.595809409));
#6241=DIRECTION('',(0.,-0.,1.));
#6242=DIRECTION('',(0.769299024,0.638888889,0.));
#6243=AXIS2_PLACEMENT_3D('',#6240,#6241,#6242);
#6244=CIRCLE('',#6243,1.9);
#6245=EDGE_CURVE('',#6239,#6231,#6244,.T.);
#6246=ORIENTED_EDGE('',*,*,#6245,.F.);
#6247=CARTESIAN_POINT('',(-8.950301788,31.750001729,2.595809409));
#6248=VERTEX_POINT('',#6247);
#6249=CARTESIAN_POINT('',(-8.950301788,38.850001729,2.595809409));
#6250=DIRECTION('',(0.,0.,1.));
#6251=DIRECTION('',(-0.769299024,-0.638888889,0.));
#6252=AXIS2_PLACEMENT_3D('',#6249,#6250,#6251);
#6253=CIRCLE('',#6252,7.1);
#6254=EDGE_CURVE('',#6239,#6248,#6253,.T.);
#6255=ORIENTED_EDGE('',*,*,#6254,.T.);
#6256=CARTESIAN_POINT('',(-7.499973486,31.750001729,2.595809409));
#6257=VERTEX_POINT('',#6256);
#6258=CARTESIAN_POINT('',(-7.499973486,31.750001729,2.595809409));
#6259=DIRECTION('',(-1.,0.,0.));
#6260=VECTOR('',#6259,1.450328302);
#6261=LINE('',#6258,#6260);
#6262=EDGE_CURVE('',#6257,#6248,#6261,.T.);
#6263=ORIENTED_EDGE('',*,*,#6262,.F.);
#6264=CARTESIAN_POINT('',(-7.499973486,29.25,2.595809409));
#6265=VERTEX_POINT('',#6264);
#6266=CARTESIAN_POINT('',(-7.499973486,31.750001729,2.595809409));
#6267=DIRECTION('',(0.,-1.,0.));
#6268=VECTOR('',#6267,2.500001729);
#6269=LINE('',#6266,#6268);
#6270=EDGE_CURVE('',#6257,#6265,#6269,.T.);
#6271=ORIENTED_EDGE('',*,*,#6270,.T.);
#6272=CARTESIAN_POINT('',(-8.749973486,28.,2.595809409));
#6273=VERTEX_POINT('',#6272);
#6274=CARTESIAN_POINT('',(-8.749973486,29.25,2.595809409));
#6275=DIRECTION('',(-0.,-0.,-1.));
#6276=DIRECTION('',(1.,0.,-0.));
#6277=AXIS2_PLACEMENT_3D('',#6274,#6275,#6276);
#6278=CIRCLE('',#6277,1.25);
#6279=EDGE_CURVE('',#6265,#6273,#6278,.T.);
#6280=ORIENTED_EDGE('',*,*,#6279,.T.);
#6281=CARTESIAN_POINT('',(-11.75,28.,2.595809409));
#6282=VERTEX_POINT('',#6281);
#6283=CARTESIAN_POINT('',(-11.75,28.,2.595809409));
#6284=DIRECTION('',(1.,0.,-0.));
#6285=VECTOR('',#6284,3.000026514);
#6286=LINE('',#6283,#6285);
#6287=EDGE_CURVE('',#6282,#6273,#6286,.T.);
#6288=ORIENTED_EDGE('',*,*,#6287,.F.);
#6289=CARTESIAN_POINT('',(-13.,26.75,2.595809409));
#6290=VERTEX_POINT('',#6289);
#6291=CARTESIAN_POINT('',(-11.75,26.75,2.595809409));
#6292=DIRECTION('',(0.,0.,1.));
#6293=DIRECTION('',(1.,0.,-0.));
#6294=AXIS2_PLACEMENT_3D('',#6291,#6292,#6293);
#6295=CIRCLE('',#6294,1.25);
#6296=EDGE_CURVE('',#6282,#6290,#6295,.T.);
#6297=ORIENTED_EDGE('',*,*,#6296,.T.);
#6298=CARTESIAN_POINT('',(-13.,-26.75,2.595809409));
#6299=VERTEX_POINT('',#6298);
#6300=CARTESIAN_POINT('',(-13.,-26.75,2.595809409));
#6301=DIRECTION('',(0.,1.,0.));
#6302=VECTOR('',#6301,53.5);
#6303=LINE('',#6300,#6302);
#6304=EDGE_CURVE('',#6299,#6290,#6303,.T.);
#6305=ORIENTED_EDGE('',*,*,#6304,.F.);
#6306=CARTESIAN_POINT('',(-11.75,-28.,2.595809409));
#6307=VERTEX_POINT('',#6306);
#6308=CARTESIAN_POINT('',(-11.75,-26.75,2.595809409));
#6309=DIRECTION('',(0.,0.,1.));
#6310=DIRECTION('',(1.,0.,-0.));
#6311=AXIS2_PLACEMENT_3D('',#6308,#6309,#6310);
#6312=CIRCLE('',#6311,1.25);
#6313=EDGE_CURVE('',#6299,#6307,#6312,.T.);
#6314=ORIENTED_EDGE('',*,*,#6313,.T.);
#6315=CARTESIAN_POINT('',(11.75,-28.,2.595809409));
#6316=VERTEX_POINT('',#6315);
#6317=CARTESIAN_POINT('',(11.75,-28.,2.595809409));
#6318=DIRECTION('',(-1.,0.,0.));
#6319=VECTOR('',#6318,23.5);
#6320=LINE('',#6317,#6319);
#6321=EDGE_CURVE('',#6316,#6307,#6320,.T.);
#6322=ORIENTED_EDGE('',*,*,#6321,.F.);
#6323=CARTESIAN_POINT('',(13.,-26.75,2.595809409));
#6324=VERTEX_POINT('',#6323);
#6325=CARTESIAN_POINT('',(11.75,-26.75,2.595809409));
#6326=DIRECTION('',(0.,0.,1.));
#6327=DIRECTION('',(1.,0.,-0.));
#6328=AXIS2_PLACEMENT_3D('',#6325,#6326,#6327);
#6329=CIRCLE('',#6328,1.25);
#6330=EDGE_CURVE('',#6316,#6324,#6329,.T.);
#6331=ORIENTED_EDGE('',*,*,#6330,.T.);
#6332=CARTESIAN_POINT('',(13.,26.75,2.595809409));
#6333=VERTEX_POINT('',#6332);
#6334=CARTESIAN_POINT('',(13.,26.75,2.595809409));
#6335=DIRECTION('',(0.,-1.,0.));
#6336=VECTOR('',#6335,53.5);
#6337=LINE('',#6334,#6336);
#6338=EDGE_CURVE('',#6333,#6324,#6337,.T.);
#6339=ORIENTED_EDGE('',*,*,#6338,.F.);
#6340=CARTESIAN_POINT('',(11.75,26.75,2.595809409));
#6341=DIRECTION('',(0.,0.,1.));
#6342=DIRECTION('',(1.,0.,-0.));
#6343=AXIS2_PLACEMENT_3D('',#6340,#6341,#6342);
#6344=CIRCLE('',#6343,1.25);
#6345=EDGE_CURVE('',#6333,#6001,#6344,.T.);
#6346=ORIENTED_EDGE('',*,*,#6345,.T.);
#6347=EDGE_LOOP('',(#6007,#6016,#6022,#6023,#6032,#6041,#6049,#6058,#6066,#6075,#6083,#6092,#6100,#6109,#6117,#6126,#6135,#6143,#6152,#6161,#6169,#6178,#6186,#6195,#6203,#6212,
#6220,#6229,#6237,#6246,#6255,#6263,#6271,#6280,#6288,#6297,#6305,#6314,#6322,#6331,#6339,#6346));
#6348=FACE_BOUND('',#6347,.T.);
#6349=ADVANCED_FACE('',(#3267,#3317,#3367,#3417,#3467,#3517,#3567,#3617,#3687,#3757,#3827,#3897,#3967,#4037,#4107,#4177,#4247,#4317,#4387,#4457,#4527,#4597,#4667,#4737,#4807,#4877,
#4947,#5017,#5087,#5157,#5227,#5297,#5367,#5437,#5507,#5577,#5647,#5717,#5787,#5857,#5927,#5997,#6348),#3217,.F.);
#6350=CARTESIAN_POINT('',(0.000026514,31.750001729,3.795809409));
#6351=DIRECTION('',(0.,-1.,0.));
#6352=DIRECTION('',(0.,0.,-1.));
#6353=AXIS2_PLACEMENT_3D('',#6350,#6351,#6352);
#6354=PLANE('',#6353);
#6355=ORIENTED_EDGE('',*,*,#598,.F.);
#6356=CARTESIAN_POINT('',(-7.499973486,31.750001729,2.995809409));
#6357=VERTEX_POINT('',#6356);
#6358=CARTESIAN_POINT('',(-8.299973486,31.750001729,2.995809409));
#6359=DIRECTION('',(-0.,1.,-0.));
#6360=DIRECTION('',(0.,0.,-1.));
#6361=AXIS2_PLACEMENT_3D('',#6358,#6359,#6360);
#6362=CIRCLE('',#6361,0.8);
#6363=EDGE_CURVE('',#585,#6357,#6362,.T.);
#6364=ORIENTED_EDGE('',*,*,#6363,.T.);
#6365=CARTESIAN_POINT('',(-7.499973486,31.750001729,2.995809409));
#6366=DIRECTION('',(0.,0.,-1.));
#6367=VECTOR('',#6366,0.4);
#6368=LINE('',#6365,#6367);
#6369=EDGE_CURVE('',#6357,#6257,#6368,.T.);
#6370=ORIENTED_EDGE('',*,*,#6369,.T.);
#6371=ORIENTED_EDGE('',*,*,#6262,.T.);
#6372=CARTESIAN_POINT('',(-8.950301788,31.750001729,3.795809409));
#6373=DIRECTION('',(0.,0.,-1.));
#6374=VECTOR('',#6373,1.2);
#6375=LINE('',#6372,#6374);
#6376=EDGE_CURVE('',#593,#6248,#6375,.T.);
#6377=ORIENTED_EDGE('',*,*,#6376,.F.);
#6378=EDGE_LOOP('',(#6355,#6364,#6370,#6371,#6377));
#6379=FACE_BOUND('',#6378,.T.);
#6380=ADVANCED_FACE('',(#6379),#6354,.F.);
#6381=CARTESIAN_POINT('',(0.,28.,0.595809409));
#6382=DIRECTION('',(0.,-1.,0.));
#6383=DIRECTION('',(0.,0.,-1.));
#6384=AXIS2_PLACEMENT_3D('',#6381,#6382,#6383);
#6385=PLANE('',#6384);
#6386=CARTESIAN_POINT('',(-8.749973486,28.,2.995809409));
#6387=VERTEX_POINT('',#6386);
#6388=CARTESIAN_POINT('',(-8.749973486,28.,2.595809409));
#6389=DIRECTION('',(0.,0.,1.));
#6390=VECTOR('',#6389,0.4);
#6391=LINE('',#6388,#6390);
#6392=EDGE_CURVE('',#6273,#6387,#6391,.T.);
#6393=ORIENTED_EDGE('',*,*,#6392,.T.);
#6394=CARTESIAN_POINT('',(-11.75,28.,2.995809409));
#6395=VERTEX_POINT('',#6394);
#6396=CARTESIAN_POINT('',(-8.749973486,28.,2.995809409));
#6397=DIRECTION('',(-1.,-0.,0.));
#6398=VECTOR('',#6397,3.000026514);
#6399=LINE('',#6396,#6398);
#6400=EDGE_CURVE('',#6387,#6395,#6399,.T.);
#6401=ORIENTED_EDGE('',*,*,#6400,.T.);
#6402=CARTESIAN_POINT('',(-11.75,28.,2.995809409));
#6403=DIRECTION('',(-0.,-0.,-1.));
#6404=VECTOR('',#6403,0.4);
#6405=LINE('',#6402,#6404);
#6406=EDGE_CURVE('',#6395,#6282,#6405,.T.);
#6407=ORIENTED_EDGE('',*,*,#6406,.T.);
#6408=ORIENTED_EDGE('',*,*,#6287,.T.);
#6409=EDGE_LOOP('',(#6393,#6401,#6407,#6408));
#6410=FACE_BOUND('',#6409,.T.);
#6411=ADVANCED_FACE('',(#6410),#6385,.T.);
#6412=CARTESIAN_POINT('',(0.,28.,0.595809409));
#6413=DIRECTION('',(0.,-1.,0.));
#6414=DIRECTION('',(0.,0.,-1.));
#6415=AXIS2_PLACEMENT_3D('',#6412,#6413,#6414);
#6416=PLANE('',#6415);
#6417=CARTESIAN_POINT('',(11.75,28.,2.995809409));
#6418=VERTEX_POINT('',#6417);
#6419=CARTESIAN_POINT('',(11.75,28.,2.595809409));
#6420=DIRECTION('',(0.,0.,1.));
#6421=VECTOR('',#6420,0.4);
#6422=LINE('',#6419,#6421);
#6423=EDGE_CURVE('',#6001,#6418,#6422,.T.);
#6424=ORIENTED_EDGE('',*,*,#6423,.T.);
#6425=CARTESIAN_POINT('',(8.750026514,28.,2.995809409));
#6426=VERTEX_POINT('',#6425);
#6427=CARTESIAN_POINT('',(11.75,28.,2.995809409));
#6428=DIRECTION('',(-1.,-0.,0.));
#6429=VECTOR('',#6428,2.999973486);
#6430=LINE('',#6427,#6429);
#6431=EDGE_CURVE('',#6418,#6426,#6430,.T.);
#6432=ORIENTED_EDGE('',*,*,#6431,.T.);
#6433=CARTESIAN_POINT('',(8.750026514,28.,2.995809409));
#6434=DIRECTION('',(-0.,-0.,-1.));
#6435=VECTOR('',#6434,0.4);
#6436=LINE('',#6433,#6435);
#6437=EDGE_CURVE('',#6426,#5999,#6436,.T.);
#6438=ORIENTED_EDGE('',*,*,#6437,.T.);
#6439=ORIENTED_EDGE('',*,*,#6006,.T.);
#6440=EDGE_LOOP('',(#6424,#6432,#6438,#6439));
#6441=FACE_BOUND('',#6440,.T.);
#6442=ADVANCED_FACE('',(#6441),#6416,.T.);
#6443=CARTESIAN_POINT('',(-24.499973486,-1.499998271,3.795809409));
#6444=DIRECTION('',(0.,1.,0.));
#6445=DIRECTION('',(0.,0.,1.));
#6446=AXIS2_PLACEMENT_3D('',#6443,#6444,#6445);
#6447=PLANE('',#6446);
#6448=ORIENTED_EDGE('',*,*,#3167,.F.);
#6449=CARTESIAN_POINT('',(-30.499973486,-1.499998271,3.795809409));
#6450=DIRECTION('',(0.,0.,-1.));
#6451=VECTOR('',#6450,1.2);
#6452=LINE('',#6449,#6451);
#6453=EDGE_CURVE('',#3153,#5929,#6452,.T.);
#6454=ORIENTED_EDGE('',*,*,#6453,.T.);
#6455=ORIENTED_EDGE('',*,*,#5936,.T.);
#6456=CARTESIAN_POINT('',(-18.499973486,-1.499998271,2.595809409));
#6457=DIRECTION('',(-0.,-0.,1.));
#6458=VECTOR('',#6457,1.2);
#6459=LINE('',#6456,#6458);
#6460=EDGE_CURVE('',#5931,#3162,#6459,.T.);
#6461=ORIENTED_EDGE('',*,*,#6460,.T.);
#6462=EDGE_LOOP('',(#6448,#6454,#6455,#6461));
#6463=FACE_BOUND('',#6462,.T.);
#6464=ADVANCED_FACE('',(#6463),#6447,.F.);
#6465=CARTESIAN_POINT('',(-17.499973486,-8.499998271,3.795809409));
#6466=DIRECTION('',(1.,0.,0.));
#6467=DIRECTION('',(0.,0.,-1.));
#6468=AXIS2_PLACEMENT_3D('',#6465,#6466,#6467);
#6469=PLANE('',#6468);
#6470=ORIENTED_EDGE('',*,*,#5987,.T.);
#6471=CARTESIAN_POINT('',(-17.499973486,-14.499998271,2.595809409));
#6472=DIRECTION('',(-0.,-0.,1.));
#6473=VECTOR('',#6472,1.2);
#6474=LINE('',#6471,#6473);
#6475=EDGE_CURVE('',#5973,#3179,#6474,.T.);
#6476=ORIENTED_EDGE('',*,*,#6475,.T.);
#6477=ORIENTED_EDGE('',*,*,#3184,.F.);
#6478=CARTESIAN_POINT('',(-17.499973486,-2.499998271,3.795809409));
#6479=DIRECTION('',(0.,0.,-1.));
#6480=VECTOR('',#6479,1.2);
#6481=LINE('',#6478,#6480);
#6482=EDGE_CURVE('',#3170,#5982,#6481,.T.);
#6483=ORIENTED_EDGE('',*,*,#6482,.T.);
#6484=EDGE_LOOP('',(#6470,#6476,#6477,#6483));
#6485=FACE_BOUND('',#6484,.T.);
#6486=ADVANCED_FACE('',(#6485),#6469,.F.);
#6487=CARTESIAN_POINT('',(-24.499973486,-15.499998271,3.795809409));
#6488=DIRECTION('',(0.,-1.,0.));
#6489=DIRECTION('',(0.,0.,-1.));
#6490=AXIS2_PLACEMENT_3D('',#6487,#6488,#6489);
#6491=PLANE('',#6490);
#6492=ORIENTED_EDGE('',*,*,#3201,.F.);
#6493=CARTESIAN_POINT('',(-18.499973486,-15.499998271,3.795809409));
#6494=DIRECTION('',(0.,0.,-1.));
#6495=VECTOR('',#6494,1.2);
#6496=LINE('',#6493,#6495);
#6497=EDGE_CURVE('',#3187,#5965,#6496,.T.);
#6498=ORIENTED_EDGE('',*,*,#6497,.T.);
#6499=ORIENTED_EDGE('',*,*,#5970,.T.);
#6500=CARTESIAN_POINT('',(-30.499973486,-15.499998271,2.595809409));
#6501=DIRECTION('',(-0.,-0.,1.));
#6502=VECTOR('',#6501,1.2);
#6503=LINE('',#6500,#6502);
#6504=EDGE_CURVE('',#5956,#3196,#6503,.T.);
#6505=ORIENTED_EDGE('',*,*,#6504,.T.);
#6506=EDGE_LOOP('',(#6492,#6498,#6499,#6505));
#6507=FACE_BOUND('',#6506,.T.);
#6508=ADVANCED_FACE('',(#6507),#6491,.F.);
#6509=CARTESIAN_POINT('',(-24.499973486,-18.499998271,3.795809409));
#6510=DIRECTION('',(0.,1.,0.));
#6511=DIRECTION('',(0.,0.,1.));
#6512=AXIS2_PLACEMENT_3D('',#6509,#6510,#6511);
#6513=PLANE('',#6512);
#6514=ORIENTED_EDGE('',*,*,#5866,.T.);
#6515=CARTESIAN_POINT('',(-18.499973486,-18.499998271,2.595809409));
#6516=DIRECTION('',(-0.,-0.,1.));
#6517=VECTOR('',#6516,1.2);
#6518=LINE('',#6515,#6517);
#6519=EDGE_CURVE('',#5861,#3092,#6518,.T.);
#6520=ORIENTED_EDGE('',*,*,#6519,.T.);
#6521=ORIENTED_EDGE('',*,*,#3097,.F.);
#6522=CARTESIAN_POINT('',(-30.499973486,-18.499998271,3.795809409));
#6523=DIRECTION('',(0.,0.,-1.));
#6524=VECTOR('',#6523,1.2);
#6525=LINE('',#6522,#6524);
#6526=EDGE_CURVE('',#3083,#5859,#6525,.T.);
#6527=ORIENTED_EDGE('',*,*,#6526,.T.);
#6528=EDGE_LOOP('',(#6514,#6520,#6521,#6527));
#6529=FACE_BOUND('',#6528,.T.);
#6530=ADVANCED_FACE('',(#6529),#6513,.F.);
#6531=CARTESIAN_POINT('',(-17.499973486,-25.499998271,3.795809409));
#6532=DIRECTION('',(1.,0.,0.));
#6533=DIRECTION('',(0.,0.,-1.));
#6534=AXIS2_PLACEMENT_3D('',#6531,#6532,#6533);
#6535=PLANE('',#6534);
#6536=ORIENTED_EDGE('',*,*,#3114,.F.);
#6537=CARTESIAN_POINT('',(-17.499973486,-19.499998271,3.795809409));
#6538=DIRECTION('',(0.,0.,-1.));
#6539=VECTOR('',#6538,1.2);
#6540=LINE('',#6537,#6539);
#6541=EDGE_CURVE('',#3100,#5912,#6540,.T.);
#6542=ORIENTED_EDGE('',*,*,#6541,.T.);
#6543=ORIENTED_EDGE('',*,*,#5917,.T.);
#6544=CARTESIAN_POINT('',(-17.499973486,-31.499998271,2.595809409));
#6545=DIRECTION('',(-0.,-0.,1.));
#6546=VECTOR('',#6545,1.2);
#6547=LINE('',#6544,#6546);
#6548=EDGE_CURVE('',#5903,#3109,#6547,.T.);
#6549=ORIENTED_EDGE('',*,*,#6548,.T.);
#6550=EDGE_LOOP('',(#6536,#6542,#6543,#6549));
#6551=FACE_BOUND('',#6550,.T.);
#6552=ADVANCED_FACE('',(#6551),#6535,.F.);
#6553=CARTESIAN_POINT('',(-24.499973486,-32.499998271,3.795809409));
#6554=DIRECTION('',(0.,-1.,0.));
#6555=DIRECTION('',(0.,0.,-1.));
#6556=AXIS2_PLACEMENT_3D('',#6553,#6554,#6555);
#6557=PLANE('',#6556);
#6558=ORIENTED_EDGE('',*,*,#3131,.F.);
#6559=CARTESIAN_POINT('',(-18.499973486,-32.499998271,3.795809409));
#6560=DIRECTION('',(0.,0.,-1.));
#6561=VECTOR('',#6560,1.2);
#6562=LINE('',#6559,#6561);
#6563=EDGE_CURVE('',#3117,#5895,#6562,.T.);
#6564=ORIENTED_EDGE('',*,*,#6563,.T.);
#6565=ORIENTED_EDGE('',*,*,#5900,.T.);
#6566=CARTESIAN_POINT('',(-30.499973486,-32.499998271,2.595809409));
#6567=DIRECTION('',(-0.,-0.,1.));
#6568=VECTOR('',#6567,1.2);
#6569=LINE('',#6566,#6568);
#6570=EDGE_CURVE('',#5886,#3126,#6569,.T.);
#6571=ORIENTED_EDGE('',*,*,#6570,.T.);
#6572=EDGE_LOOP('',(#6558,#6564,#6565,#6571));
#6573=FACE_BOUND('',#6572,.T.);
#6574=ADVANCED_FACE('',(#6573),#6557,.F.);
#6575=CARTESIAN_POINT('',(-42.499973486,-1.499998271,3.795809409));
#6576=DIRECTION('',(0.,1.,0.));
#6577=DIRECTION('',(0.,0.,1.));
#6578=AXIS2_PLACEMENT_3D('',#6575,#6576,#6577);
#6579=PLANE('',#6578);
#6580=ORIENTED_EDGE('',*,*,#3027,.F.);
#6581=CARTESIAN_POINT('',(-48.499973486,-1.499998271,3.795809409));
#6582=DIRECTION('',(0.,0.,-1.));
#6583=VECTOR('',#6582,1.2);
#6584=LINE('',#6581,#6583);
#6585=EDGE_CURVE('',#3013,#5789,#6584,.T.);
#6586=ORIENTED_EDGE('',*,*,#6585,.T.);
#6587=ORIENTED_EDGE('',*,*,#5796,.T.);
#6588=CARTESIAN_POINT('',(-36.499973486,-1.499998271,2.595809409));
#6589=DIRECTION('',(-0.,-0.,1.));
#6590=VECTOR('',#6589,1.2);
#6591=LINE('',#6588,#6590);
#6592=EDGE_CURVE('',#5791,#3022,#6591,.T.);
#6593=ORIENTED_EDGE('',*,*,#6592,.T.);
#6594=EDGE_LOOP('',(#6580,#6586,#6587,#6593));
#6595=FACE_BOUND('',#6594,.T.);
#6596=ADVANCED_FACE('',(#6595),#6579,.F.);
#6597=CARTESIAN_POINT('',(-35.499973486,-8.499998271,3.795809409));
#6598=DIRECTION('',(1.,0.,0.));
#6599=DIRECTION('',(0.,0.,-1.));
#6600=AXIS2_PLACEMENT_3D('',#6597,#6598,#6599);
#6601=PLANE('',#6600);
#6602=ORIENTED_EDGE('',*,*,#5847,.T.);
#6603=CARTESIAN_POINT('',(-35.499973486,-14.499998271,2.595809409));
#6604=DIRECTION('',(-0.,-0.,1.));
#6605=VECTOR('',#6604,1.2);
#6606=LINE('',#6603,#6605);
#6607=EDGE_CURVE('',#5833,#3039,#6606,.T.);
#6608=ORIENTED_EDGE('',*,*,#6607,.T.);
#6609=ORIENTED_EDGE('',*,*,#3044,.F.);
#6610=CARTESIAN_POINT('',(-35.499973486,-2.499998271,3.795809409));
#6611=DIRECTION('',(0.,0.,-1.));
#6612=VECTOR('',#6611,1.2);
#6613=LINE('',#6610,#6612);
#6614=EDGE_CURVE('',#3030,#5842,#6613,.T.);
#6615=ORIENTED_EDGE('',*,*,#6614,.T.);
#6616=EDGE_LOOP('',(#6602,#6608,#6609,#6615));
#6617=FACE_BOUND('',#6616,.T.);
#6618=ADVANCED_FACE('',(#6617),#6601,.F.);
#6619=CARTESIAN_POINT('',(-42.499973486,-15.499998271,3.795809409));
#6620=DIRECTION('',(0.,-1.,0.));
#6621=DIRECTION('',(0.,0.,-1.));
#6622=AXIS2_PLACEMENT_3D('',#6619,#6620,#6621);
#6623=PLANE('',#6622);
#6624=ORIENTED_EDGE('',*,*,#3061,.F.);
#6625=CARTESIAN_POINT('',(-36.499973486,-15.499998271,3.795809409));
#6626=DIRECTION('',(0.,0.,-1.));
#6627=VECTOR('',#6626,1.2);
#6628=LINE('',#6625,#6627);
#6629=EDGE_CURVE('',#3047,#5825,#6628,.T.);
#6630=ORIENTED_EDGE('',*,*,#6629,.T.);
#6631=ORIENTED_EDGE('',*,*,#5830,.T.);
#6632=CARTESIAN_POINT('',(-48.499973486,-15.499998271,2.595809409));
#6633=DIRECTION('',(-0.,-0.,1.));
#6634=VECTOR('',#6633,1.2);
#6635=LINE('',#6632,#6634);
#6636=EDGE_CURVE('',#5816,#3056,#6635,.T.);
#6637=ORIENTED_EDGE('',*,*,#6636,.T.);
#6638=EDGE_LOOP('',(#6624,#6630,#6631,#6637));
#6639=FACE_BOUND('',#6638,.T.);
#6640=ADVANCED_FACE('',(#6639),#6623,.F.);
#6641=CARTESIAN_POINT('',(-42.499973486,-18.499998271,3.795809409));
#6642=DIRECTION('',(0.,1.,0.));
#6643=DIRECTION('',(0.,0.,1.));
#6644=AXIS2_PLACEMENT_3D('',#6641,#6642,#6643);
#6645=PLANE('',#6644);
#6646=ORIENTED_EDGE('',*,*,#5726,.T.);
#6647=CARTESIAN_POINT('',(-36.499973486,-18.499998271,2.595809409));
#6648=DIRECTION('',(-0.,-0.,1.));
#6649=VECTOR('',#6648,1.2);
#6650=LINE('',#6647,#6649);
#6651=EDGE_CURVE('',#5721,#2952,#6650,.T.);
#6652=ORIENTED_EDGE('',*,*,#6651,.T.);
#6653=ORIENTED_EDGE('',*,*,#2957,.F.);
#6654=CARTESIAN_POINT('',(-48.499973486,-18.499998271,3.795809409));
#6655=DIRECTION('',(0.,0.,-1.));
#6656=VECTOR('',#6655,1.2);
#6657=LINE('',#6654,#6656);
#6658=EDGE_CURVE('',#2943,#5719,#6657,.T.);
#6659=ORIENTED_EDGE('',*,*,#6658,.T.);
#6660=EDGE_LOOP('',(#6646,#6652,#6653,#6659));
#6661=FACE_BOUND('',#6660,.T.);
#6662=ADVANCED_FACE('',(#6661),#6645,.F.);
#6663=CARTESIAN_POINT('',(-35.499973486,-25.499998271,3.795809409));
#6664=DIRECTION('',(1.,0.,0.));
#6665=DIRECTION('',(0.,0.,-1.));
#6666=AXIS2_PLACEMENT_3D('',#6663,#6664,#6665);
#6667=PLANE('',#6666);
#6668=ORIENTED_EDGE('',*,*,#2974,.F.);
#6669=CARTESIAN_POINT('',(-35.499973486,-19.499998271,3.795809409));
#6670=DIRECTION('',(0.,0.,-1.));
#6671=VECTOR('',#6670,1.2);
#6672=LINE('',#6669,#6671);
#6673=EDGE_CURVE('',#2960,#5772,#6672,.T.);
#6674=ORIENTED_EDGE('',*,*,#6673,.T.);
#6675=ORIENTED_EDGE('',*,*,#5777,.T.);
#6676=CARTESIAN_POINT('',(-35.499973486,-31.499998271,2.595809409));
#6677=DIRECTION('',(-0.,-0.,1.));
#6678=VECTOR('',#6677,1.2);
#6679=LINE('',#6676,#6678);
#6680=EDGE_CURVE('',#5763,#2969,#6679,.T.);
#6681=ORIENTED_EDGE('',*,*,#6680,.T.);
#6682=EDGE_LOOP('',(#6668,#6674,#6675,#6681));
#6683=FACE_BOUND('',#6682,.T.);
#6684=ADVANCED_FACE('',(#6683),#6667,.F.);
#6685=CARTESIAN_POINT('',(-42.499973486,-32.499998271,3.795809409));
#6686=DIRECTION('',(0.,-1.,0.));
#6687=DIRECTION('',(0.,0.,-1.));
#6688=AXIS2_PLACEMENT_3D('',#6685,#6686,#6687);
#6689=PLANE('',#6688);
#6690=ORIENTED_EDGE('',*,*,#2991,.F.);
#6691=CARTESIAN_POINT('',(-36.499973486,-32.499998271,3.795809409));
#6692=DIRECTION('',(0.,0.,-1.));
#6693=VECTOR('',#6692,1.2);
#6694=LINE('',#6691,#6693);
#6695=EDGE_CURVE('',#2977,#5755,#6694,.T.);
#6696=ORIENTED_EDGE('',*,*,#6695,.T.);
#6697=ORIENTED_EDGE('',*,*,#5760,.T.);
#6698=CARTESIAN_POINT('',(-48.499973486,-32.499998271,2.595809409));
#6699=DIRECTION('',(-0.,-0.,1.));
#6700=VECTOR('',#6699,1.2);
#6701=LINE('',#6698,#6700);
#6702=EDGE_CURVE('',#5746,#2986,#6701,.T.);
#6703=ORIENTED_EDGE('',*,*,#6702,.T.);
#6704=EDGE_LOOP('',(#6690,#6696,#6697,#6703));
#6705=FACE_BOUND('',#6704,.T.);
#6706=ADVANCED_FACE('',(#6705),#6689,.F.);
#6707=CARTESIAN_POINT('',(-60.499973486,-1.499998271,3.795809409));
#6708=DIRECTION('',(0.,1.,0.));
#6709=DIRECTION('',(0.,0.,1.));
#6710=AXIS2_PLACEMENT_3D('',#6707,#6708,#6709);
#6711=PLANE('',#6710);
#6712=ORIENTED_EDGE('',*,*,#5656,.T.);
#6713=CARTESIAN_POINT('',(-54.499973486,-1.499998271,2.595809409));
#6714=DIRECTION('',(-0.,-0.,1.));
#6715=VECTOR('',#6714,1.2);
#6716=LINE('',#6713,#6715);
#6717=EDGE_CURVE('',#5651,#2882,#6716,.T.);
#6718=ORIENTED_EDGE('',*,*,#6717,.T.);
#6719=ORIENTED_EDGE('',*,*,#2887,.F.);
#6720=CARTESIAN_POINT('',(-66.499973486,-1.499998271,3.795809409));
#6721=DIRECTION('',(0.,0.,-1.));
#6722=VECTOR('',#6721,1.2);
#6723=LINE('',#6720,#6722);
#6724=EDGE_CURVE('',#2873,#5649,#6723,.T.);
#6725=ORIENTED_EDGE('',*,*,#6724,.T.);
#6726=EDGE_LOOP('',(#6712,#6718,#6719,#6725));
#6727=FACE_BOUND('',#6726,.T.);
#6728=ADVANCED_FACE('',(#6727),#6711,.F.);
#6729=CARTESIAN_POINT('',(-53.499973486,-8.499998271,3.795809409));
#6730=DIRECTION('',(1.,0.,0.));
#6731=DIRECTION('',(0.,0.,-1.));
#6732=AXIS2_PLACEMENT_3D('',#6729,#6730,#6731);
#6733=PLANE('',#6732);
#6734=ORIENTED_EDGE('',*,*,#2904,.F.);
#6735=CARTESIAN_POINT('',(-53.499973486,-2.499998271,3.795809409));
#6736=DIRECTION('',(0.,0.,-1.));
#6737=VECTOR('',#6736,1.2);
#6738=LINE('',#6735,#6737);
#6739=EDGE_CURVE('',#2890,#5702,#6738,.T.);
#6740=ORIENTED_EDGE('',*,*,#6739,.T.);
#6741=ORIENTED_EDGE('',*,*,#5707,.T.);
#6742=CARTESIAN_POINT('',(-53.499973486,-14.499998271,2.595809409));
#6743=DIRECTION('',(-0.,-0.,1.));
#6744=VECTOR('',#6743,1.2);
#6745=LINE('',#6742,#6744);
#6746=EDGE_CURVE('',#5693,#2899,#6745,.T.);
#6747=ORIENTED_EDGE('',*,*,#6746,.T.);
#6748=EDGE_LOOP('',(#6734,#6740,#6741,#6747));
#6749=FACE_BOUND('',#6748,.T.);
#6750=ADVANCED_FACE('',(#6749),#6733,.F.);
#6751=CARTESIAN_POINT('',(-60.499973486,-15.499998271,3.795809409));
#6752=DIRECTION('',(0.,-1.,0.));
#6753=DIRECTION('',(0.,0.,-1.));
#6754=AXIS2_PLACEMENT_3D('',#6751,#6752,#6753);
#6755=PLANE('',#6754);
#6756=ORIENTED_EDGE('',*,*,#2921,.F.);
#6757=CARTESIAN_POINT('',(-54.499973486,-15.499998271,3.795809409));
#6758=DIRECTION('',(0.,0.,-1.));
#6759=VECTOR('',#6758,1.2);
#6760=LINE('',#6757,#6759);
#6761=EDGE_CURVE('',#2907,#5685,#6760,.T.);
#6762=ORIENTED_EDGE('',*,*,#6761,.T.);
#6763=ORIENTED_EDGE('',*,*,#5690,.T.);
#6764=CARTESIAN_POINT('',(-66.499973486,-15.499998271,2.595809409));
#6765=DIRECTION('',(-0.,-0.,1.));
#6766=VECTOR('',#6765,1.2);
#6767=LINE('',#6764,#6766);
#6768=EDGE_CURVE('',#5676,#2916,#6767,.T.);
#6769=ORIENTED_EDGE('',*,*,#6768,.T.);
#6770=EDGE_LOOP('',(#6756,#6762,#6763,#6769));
#6771=FACE_BOUND('',#6770,.T.);
#6772=ADVANCED_FACE('',(#6771),#6755,.F.);
#6773=CARTESIAN_POINT('',(-78.499973486,-1.499998271,3.795809409));
#6774=DIRECTION('',(0.,1.,0.));
#6775=DIRECTION('',(0.,0.,1.));
#6776=AXIS2_PLACEMENT_3D('',#6773,#6774,#6775);
#6777=PLANE('',#6776);
#6778=ORIENTED_EDGE('',*,*,#5586,.T.);
#6779=CARTESIAN_POINT('',(-72.499973486,-1.499998271,2.595809409));
#6780=DIRECTION('',(-0.,-0.,1.));
#6781=VECTOR('',#6780,1.2);
#6782=LINE('',#6779,#6781);
#6783=EDGE_CURVE('',#5581,#2812,#6782,.T.);
#6784=ORIENTED_EDGE('',*,*,#6783,.T.);
#6785=ORIENTED_EDGE('',*,*,#2817,.F.);
#6786=CARTESIAN_POINT('',(-84.499973486,-1.499998271,3.795809409));
#6787=DIRECTION('',(0.,0.,-1.));
#6788=VECTOR('',#6787,1.2);
#6789=LINE('',#6786,#6788);
#6790=EDGE_CURVE('',#2803,#5579,#6789,.T.);
#6791=ORIENTED_EDGE('',*,*,#6790,.T.);
#6792=EDGE_LOOP('',(#6778,#6784,#6785,#6791));
#6793=FACE_BOUND('',#6792,.T.);
#6794=ADVANCED_FACE('',(#6793),#6777,.F.);
#6795=CARTESIAN_POINT('',(-71.499973486,-8.499998271,3.795809409));
#6796=DIRECTION('',(1.,0.,0.));
#6797=DIRECTION('',(0.,0.,-1.));
#6798=AXIS2_PLACEMENT_3D('',#6795,#6796,#6797);
#6799=PLANE('',#6798);
#6800=ORIENTED_EDGE('',*,*,#2834,.F.);
#6801=CARTESIAN_POINT('',(-71.499973486,-2.499998271,3.795809409));
#6802=DIRECTION('',(0.,0.,-1.));
#6803=VECTOR('',#6802,1.2);
#6804=LINE('',#6801,#6803);
#6805=EDGE_CURVE('',#2820,#5632,#6804,.T.);
#6806=ORIENTED_EDGE('',*,*,#6805,.T.);
#6807=ORIENTED_EDGE('',*,*,#5637,.T.);
#6808=CARTESIAN_POINT('',(-71.499973486,-14.499998271,2.595809409));
#6809=DIRECTION('',(-0.,-0.,1.));
#6810=VECTOR('',#6809,1.2);
#6811=LINE('',#6808,#6810);
#6812=EDGE_CURVE('',#5623,#2829,#6811,.T.);
#6813=ORIENTED_EDGE('',*,*,#6812,.T.);
#6814=EDGE_LOOP('',(#6800,#6806,#6807,#6813));
#6815=FACE_BOUND('',#6814,.T.);
#6816=ADVANCED_FACE('',(#6815),#6799,.F.);
#6817=CARTESIAN_POINT('',(-78.499973486,-15.499998271,3.795809409));
#6818=DIRECTION('',(0.,-1.,0.));
#6819=DIRECTION('',(0.,0.,-1.));
#6820=AXIS2_PLACEMENT_3D('',#6817,#6818,#6819);
#6821=PLANE('',#6820);
#6822=ORIENTED_EDGE('',*,*,#2851,.F.);
#6823=CARTESIAN_POINT('',(-72.499973486,-15.499998271,3.795809409));
#6824=DIRECTION('',(0.,0.,-1.));
#6825=VECTOR('',#6824,1.2);
#6826=LINE('',#6823,#6825);
#6827=EDGE_CURVE('',#2837,#5615,#6826,.T.);
#6828=ORIENTED_EDGE('',*,*,#6827,.T.);
#6829=ORIENTED_EDGE('',*,*,#5620,.T.);
#6830=CARTESIAN_POINT('',(-84.499973486,-15.499998271,2.595809409));
#6831=DIRECTION('',(-0.,-0.,1.));
#6832=VECTOR('',#6831,1.2);
#6833=LINE('',#6830,#6832);
#6834=EDGE_CURVE('',#5606,#2846,#6833,.T.);
#6835=ORIENTED_EDGE('',*,*,#6834,.T.);
#6836=EDGE_LOOP('',(#6822,#6828,#6829,#6835));
#6837=FACE_BOUND('',#6836,.T.);
#6838=ADVANCED_FACE('',(#6837),#6821,.F.);
#6839=CARTESIAN_POINT('',(-96.499973486,-1.499998271,3.795809409));
#6840=DIRECTION('',(0.,1.,0.));
#6841=DIRECTION('',(0.,0.,1.));
#6842=AXIS2_PLACEMENT_3D('',#6839,#6840,#6841);
#6843=PLANE('',#6842);
#6844=ORIENTED_EDGE('',*,*,#5516,.T.);
#6845=CARTESIAN_POINT('',(-90.499973486,-1.499998271,2.595809409));
#6846=DIRECTION('',(-0.,-0.,1.));
#6847=VECTOR('',#6846,1.2);
#6848=LINE('',#6845,#6847);
#6849=EDGE_CURVE('',#5511,#2742,#6848,.T.);
#6850=ORIENTED_EDGE('',*,*,#6849,.T.);
#6851=ORIENTED_EDGE('',*,*,#2747,.F.);
#6852=CARTESIAN_POINT('',(-102.499973486,-1.499998271,3.795809409));
#6853=DIRECTION('',(0.,0.,-1.));
#6854=VECTOR('',#6853,1.2);
#6855=LINE('',#6852,#6854);
#6856=EDGE_CURVE('',#2733,#5509,#6855,.T.);
#6857=ORIENTED_EDGE('',*,*,#6856,.T.);
#6858=EDGE_LOOP('',(#6844,#6850,#6851,#6857));
#6859=FACE_BOUND('',#6858,.T.);
#6860=ADVANCED_FACE('',(#6859),#6843,.F.);
#6861=CARTESIAN_POINT('',(-89.499973486,-8.499998271,3.795809409));
#6862=DIRECTION('',(1.,0.,0.));
#6863=DIRECTION('',(0.,0.,-1.));
#6864=AXIS2_PLACEMENT_3D('',#6861,#6862,#6863);
#6865=PLANE('',#6864);
#6866=ORIENTED_EDGE('',*,*,#2764,.F.);
#6867=CARTESIAN_POINT('',(-89.499973486,-2.499998271,3.795809409));
#6868=DIRECTION('',(0.,0.,-1.));
#6869=VECTOR('',#6868,1.2);
#6870=LINE('',#6867,#6869);
#6871=EDGE_CURVE('',#2750,#5562,#6870,.T.);
#6872=ORIENTED_EDGE('',*,*,#6871,.T.);
#6873=ORIENTED_EDGE('',*,*,#5567,.T.);
#6874=CARTESIAN_POINT('',(-89.499973486,-14.499998271,2.595809409));
#6875=DIRECTION('',(-0.,-0.,1.));
#6876=VECTOR('',#6875,1.2);
#6877=LINE('',#6874,#6876);
#6878=EDGE_CURVE('',#5553,#2759,#6877,.T.);
#6879=ORIENTED_EDGE('',*,*,#6878,.T.);
#6880=EDGE_LOOP('',(#6866,#6872,#6873,#6879));
#6881=FACE_BOUND('',#6880,.T.);
#6882=ADVANCED_FACE('',(#6881),#6865,.F.);
#6883=CARTESIAN_POINT('',(-96.499973486,-15.499998271,3.795809409));
#6884=DIRECTION('',(0.,-1.,0.));
#6885=DIRECTION('',(0.,0.,-1.));
#6886=AXIS2_PLACEMENT_3D('',#6883,#6884,#6885);
#6887=PLANE('',#6886);
#6888=ORIENTED_EDGE('',*,*,#5550,.T.);
#6889=CARTESIAN_POINT('',(-102.499973486,-15.499998271,2.595809409));
#6890=DIRECTION('',(-0.,-0.,1.));
#6891=VECTOR('',#6890,1.2);
#6892=LINE('',#6889,#6891);
#6893=EDGE_CURVE('',#5536,#2776,#6892,.T.);
#6894=ORIENTED_EDGE('',*,*,#6893,.T.);
#6895=ORIENTED_EDGE('',*,*,#2781,.F.);
#6896=CARTESIAN_POINT('',(-90.499973486,-15.499998271,3.795809409));
#6897=DIRECTION('',(0.,0.,-1.));
#6898=VECTOR('',#6897,1.2);
#6899=LINE('',#6896,#6898);
#6900=EDGE_CURVE('',#2767,#5545,#6899,.T.);
#6901=ORIENTED_EDGE('',*,*,#6900,.T.);
#6902=EDGE_LOOP('',(#6888,#6894,#6895,#6901));
#6903=FACE_BOUND('',#6902,.T.);
#6904=ADVANCED_FACE('',(#6903),#6887,.F.);
#6905=CARTESIAN_POINT('',(96.500026514,-1.499998271,3.795809409));
#6906=DIRECTION('',(0.,1.,0.));
#6907=DIRECTION('',(0.,0.,1.));
#6908=AXIS2_PLACEMENT_3D('',#6905,#6906,#6907);
#6909=PLANE('',#6908);
#6910=ORIENTED_EDGE('',*,*,#5446,.T.);
#6911=CARTESIAN_POINT('',(102.500026514,-1.499998271,2.595809409));
#6912=DIRECTION('',(-0.,-0.,1.));
#6913=VECTOR('',#6912,1.2);
#6914=LINE('',#6911,#6913);
#6915=EDGE_CURVE('',#5441,#2672,#6914,.T.);
#6916=ORIENTED_EDGE('',*,*,#6915,.T.);
#6917=ORIENTED_EDGE('',*,*,#2677,.F.);
#6918=CARTESIAN_POINT('',(90.500026514,-1.499998271,3.795809409));
#6919=DIRECTION('',(0.,0.,-1.));
#6920=VECTOR('',#6919,1.2);
#6921=LINE('',#6918,#6920);
#6922=EDGE_CURVE('',#2663,#5439,#6921,.T.);
#6923=ORIENTED_EDGE('',*,*,#6922,.T.);
#6924=EDGE_LOOP('',(#6910,#6916,#6917,#6923));
#6925=FACE_BOUND('',#6924,.T.);
#6926=ADVANCED_FACE('',(#6925),#6909,.F.);
#6927=CARTESIAN_POINT('',(103.500026514,-8.499998271,3.795809409));
#6928=DIRECTION('',(1.,0.,0.));
#6929=DIRECTION('',(0.,0.,-1.));
#6930=AXIS2_PLACEMENT_3D('',#6927,#6928,#6929);
#6931=PLANE('',#6930);
#6932=ORIENTED_EDGE('',*,*,#5497,.T.);
#6933=CARTESIAN_POINT('',(103.500026514,-14.499998271,2.595809409));
#6934=DIRECTION('',(-0.,-0.,1.));
#6935=VECTOR('',#6934,1.2);
#6936=LINE('',#6933,#6935);
#6937=EDGE_CURVE('',#5483,#2689,#6936,.T.);
#6938=ORIENTED_EDGE('',*,*,#6937,.T.);
#6939=ORIENTED_EDGE('',*,*,#2694,.F.);
#6940=CARTESIAN_POINT('',(103.500026514,-2.499998271,3.795809409));
#6941=DIRECTION('',(0.,0.,-1.));
#6942=VECTOR('',#6941,1.2);
#6943=LINE('',#6940,#6942);
#6944=EDGE_CURVE('',#2680,#5492,#6943,.T.);
#6945=ORIENTED_EDGE('',*,*,#6944,.T.);
#6946=EDGE_LOOP('',(#6932,#6938,#6939,#6945));
#6947=FACE_BOUND('',#6946,.T.);
#6948=ADVANCED_FACE('',(#6947),#6931,.F.);
#6949=CARTESIAN_POINT('',(96.500026514,-15.499998271,3.795809409));
#6950=DIRECTION('',(0.,-1.,0.));
#6951=DIRECTION('',(0.,0.,-1.));
#6952=AXIS2_PLACEMENT_3D('',#6949,#6950,#6951);
#6953=PLANE('',#6952);
#6954=ORIENTED_EDGE('',*,*,#2711,.F.);
#6955=CARTESIAN_POINT('',(102.500026514,-15.499998271,3.795809409));
#6956=DIRECTION('',(0.,0.,-1.));
#6957=VECTOR('',#6956,1.2);
#6958=LINE('',#6955,#6957);
#6959=EDGE_CURVE('',#2697,#5475,#6958,.T.);
#6960=ORIENTED_EDGE('',*,*,#6959,.T.);
#6961=ORIENTED_EDGE('',*,*,#5480,.T.);
#6962=CARTESIAN_POINT('',(90.500026514,-15.499998271,2.595809409));
#6963=DIRECTION('',(-0.,-0.,1.));
#6964=VECTOR('',#6963,1.2);
#6965=LINE('',#6962,#6964);
#6966=EDGE_CURVE('',#5466,#2706,#6965,.T.);
#6967=ORIENTED_EDGE('',*,*,#6966,.T.);
#6968=EDGE_LOOP('',(#6954,#6960,#6961,#6967));
#6969=FACE_BOUND('',#6968,.T.);
#6970=ADVANCED_FACE('',(#6969),#6953,.F.);
#6971=CARTESIAN_POINT('',(78.500026514,-1.499998271,3.795809409));
#6972=DIRECTION('',(0.,1.,0.));
#6973=DIRECTION('',(0.,0.,1.));
#6974=AXIS2_PLACEMENT_3D('',#6971,#6972,#6973);
#6975=PLANE('',#6974);
#6976=ORIENTED_EDGE('',*,*,#5376,.T.);
#6977=CARTESIAN_POINT('',(84.500026514,-1.499998271,2.595809409));
#6978=DIRECTION('',(-0.,-0.,1.));
#6979=VECTOR('',#6978,1.2);
#6980=LINE('',#6977,#6979);
#6981=EDGE_CURVE('',#5371,#2602,#6980,.T.);
#6982=ORIENTED_EDGE('',*,*,#6981,.T.);
#6983=ORIENTED_EDGE('',*,*,#2607,.F.);
#6984=CARTESIAN_POINT('',(72.500026514,-1.499998271,3.795809409));
#6985=DIRECTION('',(0.,0.,-1.));
#6986=VECTOR('',#6985,1.2);
#6987=LINE('',#6984,#6986);
#6988=EDGE_CURVE('',#2593,#5369,#6987,.T.);
#6989=ORIENTED_EDGE('',*,*,#6988,.T.);
#6990=EDGE_LOOP('',(#6976,#6982,#6983,#6989));
#6991=FACE_BOUND('',#6990,.T.);
#6992=ADVANCED_FACE('',(#6991),#6975,.F.);
#6993=CARTESIAN_POINT('',(85.500026514,-8.499998271,3.795809409));
#6994=DIRECTION('',(1.,0.,0.));
#6995=DIRECTION('',(0.,0.,-1.));
#6996=AXIS2_PLACEMENT_3D('',#6993,#6994,#6995);
#6997=PLANE('',#6996);
#6998=ORIENTED_EDGE('',*,*,#2624,.F.);
#6999=CARTESIAN_POINT('',(85.500026514,-2.499998271,3.795809409));
#7000=DIRECTION('',(0.,0.,-1.));
#7001=VECTOR('',#7000,1.2);
#7002=LINE('',#6999,#7001);
#7003=EDGE_CURVE('',#2610,#5422,#7002,.T.);
#7004=ORIENTED_EDGE('',*,*,#7003,.T.);
#7005=ORIENTED_EDGE('',*,*,#5427,.T.);
#7006=CARTESIAN_POINT('',(85.500026514,-14.499998271,2.595809409));
#7007=DIRECTION('',(-0.,-0.,1.));
#7008=VECTOR('',#7007,1.2);
#7009=LINE('',#7006,#7008);
#7010=EDGE_CURVE('',#5413,#2619,#7009,.T.);
#7011=ORIENTED_EDGE('',*,*,#7010,.T.);
#7012=EDGE_LOOP('',(#6998,#7004,#7005,#7011));
#7013=FACE_BOUND('',#7012,.T.);
#7014=ADVANCED_FACE('',(#7013),#6997,.F.);
#7015=CARTESIAN_POINT('',(78.500026514,-15.499998271,3.795809409));
#7016=DIRECTION('',(0.,-1.,0.));
#7017=DIRECTION('',(0.,0.,-1.));
#7018=AXIS2_PLACEMENT_3D('',#7015,#7016,#7017);
#7019=PLANE('',#7018);
#7020=ORIENTED_EDGE('',*,*,#5410,.T.);
#7021=CARTESIAN_POINT('',(72.500026514,-15.499998271,2.595809409));
#7022=DIRECTION('',(-0.,-0.,1.));
#7023=VECTOR('',#7022,1.2);
#7024=LINE('',#7021,#7023);
#7025=EDGE_CURVE('',#5396,#2636,#7024,.T.);
#7026=ORIENTED_EDGE('',*,*,#7025,.T.);
#7027=ORIENTED_EDGE('',*,*,#2641,.F.);
#7028=CARTESIAN_POINT('',(84.500026514,-15.499998271,3.795809409));
#7029=DIRECTION('',(0.,0.,-1.));
#7030=VECTOR('',#7029,1.2);
#7031=LINE('',#7028,#7030);
#7032=EDGE_CURVE('',#2627,#5405,#7031,.T.);
#7033=ORIENTED_EDGE('',*,*,#7032,.T.);
#7034=EDGE_LOOP('',(#7020,#7026,#7027,#7033));
#7035=FACE_BOUND('',#7034,.T.);
#7036=ADVANCED_FACE('',(#7035),#7019,.F.);
#7037=CARTESIAN_POINT('',(60.500026514,-1.499998271,3.795809409));
#7038=DIRECTION('',(0.,1.,0.));
#7039=DIRECTION('',(0.,0.,1.));
#7040=AXIS2_PLACEMENT_3D('',#7037,#7038,#7039);
#7041=PLANE('',#7040);
#7042=ORIENTED_EDGE('',*,*,#2537,.F.);
#7043=CARTESIAN_POINT('',(54.500026514,-1.499998271,3.795809409));
#7044=DIRECTION('',(0.,0.,-1.));
#7045=VECTOR('',#7044,1.2);
#7046=LINE('',#7043,#7045);
#7047=EDGE_CURVE('',#2523,#5299,#7046,.T.);
#7048=ORIENTED_EDGE('',*,*,#7047,.T.);
#7049=ORIENTED_EDGE('',*,*,#5306,.T.);
#7050=CARTESIAN_POINT('',(66.500026514,-1.499998271,2.595809409));
#7051=DIRECTION('',(-0.,-0.,1.));
#7052=VECTOR('',#7051,1.2);
#7053=LINE('',#7050,#7052);
#7054=EDGE_CURVE('',#5301,#2532,#7053,.T.);
#7055=ORIENTED_EDGE('',*,*,#7054,.T.);
#7056=EDGE_LOOP('',(#7042,#7048,#7049,#7055));
#7057=FACE_BOUND('',#7056,.T.);
#7058=ADVANCED_FACE('',(#7057),#7041,.F.);
#7059=CARTESIAN_POINT('',(67.500026514,-8.499998271,3.795809409));
#7060=DIRECTION('',(1.,0.,0.));
#7061=DIRECTION('',(0.,0.,-1.));
#7062=AXIS2_PLACEMENT_3D('',#7059,#7060,#7061);
#7063=PLANE('',#7062);
#7064=ORIENTED_EDGE('',*,*,#2554,.F.);
#7065=CARTESIAN_POINT('',(67.500026514,-2.499998271,3.795809409));
#7066=DIRECTION('',(0.,0.,-1.));
#7067=VECTOR('',#7066,1.2);
#7068=LINE('',#7065,#7067);
#7069=EDGE_CURVE('',#2540,#5352,#7068,.T.);
#7070=ORIENTED_EDGE('',*,*,#7069,.T.);
#7071=ORIENTED_EDGE('',*,*,#5357,.T.);
#7072=CARTESIAN_POINT('',(67.500026514,-14.499998271,2.595809409));
#7073=DIRECTION('',(-0.,-0.,1.));
#7074=VECTOR('',#7073,1.2);
#7075=LINE('',#7072,#7074);
#7076=EDGE_CURVE('',#5343,#2549,#7075,.T.);
#7077=ORIENTED_EDGE('',*,*,#7076,.T.);
#7078=EDGE_LOOP('',(#7064,#7070,#7071,#7077));
#7079=FACE_BOUND('',#7078,.T.);
#7080=ADVANCED_FACE('',(#7079),#7063,.F.);
#7081=CARTESIAN_POINT('',(60.500026514,-15.499998271,3.795809409));
#7082=DIRECTION('',(0.,-1.,0.));
#7083=DIRECTION('',(0.,0.,-1.));
#7084=AXIS2_PLACEMENT_3D('',#7081,#7082,#7083);
#7085=PLANE('',#7084);
#7086=ORIENTED_EDGE('',*,*,#5340,.T.);
#7087=CARTESIAN_POINT('',(54.500026514,-15.499998271,2.595809409));
#7088=DIRECTION('',(-0.,-0.,1.));
#7089=VECTOR('',#7088,1.2);
#7090=LINE('',#7087,#7089);
#7091=EDGE_CURVE('',#5326,#2566,#7090,.T.);
#7092=ORIENTED_EDGE('',*,*,#7091,.T.);
#7093=ORIENTED_EDGE('',*,*,#2571,.F.);
#7094=CARTESIAN_POINT('',(66.500026514,-15.499998271,3.795809409));
#7095=DIRECTION('',(0.,0.,-1.));
#7096=VECTOR('',#7095,1.2);
#7097=LINE('',#7094,#7096);
#7098=EDGE_CURVE('',#2557,#5335,#7097,.T.);
#7099=ORIENTED_EDGE('',*,*,#7098,.T.);
#7100=EDGE_LOOP('',(#7086,#7092,#7093,#7099));
#7101=FACE_BOUND('',#7100,.T.);
#7102=ADVANCED_FACE('',(#7101),#7085,.F.);
#7103=CARTESIAN_POINT('',(42.500026514,-1.499998271,3.795809409));
#7104=DIRECTION('',(0.,1.,0.));
#7105=DIRECTION('',(0.,0.,1.));
#7106=AXIS2_PLACEMENT_3D('',#7103,#7104,#7105);
#7107=PLANE('',#7106);
#7108=ORIENTED_EDGE('',*,*,#2467,.F.);
#7109=CARTESIAN_POINT('',(36.500026514,-1.499998271,3.795809409));
#7110=DIRECTION('',(0.,0.,-1.));
#7111=VECTOR('',#7110,1.2);
#7112=LINE('',#7109,#7111);
#7113=EDGE_CURVE('',#2453,#5229,#7112,.T.);
#7114=ORIENTED_EDGE('',*,*,#7113,.T.);
#7115=ORIENTED_EDGE('',*,*,#5236,.T.);
#7116=CARTESIAN_POINT('',(48.500026514,-1.499998271,2.595809409));
#7117=DIRECTION('',(-0.,-0.,1.));
#7118=VECTOR('',#7117,1.2);
#7119=LINE('',#7116,#7118);
#7120=EDGE_CURVE('',#5231,#2462,#7119,.T.);
#7121=ORIENTED_EDGE('',*,*,#7120,.T.);
#7122=EDGE_LOOP('',(#7108,#7114,#7115,#7121));
#7123=FACE_BOUND('',#7122,.T.);
#7124=ADVANCED_FACE('',(#7123),#7107,.F.);
#7125=CARTESIAN_POINT('',(49.500026514,-8.499998271,3.795809409));
#7126=DIRECTION('',(1.,0.,0.));
#7127=DIRECTION('',(0.,0.,-1.));
#7128=AXIS2_PLACEMENT_3D('',#7125,#7126,#7127);
#7129=PLANE('',#7128);
#7130=ORIENTED_EDGE('',*,*,#2484,.F.);
#7131=CARTESIAN_POINT('',(49.500026514,-2.499998271,3.795809409));
#7132=DIRECTION('',(0.,0.,-1.));
#7133=VECTOR('',#7132,1.2);
#7134=LINE('',#7131,#7133);
#7135=EDGE_CURVE('',#2470,#5282,#7134,.T.);
#7136=ORIENTED_EDGE('',*,*,#7135,.T.);
#7137=ORIENTED_EDGE('',*,*,#5287,.T.);
#7138=CARTESIAN_POINT('',(49.500026514,-14.499998271,2.595809409));
#7139=DIRECTION('',(-0.,-0.,1.));
#7140=VECTOR('',#7139,1.2);
#7141=LINE('',#7138,#7140);
#7142=EDGE_CURVE('',#5273,#2479,#7141,.T.);
#7143=ORIENTED_EDGE('',*,*,#7142,.T.);
#7144=EDGE_LOOP('',(#7130,#7136,#7137,#7143));
#7145=FACE_BOUND('',#7144,.T.);
#7146=ADVANCED_FACE('',(#7145),#7129,.F.);
#7147=CARTESIAN_POINT('',(42.500026514,-15.499998271,3.795809409));
#7148=DIRECTION('',(0.,-1.,0.));
#7149=DIRECTION('',(0.,0.,-1.));
#7150=AXIS2_PLACEMENT_3D('',#7147,#7148,#7149);
#7151=PLANE('',#7150);
#7152=ORIENTED_EDGE('',*,*,#2501,.F.);
#7153=CARTESIAN_POINT('',(48.500026514,-15.499998271,3.795809409));
#7154=DIRECTION('',(0.,0.,-1.));
#7155=VECTOR('',#7154,1.2);
#7156=LINE('',#7153,#7155);
#7157=EDGE_CURVE('',#2487,#5265,#7156,.T.);
#7158=ORIENTED_EDGE('',*,*,#7157,.T.);
#7159=ORIENTED_EDGE('',*,*,#5270,.T.);
#7160=CARTESIAN_POINT('',(36.500026514,-15.499998271,2.595809409));
#7161=DIRECTION('',(-0.,-0.,1.));
#7162=VECTOR('',#7161,1.2);
#7163=LINE('',#7160,#7162);
#7164=EDGE_CURVE('',#5256,#2496,#7163,.T.);
#7165=ORIENTED_EDGE('',*,*,#7164,.T.);
#7166=EDGE_LOOP('',(#7152,#7158,#7159,#7165));
#7167=FACE_BOUND('',#7166,.T.);
#7168=ADVANCED_FACE('',(#7167),#7151,.F.);
#7169=CARTESIAN_POINT('',(42.500026514,-18.499998271,3.795809409));
#7170=DIRECTION('',(0.,1.,0.));
#7171=DIRECTION('',(0.,0.,1.));
#7172=AXIS2_PLACEMENT_3D('',#7169,#7170,#7171);
#7173=PLANE('',#7172);
#7174=ORIENTED_EDGE('',*,*,#2397,.F.);
#7175=CARTESIAN_POINT('',(36.500026514,-18.499998271,3.795809409));
#7176=DIRECTION('',(0.,0.,-1.));
#7177=VECTOR('',#7176,1.2);
#7178=LINE('',#7175,#7177);
#7179=EDGE_CURVE('',#2383,#5159,#7178,.T.);
#7180=ORIENTED_EDGE('',*,*,#7179,.T.);
#7181=ORIENTED_EDGE('',*,*,#5166,.T.);
#7182=CARTESIAN_POINT('',(48.500026514,-18.499998271,2.595809409));
#7183=DIRECTION('',(-0.,-0.,1.));
#7184=VECTOR('',#7183,1.2);
#7185=LINE('',#7182,#7184);
#7186=EDGE_CURVE('',#5161,#2392,#7185,.T.);
#7187=ORIENTED_EDGE('',*,*,#7186,.T.);
#7188=EDGE_LOOP('',(#7174,#7180,#7181,#7187));
#7189=FACE_BOUND('',#7188,.T.);
#7190=ADVANCED_FACE('',(#7189),#7173,.F.);
#7191=CARTESIAN_POINT('',(49.500026514,-25.499998271,3.795809409));
#7192=DIRECTION('',(1.,0.,0.));
#7193=DIRECTION('',(0.,0.,-1.));
#7194=AXIS2_PLACEMENT_3D('',#7191,#7192,#7193);
#7195=PLANE('',#7194);
#7196=ORIENTED_EDGE('',*,*,#5217,.T.);
#7197=CARTESIAN_POINT('',(49.500026514,-31.499998271,2.595809409));
#7198=DIRECTION('',(-0.,-0.,1.));
#7199=VECTOR('',#7198,1.2);
#7200=LINE('',#7197,#7199);
#7201=EDGE_CURVE('',#5203,#2409,#7200,.T.);
#7202=ORIENTED_EDGE('',*,*,#7201,.T.);
#7203=ORIENTED_EDGE('',*,*,#2414,.F.);
#7204=CARTESIAN_POINT('',(49.500026514,-19.499998271,3.795809409));
#7205=DIRECTION('',(0.,0.,-1.));
#7206=VECTOR('',#7205,1.2);
#7207=LINE('',#7204,#7206);
#7208=EDGE_CURVE('',#2400,#5212,#7207,.T.);
#7209=ORIENTED_EDGE('',*,*,#7208,.T.);
#7210=EDGE_LOOP('',(#7196,#7202,#7203,#7209));
#7211=FACE_BOUND('',#7210,.T.);
#7212=ADVANCED_FACE('',(#7211),#7195,.F.);
#7213=CARTESIAN_POINT('',(42.500026514,-32.499998271,3.795809409));
#7214=DIRECTION('',(0.,-1.,0.));
#7215=DIRECTION('',(0.,0.,-1.));
#7216=AXIS2_PLACEMENT_3D('',#7213,#7214,#7215);
#7217=PLANE('',#7216);
#7218=ORIENTED_EDGE('',*,*,#5200,.T.);
#7219=CARTESIAN_POINT('',(36.500026514,-32.499998271,2.595809409));
#7220=DIRECTION('',(-0.,-0.,1.));
#7221=VECTOR('',#7220,1.2);
#7222=LINE('',#7219,#7221);
#7223=EDGE_CURVE('',#5186,#2426,#7222,.T.);
#7224=ORIENTED_EDGE('',*,*,#7223,.T.);
#7225=ORIENTED_EDGE('',*,*,#2431,.F.);
#7226=CARTESIAN_POINT('',(48.500026514,-32.499998271,3.795809409));
#7227=DIRECTION('',(0.,0.,-1.));
#7228=VECTOR('',#7227,1.2);
#7229=LINE('',#7226,#7228);
#7230=EDGE_CURVE('',#2417,#5195,#7229,.T.);
#7231=ORIENTED_EDGE('',*,*,#7230,.T.);
#7232=EDGE_LOOP('',(#7218,#7224,#7225,#7231));
#7233=FACE_BOUND('',#7232,.T.);
#7234=ADVANCED_FACE('',(#7233),#7217,.F.);
#7235=CARTESIAN_POINT('',(24.500026514,-1.499998271,3.795809409));
#7236=DIRECTION('',(0.,1.,0.));
#7237=DIRECTION('',(0.,0.,1.));
#7238=AXIS2_PLACEMENT_3D('',#7235,#7236,#7237);
#7239=PLANE('',#7238);
#7240=ORIENTED_EDGE('',*,*,#2327,.F.);
#7241=CARTESIAN_POINT('',(18.500026514,-1.499998271,3.795809409));
#7242=DIRECTION('',(0.,0.,-1.));
#7243=VECTOR('',#7242,1.2);
#7244=LINE('',#7241,#7243);
#7245=EDGE_CURVE('',#2313,#5089,#7244,.T.);
#7246=ORIENTED_EDGE('',*,*,#7245,.T.);
#7247=ORIENTED_EDGE('',*,*,#5096,.T.);
#7248=CARTESIAN_POINT('',(30.500026514,-1.499998271,2.595809409));
#7249=DIRECTION('',(-0.,-0.,1.));
#7250=VECTOR('',#7249,1.2);
#7251=LINE('',#7248,#7250);
#7252=EDGE_CURVE('',#5091,#2322,#7251,.T.);
#7253=ORIENTED_EDGE('',*,*,#7252,.T.);
#7254=EDGE_LOOP('',(#7240,#7246,#7247,#7253));
#7255=FACE_BOUND('',#7254,.T.);
#7256=ADVANCED_FACE('',(#7255),#7239,.F.);
#7257=CARTESIAN_POINT('',(31.500026514,-8.499998271,3.795809409));
#7258=DIRECTION('',(1.,0.,0.));
#7259=DIRECTION('',(0.,0.,-1.));
#7260=AXIS2_PLACEMENT_3D('',#7257,#7258,#7259);
#7261=PLANE('',#7260);
#7262=ORIENTED_EDGE('',*,*,#5147,.T.);
#7263=CARTESIAN_POINT('',(31.500026514,-14.499998271,2.595809409));
#7264=DIRECTION('',(-0.,-0.,1.));
#7265=VECTOR('',#7264,1.2);
#7266=LINE('',#7263,#7265);
#7267=EDGE_CURVE('',#5133,#2339,#7266,.T.);
#7268=ORIENTED_EDGE('',*,*,#7267,.T.);
#7269=ORIENTED_EDGE('',*,*,#2344,.F.);
#7270=CARTESIAN_POINT('',(31.500026514,-2.499998271,3.795809409));
#7271=DIRECTION('',(0.,0.,-1.));
#7272=VECTOR('',#7271,1.2);
#7273=LINE('',#7270,#7272);
#7274=EDGE_CURVE('',#2330,#5142,#7273,.T.);
#7275=ORIENTED_EDGE('',*,*,#7274,.T.);
#7276=EDGE_LOOP('',(#7262,#7268,#7269,#7275));
#7277=FACE_BOUND('',#7276,.T.);
#7278=ADVANCED_FACE('',(#7277),#7261,.F.);
#7279=CARTESIAN_POINT('',(24.500026514,-15.499998271,3.795809409));
#7280=DIRECTION('',(0.,-1.,0.));
#7281=DIRECTION('',(0.,0.,-1.));
#7282=AXIS2_PLACEMENT_3D('',#7279,#7280,#7281);
#7283=PLANE('',#7282);
#7284=ORIENTED_EDGE('',*,*,#2361,.F.);
#7285=CARTESIAN_POINT('',(30.500026514,-15.499998271,3.795809409));
#7286=DIRECTION('',(0.,0.,-1.));
#7287=VECTOR('',#7286,1.2);
#7288=LINE('',#7285,#7287);
#7289=EDGE_CURVE('',#2347,#5125,#7288,.T.);
#7290=ORIENTED_EDGE('',*,*,#7289,.T.);
#7291=ORIENTED_EDGE('',*,*,#5130,.T.);
#7292=CARTESIAN_POINT('',(18.500026514,-15.499998271,2.595809409));
#7293=DIRECTION('',(-0.,-0.,1.));
#7294=VECTOR('',#7293,1.2);
#7295=LINE('',#7292,#7294);
#7296=EDGE_CURVE('',#5116,#2356,#7295,.T.);
#7297=ORIENTED_EDGE('',*,*,#7296,.T.);
#7298=EDGE_LOOP('',(#7284,#7290,#7291,#7297));
#7299=FACE_BOUND('',#7298,.T.);
#7300=ADVANCED_FACE('',(#7299),#7283,.F.);
#7301=CARTESIAN_POINT('',(24.500026514,-18.499998271,3.795809409));
#7302=DIRECTION('',(0.,1.,0.));
#7303=DIRECTION('',(0.,0.,1.));
#7304=AXIS2_PLACEMENT_3D('',#7301,#7302,#7303);
#7305=PLANE('',#7304);
#7306=ORIENTED_EDGE('',*,*,#5026,.T.);
#7307=CARTESIAN_POINT('',(30.500026514,-18.499998271,2.595809409));
#7308=DIRECTION('',(-0.,-0.,1.));
#7309=VECTOR('',#7308,1.2);
#7310=LINE('',#7307,#7309);
#7311=EDGE_CURVE('',#5021,#2252,#7310,.T.);
#7312=ORIENTED_EDGE('',*,*,#7311,.T.);
#7313=ORIENTED_EDGE('',*,*,#2257,.F.);
#7314=CARTESIAN_POINT('',(18.500026514,-18.499998271,3.795809409));
#7315=DIRECTION('',(0.,0.,-1.));
#7316=VECTOR('',#7315,1.2);
#7317=LINE('',#7314,#7316);
#7318=EDGE_CURVE('',#2243,#5019,#7317,.T.);
#7319=ORIENTED_EDGE('',*,*,#7318,.T.);
#7320=EDGE_LOOP('',(#7306,#7312,#7313,#7319));
#7321=FACE_BOUND('',#7320,.T.);
#7322=ADVANCED_FACE('',(#7321),#7305,.F.);
#7323=CARTESIAN_POINT('',(31.500026514,-25.499998271,3.795809409));
#7324=DIRECTION('',(1.,0.,0.));
#7325=DIRECTION('',(0.,0.,-1.));
#7326=AXIS2_PLACEMENT_3D('',#7323,#7324,#7325);
#7327=PLANE('',#7326);
#7328=ORIENTED_EDGE('',*,*,#5077,.T.);
#7329=CARTESIAN_POINT('',(31.500026514,-31.499998271,2.595809409));
#7330=DIRECTION('',(-0.,-0.,1.));
#7331=VECTOR('',#7330,1.2);
#7332=LINE('',#7329,#7331);
#7333=EDGE_CURVE('',#5063,#2269,#7332,.T.);
#7334=ORIENTED_EDGE('',*,*,#7333,.T.);
#7335=ORIENTED_EDGE('',*,*,#2274,.F.);
#7336=CARTESIAN_POINT('',(31.500026514,-19.499998271,3.795809409));
#7337=DIRECTION('',(0.,0.,-1.));
#7338=VECTOR('',#7337,1.2);
#7339=LINE('',#7336,#7338);
#7340=EDGE_CURVE('',#2260,#5072,#7339,.T.);
#7341=ORIENTED_EDGE('',*,*,#7340,.T.);
#7342=EDGE_LOOP('',(#7328,#7334,#7335,#7341));
#7343=FACE_BOUND('',#7342,.T.);
#7344=ADVANCED_FACE('',(#7343),#7327,.F.);
#7345=CARTESIAN_POINT('',(24.500026514,-32.499998271,3.795809409));
#7346=DIRECTION('',(0.,-1.,0.));
#7347=DIRECTION('',(0.,0.,-1.));
#7348=AXIS2_PLACEMENT_3D('',#7345,#7346,#7347);
#7349=PLANE('',#7348);
#7350=ORIENTED_EDGE('',*,*,#2291,.F.);
#7351=CARTESIAN_POINT('',(30.500026514,-32.499998271,3.795809409));
#7352=DIRECTION('',(0.,0.,-1.));
#7353=VECTOR('',#7352,1.2);
#7354=LINE('',#7351,#7353);
#7355=EDGE_CURVE('',#2277,#5055,#7354,.T.);
#7356=ORIENTED_EDGE('',*,*,#7355,.T.);
#7357=ORIENTED_EDGE('',*,*,#5060,.T.);
#7358=CARTESIAN_POINT('',(18.500026514,-32.499998271,2.595809409));
#7359=DIRECTION('',(-0.,-0.,1.));
#7360=VECTOR('',#7359,1.2);
#7361=LINE('',#7358,#7360);
#7362=EDGE_CURVE('',#5046,#2286,#7361,.T.);
#7363=ORIENTED_EDGE('',*,*,#7362,.T.);
#7364=EDGE_LOOP('',(#7350,#7356,#7357,#7363));
#7365=FACE_BOUND('',#7364,.T.);
#7366=ADVANCED_FACE('',(#7365),#7349,.F.);
#7367=CARTESIAN_POINT('',(-24.499973486,32.500001729,3.795809409));
#7368=DIRECTION('',(0.,1.,0.));
#7369=DIRECTION('',(0.,0.,1.));
#7370=AXIS2_PLACEMENT_3D('',#7367,#7368,#7369);
#7371=PLANE('',#7370);
#7372=ORIENTED_EDGE('',*,*,#4956,.T.);
#7373=CARTESIAN_POINT('',(-18.499973486,32.500001729,2.595809409));
#7374=DIRECTION('',(-0.,-0.,1.));
#7375=VECTOR('',#7374,1.2);
#7376=LINE('',#7373,#7375);
#7377=EDGE_CURVE('',#4951,#2182,#7376,.T.);
#7378=ORIENTED_EDGE('',*,*,#7377,.T.);
#7379=ORIENTED_EDGE('',*,*,#2187,.F.);
#7380=CARTESIAN_POINT('',(-30.499973486,32.500001729,3.795809409));
#7381=DIRECTION('',(0.,0.,-1.));
#7382=VECTOR('',#7381,1.2);
#7383=LINE('',#7380,#7382);
#7384=EDGE_CURVE('',#2173,#4949,#7383,.T.);
#7385=ORIENTED_EDGE('',*,*,#7384,.T.);
#7386=EDGE_LOOP('',(#7372,#7378,#7379,#7385));
#7387=FACE_BOUND('',#7386,.T.);
#7388=ADVANCED_FACE('',(#7387),#7371,.F.);
#7389=CARTESIAN_POINT('',(-17.499973486,25.500001729,3.795809409));
#7390=DIRECTION('',(1.,0.,0.));
#7391=DIRECTION('',(0.,0.,-1.));
#7392=AXIS2_PLACEMENT_3D('',#7389,#7390,#7391);
#7393=PLANE('',#7392);
#7394=ORIENTED_EDGE('',*,*,#5007,.T.);
#7395=CARTESIAN_POINT('',(-17.499973486,19.500001729,2.595809409));
#7396=DIRECTION('',(-0.,-0.,1.));
#7397=VECTOR('',#7396,1.2);
#7398=LINE('',#7395,#7397);
#7399=EDGE_CURVE('',#4993,#2199,#7398,.T.);
#7400=ORIENTED_EDGE('',*,*,#7399,.T.);
#7401=ORIENTED_EDGE('',*,*,#2204,.F.);
#7402=CARTESIAN_POINT('',(-17.499973486,31.500001729,3.795809409));
#7403=DIRECTION('',(0.,0.,-1.));
#7404=VECTOR('',#7403,1.2);
#7405=LINE('',#7402,#7404);
#7406=EDGE_CURVE('',#2190,#5002,#7405,.T.);
#7407=ORIENTED_EDGE('',*,*,#7406,.T.);
#7408=EDGE_LOOP('',(#7394,#7400,#7401,#7407));
#7409=FACE_BOUND('',#7408,.T.);
#7410=ADVANCED_FACE('',(#7409),#7393,.F.);
#7411=CARTESIAN_POINT('',(-24.499973486,18.500001729,3.795809409));
#7412=DIRECTION('',(0.,-1.,0.));
#7413=DIRECTION('',(0.,0.,-1.));
#7414=AXIS2_PLACEMENT_3D('',#7411,#7412,#7413);
#7415=PLANE('',#7414);
#7416=ORIENTED_EDGE('',*,*,#4990,.T.);
#7417=CARTESIAN_POINT('',(-30.499973486,18.500001729,2.595809409));
#7418=DIRECTION('',(-0.,-0.,1.));
#7419=VECTOR('',#7418,1.2);
#7420=LINE('',#7417,#7419);
#7421=EDGE_CURVE('',#4976,#2216,#7420,.T.);
#7422=ORIENTED_EDGE('',*,*,#7421,.T.);
#7423=ORIENTED_EDGE('',*,*,#2221,.F.);
#7424=CARTESIAN_POINT('',(-18.499973486,18.500001729,3.795809409));
#7425=DIRECTION('',(0.,0.,-1.));
#7426=VECTOR('',#7425,1.2);
#7427=LINE('',#7424,#7426);
#7428=EDGE_CURVE('',#2207,#4985,#7427,.T.);
#7429=ORIENTED_EDGE('',*,*,#7428,.T.);
#7430=EDGE_LOOP('',(#7416,#7422,#7423,#7429));
#7431=FACE_BOUND('',#7430,.T.);
#7432=ADVANCED_FACE('',(#7431),#7415,.F.);
#7433=CARTESIAN_POINT('',(-24.499973486,15.500001729,3.795809409));
#7434=DIRECTION('',(0.,1.,0.));
#7435=DIRECTION('',(0.,0.,1.));
#7436=AXIS2_PLACEMENT_3D('',#7433,#7434,#7435);
#7437=PLANE('',#7436);
#7438=ORIENTED_EDGE('',*,*,#2117,.F.);
#7439=CARTESIAN_POINT('',(-30.499973486,15.500001729,3.795809409));
#7440=DIRECTION('',(0.,0.,-1.));
#7441=VECTOR('',#7440,1.2);
#7442=LINE('',#7439,#7441);
#7443=EDGE_CURVE('',#2103,#4879,#7442,.T.);
#7444=ORIENTED_EDGE('',*,*,#7443,.T.);
#7445=ORIENTED_EDGE('',*,*,#4886,.T.);
#7446=CARTESIAN_POINT('',(-18.499973486,15.500001729,2.595809409));
#7447=DIRECTION('',(-0.,-0.,1.));
#7448=VECTOR('',#7447,1.2);
#7449=LINE('',#7446,#7448);
#7450=EDGE_CURVE('',#4881,#2112,#7449,.T.);
#7451=ORIENTED_EDGE('',*,*,#7450,.T.);
#7452=EDGE_LOOP('',(#7438,#7444,#7445,#7451));
#7453=FACE_BOUND('',#7452,.T.);
#7454=ADVANCED_FACE('',(#7453),#7437,.F.);
#7455=CARTESIAN_POINT('',(-17.499973486,8.500001729,3.795809409));
#7456=DIRECTION('',(1.,0.,0.));
#7457=DIRECTION('',(0.,0.,-1.));
#7458=AXIS2_PLACEMENT_3D('',#7455,#7456,#7457);
#7459=PLANE('',#7458);
#7460=ORIENTED_EDGE('',*,*,#2134,.F.);
#7461=CARTESIAN_POINT('',(-17.499973486,14.500001729,3.795809409));
#7462=DIRECTION('',(0.,0.,-1.));
#7463=VECTOR('',#7462,1.2);
#7464=LINE('',#7461,#7463);
#7465=EDGE_CURVE('',#2120,#4932,#7464,.T.);
#7466=ORIENTED_EDGE('',*,*,#7465,.T.);
#7467=ORIENTED_EDGE('',*,*,#4937,.T.);
#7468=CARTESIAN_POINT('',(-17.499973486,2.500001729,2.595809409));
#7469=DIRECTION('',(-0.,-0.,1.));
#7470=VECTOR('',#7469,1.2);
#7471=LINE('',#7468,#7470);
#7472=EDGE_CURVE('',#4923,#2129,#7471,.T.);
#7473=ORIENTED_EDGE('',*,*,#7472,.T.);
#7474=EDGE_LOOP('',(#7460,#7466,#7467,#7473));
#7475=FACE_BOUND('',#7474,.T.);
#7476=ADVANCED_FACE('',(#7475),#7459,.F.);
#7477=CARTESIAN_POINT('',(-24.499973486,1.500001729,3.795809409));
#7478=DIRECTION('',(0.,-1.,0.));
#7479=DIRECTION('',(0.,0.,-1.));
#7480=AXIS2_PLACEMENT_3D('',#7477,#7478,#7479);
#7481=PLANE('',#7480);
#7482=ORIENTED_EDGE('',*,*,#2151,.F.);
#7483=CARTESIAN_POINT('',(-18.499973486,1.500001729,3.795809409));
#7484=DIRECTION('',(0.,0.,-1.));
#7485=VECTOR('',#7484,1.2);
#7486=LINE('',#7483,#7485);
#7487=EDGE_CURVE('',#2137,#4915,#7486,.T.);
#7488=ORIENTED_EDGE('',*,*,#7487,.T.);
#7489=ORIENTED_EDGE('',*,*,#4920,.T.);
#7490=CARTESIAN_POINT('',(-30.499973486,1.500001729,2.595809409));
#7491=DIRECTION('',(-0.,-0.,1.));
#7492=VECTOR('',#7491,1.2);
#7493=LINE('',#7490,#7492);
#7494=EDGE_CURVE('',#4906,#2146,#7493,.T.);
#7495=ORIENTED_EDGE('',*,*,#7494,.T.);
#7496=EDGE_LOOP('',(#7482,#7488,#7489,#7495));
#7497=FACE_BOUND('',#7496,.T.);
#7498=ADVANCED_FACE('',(#7497),#7481,.F.);
#7499=CARTESIAN_POINT('',(-42.499973486,32.500001729,3.795809409));
#7500=DIRECTION('',(0.,1.,0.));
#7501=DIRECTION('',(0.,0.,1.));
#7502=AXIS2_PLACEMENT_3D('',#7499,#7500,#7501);
#7503=PLANE('',#7502);
#7504=ORIENTED_EDGE('',*,*,#2047,.F.);
#7505=CARTESIAN_POINT('',(-48.499973486,32.500001729,3.795809409));
#7506=DIRECTION('',(0.,0.,-1.));
#7507=VECTOR('',#7506,1.2);
#7508=LINE('',#7505,#7507);
#7509=EDGE_CURVE('',#2033,#4809,#7508,.T.);
#7510=ORIENTED_EDGE('',*,*,#7509,.T.);
#7511=ORIENTED_EDGE('',*,*,#4816,.T.);
#7512=CARTESIAN_POINT('',(-36.499973486,32.500001729,2.595809409));
#7513=DIRECTION('',(-0.,-0.,1.));
#7514=VECTOR('',#7513,1.2);
#7515=LINE('',#7512,#7514);
#7516=EDGE_CURVE('',#4811,#2042,#7515,.T.);
#7517=ORIENTED_EDGE('',*,*,#7516,.T.);
#7518=EDGE_LOOP('',(#7504,#7510,#7511,#7517));
#7519=FACE_BOUND('',#7518,.T.);
#7520=ADVANCED_FACE('',(#7519),#7503,.F.);
#7521=CARTESIAN_POINT('',(-35.499973486,25.500001729,3.795809409));
#7522=DIRECTION('',(1.,0.,0.));
#7523=DIRECTION('',(0.,0.,-1.));
#7524=AXIS2_PLACEMENT_3D('',#7521,#7522,#7523);
#7525=PLANE('',#7524);
#7526=ORIENTED_EDGE('',*,*,#4867,.T.);
#7527=CARTESIAN_POINT('',(-35.499973486,19.500001729,2.595809409));
#7528=DIRECTION('',(-0.,-0.,1.));
#7529=VECTOR('',#7528,1.2);
#7530=LINE('',#7527,#7529);
#7531=EDGE_CURVE('',#4853,#2059,#7530,.T.);
#7532=ORIENTED_EDGE('',*,*,#7531,.T.);
#7533=ORIENTED_EDGE('',*,*,#2064,.F.);
#7534=CARTESIAN_POINT('',(-35.499973486,31.500001729,3.795809409));
#7535=DIRECTION('',(0.,0.,-1.));
#7536=VECTOR('',#7535,1.2);
#7537=LINE('',#7534,#7536);
#7538=EDGE_CURVE('',#2050,#4862,#7537,.T.);
#7539=ORIENTED_EDGE('',*,*,#7538,.T.);
#7540=EDGE_LOOP('',(#7526,#7532,#7533,#7539));
#7541=FACE_BOUND('',#7540,.T.);
#7542=ADVANCED_FACE('',(#7541),#7525,.F.);
#7543=CARTESIAN_POINT('',(-42.499973486,18.500001729,3.795809409));
#7544=DIRECTION('',(0.,-1.,0.));
#7545=DIRECTION('',(0.,0.,-1.));
#7546=AXIS2_PLACEMENT_3D('',#7543,#7544,#7545);
#7547=PLANE('',#7546);
#7548=ORIENTED_EDGE('',*,*,#4850,.T.);
#7549=CARTESIAN_POINT('',(-48.499973486,18.500001729,2.595809409));
#7550=DIRECTION('',(-0.,-0.,1.));
#7551=VECTOR('',#7550,1.2);
#7552=LINE('',#7549,#7551);
#7553=EDGE_CURVE('',#4836,#2076,#7552,.T.);
#7554=ORIENTED_EDGE('',*,*,#7553,.T.);
#7555=ORIENTED_EDGE('',*,*,#2081,.F.);
#7556=CARTESIAN_POINT('',(-36.499973486,18.500001729,3.795809409));
#7557=DIRECTION('',(0.,0.,-1.));
#7558=VECTOR('',#7557,1.2);
#7559=LINE('',#7556,#7558);
#7560=EDGE_CURVE('',#2067,#4845,#7559,.T.);
#7561=ORIENTED_EDGE('',*,*,#7560,.T.);
#7562=EDGE_LOOP('',(#7548,#7554,#7555,#7561));
#7563=FACE_BOUND('',#7562,.T.);
#7564=ADVANCED_FACE('',(#7563),#7547,.F.);
#7565=CARTESIAN_POINT('',(-42.499973486,15.500001729,3.795809409));
#7566=DIRECTION('',(0.,1.,0.));
#7567=DIRECTION('',(0.,0.,1.));
#7568=AXIS2_PLACEMENT_3D('',#7565,#7566,#7567);
#7569=PLANE('',#7568);
#7570=ORIENTED_EDGE('',*,*,#1977,.F.);
#7571=CARTESIAN_POINT('',(-48.499973486,15.500001729,3.795809409));
#7572=DIRECTION('',(0.,0.,-1.));
#7573=VECTOR('',#7572,1.2);
#7574=LINE('',#7571,#7573);
#7575=EDGE_CURVE('',#1963,#4739,#7574,.T.);
#7576=ORIENTED_EDGE('',*,*,#7575,.T.);
#7577=ORIENTED_EDGE('',*,*,#4746,.T.);
#7578=CARTESIAN_POINT('',(-36.499973486,15.500001729,2.595809409));
#7579=DIRECTION('',(-0.,-0.,1.));
#7580=VECTOR('',#7579,1.2);
#7581=LINE('',#7578,#7580);
#7582=EDGE_CURVE('',#4741,#1972,#7581,.T.);
#7583=ORIENTED_EDGE('',*,*,#7582,.T.);
#7584=EDGE_LOOP('',(#7570,#7576,#7577,#7583));
#7585=FACE_BOUND('',#7584,.T.);
#7586=ADVANCED_FACE('',(#7585),#7569,.F.);
#7587=CARTESIAN_POINT('',(-35.499973486,8.500001729,3.795809409));
#7588=DIRECTION('',(1.,0.,0.));
#7589=DIRECTION('',(0.,0.,-1.));
#7590=AXIS2_PLACEMENT_3D('',#7587,#7588,#7589);
#7591=PLANE('',#7590);
#7592=ORIENTED_EDGE('',*,*,#1994,.F.);
#7593=CARTESIAN_POINT('',(-35.499973486,14.500001729,3.795809409));
#7594=DIRECTION('',(0.,0.,-1.));
#7595=VECTOR('',#7594,1.2);
#7596=LINE('',#7593,#7595);
#7597=EDGE_CURVE('',#1980,#4792,#7596,.T.);
#7598=ORIENTED_EDGE('',*,*,#7597,.T.);
#7599=ORIENTED_EDGE('',*,*,#4797,.T.);
#7600=CARTESIAN_POINT('',(-35.499973486,2.500001729,2.595809409));
#7601=DIRECTION('',(-0.,-0.,1.));
#7602=VECTOR('',#7601,1.2);
#7603=LINE('',#7600,#7602);
#7604=EDGE_CURVE('',#4783,#1989,#7603,.T.);
#7605=ORIENTED_EDGE('',*,*,#7604,.T.);
#7606=EDGE_LOOP('',(#7592,#7598,#7599,#7605));
#7607=FACE_BOUND('',#7606,.T.);
#7608=ADVANCED_FACE('',(#7607),#7591,.F.);
#7609=CARTESIAN_POINT('',(-42.499973486,1.500001729,3.795809409));
#7610=DIRECTION('',(0.,-1.,0.));
#7611=DIRECTION('',(0.,0.,-1.));
#7612=AXIS2_PLACEMENT_3D('',#7609,#7610,#7611);
#7613=PLANE('',#7612);
#7614=ORIENTED_EDGE('',*,*,#2011,.F.);
#7615=CARTESIAN_POINT('',(-36.499973486,1.500001729,3.795809409));
#7616=DIRECTION('',(0.,0.,-1.));
#7617=VECTOR('',#7616,1.2);
#7618=LINE('',#7615,#7617);
#7619=EDGE_CURVE('',#1997,#4775,#7618,.T.);
#7620=ORIENTED_EDGE('',*,*,#7619,.T.);
#7621=ORIENTED_EDGE('',*,*,#4780,.T.);
#7622=CARTESIAN_POINT('',(-48.499973486,1.500001729,2.595809409));
#7623=DIRECTION('',(-0.,-0.,1.));
#7624=VECTOR('',#7623,1.2);
#7625=LINE('',#7622,#7624);
#7626=EDGE_CURVE('',#4766,#2006,#7625,.T.);
#7627=ORIENTED_EDGE('',*,*,#7626,.T.);
#7628=EDGE_LOOP('',(#7614,#7620,#7621,#7627));
#7629=FACE_BOUND('',#7628,.T.);
#7630=ADVANCED_FACE('',(#7629),#7613,.F.);
#7631=CARTESIAN_POINT('',(-60.499973486,32.500001729,3.795809409));
#7632=DIRECTION('',(0.,1.,0.));
#7633=DIRECTION('',(0.,0.,1.));
#7634=AXIS2_PLACEMENT_3D('',#7631,#7632,#7633);
#7635=PLANE('',#7634);
#7636=ORIENTED_EDGE('',*,*,#4676,.T.);
#7637=CARTESIAN_POINT('',(-54.499973486,32.500001729,2.595809409));
#7638=DIRECTION('',(-0.,-0.,1.));
#7639=VECTOR('',#7638,1.2);
#7640=LINE('',#7637,#7639);
#7641=EDGE_CURVE('',#4671,#1902,#7640,.T.);
#7642=ORIENTED_EDGE('',*,*,#7641,.T.);
#7643=ORIENTED_EDGE('',*,*,#1907,.F.);
#7644=CARTESIAN_POINT('',(-66.499973486,32.500001729,3.795809409));
#7645=DIRECTION('',(0.,0.,-1.));
#7646=VECTOR('',#7645,1.2);
#7647=LINE('',#7644,#7646);
#7648=EDGE_CURVE('',#1893,#4669,#7647,.T.);
#7649=ORIENTED_EDGE('',*,*,#7648,.T.);
#7650=EDGE_LOOP('',(#7636,#7642,#7643,#7649));
#7651=FACE_BOUND('',#7650,.T.);
#7652=ADVANCED_FACE('',(#7651),#7635,.F.);
#7653=CARTESIAN_POINT('',(-53.499973486,25.500001729,3.795809409));
#7654=DIRECTION('',(1.,0.,0.));
#7655=DIRECTION('',(0.,0.,-1.));
#7656=AXIS2_PLACEMENT_3D('',#7653,#7654,#7655);
#7657=PLANE('',#7656);
#7658=ORIENTED_EDGE('',*,*,#1924,.F.);
#7659=CARTESIAN_POINT('',(-53.499973486,31.500001729,3.795809409));
#7660=DIRECTION('',(0.,0.,-1.));
#7661=VECTOR('',#7660,1.2);
#7662=LINE('',#7659,#7661);
#7663=EDGE_CURVE('',#1910,#4722,#7662,.T.);
#7664=ORIENTED_EDGE('',*,*,#7663,.T.);
#7665=ORIENTED_EDGE('',*,*,#4727,.T.);
#7666=CARTESIAN_POINT('',(-53.499973486,19.500001729,2.595809409));
#7667=DIRECTION('',(-0.,-0.,1.));
#7668=VECTOR('',#7667,1.2);
#7669=LINE('',#7666,#7668);
#7670=EDGE_CURVE('',#4713,#1919,#7669,.T.);
#7671=ORIENTED_EDGE('',*,*,#7670,.T.);
#7672=EDGE_LOOP('',(#7658,#7664,#7665,#7671));
#7673=FACE_BOUND('',#7672,.T.);
#7674=ADVANCED_FACE('',(#7673),#7657,.F.);
#7675=CARTESIAN_POINT('',(-60.499973486,18.500001729,3.795809409));
#7676=DIRECTION('',(0.,-1.,0.));
#7677=DIRECTION('',(0.,0.,-1.));
#7678=AXIS2_PLACEMENT_3D('',#7675,#7676,#7677);
#7679=PLANE('',#7678);
#7680=ORIENTED_EDGE('',*,*,#1941,.F.);
#7681=CARTESIAN_POINT('',(-54.499973486,18.500001729,3.795809409));
#7682=DIRECTION('',(0.,0.,-1.));
#7683=VECTOR('',#7682,1.2);
#7684=LINE('',#7681,#7683);
#7685=EDGE_CURVE('',#1927,#4705,#7684,.T.);
#7686=ORIENTED_EDGE('',*,*,#7685,.T.);
#7687=ORIENTED_EDGE('',*,*,#4710,.T.);
#7688=CARTESIAN_POINT('',(-66.499973486,18.500001729,2.595809409));
#7689=DIRECTION('',(-0.,-0.,1.));
#7690=VECTOR('',#7689,1.2);
#7691=LINE('',#7688,#7690);
#7692=EDGE_CURVE('',#4696,#1936,#7691,.T.);
#7693=ORIENTED_EDGE('',*,*,#7692,.T.);
#7694=EDGE_LOOP('',(#7680,#7686,#7687,#7693));
#7695=FACE_BOUND('',#7694,.T.);
#7696=ADVANCED_FACE('',(#7695),#7679,.F.);
#7697=CARTESIAN_POINT('',(-60.499973486,15.500001729,3.795809409));
#7698=DIRECTION('',(0.,1.,0.));
#7699=DIRECTION('',(0.,0.,1.));
#7700=AXIS2_PLACEMENT_3D('',#7697,#7698,#7699);
#7701=PLANE('',#7700);
#7702=ORIENTED_EDGE('',*,*,#1837,.F.);
#7703=CARTESIAN_POINT('',(-66.499973486,15.500001729,3.795809409));
#7704=DIRECTION('',(0.,0.,-1.));
#7705=VECTOR('',#7704,1.2);
#7706=LINE('',#7703,#7705);
#7707=EDGE_CURVE('',#1823,#4599,#7706,.T.);
#7708=ORIENTED_EDGE('',*,*,#7707,.T.);
#7709=ORIENTED_EDGE('',*,*,#4606,.T.);
#7710=CARTESIAN_POINT('',(-54.499973486,15.500001729,2.595809409));
#7711=DIRECTION('',(-0.,-0.,1.));
#7712=VECTOR('',#7711,1.2);
#7713=LINE('',#7710,#7712);
#7714=EDGE_CURVE('',#4601,#1832,#7713,.T.);
#7715=ORIENTED_EDGE('',*,*,#7714,.T.);
#7716=EDGE_LOOP('',(#7702,#7708,#7709,#7715));
#7717=FACE_BOUND('',#7716,.T.);
#7718=ADVANCED_FACE('',(#7717),#7701,.F.);
#7719=CARTESIAN_POINT('',(-53.499973486,8.500001729,3.795809409));
#7720=DIRECTION('',(1.,0.,0.));
#7721=DIRECTION('',(0.,0.,-1.));
#7722=AXIS2_PLACEMENT_3D('',#7719,#7720,#7721);
#7723=PLANE('',#7722);
#7724=ORIENTED_EDGE('',*,*,#1854,.F.);
#7725=CARTESIAN_POINT('',(-53.499973486,14.500001729,3.795809409));
#7726=DIRECTION('',(0.,0.,-1.));
#7727=VECTOR('',#7726,1.2);
#7728=LINE('',#7725,#7727);
#7729=EDGE_CURVE('',#1840,#4652,#7728,.T.);
#7730=ORIENTED_EDGE('',*,*,#7729,.T.);
#7731=ORIENTED_EDGE('',*,*,#4657,.T.);
#7732=CARTESIAN_POINT('',(-53.499973486,2.500001729,2.595809409));
#7733=DIRECTION('',(-0.,-0.,1.));
#7734=VECTOR('',#7733,1.2);
#7735=LINE('',#7732,#7734);
#7736=EDGE_CURVE('',#4643,#1849,#7735,.T.);
#7737=ORIENTED_EDGE('',*,*,#7736,.T.);
#7738=EDGE_LOOP('',(#7724,#7730,#7731,#7737));
#7739=FACE_BOUND('',#7738,.T.);
#7740=ADVANCED_FACE('',(#7739),#7723,.F.);
#7741=CARTESIAN_POINT('',(-60.499973486,1.500001729,3.795809409));
#7742=DIRECTION('',(0.,-1.,0.));
#7743=DIRECTION('',(0.,0.,-1.));
#7744=AXIS2_PLACEMENT_3D('',#7741,#7742,#7743);
#7745=PLANE('',#7744);
#7746=ORIENTED_EDGE('',*,*,#1871,.F.);
#7747=CARTESIAN_POINT('',(-54.499973486,1.500001729,3.795809409));
#7748=DIRECTION('',(0.,0.,-1.));
#7749=VECTOR('',#7748,1.2);
#7750=LINE('',#7747,#7749);
#7751=EDGE_CURVE('',#1857,#4635,#7750,.T.);
#7752=ORIENTED_EDGE('',*,*,#7751,.T.);
#7753=ORIENTED_EDGE('',*,*,#4640,.T.);
#7754=CARTESIAN_POINT('',(-66.499973486,1.500001729,2.595809409));
#7755=DIRECTION('',(-0.,-0.,1.));
#7756=VECTOR('',#7755,1.2);
#7757=LINE('',#7754,#7756);
#7758=EDGE_CURVE('',#4626,#1866,#7757,.T.);
#7759=ORIENTED_EDGE('',*,*,#7758,.T.);
#7760=EDGE_LOOP('',(#7746,#7752,#7753,#7759));
#7761=FACE_BOUND('',#7760,.T.);
#7762=ADVANCED_FACE('',(#7761),#7745,.F.);
#7763=CARTESIAN_POINT('',(-78.499973486,32.500001729,3.795809409));
#7764=DIRECTION('',(0.,1.,0.));
#7765=DIRECTION('',(0.,0.,1.));
#7766=AXIS2_PLACEMENT_3D('',#7763,#7764,#7765);
#7767=PLANE('',#7766);
#7768=ORIENTED_EDGE('',*,*,#4536,.T.);
#7769=CARTESIAN_POINT('',(-72.499973486,32.500001729,2.595809409));
#7770=DIRECTION('',(-0.,-0.,1.));
#7771=VECTOR('',#7770,1.2);
#7772=LINE('',#7769,#7771);
#7773=EDGE_CURVE('',#4531,#1762,#7772,.T.);
#7774=ORIENTED_EDGE('',*,*,#7773,.T.);
#7775=ORIENTED_EDGE('',*,*,#1767,.F.);
#7776=CARTESIAN_POINT('',(-84.499973486,32.500001729,3.795809409));
#7777=DIRECTION('',(0.,0.,-1.));
#7778=VECTOR('',#7777,1.2);
#7779=LINE('',#7776,#7778);
#7780=EDGE_CURVE('',#1753,#4529,#7779,.T.);
#7781=ORIENTED_EDGE('',*,*,#7780,.T.);
#7782=EDGE_LOOP('',(#7768,#7774,#7775,#7781));
#7783=FACE_BOUND('',#7782,.T.);
#7784=ADVANCED_FACE('',(#7783),#7767,.F.);
#7785=CARTESIAN_POINT('',(-71.499973486,25.500001729,3.795809409));
#7786=DIRECTION('',(1.,0.,0.));
#7787=DIRECTION('',(0.,0.,-1.));
#7788=AXIS2_PLACEMENT_3D('',#7785,#7786,#7787);
#7789=PLANE('',#7788);
#7790=ORIENTED_EDGE('',*,*,#4587,.T.);
#7791=CARTESIAN_POINT('',(-71.499973486,19.500001729,2.595809409));
#7792=DIRECTION('',(-0.,-0.,1.));
#7793=VECTOR('',#7792,1.2);
#7794=LINE('',#7791,#7793);
#7795=EDGE_CURVE('',#4573,#1779,#7794,.T.);
#7796=ORIENTED_EDGE('',*,*,#7795,.T.);
#7797=ORIENTED_EDGE('',*,*,#1784,.F.);
#7798=CARTESIAN_POINT('',(-71.499973486,31.500001729,3.795809409));
#7799=DIRECTION('',(0.,0.,-1.));
#7800=VECTOR('',#7799,1.2);
#7801=LINE('',#7798,#7800);
#7802=EDGE_CURVE('',#1770,#4582,#7801,.T.);
#7803=ORIENTED_EDGE('',*,*,#7802,.T.);
#7804=EDGE_LOOP('',(#7790,#7796,#7797,#7803));
#7805=FACE_BOUND('',#7804,.T.);
#7806=ADVANCED_FACE('',(#7805),#7789,.F.);
#7807=CARTESIAN_POINT('',(-78.499973486,18.500001729,3.795809409));
#7808=DIRECTION('',(0.,-1.,0.));
#7809=DIRECTION('',(0.,0.,-1.));
#7810=AXIS2_PLACEMENT_3D('',#7807,#7808,#7809);
#7811=PLANE('',#7810);
#7812=ORIENTED_EDGE('',*,*,#1801,.F.);
#7813=CARTESIAN_POINT('',(-72.499973486,18.500001729,3.795809409));
#7814=DIRECTION('',(0.,0.,-1.));
#7815=VECTOR('',#7814,1.2);
#7816=LINE('',#7813,#7815);
#7817=EDGE_CURVE('',#1787,#4565,#7816,.T.);
#7818=ORIENTED_EDGE('',*,*,#7817,.T.);
#7819=ORIENTED_EDGE('',*,*,#4570,.T.);
#7820=CARTESIAN_POINT('',(-84.499973486,18.500001729,2.595809409));
#7821=DIRECTION('',(-0.,-0.,1.));
#7822=VECTOR('',#7821,1.2);
#7823=LINE('',#7820,#7822);
#7824=EDGE_CURVE('',#4556,#1796,#7823,.T.);
#7825=ORIENTED_EDGE('',*,*,#7824,.T.);
#7826=EDGE_LOOP('',(#7812,#7818,#7819,#7825));
#7827=FACE_BOUND('',#7826,.T.);
#7828=ADVANCED_FACE('',(#7827),#7811,.F.);
#7829=CARTESIAN_POINT('',(-78.499973486,15.500001729,3.795809409));
#7830=DIRECTION('',(0.,1.,0.));
#7831=DIRECTION('',(0.,0.,1.));
#7832=AXIS2_PLACEMENT_3D('',#7829,#7830,#7831);
#7833=PLANE('',#7832);
#7834=ORIENTED_EDGE('',*,*,#4466,.T.);
#7835=CARTESIAN_POINT('',(-72.499973486,15.500001729,2.595809409));
#7836=DIRECTION('',(-0.,-0.,1.));
#7837=VECTOR('',#7836,1.2);
#7838=LINE('',#7835,#7837);
#7839=EDGE_CURVE('',#4461,#1692,#7838,.T.);
#7840=ORIENTED_EDGE('',*,*,#7839,.T.);
#7841=ORIENTED_EDGE('',*,*,#1697,.F.);
#7842=CARTESIAN_POINT('',(-84.499973486,15.500001729,3.795809409));
#7843=DIRECTION('',(0.,0.,-1.));
#7844=VECTOR('',#7843,1.2);
#7845=LINE('',#7842,#7844);
#7846=EDGE_CURVE('',#1683,#4459,#7845,.T.);
#7847=ORIENTED_EDGE('',*,*,#7846,.T.);
#7848=EDGE_LOOP('',(#7834,#7840,#7841,#7847));
#7849=FACE_BOUND('',#7848,.T.);
#7850=ADVANCED_FACE('',(#7849),#7833,.F.);
#7851=CARTESIAN_POINT('',(-71.499973486,8.500001729,3.795809409));
#7852=DIRECTION('',(1.,0.,0.));
#7853=DIRECTION('',(0.,0.,-1.));
#7854=AXIS2_PLACEMENT_3D('',#7851,#7852,#7853);
#7855=PLANE('',#7854);
#7856=ORIENTED_EDGE('',*,*,#1714,.F.);
#7857=CARTESIAN_POINT('',(-71.499973486,14.500001729,3.795809409));
#7858=DIRECTION('',(0.,0.,-1.));
#7859=VECTOR('',#7858,1.2);
#7860=LINE('',#7857,#7859);
#7861=EDGE_CURVE('',#1700,#4512,#7860,.T.);
#7862=ORIENTED_EDGE('',*,*,#7861,.T.);
#7863=ORIENTED_EDGE('',*,*,#4517,.T.);
#7864=CARTESIAN_POINT('',(-71.499973486,2.500001729,2.595809409));
#7865=DIRECTION('',(-0.,-0.,1.));
#7866=VECTOR('',#7865,1.2);
#7867=LINE('',#7864,#7866);
#7868=EDGE_CURVE('',#4503,#1709,#7867,.T.);
#7869=ORIENTED_EDGE('',*,*,#7868,.T.);
#7870=EDGE_LOOP('',(#7856,#7862,#7863,#7869));
#7871=FACE_BOUND('',#7870,.T.);
#7872=ADVANCED_FACE('',(#7871),#7855,.F.);
#7873=CARTESIAN_POINT('',(-78.499973486,1.500001729,3.795809409));
#7874=DIRECTION('',(0.,-1.,0.));
#7875=DIRECTION('',(0.,0.,-1.));
#7876=AXIS2_PLACEMENT_3D('',#7873,#7874,#7875);
#7877=PLANE('',#7876);
#7878=ORIENTED_EDGE('',*,*,#4500,.T.);
#7879=CARTESIAN_POINT('',(-84.499973486,1.500001729,2.595809409));
#7880=DIRECTION('',(-0.,-0.,1.));
#7881=VECTOR('',#7880,1.2);
#7882=LINE('',#7879,#7881);
#7883=EDGE_CURVE('',#4486,#1726,#7882,.T.);
#7884=ORIENTED_EDGE('',*,*,#7883,.T.);
#7885=ORIENTED_EDGE('',*,*,#1731,.F.);
#7886=CARTESIAN_POINT('',(-72.499973486,1.500001729,3.795809409));
#7887=DIRECTION('',(0.,0.,-1.));
#7888=VECTOR('',#7887,1.2);
#7889=LINE('',#7886,#7888);
#7890=EDGE_CURVE('',#1717,#4495,#7889,.T.);
#7891=ORIENTED_EDGE('',*,*,#7890,.T.);
#7892=EDGE_LOOP('',(#7878,#7884,#7885,#7891));
#7893=FACE_BOUND('',#7892,.T.);
#7894=ADVANCED_FACE('',(#7893),#7877,.F.);
#7895=CARTESIAN_POINT('',(-96.499973486,32.500001729,3.795809409));
#7896=DIRECTION('',(0.,1.,0.));
#7897=DIRECTION('',(0.,0.,1.));
#7898=AXIS2_PLACEMENT_3D('',#7895,#7896,#7897);
#7899=PLANE('',#7898);
#7900=ORIENTED_EDGE('',*,*,#1627,.F.);
#7901=CARTESIAN_POINT('',(-102.499973486,32.500001729,3.795809409));
#7902=DIRECTION('',(0.,0.,-1.));
#7903=VECTOR('',#7902,1.2);
#7904=LINE('',#7901,#7903);
#7905=EDGE_CURVE('',#1613,#4389,#7904,.T.);
#7906=ORIENTED_EDGE('',*,*,#7905,.T.);
#7907=ORIENTED_EDGE('',*,*,#4396,.T.);
#7908=CARTESIAN_POINT('',(-90.499973486,32.500001729,2.595809409));
#7909=DIRECTION('',(-0.,-0.,1.));
#7910=VECTOR('',#7909,1.2);
#7911=LINE('',#7908,#7910);
#7912=EDGE_CURVE('',#4391,#1622,#7911,.T.);
#7913=ORIENTED_EDGE('',*,*,#7912,.T.);
#7914=EDGE_LOOP('',(#7900,#7906,#7907,#7913));
#7915=FACE_BOUND('',#7914,.T.);
#7916=ADVANCED_FACE('',(#7915),#7899,.F.);
#7917=CARTESIAN_POINT('',(-89.499973486,25.500001729,3.795809409));
#7918=DIRECTION('',(1.,0.,0.));
#7919=DIRECTION('',(0.,0.,-1.));
#7920=AXIS2_PLACEMENT_3D('',#7917,#7918,#7919);
#7921=PLANE('',#7920);
#7922=ORIENTED_EDGE('',*,*,#4447,.T.);
#7923=CARTESIAN_POINT('',(-89.499973486,19.500001729,2.595809409));
#7924=DIRECTION('',(-0.,-0.,1.));
#7925=VECTOR('',#7924,1.2);
#7926=LINE('',#7923,#7925);
#7927=EDGE_CURVE('',#4433,#1639,#7926,.T.);
#7928=ORIENTED_EDGE('',*,*,#7927,.T.);
#7929=ORIENTED_EDGE('',*,*,#1644,.F.);
#7930=CARTESIAN_POINT('',(-89.499973486,31.500001729,3.795809409));
#7931=DIRECTION('',(0.,0.,-1.));
#7932=VECTOR('',#7931,1.2);
#7933=LINE('',#7930,#7932);
#7934=EDGE_CURVE('',#1630,#4442,#7933,.T.);
#7935=ORIENTED_EDGE('',*,*,#7934,.T.);
#7936=EDGE_LOOP('',(#7922,#7928,#7929,#7935));
#7937=FACE_BOUND('',#7936,.T.);
#7938=ADVANCED_FACE('',(#7937),#7921,.F.);
#7939=CARTESIAN_POINT('',(-96.499973486,18.500001729,3.795809409));
#7940=DIRECTION('',(0.,-1.,0.));
#7941=DIRECTION('',(0.,0.,-1.));
#7942=AXIS2_PLACEMENT_3D('',#7939,#7940,#7941);
#7943=PLANE('',#7942);
#7944=ORIENTED_EDGE('',*,*,#1661,.F.);
#7945=CARTESIAN_POINT('',(-90.499973486,18.500001729,3.795809409));
#7946=DIRECTION('',(0.,0.,-1.));
#7947=VECTOR('',#7946,1.2);
#7948=LINE('',#7945,#7947);
#7949=EDGE_CURVE('',#1647,#4425,#7948,.T.);
#7950=ORIENTED_EDGE('',*,*,#7949,.T.);
#7951=ORIENTED_EDGE('',*,*,#4430,.T.);
#7952=CARTESIAN_POINT('',(-102.499973486,18.500001729,2.595809409));
#7953=DIRECTION('',(-0.,-0.,1.));
#7954=VECTOR('',#7953,1.2);
#7955=LINE('',#7952,#7954);
#7956=EDGE_CURVE('',#4416,#1656,#7955,.T.);
#7957=ORIENTED_EDGE('',*,*,#7956,.T.);
#7958=EDGE_LOOP('',(#7944,#7950,#7951,#7957));
#7959=FACE_BOUND('',#7958,.T.);
#7960=ADVANCED_FACE('',(#7959),#7943,.F.);
#7961=CARTESIAN_POINT('',(-96.499973486,15.500001729,3.795809409));
#7962=DIRECTION('',(0.,1.,0.));
#7963=DIRECTION('',(0.,0.,1.));
#7964=AXIS2_PLACEMENT_3D('',#7961,#7962,#7963);
#7965=PLANE('',#7964);
#7966=ORIENTED_EDGE('',*,*,#1557,.F.);
#7967=CARTESIAN_POINT('',(-102.499973486,15.500001729,3.795809409));
#7968=DIRECTION('',(0.,0.,-1.));
#7969=VECTOR('',#7968,1.2);
#7970=LINE('',#7967,#7969);
#7971=EDGE_CURVE('',#1543,#4319,#7970,.T.);
#7972=ORIENTED_EDGE('',*,*,#7971,.T.);
#7973=ORIENTED_EDGE('',*,*,#4326,.T.);
#7974=CARTESIAN_POINT('',(-90.499973486,15.500001729,2.595809409));
#7975=DIRECTION('',(-0.,-0.,1.));
#7976=VECTOR('',#7975,1.2);
#7977=LINE('',#7974,#7976);
#7978=EDGE_CURVE('',#4321,#1552,#7977,.T.);
#7979=ORIENTED_EDGE('',*,*,#7978,.T.);
#7980=EDGE_LOOP('',(#7966,#7972,#7973,#7979));
#7981=FACE_BOUND('',#7980,.T.);
#7982=ADVANCED_FACE('',(#7981),#7965,.F.);
#7983=CARTESIAN_POINT('',(-89.499973486,8.500001729,3.795809409));
#7984=DIRECTION('',(1.,0.,0.));
#7985=DIRECTION('',(0.,0.,-1.));
#7986=AXIS2_PLACEMENT_3D('',#7983,#7984,#7985);
#7987=PLANE('',#7986);
#7988=ORIENTED_EDGE('',*,*,#4377,.T.);
#7989=CARTESIAN_POINT('',(-89.499973486,2.500001729,2.595809409));
#7990=DIRECTION('',(-0.,-0.,1.));
#7991=VECTOR('',#7990,1.2);
#7992=LINE('',#7989,#7991);
#7993=EDGE_CURVE('',#4363,#1569,#7992,.T.);
#7994=ORIENTED_EDGE('',*,*,#7993,.T.);
#7995=ORIENTED_EDGE('',*,*,#1574,.F.);
#7996=CARTESIAN_POINT('',(-89.499973486,14.500001729,3.795809409));
#7997=DIRECTION('',(0.,0.,-1.));
#7998=VECTOR('',#7997,1.2);
#7999=LINE('',#7996,#7998);
#8000=EDGE_CURVE('',#1560,#4372,#7999,.T.);
#8001=ORIENTED_EDGE('',*,*,#8000,.T.);
#8002=EDGE_LOOP('',(#7988,#7994,#7995,#8001));
#8003=FACE_BOUND('',#8002,.T.);
#8004=ADVANCED_FACE('',(#8003),#7987,.F.);
#8005=CARTESIAN_POINT('',(-96.499973486,1.500001729,3.795809409));
#8006=DIRECTION('',(0.,-1.,0.));
#8007=DIRECTION('',(0.,0.,-1.));
#8008=AXIS2_PLACEMENT_3D('',#8005,#8006,#8007);
#8009=PLANE('',#8008);
#8010=ORIENTED_EDGE('',*,*,#4360,.T.);
#8011=CARTESIAN_POINT('',(-102.499973486,1.500001729,2.595809409));
#8012=DIRECTION('',(-0.,-0.,1.));
#8013=VECTOR('',#8012,1.2);
#8014=LINE('',#8011,#8013);
#8015=EDGE_CURVE('',#4346,#1586,#8014,.T.);
#8016=ORIENTED_EDGE('',*,*,#8015,.T.);
#8017=ORIENTED_EDGE('',*,*,#1591,.F.);
#8018=CARTESIAN_POINT('',(-90.499973486,1.500001729,3.795809409));
#8019=DIRECTION('',(0.,0.,-1.));
#8020=VECTOR('',#8019,1.2);
#8021=LINE('',#8018,#8020);
#8022=EDGE_CURVE('',#1577,#4355,#8021,.T.);
#8023=ORIENTED_EDGE('',*,*,#8022,.T.);
#8024=EDGE_LOOP('',(#8010,#8016,#8017,#8023));
#8025=FACE_BOUND('',#8024,.T.);
#8026=ADVANCED_FACE('',(#8025),#8009,.F.);
#8027=CARTESIAN_POINT('',(96.500026514,32.500001729,3.795809409));
#8028=DIRECTION('',(0.,1.,0.));
#8029=DIRECTION('',(0.,0.,1.));
#8030=AXIS2_PLACEMENT_3D('',#8027,#8028,#8029);
#8031=PLANE('',#8030);
#8032=ORIENTED_EDGE('',*,*,#1487,.F.);
#8033=CARTESIAN_POINT('',(90.500026514,32.500001729,3.795809409));
#8034=DIRECTION('',(0.,0.,-1.));
#8035=VECTOR('',#8034,1.2);
#8036=LINE('',#8033,#8035);
#8037=EDGE_CURVE('',#1473,#4249,#8036,.T.);
#8038=ORIENTED_EDGE('',*,*,#8037,.T.);
#8039=ORIENTED_EDGE('',*,*,#4256,.T.);
#8040=CARTESIAN_POINT('',(102.500026514,32.500001729,2.595809409));
#8041=DIRECTION('',(-0.,-0.,1.));
#8042=VECTOR('',#8041,1.2);
#8043=LINE('',#8040,#8042);
#8044=EDGE_CURVE('',#4251,#1482,#8043,.T.);
#8045=ORIENTED_EDGE('',*,*,#8044,.T.);
#8046=EDGE_LOOP('',(#8032,#8038,#8039,#8045));
#8047=FACE_BOUND('',#8046,.T.);
#8048=ADVANCED_FACE('',(#8047),#8031,.F.);
#8049=CARTESIAN_POINT('',(103.500026514,25.500001729,3.795809409));
#8050=DIRECTION('',(1.,0.,0.));
#8051=DIRECTION('',(0.,0.,-1.));
#8052=AXIS2_PLACEMENT_3D('',#8049,#8050,#8051);
#8053=PLANE('',#8052);
#8054=ORIENTED_EDGE('',*,*,#4307,.T.);
#8055=CARTESIAN_POINT('',(103.500026514,19.500001729,2.595809409));
#8056=DIRECTION('',(-0.,-0.,1.));
#8057=VECTOR('',#8056,1.2);
#8058=LINE('',#8055,#8057);
#8059=EDGE_CURVE('',#4293,#1499,#8058,.T.);
#8060=ORIENTED_EDGE('',*,*,#8059,.T.);
#8061=ORIENTED_EDGE('',*,*,#1504,.F.);
#8062=CARTESIAN_POINT('',(103.500026514,31.500001729,3.795809409));
#8063=DIRECTION('',(0.,0.,-1.));
#8064=VECTOR('',#8063,1.2);
#8065=LINE('',#8062,#8064);
#8066=EDGE_CURVE('',#1490,#4302,#8065,.T.);
#8067=ORIENTED_EDGE('',*,*,#8066,.T.);
#8068=EDGE_LOOP('',(#8054,#8060,#8061,#8067));
#8069=FACE_BOUND('',#8068,.T.);
#8070=ADVANCED_FACE('',(#8069),#8053,.F.);
#8071=CARTESIAN_POINT('',(96.500026514,18.500001729,3.795809409));
#8072=DIRECTION('',(0.,-1.,0.));
#8073=DIRECTION('',(0.,0.,-1.));
#8074=AXIS2_PLACEMENT_3D('',#8071,#8072,#8073);
#8075=PLANE('',#8074);
#8076=ORIENTED_EDGE('',*,*,#1521,.F.);
#8077=CARTESIAN_POINT('',(102.500026514,18.500001729,3.795809409));
#8078=DIRECTION('',(0.,0.,-1.));
#8079=VECTOR('',#8078,1.2);
#8080=LINE('',#8077,#8079);
#8081=EDGE_CURVE('',#1507,#4285,#8080,.T.);
#8082=ORIENTED_EDGE('',*,*,#8081,.T.);
#8083=ORIENTED_EDGE('',*,*,#4290,.T.);
#8084=CARTESIAN_POINT('',(90.500026514,18.500001729,2.595809409));
#8085=DIRECTION('',(-0.,-0.,1.));
#8086=VECTOR('',#8085,1.2);
#8087=LINE('',#8084,#8086);
#8088=EDGE_CURVE('',#4276,#1516,#8087,.T.);
#8089=ORIENTED_EDGE('',*,*,#8088,.T.);
#8090=EDGE_LOOP('',(#8076,#8082,#8083,#8089));
#8091=FACE_BOUND('',#8090,.T.);
#8092=ADVANCED_FACE('',(#8091),#8075,.F.);
#8093=CARTESIAN_POINT('',(96.500026514,15.500001729,3.795809409));
#8094=DIRECTION('',(0.,1.,0.));
#8095=DIRECTION('',(0.,0.,1.));
#8096=AXIS2_PLACEMENT_3D('',#8093,#8094,#8095);
#8097=PLANE('',#8096);
#8098=ORIENTED_EDGE('',*,*,#1417,.F.);
#8099=CARTESIAN_POINT('',(90.500026514,15.500001729,3.795809409));
#8100=DIRECTION('',(0.,0.,-1.));
#8101=VECTOR('',#8100,1.2);
#8102=LINE('',#8099,#8101);
#8103=EDGE_CURVE('',#1403,#4179,#8102,.T.);
#8104=ORIENTED_EDGE('',*,*,#8103,.T.);
#8105=ORIENTED_EDGE('',*,*,#4186,.T.);
#8106=CARTESIAN_POINT('',(102.500026514,15.500001729,2.595809409));
#8107=DIRECTION('',(-0.,-0.,1.));
#8108=VECTOR('',#8107,1.2);
#8109=LINE('',#8106,#8108);
#8110=EDGE_CURVE('',#4181,#1412,#8109,.T.);
#8111=ORIENTED_EDGE('',*,*,#8110,.T.);
#8112=EDGE_LOOP('',(#8098,#8104,#8105,#8111));
#8113=FACE_BOUND('',#8112,.T.);
#8114=ADVANCED_FACE('',(#8113),#8097,.F.);
#8115=CARTESIAN_POINT('',(103.500026514,8.500001729,3.795809409));
#8116=DIRECTION('',(1.,0.,0.));
#8117=DIRECTION('',(0.,0.,-1.));
#8118=AXIS2_PLACEMENT_3D('',#8115,#8116,#8117);
#8119=PLANE('',#8118);
#8120=ORIENTED_EDGE('',*,*,#1434,.F.);
#8121=CARTESIAN_POINT('',(103.500026514,14.500001729,3.795809409));
#8122=DIRECTION('',(0.,0.,-1.));
#8123=VECTOR('',#8122,1.2);
#8124=LINE('',#8121,#8123);
#8125=EDGE_CURVE('',#1420,#4232,#8124,.T.);
#8126=ORIENTED_EDGE('',*,*,#8125,.T.);
#8127=ORIENTED_EDGE('',*,*,#4237,.T.);
#8128=CARTESIAN_POINT('',(103.500026514,2.500001729,2.595809409));
#8129=DIRECTION('',(-0.,-0.,1.));
#8130=VECTOR('',#8129,1.2);
#8131=LINE('',#8128,#8130);
#8132=EDGE_CURVE('',#4223,#1429,#8131,.T.);
#8133=ORIENTED_EDGE('',*,*,#8132,.T.);
#8134=EDGE_LOOP('',(#8120,#8126,#8127,#8133));
#8135=FACE_BOUND('',#8134,.T.);
#8136=ADVANCED_FACE('',(#8135),#8119,.F.);
#8137=CARTESIAN_POINT('',(96.500026514,1.500001729,3.795809409));
#8138=DIRECTION('',(0.,-1.,0.));
#8139=DIRECTION('',(0.,0.,-1.));
#8140=AXIS2_PLACEMENT_3D('',#8137,#8138,#8139);
#8141=PLANE('',#8140);
#8142=ORIENTED_EDGE('',*,*,#1451,.F.);
#8143=CARTESIAN_POINT('',(102.500026514,1.500001729,3.795809409));
#8144=DIRECTION('',(0.,0.,-1.));
#8145=VECTOR('',#8144,1.2);
#8146=LINE('',#8143,#8145);
#8147=EDGE_CURVE('',#1437,#4215,#8146,.T.);
#8148=ORIENTED_EDGE('',*,*,#8147,.T.);
#8149=ORIENTED_EDGE('',*,*,#4220,.T.);
#8150=CARTESIAN_POINT('',(90.500026514,1.500001729,2.595809409));
#8151=DIRECTION('',(-0.,-0.,1.));
#8152=VECTOR('',#8151,1.2);
#8153=LINE('',#8150,#8152);
#8154=EDGE_CURVE('',#4206,#1446,#8153,.T.);
#8155=ORIENTED_EDGE('',*,*,#8154,.T.);
#8156=EDGE_LOOP('',(#8142,#8148,#8149,#8155));
#8157=FACE_BOUND('',#8156,.T.);
#8158=ADVANCED_FACE('',(#8157),#8141,.F.);
#8159=CARTESIAN_POINT('',(78.500026514,32.500001729,3.795809409));
#8160=DIRECTION('',(0.,1.,0.));
#8161=DIRECTION('',(0.,0.,1.));
#8162=AXIS2_PLACEMENT_3D('',#8159,#8160,#8161);
#8163=PLANE('',#8162);
#8164=ORIENTED_EDGE('',*,*,#4116,.T.);
#8165=CARTESIAN_POINT('',(84.500026514,32.500001729,2.595809409));
#8166=DIRECTION('',(-0.,-0.,1.));
#8167=VECTOR('',#8166,1.2);
#8168=LINE('',#8165,#8167);
#8169=EDGE_CURVE('',#4111,#1342,#8168,.T.);
#8170=ORIENTED_EDGE('',*,*,#8169,.T.);
#8171=ORIENTED_EDGE('',*,*,#1347,.F.);
#8172=CARTESIAN_POINT('',(72.500026514,32.500001729,3.795809409));
#8173=DIRECTION('',(0.,0.,-1.));
#8174=VECTOR('',#8173,1.2);
#8175=LINE('',#8172,#8174);
#8176=EDGE_CURVE('',#1333,#4109,#8175,.T.);
#8177=ORIENTED_EDGE('',*,*,#8176,.T.);
#8178=EDGE_LOOP('',(#8164,#8170,#8171,#8177));
#8179=FACE_BOUND('',#8178,.T.);
#8180=ADVANCED_FACE('',(#8179),#8163,.F.);
#8181=CARTESIAN_POINT('',(85.500026514,25.500001729,3.795809409));
#8182=DIRECTION('',(1.,0.,0.));
#8183=DIRECTION('',(0.,0.,-1.));
#8184=AXIS2_PLACEMENT_3D('',#8181,#8182,#8183);
#8185=PLANE('',#8184);
#8186=ORIENTED_EDGE('',*,*,#1364,.F.);
#8187=CARTESIAN_POINT('',(85.500026514,31.500001729,3.795809409));
#8188=DIRECTION('',(0.,0.,-1.));
#8189=VECTOR('',#8188,1.2);
#8190=LINE('',#8187,#8189);
#8191=EDGE_CURVE('',#1350,#4162,#8190,.T.);
#8192=ORIENTED_EDGE('',*,*,#8191,.T.);
#8193=ORIENTED_EDGE('',*,*,#4167,.T.);
#8194=CARTESIAN_POINT('',(85.500026514,19.500001729,2.595809409));
#8195=DIRECTION('',(-0.,-0.,1.));
#8196=VECTOR('',#8195,1.2);
#8197=LINE('',#8194,#8196);
#8198=EDGE_CURVE('',#4153,#1359,#8197,.T.);
#8199=ORIENTED_EDGE('',*,*,#8198,.T.);
#8200=EDGE_LOOP('',(#8186,#8192,#8193,#8199));
#8201=FACE_BOUND('',#8200,.T.);
#8202=ADVANCED_FACE('',(#8201),#8185,.F.);
#8203=CARTESIAN_POINT('',(78.500026514,18.500001729,3.795809409));
#8204=DIRECTION('',(0.,-1.,0.));
#8205=DIRECTION('',(0.,0.,-1.));
#8206=AXIS2_PLACEMENT_3D('',#8203,#8204,#8205);
#8207=PLANE('',#8206);
#8208=ORIENTED_EDGE('',*,*,#4150,.T.);
#8209=CARTESIAN_POINT('',(72.500026514,18.500001729,2.595809409));
#8210=DIRECTION('',(-0.,-0.,1.));
#8211=VECTOR('',#8210,1.2);
#8212=LINE('',#8209,#8211);
#8213=EDGE_CURVE('',#4136,#1376,#8212,.T.);
#8214=ORIENTED_EDGE('',*,*,#8213,.T.);
#8215=ORIENTED_EDGE('',*,*,#1381,.F.);
#8216=CARTESIAN_POINT('',(84.500026514,18.500001729,3.795809409));
#8217=DIRECTION('',(0.,0.,-1.));
#8218=VECTOR('',#8217,1.2);
#8219=LINE('',#8216,#8218);
#8220=EDGE_CURVE('',#1367,#4145,#8219,.T.);
#8221=ORIENTED_EDGE('',*,*,#8220,.T.);
#8222=EDGE_LOOP('',(#8208,#8214,#8215,#8221));
#8223=FACE_BOUND('',#8222,.T.);
#8224=ADVANCED_FACE('',(#8223),#8207,.F.);
#8225=CARTESIAN_POINT('',(78.500026514,15.500001729,3.795809409));
#8226=DIRECTION('',(0.,1.,0.));
#8227=DIRECTION('',(0.,0.,1.));
#8228=AXIS2_PLACEMENT_3D('',#8225,#8226,#8227);
#8229=PLANE('',#8228);
#8230=ORIENTED_EDGE('',*,*,#1277,.F.);
#8231=CARTESIAN_POINT('',(72.500026514,15.500001729,3.795809409));
#8232=DIRECTION('',(0.,0.,-1.));
#8233=VECTOR('',#8232,1.2);
#8234=LINE('',#8231,#8233);
#8235=EDGE_CURVE('',#1263,#4039,#8234,.T.);
#8236=ORIENTED_EDGE('',*,*,#8235,.T.);
#8237=ORIENTED_EDGE('',*,*,#4046,.T.);
#8238=CARTESIAN_POINT('',(84.500026514,15.500001729,2.595809409));
#8239=DIRECTION('',(-0.,-0.,1.));
#8240=VECTOR('',#8239,1.2);
#8241=LINE('',#8238,#8240);
#8242=EDGE_CURVE('',#4041,#1272,#8241,.T.);
#8243=ORIENTED_EDGE('',*,*,#8242,.T.);
#8244=EDGE_LOOP('',(#8230,#8236,#8237,#8243));
#8245=FACE_BOUND('',#8244,.T.);
#8246=ADVANCED_FACE('',(#8245),#8229,.F.);
#8247=CARTESIAN_POINT('',(85.500026514,8.500001729,3.795809409));
#8248=DIRECTION('',(1.,0.,0.));
#8249=DIRECTION('',(0.,0.,-1.));
#8250=AXIS2_PLACEMENT_3D('',#8247,#8248,#8249);
#8251=PLANE('',#8250);
#8252=ORIENTED_EDGE('',*,*,#1294,.F.);
#8253=CARTESIAN_POINT('',(85.500026514,14.500001729,3.795809409));
#8254=DIRECTION('',(0.,0.,-1.));
#8255=VECTOR('',#8254,1.2);
#8256=LINE('',#8253,#8255);
#8257=EDGE_CURVE('',#1280,#4092,#8256,.T.);
#8258=ORIENTED_EDGE('',*,*,#8257,.T.);
#8259=ORIENTED_EDGE('',*,*,#4097,.T.);
#8260=CARTESIAN_POINT('',(85.500026514,2.500001729,2.595809409));
#8261=DIRECTION('',(-0.,-0.,1.));
#8262=VECTOR('',#8261,1.2);
#8263=LINE('',#8260,#8262);
#8264=EDGE_CURVE('',#4083,#1289,#8263,.T.);
#8265=ORIENTED_EDGE('',*,*,#8264,.T.);
#8266=EDGE_LOOP('',(#8252,#8258,#8259,#8265));
#8267=FACE_BOUND('',#8266,.T.);
#8268=ADVANCED_FACE('',(#8267),#8251,.F.);
#8269=CARTESIAN_POINT('',(78.500026514,1.500001729,3.795809409));
#8270=DIRECTION('',(0.,-1.,0.));
#8271=DIRECTION('',(0.,0.,-1.));
#8272=AXIS2_PLACEMENT_3D('',#8269,#8270,#8271);
#8273=PLANE('',#8272);
#8274=ORIENTED_EDGE('',*,*,#4080,.T.);
#8275=CARTESIAN_POINT('',(72.500026514,1.500001729,2.595809409));
#8276=DIRECTION('',(-0.,-0.,1.));
#8277=VECTOR('',#8276,1.2);
#8278=LINE('',#8275,#8277);
#8279=EDGE_CURVE('',#4066,#1306,#8278,.T.);
#8280=ORIENTED_EDGE('',*,*,#8279,.T.);
#8281=ORIENTED_EDGE('',*,*,#1311,.F.);
#8282=CARTESIAN_POINT('',(84.500026514,1.500001729,3.795809409));
#8283=DIRECTION('',(0.,0.,-1.));
#8284=VECTOR('',#8283,1.2);
#8285=LINE('',#8282,#8284);
#8286=EDGE_CURVE('',#1297,#4075,#8285,.T.);
#8287=ORIENTED_EDGE('',*,*,#8286,.T.);
#8288=EDGE_LOOP('',(#8274,#8280,#8281,#8287));
#8289=FACE_BOUND('',#8288,.T.);
#8290=ADVANCED_FACE('',(#8289),#8273,.F.);
#8291=CARTESIAN_POINT('',(60.500026514,32.500001729,3.795809409));
#8292=DIRECTION('',(0.,1.,0.));
#8293=DIRECTION('',(0.,0.,1.));
#8294=AXIS2_PLACEMENT_3D('',#8291,#8292,#8293);
#8295=PLANE('',#8294);
#8296=ORIENTED_EDGE('',*,*,#1207,.F.);
#8297=CARTESIAN_POINT('',(54.500026514,32.500001729,3.795809409));
#8298=DIRECTION('',(0.,0.,-1.));
#8299=VECTOR('',#8298,1.2);
#8300=LINE('',#8297,#8299);
#8301=EDGE_CURVE('',#1193,#3969,#8300,.T.);
#8302=ORIENTED_EDGE('',*,*,#8301,.T.);
#8303=ORIENTED_EDGE('',*,*,#3976,.T.);
#8304=CARTESIAN_POINT('',(66.500026514,32.500001729,2.595809409));
#8305=DIRECTION('',(-0.,-0.,1.));
#8306=VECTOR('',#8305,1.2);
#8307=LINE('',#8304,#8306);
#8308=EDGE_CURVE('',#3971,#1202,#8307,.T.);
#8309=ORIENTED_EDGE('',*,*,#8308,.T.);
#8310=EDGE_LOOP('',(#8296,#8302,#8303,#8309));
#8311=FACE_BOUND('',#8310,.T.);
#8312=ADVANCED_FACE('',(#8311),#8295,.F.);
#8313=CARTESIAN_POINT('',(67.500026514,25.500001729,3.795809409));
#8314=DIRECTION('',(1.,0.,0.));
#8315=DIRECTION('',(0.,0.,-1.));
#8316=AXIS2_PLACEMENT_3D('',#8313,#8314,#8315);
#8317=PLANE('',#8316);
#8318=ORIENTED_EDGE('',*,*,#4027,.T.);
#8319=CARTESIAN_POINT('',(67.500026514,19.500001729,2.595809409));
#8320=DIRECTION('',(-0.,-0.,1.));
#8321=VECTOR('',#8320,1.2);
#8322=LINE('',#8319,#8321);
#8323=EDGE_CURVE('',#4013,#1219,#8322,.T.);
#8324=ORIENTED_EDGE('',*,*,#8323,.T.);
#8325=ORIENTED_EDGE('',*,*,#1224,.F.);
#8326=CARTESIAN_POINT('',(67.500026514,31.500001729,3.795809409));
#8327=DIRECTION('',(0.,0.,-1.));
#8328=VECTOR('',#8327,1.2);
#8329=LINE('',#8326,#8328);
#8330=EDGE_CURVE('',#1210,#4022,#8329,.T.);
#8331=ORIENTED_EDGE('',*,*,#8330,.T.);
#8332=EDGE_LOOP('',(#8318,#8324,#8325,#8331));
#8333=FACE_BOUND('',#8332,.T.);
#8334=ADVANCED_FACE('',(#8333),#8317,.F.);
#8335=CARTESIAN_POINT('',(60.500026514,18.500001729,3.795809409));
#8336=DIRECTION('',(0.,-1.,0.));
#8337=DIRECTION('',(0.,0.,-1.));
#8338=AXIS2_PLACEMENT_3D('',#8335,#8336,#8337);
#8339=PLANE('',#8338);
#8340=ORIENTED_EDGE('',*,*,#1241,.F.);
#8341=CARTESIAN_POINT('',(66.500026514,18.500001729,3.795809409));
#8342=DIRECTION('',(0.,0.,-1.));
#8343=VECTOR('',#8342,1.2);
#8344=LINE('',#8341,#8343);
#8345=EDGE_CURVE('',#1227,#4005,#8344,.T.);
#8346=ORIENTED_EDGE('',*,*,#8345,.T.);
#8347=ORIENTED_EDGE('',*,*,#4010,.T.);
#8348=CARTESIAN_POINT('',(54.500026514,18.500001729,2.595809409));
#8349=DIRECTION('',(-0.,-0.,1.));
#8350=VECTOR('',#8349,1.2);
#8351=LINE('',#8348,#8350);
#8352=EDGE_CURVE('',#3996,#1236,#8351,.T.);
#8353=ORIENTED_EDGE('',*,*,#8352,.T.);
#8354=EDGE_LOOP('',(#8340,#8346,#8347,#8353));
#8355=FACE_BOUND('',#8354,.T.);
#8356=ADVANCED_FACE('',(#8355),#8339,.F.);
#8357=CARTESIAN_POINT('',(60.500026514,15.500001729,3.795809409));
#8358=DIRECTION('',(0.,1.,0.));
#8359=DIRECTION('',(0.,0.,1.));
#8360=AXIS2_PLACEMENT_3D('',#8357,#8358,#8359);
#8361=PLANE('',#8360);
#8362=ORIENTED_EDGE('',*,*,#1137,.F.);
#8363=CARTESIAN_POINT('',(54.500026514,15.500001729,3.795809409));
#8364=DIRECTION('',(0.,0.,-1.));
#8365=VECTOR('',#8364,1.2);
#8366=LINE('',#8363,#8365);
#8367=EDGE_CURVE('',#1123,#3899,#8366,.T.);
#8368=ORIENTED_EDGE('',*,*,#8367,.T.);
#8369=ORIENTED_EDGE('',*,*,#3906,.T.);
#8370=CARTESIAN_POINT('',(66.500026514,15.500001729,2.595809409));
#8371=DIRECTION('',(-0.,-0.,1.));
#8372=VECTOR('',#8371,1.2);
#8373=LINE('',#8370,#8372);
#8374=EDGE_CURVE('',#3901,#1132,#8373,.T.);
#8375=ORIENTED_EDGE('',*,*,#8374,.T.);
#8376=EDGE_LOOP('',(#8362,#8368,#8369,#8375));
#8377=FACE_BOUND('',#8376,.T.);
#8378=ADVANCED_FACE('',(#8377),#8361,.F.);
#8379=CARTESIAN_POINT('',(67.500026514,8.500001729,3.795809409));
#8380=DIRECTION('',(1.,0.,0.));
#8381=DIRECTION('',(0.,0.,-1.));
#8382=AXIS2_PLACEMENT_3D('',#8379,#8380,#8381);
#8383=PLANE('',#8382);
#8384=ORIENTED_EDGE('',*,*,#3957,.T.);
#8385=CARTESIAN_POINT('',(67.500026514,2.500001729,2.595809409));
#8386=DIRECTION('',(-0.,-0.,1.));
#8387=VECTOR('',#8386,1.2);
#8388=LINE('',#8385,#8387);
#8389=EDGE_CURVE('',#3943,#1149,#8388,.T.);
#8390=ORIENTED_EDGE('',*,*,#8389,.T.);
#8391=ORIENTED_EDGE('',*,*,#1154,.F.);
#8392=CARTESIAN_POINT('',(67.500026514,14.500001729,3.795809409));
#8393=DIRECTION('',(0.,0.,-1.));
#8394=VECTOR('',#8393,1.2);
#8395=LINE('',#8392,#8394);
#8396=EDGE_CURVE('',#1140,#3952,#8395,.T.);
#8397=ORIENTED_EDGE('',*,*,#8396,.T.);
#8398=EDGE_LOOP('',(#8384,#8390,#8391,#8397));
#8399=FACE_BOUND('',#8398,.T.);
#8400=ADVANCED_FACE('',(#8399),#8383,.F.);
#8401=CARTESIAN_POINT('',(60.500026514,1.500001729,3.795809409));
#8402=DIRECTION('',(0.,-1.,0.));
#8403=DIRECTION('',(0.,0.,-1.));
#8404=AXIS2_PLACEMENT_3D('',#8401,#8402,#8403);
#8405=PLANE('',#8404);
#8406=ORIENTED_EDGE('',*,*,#3940,.T.);
#8407=CARTESIAN_POINT('',(54.500026514,1.500001729,2.595809409));
#8408=DIRECTION('',(-0.,-0.,1.));
#8409=VECTOR('',#8408,1.2);
#8410=LINE('',#8407,#8409);
#8411=EDGE_CURVE('',#3926,#1166,#8410,.T.);
#8412=ORIENTED_EDGE('',*,*,#8411,.T.);
#8413=ORIENTED_EDGE('',*,*,#1171,.F.);
#8414=CARTESIAN_POINT('',(66.500026514,1.500001729,3.795809409));
#8415=DIRECTION('',(0.,0.,-1.));
#8416=VECTOR('',#8415,1.2);
#8417=LINE('',#8414,#8416);
#8418=EDGE_CURVE('',#1157,#3935,#8417,.T.);
#8419=ORIENTED_EDGE('',*,*,#8418,.T.);
#8420=EDGE_LOOP('',(#8406,#8412,#8413,#8419));
#8421=FACE_BOUND('',#8420,.T.);
#8422=ADVANCED_FACE('',(#8421),#8405,.F.);
#8423=CARTESIAN_POINT('',(42.500026514,32.500001729,3.795809409));
#8424=DIRECTION('',(0.,1.,0.));
#8425=DIRECTION('',(0.,0.,1.));
#8426=AXIS2_PLACEMENT_3D('',#8423,#8424,#8425);
#8427=PLANE('',#8426);
#8428=ORIENTED_EDGE('',*,*,#3836,.T.);
#8429=CARTESIAN_POINT('',(48.500026514,32.500001729,2.595809409));
#8430=DIRECTION('',(-0.,-0.,1.));
#8431=VECTOR('',#8430,1.2);
#8432=LINE('',#8429,#8431);
#8433=EDGE_CURVE('',#3831,#1062,#8432,.T.);
#8434=ORIENTED_EDGE('',*,*,#8433,.T.);
#8435=ORIENTED_EDGE('',*,*,#1067,.F.);
#8436=CARTESIAN_POINT('',(36.500026514,32.500001729,3.795809409));
#8437=DIRECTION('',(0.,0.,-1.));
#8438=VECTOR('',#8437,1.2);
#8439=LINE('',#8436,#8438);
#8440=EDGE_CURVE('',#1053,#3829,#8439,.T.);
#8441=ORIENTED_EDGE('',*,*,#8440,.T.);
#8442=EDGE_LOOP('',(#8428,#8434,#8435,#8441));
#8443=FACE_BOUND('',#8442,.T.);
#8444=ADVANCED_FACE('',(#8443),#8427,.F.);
#8445=CARTESIAN_POINT('',(49.500026514,25.500001729,3.795809409));
#8446=DIRECTION('',(1.,0.,0.));
#8447=DIRECTION('',(0.,0.,-1.));
#8448=AXIS2_PLACEMENT_3D('',#8445,#8446,#8447);
#8449=PLANE('',#8448);
#8450=ORIENTED_EDGE('',*,*,#3887,.T.);
#8451=CARTESIAN_POINT('',(49.500026514,19.500001729,2.595809409));
#8452=DIRECTION('',(-0.,-0.,1.));
#8453=VECTOR('',#8452,1.2);
#8454=LINE('',#8451,#8453);
#8455=EDGE_CURVE('',#3873,#1079,#8454,.T.);
#8456=ORIENTED_EDGE('',*,*,#8455,.T.);
#8457=ORIENTED_EDGE('',*,*,#1084,.F.);
#8458=CARTESIAN_POINT('',(49.500026514,31.500001729,3.795809409));
#8459=DIRECTION('',(0.,0.,-1.));
#8460=VECTOR('',#8459,1.2);
#8461=LINE('',#8458,#8460);
#8462=EDGE_CURVE('',#1070,#3882,#8461,.T.);
#8463=ORIENTED_EDGE('',*,*,#8462,.T.);
#8464=EDGE_LOOP('',(#8450,#8456,#8457,#8463));
#8465=FACE_BOUND('',#8464,.T.);
#8466=ADVANCED_FACE('',(#8465),#8449,.F.);
#8467=CARTESIAN_POINT('',(42.500026514,18.500001729,3.795809409));
#8468=DIRECTION('',(0.,-1.,0.));
#8469=DIRECTION('',(0.,0.,-1.));
#8470=AXIS2_PLACEMENT_3D('',#8467,#8468,#8469);
#8471=PLANE('',#8470);
#8472=ORIENTED_EDGE('',*,*,#1101,.F.);
#8473=CARTESIAN_POINT('',(48.500026514,18.500001729,3.795809409));
#8474=DIRECTION('',(0.,0.,-1.));
#8475=VECTOR('',#8474,1.2);
#8476=LINE('',#8473,#8475);
#8477=EDGE_CURVE('',#1087,#3865,#8476,.T.);
#8478=ORIENTED_EDGE('',*,*,#8477,.T.);
#8479=ORIENTED_EDGE('',*,*,#3870,.T.);
#8480=CARTESIAN_POINT('',(36.500026514,18.500001729,2.595809409));
#8481=DIRECTION('',(-0.,-0.,1.));
#8482=VECTOR('',#8481,1.2);
#8483=LINE('',#8480,#8482);
#8484=EDGE_CURVE('',#3856,#1096,#8483,.T.);
#8485=ORIENTED_EDGE('',*,*,#8484,.T.);
#8486=EDGE_LOOP('',(#8472,#8478,#8479,#8485));
#8487=FACE_BOUND('',#8486,.T.);
#8488=ADVANCED_FACE('',(#8487),#8471,.F.);
#8489=CARTESIAN_POINT('',(42.500026514,15.500001729,3.795809409));
#8490=DIRECTION('',(0.,1.,0.));
#8491=DIRECTION('',(0.,0.,1.));
#8492=AXIS2_PLACEMENT_3D('',#8489,#8490,#8491);
#8493=PLANE('',#8492);
#8494=ORIENTED_EDGE('',*,*,#3766,.T.);
#8495=CARTESIAN_POINT('',(48.500026514,15.500001729,2.595809409));
#8496=DIRECTION('',(-0.,-0.,1.));
#8497=VECTOR('',#8496,1.2);
#8498=LINE('',#8495,#8497);
#8499=EDGE_CURVE('',#3761,#992,#8498,.T.);
#8500=ORIENTED_EDGE('',*,*,#8499,.T.);
#8501=ORIENTED_EDGE('',*,*,#997,.F.);
#8502=CARTESIAN_POINT('',(36.500026514,15.500001729,3.795809409));
#8503=DIRECTION('',(0.,0.,-1.));
#8504=VECTOR('',#8503,1.2);
#8505=LINE('',#8502,#8504);
#8506=EDGE_CURVE('',#983,#3759,#8505,.T.);
#8507=ORIENTED_EDGE('',*,*,#8506,.T.);
#8508=EDGE_LOOP('',(#8494,#8500,#8501,#8507));
#8509=FACE_BOUND('',#8508,.T.);
#8510=ADVANCED_FACE('',(#8509),#8493,.F.);
#8511=CARTESIAN_POINT('',(49.500026514,8.500001729,3.795809409));
#8512=DIRECTION('',(1.,0.,0.));
#8513=DIRECTION('',(0.,0.,-1.));
#8514=AXIS2_PLACEMENT_3D('',#8511,#8512,#8513);
#8515=PLANE('',#8514);
#8516=ORIENTED_EDGE('',*,*,#1014,.F.);
#8517=CARTESIAN_POINT('',(49.500026514,14.500001729,3.795809409));
#8518=DIRECTION('',(0.,0.,-1.));
#8519=VECTOR('',#8518,1.2);
#8520=LINE('',#8517,#8519);
#8521=EDGE_CURVE('',#1000,#3812,#8520,.T.);
#8522=ORIENTED_EDGE('',*,*,#8521,.T.);
#8523=ORIENTED_EDGE('',*,*,#3817,.T.);
#8524=CARTESIAN_POINT('',(49.500026514,2.500001729,2.595809409));
#8525=DIRECTION('',(-0.,-0.,1.));
#8526=VECTOR('',#8525,1.2);
#8527=LINE('',#8524,#8526);
#8528=EDGE_CURVE('',#3803,#1009,#8527,.T.);
#8529=ORIENTED_EDGE('',*,*,#8528,.T.);
#8530=EDGE_LOOP('',(#8516,#8522,#8523,#8529));
#8531=FACE_BOUND('',#8530,.T.);
#8532=ADVANCED_FACE('',(#8531),#8515,.F.);
#8533=CARTESIAN_POINT('',(42.500026514,1.500001729,3.795809409));
#8534=DIRECTION('',(0.,-1.,0.));
#8535=DIRECTION('',(0.,0.,-1.));
#8536=AXIS2_PLACEMENT_3D('',#8533,#8534,#8535);
#8537=PLANE('',#8536);
#8538=ORIENTED_EDGE('',*,*,#3800,.T.);
#8539=CARTESIAN_POINT('',(36.500026514,1.500001729,2.595809409));
#8540=DIRECTION('',(-0.,-0.,1.));
#8541=VECTOR('',#8540,1.2);
#8542=LINE('',#8539,#8541);
#8543=EDGE_CURVE('',#3786,#1026,#8542,.T.);
#8544=ORIENTED_EDGE('',*,*,#8543,.T.);
#8545=ORIENTED_EDGE('',*,*,#1031,.F.);
#8546=CARTESIAN_POINT('',(48.500026514,1.500001729,3.795809409));
#8547=DIRECTION('',(0.,0.,-1.));
#8548=VECTOR('',#8547,1.2);
#8549=LINE('',#8546,#8548);
#8550=EDGE_CURVE('',#1017,#3795,#8549,.T.);
#8551=ORIENTED_EDGE('',*,*,#8550,.T.);
#8552=EDGE_LOOP('',(#8538,#8544,#8545,#8551));
#8553=FACE_BOUND('',#8552,.T.);
#8554=ADVANCED_FACE('',(#8553),#8537,.F.);
#8555=CARTESIAN_POINT('',(24.500026514,32.500001729,3.795809409));
#8556=DIRECTION('',(0.,1.,0.));
#8557=DIRECTION('',(0.,0.,1.));
#8558=AXIS2_PLACEMENT_3D('',#8555,#8556,#8557);
#8559=PLANE('',#8558);
#8560=ORIENTED_EDGE('',*,*,#927,.F.);
#8561=CARTESIAN_POINT('',(18.500026514,32.500001729,3.795809409));
#8562=DIRECTION('',(0.,0.,-1.));
#8563=VECTOR('',#8562,1.2);
#8564=LINE('',#8561,#8563);
#8565=EDGE_CURVE('',#913,#3689,#8564,.T.);
#8566=ORIENTED_EDGE('',*,*,#8565,.T.);
#8567=ORIENTED_EDGE('',*,*,#3696,.T.);
#8568=CARTESIAN_POINT('',(30.500026514,32.500001729,2.595809409));
#8569=DIRECTION('',(-0.,-0.,1.));
#8570=VECTOR('',#8569,1.2);
#8571=LINE('',#8568,#8570);
#8572=EDGE_CURVE('',#3691,#922,#8571,.T.);
#8573=ORIENTED_EDGE('',*,*,#8572,.T.);
#8574=EDGE_LOOP('',(#8560,#8566,#8567,#8573));
#8575=FACE_BOUND('',#8574,.T.);
#8576=ADVANCED_FACE('',(#8575),#8559,.F.);
#8577=CARTESIAN_POINT('',(31.500026514,25.500001729,3.795809409));
#8578=DIRECTION('',(1.,0.,0.));
#8579=DIRECTION('',(0.,0.,-1.));
#8580=AXIS2_PLACEMENT_3D('',#8577,#8578,#8579);
#8581=PLANE('',#8580);
#8582=ORIENTED_EDGE('',*,*,#3747,.T.);
#8583=CARTESIAN_POINT('',(31.500026514,19.500001729,2.595809409));
#8584=DIRECTION('',(-0.,-0.,1.));
#8585=VECTOR('',#8584,1.2);
#8586=LINE('',#8583,#8585);
#8587=EDGE_CURVE('',#3733,#939,#8586,.T.);
#8588=ORIENTED_EDGE('',*,*,#8587,.T.);
#8589=ORIENTED_EDGE('',*,*,#944,.F.);
#8590=CARTESIAN_POINT('',(31.500026514,31.500001729,3.795809409));
#8591=DIRECTION('',(0.,0.,-1.));
#8592=VECTOR('',#8591,1.2);
#8593=LINE('',#8590,#8592);
#8594=EDGE_CURVE('',#930,#3742,#8593,.T.);
#8595=ORIENTED_EDGE('',*,*,#8594,.T.);
#8596=EDGE_LOOP('',(#8582,#8588,#8589,#8595));
#8597=FACE_BOUND('',#8596,.T.);
#8598=ADVANCED_FACE('',(#8597),#8581,.F.);
#8599=CARTESIAN_POINT('',(24.500026514,18.500001729,3.795809409));
#8600=DIRECTION('',(0.,-1.,0.));
#8601=DIRECTION('',(0.,0.,-1.));
#8602=AXIS2_PLACEMENT_3D('',#8599,#8600,#8601);
#8603=PLANE('',#8602);
#8604=ORIENTED_EDGE('',*,*,#961,.F.);
#8605=CARTESIAN_POINT('',(30.500026514,18.500001729,3.795809409));
#8606=DIRECTION('',(0.,0.,-1.));
#8607=VECTOR('',#8606,1.2);
#8608=LINE('',#8605,#8607);
#8609=EDGE_CURVE('',#947,#3725,#8608,.T.);
#8610=ORIENTED_EDGE('',*,*,#8609,.T.);
#8611=ORIENTED_EDGE('',*,*,#3730,.T.);
#8612=CARTESIAN_POINT('',(18.500026514,18.500001729,2.595809409));
#8613=DIRECTION('',(-0.,-0.,1.));
#8614=VECTOR('',#8613,1.2);
#8615=LINE('',#8612,#8614);
#8616=EDGE_CURVE('',#3716,#956,#8615,.T.);
#8617=ORIENTED_EDGE('',*,*,#8616,.T.);
#8618=EDGE_LOOP('',(#8604,#8610,#8611,#8617));
#8619=FACE_BOUND('',#8618,.T.);
#8620=ADVANCED_FACE('',(#8619),#8603,.F.);
#8621=CARTESIAN_POINT('',(24.500026514,15.500001729,3.795809409));
#8622=DIRECTION('',(0.,1.,0.));
#8623=DIRECTION('',(0.,0.,1.));
#8624=AXIS2_PLACEMENT_3D('',#8621,#8622,#8623);
#8625=PLANE('',#8624);
#8626=ORIENTED_EDGE('',*,*,#3626,.T.);
#8627=CARTESIAN_POINT('',(30.500026514,15.500001729,2.595809409));
#8628=DIRECTION('',(-0.,-0.,1.));
#8629=VECTOR('',#8628,1.2);
#8630=LINE('',#8627,#8629);
#8631=EDGE_CURVE('',#3621,#852,#8630,.T.);
#8632=ORIENTED_EDGE('',*,*,#8631,.T.);
#8633=ORIENTED_EDGE('',*,*,#857,.F.);
#8634=CARTESIAN_POINT('',(18.500026514,15.500001729,3.795809409));
#8635=DIRECTION('',(0.,0.,-1.));
#8636=VECTOR('',#8635,1.2);
#8637=LINE('',#8634,#8636);
#8638=EDGE_CURVE('',#843,#3619,#8637,.T.);
#8639=ORIENTED_EDGE('',*,*,#8638,.T.);
#8640=EDGE_LOOP('',(#8626,#8632,#8633,#8639));
#8641=FACE_BOUND('',#8640,.T.);
#8642=ADVANCED_FACE('',(#8641),#8625,.F.);
#8643=CARTESIAN_POINT('',(31.500026514,8.500001729,3.795809409));
#8644=DIRECTION('',(1.,0.,0.));
#8645=DIRECTION('',(0.,0.,-1.));
#8646=AXIS2_PLACEMENT_3D('',#8643,#8644,#8645);
#8647=PLANE('',#8646);
#8648=ORIENTED_EDGE('',*,*,#874,.F.);
#8649=CARTESIAN_POINT('',(31.500026514,14.500001729,3.795809409));
#8650=DIRECTION('',(0.,0.,-1.));
#8651=VECTOR('',#8650,1.2);
#8652=LINE('',#8649,#8651);
#8653=EDGE_CURVE('',#860,#3672,#8652,.T.);
#8654=ORIENTED_EDGE('',*,*,#8653,.T.);
#8655=ORIENTED_EDGE('',*,*,#3677,.T.);
#8656=CARTESIAN_POINT('',(31.500026514,2.500001729,2.595809409));
#8657=DIRECTION('',(-0.,-0.,1.));
#8658=VECTOR('',#8657,1.2);
#8659=LINE('',#8656,#8658);
#8660=EDGE_CURVE('',#3663,#869,#8659,.T.);
#8661=ORIENTED_EDGE('',*,*,#8660,.T.);
#8662=EDGE_LOOP('',(#8648,#8654,#8655,#8661));
#8663=FACE_BOUND('',#8662,.T.);
#8664=ADVANCED_FACE('',(#8663),#8647,.F.);
#8665=CARTESIAN_POINT('',(24.500026514,1.500001729,3.795809409));
#8666=DIRECTION('',(0.,-1.,0.));
#8667=DIRECTION('',(0.,0.,-1.));
#8668=AXIS2_PLACEMENT_3D('',#8665,#8666,#8667);
#8669=PLANE('',#8668);
#8670=ORIENTED_EDGE('',*,*,#3660,.T.);
#8671=CARTESIAN_POINT('',(18.500026514,1.500001729,2.595809409));
#8672=DIRECTION('',(-0.,-0.,1.));
#8673=VECTOR('',#8672,1.2);
#8674=LINE('',#8671,#8673);
#8675=EDGE_CURVE('',#3646,#886,#8674,.T.);
#8676=ORIENTED_EDGE('',*,*,#8675,.T.);
#8677=ORIENTED_EDGE('',*,*,#891,.F.);
#8678=CARTESIAN_POINT('',(30.500026514,1.500001729,3.795809409));
#8679=DIRECTION('',(0.,0.,-1.));
#8680=VECTOR('',#8679,1.2);
#8681=LINE('',#8678,#8680);
#8682=EDGE_CURVE('',#877,#3655,#8681,.T.);
#8683=ORIENTED_EDGE('',*,*,#8682,.T.);
#8684=EDGE_LOOP('',(#8670,#8676,#8677,#8683));
#8685=FACE_BOUND('',#8684,.T.);
#8686=ADVANCED_FACE('',(#8685),#8669,.F.);
#8687=CARTESIAN_POINT('',(-106.499973486,8.500001729,3.795809409));
#8688=DIRECTION('',(1.,0.,0.));
#8689=DIRECTION('',(0.,0.,-1.));
#8690=AXIS2_PLACEMENT_3D('',#8687,#8688,#8689);
#8691=PLANE('',#8690);
#8692=ORIENTED_EDGE('',*,*,#6219,.T.);
#8693=CARTESIAN_POINT('',(-106.499973486,-15.099998271,3.795809409));
#8694=DIRECTION('',(0.,0.,-1.));
#8695=VECTOR('',#8694,1.2);
#8696=LINE('',#8693,#8695);
#8697=EDGE_CURVE('',#636,#6205,#8696,.T.);
#8698=ORIENTED_EDGE('',*,*,#8697,.F.);
#8699=ORIENTED_EDGE('',*,*,#641,.F.);
#8700=CARTESIAN_POINT('',(-106.499973486,32.100001729,3.795809409));
#8701=DIRECTION('',(0.,0.,-1.));
#8702=VECTOR('',#8701,1.2);
#8703=LINE('',#8700,#8702);
#8704=EDGE_CURVE('',#627,#6214,#8703,.T.);
#8705=ORIENTED_EDGE('',*,*,#8704,.T.);
#8706=EDGE_LOOP('',(#8692,#8698,#8699,#8705));
#8707=FACE_BOUND('',#8706,.T.);
#8708=ADVANCED_FACE('',(#8707),#8691,.F.);
#8709=CARTESIAN_POINT('',(-103.599973486,-15.099998271,3.795809409));
#8710=DIRECTION('',(0.,0.,-1.));
#8711=DIRECTION('',(-1.,0.,0.));
#8712=AXIS2_PLACEMENT_3D('',#8709,#8710,#8711);
#8713=CYLINDRICAL_SURFACE('',#8712,2.9);
#8714=ORIENTED_EDGE('',*,*,#6211,.T.);
#8715=CARTESIAN_POINT('',(-103.599973486,-17.999998271,3.795809409));
#8716=DIRECTION('',(0.,0.,-1.));
#8717=VECTOR('',#8716,1.2);
#8718=LINE('',#8715,#8717);
#8719=EDGE_CURVE('',#644,#6197,#8718,.T.);
#8720=ORIENTED_EDGE('',*,*,#8719,.F.);
#8721=ORIENTED_EDGE('',*,*,#650,.F.);
#8722=ORIENTED_EDGE('',*,*,#8697,.T.);
#8723=EDGE_LOOP('',(#8714,#8720,#8721,#8722));
#8724=FACE_BOUND('',#8723,.T.);
#8725=ADVANCED_FACE('',(#8724),#8713,.T.);
#8726=CARTESIAN_POINT('',(-81.599973486,-17.999998271,3.795809409));
#8727=DIRECTION('',(0.,1.,0.));
#8728=DIRECTION('',(0.,0.,1.));
#8729=AXIS2_PLACEMENT_3D('',#8726,#8727,#8728);
#8730=PLANE('',#8729);
#8731=ORIENTED_EDGE('',*,*,#6202,.T.);
#8732=CARTESIAN_POINT('',(-59.599973486,-17.999998271,3.795809409));
#8733=DIRECTION('',(0.,0.,-1.));
#8734=VECTOR('',#8733,1.2);
#8735=LINE('',#8732,#8734);
#8736=EDGE_CURVE('',#653,#6188,#8735,.T.);
#8737=ORIENTED_EDGE('',*,*,#8736,.F.);
#8738=ORIENTED_EDGE('',*,*,#658,.F.);
#8739=ORIENTED_EDGE('',*,*,#8719,.T.);
#8740=EDGE_LOOP('',(#8731,#8737,#8738,#8739));
#8741=FACE_BOUND('',#8740,.T.);
#8742=ADVANCED_FACE('',(#8741),#8730,.F.);
#8743=CARTESIAN_POINT('',(-59.599973486,-25.099998271,3.795809409));
#8744=DIRECTION('',(0.,0.,-1.));
#8745=DIRECTION('',(-1.,0.,0.));
#8746=AXIS2_PLACEMENT_3D('',#8743,#8744,#8745);
#8747=CYLINDRICAL_SURFACE('',#8746,7.1);
#8748=ORIENTED_EDGE('',*,*,#6194,.F.);
#8749=CARTESIAN_POINT('',(-52.499973486,-25.099998271,3.795809409));
#8750=DIRECTION('',(0.,0.,-1.));
#8751=VECTOR('',#8750,1.2);
#8752=LINE('',#8749,#8751);
#8753=EDGE_CURVE('',#661,#6180,#8752,.T.);
#8754=ORIENTED_EDGE('',*,*,#8753,.F.);
#8755=ORIENTED_EDGE('',*,*,#667,.T.);
#8756=ORIENTED_EDGE('',*,*,#8736,.T.);
#8757=EDGE_LOOP('',(#8748,#8754,#8755,#8756));
#8758=FACE_BOUND('',#8757,.T.);
#8759=ADVANCED_FACE('',(#8758),#8747,.F.);
#8760=CARTESIAN_POINT('',(-52.499973486,-28.599998271,3.795809409));
#8761=DIRECTION('',(1.,0.,0.));
#8762=DIRECTION('',(0.,0.,-1.));
#8763=AXIS2_PLACEMENT_3D('',#8760,#8761,#8762);
#8764=PLANE('',#8763);
#8765=ORIENTED_EDGE('',*,*,#6185,.T.);
#8766=CARTESIAN_POINT('',(-52.499973486,-32.099998271,3.795809409));
#8767=DIRECTION('',(0.,0.,-1.));
#8768=VECTOR('',#8767,1.2);
#8769=LINE('',#8766,#8768);
#8770=EDGE_CURVE('',#670,#6171,#8769,.T.);
#8771=ORIENTED_EDGE('',*,*,#8770,.F.);
#8772=ORIENTED_EDGE('',*,*,#675,.F.);
#8773=ORIENTED_EDGE('',*,*,#8753,.T.);
#8774=EDGE_LOOP('',(#8765,#8771,#8772,#8773));
#8775=FACE_BOUND('',#8774,.T.);
#8776=ADVANCED_FACE('',(#8775),#8764,.F.);
#8777=CARTESIAN_POINT('',(-49.599973486,-32.099998271,3.795809409));
#8778=DIRECTION('',(0.,0.,-1.));
#8779=DIRECTION('',(-1.,0.,0.));
#8780=AXIS2_PLACEMENT_3D('',#8777,#8778,#8779);
#8781=CYLINDRICAL_SURFACE('',#8780,2.9);
#8782=ORIENTED_EDGE('',*,*,#6177,.T.);
#8783=CARTESIAN_POINT('',(-49.599973486,-34.999998271,3.795809409));
#8784=DIRECTION('',(0.,0.,-1.));
#8785=VECTOR('',#8784,1.2);
#8786=LINE('',#8783,#8785);
#8787=EDGE_CURVE('',#678,#6163,#8786,.T.);
#8788=ORIENTED_EDGE('',*,*,#8787,.F.);
#8789=ORIENTED_EDGE('',*,*,#684,.F.);
#8790=ORIENTED_EDGE('',*,*,#8770,.T.);
#8791=EDGE_LOOP('',(#8782,#8788,#8789,#8790));
#8792=FACE_BOUND('',#8791,.T.);
#8793=ADVANCED_FACE('',(#8792),#8781,.T.);
#8794=CARTESIAN_POINT('',(-33.037912049,-34.999998271,3.795809409));
#8795=DIRECTION('',(0.,1.,0.));
#8796=DIRECTION('',(0.,0.,1.));
#8797=AXIS2_PLACEMENT_3D('',#8794,#8795,#8796);
#8798=PLANE('',#8797);
#8799=ORIENTED_EDGE('',*,*,#6168,.T.);
#8800=CARTESIAN_POINT('',(-16.475850612,-34.999998271,3.795809409));
#8801=DIRECTION('',(0.,0.,-1.));
#8802=VECTOR('',#8801,1.2);
#8803=LINE('',#8800,#8802);
#8804=EDGE_CURVE('',#687,#6154,#8803,.T.);
#8805=ORIENTED_EDGE('',*,*,#8804,.F.);
#8806=ORIENTED_EDGE('',*,*,#692,.F.);
#8807=ORIENTED_EDGE('',*,*,#8787,.T.);
#8808=EDGE_LOOP('',(#8799,#8805,#8806,#8807));
#8809=FACE_BOUND('',#8808,.T.);
#8810=ADVANCED_FACE('',(#8809),#8798,.F.);
#8811=CARTESIAN_POINT('',(-16.475850612,-32.099998271,3.795809409));
#8812=DIRECTION('',(0.,0.,-1.));
#8813=DIRECTION('',(-1.,0.,0.));
#8814=AXIS2_PLACEMENT_3D('',#8811,#8812,#8813);
#8815=CYLINDRICAL_SURFACE('',#8814,2.9);
#8816=ORIENTED_EDGE('',*,*,#6160,.T.);
#8817=CARTESIAN_POINT('',(-14.3361792,-34.057498271,3.795809409));
#8818=DIRECTION('',(0.,0.,-1.));
#8819=VECTOR('',#8818,1.2);
#8820=LINE('',#8817,#8819);
#8821=EDGE_CURVE('',#695,#6145,#8820,.T.);
#8822=ORIENTED_EDGE('',*,*,#8821,.F.);
#8823=ORIENTED_EDGE('',*,*,#701,.F.);
#8824=ORIENTED_EDGE('',*,*,#8804,.T.);
#8825=EDGE_LOOP('',(#8816,#8822,#8823,#8824));
#8826=FACE_BOUND('',#8825,.T.);
#8827=ADVANCED_FACE('',(#8826),#8815,.T.);
#8828=CARTESIAN_POINT('',(-9.09767333,-38.849998271,3.795809409));
#8829=DIRECTION('',(0.,0.,-1.));
#8830=DIRECTION('',(-1.,0.,0.));
#8831=AXIS2_PLACEMENT_3D('',#8828,#8829,#8830);
#8832=CYLINDRICAL_SURFACE('',#8831,7.1);
#8833=ORIENTED_EDGE('',*,*,#6151,.F.);
#8834=CARTESIAN_POINT('',(-9.09767333,-31.749998271,3.795809409));
#8835=DIRECTION('',(0.,0.,-1.));
#8836=VECTOR('',#8835,1.2);
#8837=LINE('',#8834,#8836);
#8838=EDGE_CURVE('',#704,#6137,#8837,.T.);
#8839=ORIENTED_EDGE('',*,*,#8838,.F.);
#8840=ORIENTED_EDGE('',*,*,#710,.T.);
#8841=ORIENTED_EDGE('',*,*,#8821,.T.);
#8842=EDGE_LOOP('',(#8833,#8839,#8840,#8841));
#8843=FACE_BOUND('',#8842,.T.);
#8844=ADVANCED_FACE('',(#8843),#8832,.F.);
#8845=CARTESIAN_POINT('',(0.000026514,-31.749998271,3.795809409));
#8846=DIRECTION('',(0.,1.,0.));
#8847=DIRECTION('',(0.,0.,1.));
#8848=AXIS2_PLACEMENT_3D('',#8845,#8846,#8847);
#8849=PLANE('',#8848);
#8850=ORIENTED_EDGE('',*,*,#6142,.T.);
#8851=CARTESIAN_POINT('',(9.097726358,-31.749998271,3.795809409));
#8852=DIRECTION('',(0.,0.,-1.));
#8853=VECTOR('',#8852,1.2);
#8854=LINE('',#8851,#8853);
#8855=EDGE_CURVE('',#713,#6128,#8854,.T.);
#8856=ORIENTED_EDGE('',*,*,#8855,.F.);
#8857=ORIENTED_EDGE('',*,*,#718,.F.);
#8858=ORIENTED_EDGE('',*,*,#8838,.T.);
#8859=EDGE_LOOP('',(#8850,#8856,#8857,#8858));
#8860=FACE_BOUND('',#8859,.T.);
#8861=ADVANCED_FACE('',(#8860),#8849,.F.);
#8862=CARTESIAN_POINT('',(9.097726358,-38.849998271,3.795809409));
#8863=DIRECTION('',(0.,0.,-1.));
#8864=DIRECTION('',(-1.,0.,0.));
#8865=AXIS2_PLACEMENT_3D('',#8862,#8863,#8864);
#8866=CYLINDRICAL_SURFACE('',#8865,7.1);
#8867=ORIENTED_EDGE('',*,*,#6134,.F.);
#8868=CARTESIAN_POINT('',(14.336232228,-34.057498271,3.795809409));
#8869=DIRECTION('',(0.,0.,-1.));
#8870=VECTOR('',#8869,1.2);
#8871=LINE('',#8868,#8870);
#8872=EDGE_CURVE('',#721,#6119,#8871,.T.);
#8873=ORIENTED_EDGE('',*,*,#8872,.F.);
#8874=ORIENTED_EDGE('',*,*,#727,.T.);
#8875=ORIENTED_EDGE('',*,*,#8855,.T.);
#8876=EDGE_LOOP('',(#8867,#8873,#8874,#8875));
#8877=FACE_BOUND('',#8876,.T.);
#8878=ADVANCED_FACE('',(#8877),#8866,.F.);
#8879=CARTESIAN_POINT('',(16.475903639,-32.099998271,3.795809409));
#8880=DIRECTION('',(0.,0.,-1.));
#8881=DIRECTION('',(-1.,0.,0.));
#8882=AXIS2_PLACEMENT_3D('',#8879,#8880,#8881);
#8883=CYLINDRICAL_SURFACE('',#8882,2.9);
#8884=ORIENTED_EDGE('',*,*,#6125,.T.);
#8885=CARTESIAN_POINT('',(16.475903639,-34.999998271,3.795809409));
#8886=DIRECTION('',(0.,0.,-1.));
#8887=VECTOR('',#8886,1.2);
#8888=LINE('',#8885,#8887);
#8889=EDGE_CURVE('',#730,#6111,#8888,.T.);
#8890=ORIENTED_EDGE('',*,*,#8889,.F.);
#8891=ORIENTED_EDGE('',*,*,#736,.F.);
#8892=ORIENTED_EDGE('',*,*,#8872,.T.);
#8893=EDGE_LOOP('',(#8884,#8890,#8891,#8892));
#8894=FACE_BOUND('',#8893,.T.);
#8895=ADVANCED_FACE('',(#8894),#8883,.T.);
#8896=CARTESIAN_POINT('',(33.037965077,-34.999998271,3.795809409));
#8897=DIRECTION('',(0.,1.,0.));
#8898=DIRECTION('',(0.,0.,1.));
#8899=AXIS2_PLACEMENT_3D('',#8896,#8897,#8898);
#8900=PLANE('',#8899);
#8901=ORIENTED_EDGE('',*,*,#6116,.T.);
#8902=CARTESIAN_POINT('',(49.600026514,-34.999998271,3.795809409));
#8903=DIRECTION('',(0.,0.,-1.));
#8904=VECTOR('',#8903,1.2);
#8905=LINE('',#8902,#8904);
#8906=EDGE_CURVE('',#739,#6102,#8905,.T.);
#8907=ORIENTED_EDGE('',*,*,#8906,.F.);
#8908=ORIENTED_EDGE('',*,*,#744,.F.);
#8909=ORIENTED_EDGE('',*,*,#8889,.T.);
#8910=EDGE_LOOP('',(#8901,#8907,#8908,#8909));
#8911=FACE_BOUND('',#8910,.T.);
#8912=ADVANCED_FACE('',(#8911),#8900,.F.);
#8913=CARTESIAN_POINT('',(49.600026514,-32.099998271,3.795809409));
#8914=DIRECTION('',(0.,0.,-1.));
#8915=DIRECTION('',(-1.,0.,0.));
#8916=AXIS2_PLACEMENT_3D('',#8913,#8914,#8915);
#8917=CYLINDRICAL_SURFACE('',#8916,2.9);
#8918=ORIENTED_EDGE('',*,*,#6108,.T.);
#8919=CARTESIAN_POINT('',(52.500026514,-32.099998271,3.795809409));
#8920=DIRECTION('',(0.,0.,-1.));
#8921=VECTOR('',#8920,1.2);
#8922=LINE('',#8919,#8921);
#8923=EDGE_CURVE('',#747,#6094,#8922,.T.);
#8924=ORIENTED_EDGE('',*,*,#8923,.F.);
#8925=ORIENTED_EDGE('',*,*,#753,.F.);
#8926=ORIENTED_EDGE('',*,*,#8906,.T.);
#8927=EDGE_LOOP('',(#8918,#8924,#8925,#8926));
#8928=FACE_BOUND('',#8927,.T.);
#8929=ADVANCED_FACE('',(#8928),#8917,.T.);
#8930=CARTESIAN_POINT('',(52.500026514,-28.599998271,3.795809409));
#8931=DIRECTION('',(-1.,0.,0.));
#8932=DIRECTION('',(0.,0.,1.));
#8933=AXIS2_PLACEMENT_3D('',#8930,#8931,#8932);
#8934=PLANE('',#8933);
#8935=ORIENTED_EDGE('',*,*,#6099,.T.);
#8936=CARTESIAN_POINT('',(52.500026514,-25.099998271,3.795809409));
#8937=DIRECTION('',(0.,0.,-1.));
#8938=VECTOR('',#8937,1.2);
#8939=LINE('',#8936,#8938);
#8940=EDGE_CURVE('',#756,#6085,#8939,.T.);
#8941=ORIENTED_EDGE('',*,*,#8940,.F.);
#8942=ORIENTED_EDGE('',*,*,#761,.F.);
#8943=ORIENTED_EDGE('',*,*,#8923,.T.);
#8944=EDGE_LOOP('',(#8935,#8941,#8942,#8943));
#8945=FACE_BOUND('',#8944,.T.);
#8946=ADVANCED_FACE('',(#8945),#8934,.F.);
#8947=CARTESIAN_POINT('',(59.600026514,-25.099998271,3.795809409));
#8948=DIRECTION('',(0.,0.,-1.));
#8949=DIRECTION('',(-1.,0.,0.));
#8950=AXIS2_PLACEMENT_3D('',#8947,#8948,#8949);
#8951=CYLINDRICAL_SURFACE('',#8950,7.1);
#8952=ORIENTED_EDGE('',*,*,#6091,.F.);
#8953=CARTESIAN_POINT('',(59.600026514,-17.999998271,3.795809409));
#8954=DIRECTION('',(0.,0.,-1.));
#8955=VECTOR('',#8954,1.2);
#8956=LINE('',#8953,#8955);
#8957=EDGE_CURVE('',#764,#6077,#8956,.T.);
#8958=ORIENTED_EDGE('',*,*,#8957,.F.);
#8959=ORIENTED_EDGE('',*,*,#770,.T.);
#8960=ORIENTED_EDGE('',*,*,#8940,.T.);
#8961=EDGE_LOOP('',(#8952,#8958,#8959,#8960));
#8962=FACE_BOUND('',#8961,.T.);
#8963=ADVANCED_FACE('',(#8962),#8951,.F.);
#8964=CARTESIAN_POINT('',(81.600026514,-17.999998271,3.795809409));
#8965=DIRECTION('',(0.,1.,0.));
#8966=DIRECTION('',(0.,0.,1.));
#8967=AXIS2_PLACEMENT_3D('',#8964,#8965,#8966);
#8968=PLANE('',#8967);
#8969=ORIENTED_EDGE('',*,*,#6082,.T.);
#8970=CARTESIAN_POINT('',(103.600026514,-17.999998271,3.795809409));
#8971=DIRECTION('',(0.,0.,-1.));
#8972=VECTOR('',#8971,1.2);
#8973=LINE('',#8970,#8972);
#8974=EDGE_CURVE('',#773,#6068,#8973,.T.);
#8975=ORIENTED_EDGE('',*,*,#8974,.F.);
#8976=ORIENTED_EDGE('',*,*,#778,.F.);
#8977=ORIENTED_EDGE('',*,*,#8957,.T.);
#8978=EDGE_LOOP('',(#8969,#8975,#8976,#8977));
#8979=FACE_BOUND('',#8978,.T.);
#8980=ADVANCED_FACE('',(#8979),#8968,.F.);
#8981=CARTESIAN_POINT('',(103.600026514,-15.099998271,3.795809409));
#8982=DIRECTION('',(0.,0.,-1.));
#8983=DIRECTION('',(-1.,0.,0.));
#8984=AXIS2_PLACEMENT_3D('',#8981,#8982,#8983);
#8985=CYLINDRICAL_SURFACE('',#8984,2.9);
#8986=ORIENTED_EDGE('',*,*,#6074,.T.);
#8987=CARTESIAN_POINT('',(106.500026514,-15.099998271,3.795809409));
#8988=DIRECTION('',(0.,0.,-1.));
#8989=VECTOR('',#8988,1.2);
#8990=LINE('',#8987,#8989);
#8991=EDGE_CURVE('',#781,#6060,#8990,.T.);
#8992=ORIENTED_EDGE('',*,*,#8991,.F.);
#8993=ORIENTED_EDGE('',*,*,#787,.F.);
#8994=ORIENTED_EDGE('',*,*,#8974,.T.);
#8995=EDGE_LOOP('',(#8986,#8992,#8993,#8994));
#8996=FACE_BOUND('',#8995,.T.);
#8997=ADVANCED_FACE('',(#8996),#8985,.T.);
#8998=CARTESIAN_POINT('',(106.500026514,8.500001729,3.795809409));
#8999=DIRECTION('',(-1.,0.,0.));
#9000=DIRECTION('',(0.,0.,1.));
#9001=AXIS2_PLACEMENT_3D('',#8998,#8999,#9000);
#9002=PLANE('',#9001);
#9003=ORIENTED_EDGE('',*,*,#6065,.T.);
#9004=CARTESIAN_POINT('',(106.500026514,32.100001729,3.795809409));
#9005=DIRECTION('',(0.,0.,-1.));
#9006=VECTOR('',#9005,1.2);
#9007=LINE('',#9004,#9006);
#9008=EDGE_CURVE('',#790,#6051,#9007,.T.);
#9009=ORIENTED_EDGE('',*,*,#9008,.F.);
#9010=ORIENTED_EDGE('',*,*,#795,.F.);
#9011=ORIENTED_EDGE('',*,*,#8991,.T.);
#9012=EDGE_LOOP('',(#9003,#9009,#9010,#9011));
#9013=FACE_BOUND('',#9012,.T.);
#9014=ADVANCED_FACE('',(#9013),#9002,.F.);
#9015=CARTESIAN_POINT('',(103.600026514,32.100001729,3.795809409));
#9016=DIRECTION('',(0.,0.,-1.));
#9017=DIRECTION('',(-1.,0.,0.));
#9018=AXIS2_PLACEMENT_3D('',#9015,#9016,#9017);
#9019=CYLINDRICAL_SURFACE('',#9018,2.9);
#9020=ORIENTED_EDGE('',*,*,#6057,.T.);
#9021=CARTESIAN_POINT('',(103.600026514,35.000001729,3.795809409));
#9022=DIRECTION('',(0.,0.,-1.));
#9023=VECTOR('',#9022,1.2);
#9024=LINE('',#9021,#9023);
#9025=EDGE_CURVE('',#798,#6043,#9024,.T.);
#9026=ORIENTED_EDGE('',*,*,#9025,.F.);
#9027=ORIENTED_EDGE('',*,*,#804,.F.);
#9028=ORIENTED_EDGE('',*,*,#9008,.T.);
#9029=EDGE_LOOP('',(#9020,#9026,#9027,#9028));
#9030=FACE_BOUND('',#9029,.T.);
#9031=ADVANCED_FACE('',(#9030),#9019,.T.);
#9032=CARTESIAN_POINT('',(59.737036271,35.000001729,3.795809409));
#9033=DIRECTION('',(0.,-1.,0.));
#9034=DIRECTION('',(0.,0.,-1.));
#9035=AXIS2_PLACEMENT_3D('',#9032,#9033,#9034);
#9036=PLANE('',#9035);
#9037=ORIENTED_EDGE('',*,*,#6048,.T.);
#9038=CARTESIAN_POINT('',(15.874046028,35.000001729,3.795809409));
#9039=DIRECTION('',(0.,0.,-1.));
#9040=VECTOR('',#9039,1.2);
#9041=LINE('',#9038,#9040);
#9042=EDGE_CURVE('',#807,#6034,#9041,.T.);
#9043=ORIENTED_EDGE('',*,*,#9042,.F.);
#9044=ORIENTED_EDGE('',*,*,#812,.F.);
#9045=ORIENTED_EDGE('',*,*,#9025,.T.);
#9046=EDGE_LOOP('',(#9037,#9043,#9044,#9045));
#9047=FACE_BOUND('',#9046,.T.);
#9048=ADVANCED_FACE('',(#9047),#9036,.F.);
#9049=CARTESIAN_POINT('',(15.874046028,33.100001729,3.795809409));
#9050=DIRECTION('',(0.,0.,-1.));
#9051=DIRECTION('',(-1.,0.,0.));
#9052=AXIS2_PLACEMENT_3D('',#9049,#9050,#9051);
#9053=CYLINDRICAL_SURFACE('',#9052,1.9);
#9054=ORIENTED_EDGE('',*,*,#6040,.T.);
#9055=CARTESIAN_POINT('',(14.412377883,34.313890618,3.795809409));
#9056=DIRECTION('',(0.,0.,-1.));
#9057=VECTOR('',#9056,1.2);
#9058=LINE('',#9055,#9057);
#9059=EDGE_CURVE('',#815,#6025,#9058,.T.);
#9060=ORIENTED_EDGE('',*,*,#9059,.F.);
#9061=ORIENTED_EDGE('',*,*,#821,.F.);
#9062=ORIENTED_EDGE('',*,*,#9042,.T.);
#9063=EDGE_LOOP('',(#9054,#9060,#9061,#9062));
#9064=FACE_BOUND('',#9063,.T.);
#9065=ADVANCED_FACE('',(#9064),#9053,.T.);
#9066=CARTESIAN_POINT('',(8.950354815,38.850001729,3.795809409));
#9067=DIRECTION('',(0.,0.,-1.));
#9068=DIRECTION('',(-1.,0.,0.));
#9069=AXIS2_PLACEMENT_3D('',#9066,#9067,#9068);
#9070=CYLINDRICAL_SURFACE('',#9069,7.1);
#9071=ORIENTED_EDGE('',*,*,#6031,.F.);
#9072=ORIENTED_EDGE('',*,*,#65,.F.);
#9073=ORIENTED_EDGE('',*,*,#828,.T.);
#9074=ORIENTED_EDGE('',*,*,#9059,.T.);
#9075=EDGE_LOOP('',(#9071,#9072,#9073,#9074));
#9076=FACE_BOUND('',#9075,.T.);
#9077=ADVANCED_FACE('',(#9076),#9070,.F.);
#9078=CARTESIAN_POINT('',(-8.950301788,38.850001729,3.795809409));
#9079=DIRECTION('',(0.,0.,-1.));
#9080=DIRECTION('',(-1.,0.,0.));
#9081=AXIS2_PLACEMENT_3D('',#9078,#9079,#9080);
#9082=CYLINDRICAL_SURFACE('',#9081,7.1);
#9083=ORIENTED_EDGE('',*,*,#6254,.F.);
#9084=CARTESIAN_POINT('',(-14.412324855,34.313890618,3.795809409));
#9085=DIRECTION('',(0.,0.,-1.));
#9086=VECTOR('',#9085,1.2);
#9087=LINE('',#9084,#9086);
#9088=EDGE_CURVE('',#601,#6239,#9087,.T.);
#9089=ORIENTED_EDGE('',*,*,#9088,.F.);
#9090=ORIENTED_EDGE('',*,*,#607,.T.);
#9091=ORIENTED_EDGE('',*,*,#6376,.T.);
#9092=EDGE_LOOP('',(#9083,#9089,#9090,#9091));
#9093=FACE_BOUND('',#9092,.T.);
#9094=ADVANCED_FACE('',(#9093),#9082,.F.);
#9095=CARTESIAN_POINT('',(-15.873993,33.100001729,3.795809409));
#9096=DIRECTION('',(0.,0.,-1.));
#9097=DIRECTION('',(-1.,0.,0.));
#9098=AXIS2_PLACEMENT_3D('',#9095,#9096,#9097);
#9099=CYLINDRICAL_SURFACE('',#9098,1.9);
#9100=ORIENTED_EDGE('',*,*,#6245,.T.);
#9101=CARTESIAN_POINT('',(-15.873993,35.000001729,3.795809409));
#9102=DIRECTION('',(0.,0.,-1.));
#9103=VECTOR('',#9102,1.2);
#9104=LINE('',#9101,#9103);
#9105=EDGE_CURVE('',#610,#6231,#9104,.T.);
#9106=ORIENTED_EDGE('',*,*,#9105,.F.);
#9107=ORIENTED_EDGE('',*,*,#616,.F.);
#9108=ORIENTED_EDGE('',*,*,#9088,.T.);
#9109=EDGE_LOOP('',(#9100,#9106,#9107,#9108));
#9110=FACE_BOUND('',#9109,.T.);
#9111=ADVANCED_FACE('',(#9110),#9099,.T.);
#9112=CARTESIAN_POINT('',(-59.736983243,35.000001729,3.795809409));
#9113=DIRECTION('',(0.,-1.,0.));
#9114=DIRECTION('',(0.,0.,-1.));
#9115=AXIS2_PLACEMENT_3D('',#9112,#9113,#9114);
#9116=PLANE('',#9115);
#9117=ORIENTED_EDGE('',*,*,#6236,.T.);
#9118=CARTESIAN_POINT('',(-103.599973486,35.000001729,3.795809409));
#9119=DIRECTION('',(0.,0.,-1.));
#9120=VECTOR('',#9119,1.2);
#9121=LINE('',#9118,#9120);
#9122=EDGE_CURVE('',#619,#6222,#9121,.T.);
#9123=ORIENTED_EDGE('',*,*,#9122,.F.);
#9124=ORIENTED_EDGE('',*,*,#624,.F.);
#9125=ORIENTED_EDGE('',*,*,#9105,.T.);
#9126=EDGE_LOOP('',(#9117,#9123,#9124,#9125));
#9127=FACE_BOUND('',#9126,.T.);
#9128=ADVANCED_FACE('',(#9127),#9116,.F.);
#9129=CARTESIAN_POINT('',(-31.499973486,-25.499998271,3.795809409));
#9130=DIRECTION('',(-1.,0.,0.));
#9131=DIRECTION('',(0.,0.,1.));
#9132=AXIS2_PLACEMENT_3D('',#9129,#9130,#9131);
#9133=PLANE('',#9132);
#9134=ORIENTED_EDGE('',*,*,#5883,.T.);
#9135=CARTESIAN_POINT('',(-31.499973486,-19.499998271,2.595809409));
#9136=DIRECTION('',(-0.,-0.,1.));
#9137=VECTOR('',#9136,1.2);
#9138=LINE('',#9135,#9137);
#9139=EDGE_CURVE('',#5869,#3075,#9138,.T.);
#9140=ORIENTED_EDGE('',*,*,#9139,.T.);
#9141=ORIENTED_EDGE('',*,*,#3080,.F.);
#9142=CARTESIAN_POINT('',(-31.499973486,-31.499998271,3.795809409));
#9143=DIRECTION('',(0.,0.,-1.));
#9144=VECTOR('',#9143,1.2);
#9145=LINE('',#9142,#9144);
#9146=EDGE_CURVE('',#3073,#5878,#9145,.T.);
#9147=ORIENTED_EDGE('',*,*,#9146,.T.);
#9148=EDGE_LOOP('',(#9134,#9140,#9141,#9147));
#9149=FACE_BOUND('',#9148,.T.);
#9150=ADVANCED_FACE('',(#9149),#9133,.F.);
#9151=CARTESIAN_POINT('',(-49.499973486,-8.499998271,3.795809409));
#9152=DIRECTION('',(-1.,0.,0.));
#9153=DIRECTION('',(0.,0.,1.));
#9154=AXIS2_PLACEMENT_3D('',#9151,#9152,#9153);
#9155=PLANE('',#9154);
#9156=ORIENTED_EDGE('',*,*,#5813,.T.);
#9157=CARTESIAN_POINT('',(-49.499973486,-2.499998271,2.595809409));
#9158=DIRECTION('',(-0.,-0.,1.));
#9159=VECTOR('',#9158,1.2);
#9160=LINE('',#9157,#9159);
#9161=EDGE_CURVE('',#5799,#3005,#9160,.T.);
#9162=ORIENTED_EDGE('',*,*,#9161,.T.);
#9163=ORIENTED_EDGE('',*,*,#3010,.F.);
#9164=CARTESIAN_POINT('',(-49.499973486,-14.499998271,3.795809409));
#9165=DIRECTION('',(0.,0.,-1.));
#9166=VECTOR('',#9165,1.2);
#9167=LINE('',#9164,#9166);
#9168=EDGE_CURVE('',#3003,#5808,#9167,.T.);
#9169=ORIENTED_EDGE('',*,*,#9168,.T.);
#9170=EDGE_LOOP('',(#9156,#9162,#9163,#9169));
#9171=FACE_BOUND('',#9170,.T.);
#9172=ADVANCED_FACE('',(#9171),#9155,.F.);
#9173=CARTESIAN_POINT('',(-49.499973486,-25.499998271,3.795809409));
#9174=DIRECTION('',(-1.,0.,0.));
#9175=DIRECTION('',(0.,0.,1.));
#9176=AXIS2_PLACEMENT_3D('',#9173,#9174,#9175);
#9177=PLANE('',#9176);
#9178=ORIENTED_EDGE('',*,*,#5743,.T.);
#9179=CARTESIAN_POINT('',(-49.499973486,-19.499998271,2.595809409));
#9180=DIRECTION('',(-0.,-0.,1.));
#9181=VECTOR('',#9180,1.2);
#9182=LINE('',#9179,#9181);
#9183=EDGE_CURVE('',#5729,#2935,#9182,.T.);
#9184=ORIENTED_EDGE('',*,*,#9183,.T.);
#9185=ORIENTED_EDGE('',*,*,#2940,.F.);
#9186=CARTESIAN_POINT('',(-49.499973486,-31.499998271,3.795809409));
#9187=DIRECTION('',(0.,0.,-1.));
#9188=VECTOR('',#9187,1.2);
#9189=LINE('',#9186,#9188);
#9190=EDGE_CURVE('',#2933,#5738,#9189,.T.);
#9191=ORIENTED_EDGE('',*,*,#9190,.T.);
#9192=EDGE_LOOP('',(#9178,#9184,#9185,#9191));
#9193=FACE_BOUND('',#9192,.T.);
#9194=ADVANCED_FACE('',(#9193),#9177,.F.);
#9195=CARTESIAN_POINT('',(-67.499973486,-8.499998271,3.795809409));
#9196=DIRECTION('',(-1.,0.,0.));
#9197=DIRECTION('',(0.,0.,1.));
#9198=AXIS2_PLACEMENT_3D('',#9195,#9196,#9197);
#9199=PLANE('',#9198);
#9200=ORIENTED_EDGE('',*,*,#5673,.T.);
#9201=CARTESIAN_POINT('',(-67.499973486,-2.499998271,2.595809409));
#9202=DIRECTION('',(-0.,-0.,1.));
#9203=VECTOR('',#9202,1.2);
#9204=LINE('',#9201,#9203);
#9205=EDGE_CURVE('',#5659,#2865,#9204,.T.);
#9206=ORIENTED_EDGE('',*,*,#9205,.T.);
#9207=ORIENTED_EDGE('',*,*,#2870,.F.);
#9208=CARTESIAN_POINT('',(-67.499973486,-14.499998271,3.795809409));
#9209=DIRECTION('',(0.,0.,-1.));
#9210=VECTOR('',#9209,1.2);
#9211=LINE('',#9208,#9210);
#9212=EDGE_CURVE('',#2863,#5668,#9211,.T.);
#9213=ORIENTED_EDGE('',*,*,#9212,.T.);
#9214=EDGE_LOOP('',(#9200,#9206,#9207,#9213));
#9215=FACE_BOUND('',#9214,.T.);
#9216=ADVANCED_FACE('',(#9215),#9199,.F.);
#9217=CARTESIAN_POINT('',(-85.499973486,-8.499998271,3.795809409));
#9218=DIRECTION('',(-1.,0.,0.));
#9219=DIRECTION('',(0.,0.,1.));
#9220=AXIS2_PLACEMENT_3D('',#9217,#9218,#9219);
#9221=PLANE('',#9220);
#9222=ORIENTED_EDGE('',*,*,#2800,.F.);
#9223=CARTESIAN_POINT('',(-85.499973486,-14.499998271,3.795809409));
#9224=DIRECTION('',(0.,0.,-1.));
#9225=VECTOR('',#9224,1.2);
#9226=LINE('',#9223,#9225);
#9227=EDGE_CURVE('',#2793,#5598,#9226,.T.);
#9228=ORIENTED_EDGE('',*,*,#9227,.T.);
#9229=ORIENTED_EDGE('',*,*,#5603,.T.);
#9230=CARTESIAN_POINT('',(-85.499973486,-2.499998271,2.595809409));
#9231=DIRECTION('',(-0.,-0.,1.));
#9232=VECTOR('',#9231,1.2);
#9233=LINE('',#9230,#9232);
#9234=EDGE_CURVE('',#5589,#2795,#9233,.T.);
#9235=ORIENTED_EDGE('',*,*,#9234,.T.);
#9236=EDGE_LOOP('',(#9222,#9228,#9229,#9235));
#9237=FACE_BOUND('',#9236,.T.);
#9238=ADVANCED_FACE('',(#9237),#9221,.F.);
#9239=CARTESIAN_POINT('',(-103.499973486,-8.499998271,3.795809409));
#9240=DIRECTION('',(-1.,0.,0.));
#9241=DIRECTION('',(0.,0.,1.));
#9242=AXIS2_PLACEMENT_3D('',#9239,#9240,#9241);
#9243=PLANE('',#9242);
#9244=ORIENTED_EDGE('',*,*,#5533,.T.);
#9245=CARTESIAN_POINT('',(-103.499973486,-2.499998271,2.595809409));
#9246=DIRECTION('',(-0.,-0.,1.));
#9247=VECTOR('',#9246,1.2);
#9248=LINE('',#9245,#9247);
#9249=EDGE_CURVE('',#5519,#2725,#9248,.T.);
#9250=ORIENTED_EDGE('',*,*,#9249,.T.);
#9251=ORIENTED_EDGE('',*,*,#2730,.F.);
#9252=CARTESIAN_POINT('',(-103.499973486,-14.499998271,3.795809409));
#9253=DIRECTION('',(0.,0.,-1.));
#9254=VECTOR('',#9253,1.2);
#9255=LINE('',#9252,#9254);
#9256=EDGE_CURVE('',#2723,#5528,#9255,.T.);
#9257=ORIENTED_EDGE('',*,*,#9256,.T.);
#9258=EDGE_LOOP('',(#9244,#9250,#9251,#9257));
#9259=FACE_BOUND('',#9258,.T.);
#9260=ADVANCED_FACE('',(#9259),#9243,.F.);
#9261=CARTESIAN_POINT('',(89.500026514,-8.499998271,3.795809409));
#9262=DIRECTION('',(-1.,0.,0.));
#9263=DIRECTION('',(0.,0.,1.));
#9264=AXIS2_PLACEMENT_3D('',#9261,#9262,#9263);
#9265=PLANE('',#9264);
#9266=ORIENTED_EDGE('',*,*,#2660,.F.);
#9267=CARTESIAN_POINT('',(89.500026514,-14.499998271,3.795809409));
#9268=DIRECTION('',(0.,0.,-1.));
#9269=VECTOR('',#9268,1.2);
#9270=LINE('',#9267,#9269);
#9271=EDGE_CURVE('',#2653,#5458,#9270,.T.);
#9272=ORIENTED_EDGE('',*,*,#9271,.T.);
#9273=ORIENTED_EDGE('',*,*,#5463,.T.);
#9274=CARTESIAN_POINT('',(89.500026514,-2.499998271,2.595809409));
#9275=DIRECTION('',(-0.,-0.,1.));
#9276=VECTOR('',#9275,1.2);
#9277=LINE('',#9274,#9276);
#9278=EDGE_CURVE('',#5449,#2655,#9277,.T.);
#9279=ORIENTED_EDGE('',*,*,#9278,.T.);
#9280=EDGE_LOOP('',(#9266,#9272,#9273,#9279));
#9281=FACE_BOUND('',#9280,.T.);
#9282=ADVANCED_FACE('',(#9281),#9265,.F.);
#9283=CARTESIAN_POINT('',(71.500026514,-8.499998271,3.795809409));
#9284=DIRECTION('',(-1.,0.,0.));
#9285=DIRECTION('',(0.,0.,1.));
#9286=AXIS2_PLACEMENT_3D('',#9283,#9284,#9285);
#9287=PLANE('',#9286);
#9288=ORIENTED_EDGE('',*,*,#2590,.F.);
#9289=CARTESIAN_POINT('',(71.500026514,-14.499998271,3.795809409));
#9290=DIRECTION('',(0.,0.,-1.));
#9291=VECTOR('',#9290,1.2);
#9292=LINE('',#9289,#9291);
#9293=EDGE_CURVE('',#2583,#5388,#9292,.T.);
#9294=ORIENTED_EDGE('',*,*,#9293,.T.);
#9295=ORIENTED_EDGE('',*,*,#5393,.T.);
#9296=CARTESIAN_POINT('',(71.500026514,-2.499998271,2.595809409));
#9297=DIRECTION('',(-0.,-0.,1.));
#9298=VECTOR('',#9297,1.2);
#9299=LINE('',#9296,#9298);
#9300=EDGE_CURVE('',#5379,#2585,#9299,.T.);
#9301=ORIENTED_EDGE('',*,*,#9300,.T.);
#9302=EDGE_LOOP('',(#9288,#9294,#9295,#9301));
#9303=FACE_BOUND('',#9302,.T.);
#9304=ADVANCED_FACE('',(#9303),#9287,.F.);
#9305=CARTESIAN_POINT('',(53.500026514,-8.499998271,3.795809409));
#9306=DIRECTION('',(-1.,0.,0.));
#9307=DIRECTION('',(0.,0.,1.));
#9308=AXIS2_PLACEMENT_3D('',#9305,#9306,#9307);
#9309=PLANE('',#9308);
#9310=ORIENTED_EDGE('',*,*,#2520,.F.);
#9311=CARTESIAN_POINT('',(53.500026514,-14.499998271,3.795809409));
#9312=DIRECTION('',(0.,0.,-1.));
#9313=VECTOR('',#9312,1.2);
#9314=LINE('',#9311,#9313);
#9315=EDGE_CURVE('',#2513,#5318,#9314,.T.);
#9316=ORIENTED_EDGE('',*,*,#9315,.T.);
#9317=ORIENTED_EDGE('',*,*,#5323,.T.);
#9318=CARTESIAN_POINT('',(53.500026514,-2.499998271,2.595809409));
#9319=DIRECTION('',(-0.,-0.,1.));
#9320=VECTOR('',#9319,1.2);
#9321=LINE('',#9318,#9320);
#9322=EDGE_CURVE('',#5309,#2515,#9321,.T.);
#9323=ORIENTED_EDGE('',*,*,#9322,.T.);
#9324=EDGE_LOOP('',(#9310,#9316,#9317,#9323));
#9325=FACE_BOUND('',#9324,.T.);
#9326=ADVANCED_FACE('',(#9325),#9309,.F.);
#9327=CARTESIAN_POINT('',(35.500026514,-8.499998271,3.795809409));
#9328=DIRECTION('',(-1.,0.,0.));
#9329=DIRECTION('',(0.,0.,1.));
#9330=AXIS2_PLACEMENT_3D('',#9327,#9328,#9329);
#9331=PLANE('',#9330);
#9332=ORIENTED_EDGE('',*,*,#5253,.T.);
#9333=CARTESIAN_POINT('',(35.500026514,-2.499998271,2.595809409));
#9334=DIRECTION('',(-0.,-0.,1.));
#9335=VECTOR('',#9334,1.2);
#9336=LINE('',#9333,#9335);
#9337=EDGE_CURVE('',#5239,#2445,#9336,.T.);
#9338=ORIENTED_EDGE('',*,*,#9337,.T.);
#9339=ORIENTED_EDGE('',*,*,#2450,.F.);
#9340=CARTESIAN_POINT('',(35.500026514,-14.499998271,3.795809409));
#9341=DIRECTION('',(0.,0.,-1.));
#9342=VECTOR('',#9341,1.2);
#9343=LINE('',#9340,#9342);
#9344=EDGE_CURVE('',#2443,#5248,#9343,.T.);
#9345=ORIENTED_EDGE('',*,*,#9344,.T.);
#9346=EDGE_LOOP('',(#9332,#9338,#9339,#9345));
#9347=FACE_BOUND('',#9346,.T.);
#9348=ADVANCED_FACE('',(#9347),#9331,.F.);
#9349=CARTESIAN_POINT('',(35.500026514,-25.499998271,3.795809409));
#9350=DIRECTION('',(-1.,0.,0.));
#9351=DIRECTION('',(0.,0.,1.));
#9352=AXIS2_PLACEMENT_3D('',#9349,#9350,#9351);
#9353=PLANE('',#9352);
#9354=ORIENTED_EDGE('',*,*,#5183,.T.);
#9355=CARTESIAN_POINT('',(35.500026514,-19.499998271,2.595809409));
#9356=DIRECTION('',(-0.,-0.,1.));
#9357=VECTOR('',#9356,1.2);
#9358=LINE('',#9355,#9357);
#9359=EDGE_CURVE('',#5169,#2375,#9358,.T.);
#9360=ORIENTED_EDGE('',*,*,#9359,.T.);
#9361=ORIENTED_EDGE('',*,*,#2380,.F.);
#9362=CARTESIAN_POINT('',(35.500026514,-31.499998271,3.795809409));
#9363=DIRECTION('',(0.,0.,-1.));
#9364=VECTOR('',#9363,1.2);
#9365=LINE('',#9362,#9364);
#9366=EDGE_CURVE('',#2373,#5178,#9365,.T.);
#9367=ORIENTED_EDGE('',*,*,#9366,.T.);
#9368=EDGE_LOOP('',(#9354,#9360,#9361,#9367));
#9369=FACE_BOUND('',#9368,.T.);
#9370=ADVANCED_FACE('',(#9369),#9353,.F.);
#9371=CARTESIAN_POINT('',(17.500026514,-8.499998271,3.795809409));
#9372=DIRECTION('',(-1.,0.,0.));
#9373=DIRECTION('',(0.,0.,1.));
#9374=AXIS2_PLACEMENT_3D('',#9371,#9372,#9373);
#9375=PLANE('',#9374);
#9376=ORIENTED_EDGE('',*,*,#5113,.T.);
#9377=CARTESIAN_POINT('',(17.500026514,-2.499998271,2.595809409));
#9378=DIRECTION('',(-0.,-0.,1.));
#9379=VECTOR('',#9378,1.2);
#9380=LINE('',#9377,#9379);
#9381=EDGE_CURVE('',#5099,#2305,#9380,.T.);
#9382=ORIENTED_EDGE('',*,*,#9381,.T.);
#9383=ORIENTED_EDGE('',*,*,#2310,.F.);
#9384=CARTESIAN_POINT('',(17.500026514,-14.499998271,3.795809409));
#9385=DIRECTION('',(0.,0.,-1.));
#9386=VECTOR('',#9385,1.2);
#9387=LINE('',#9384,#9386);
#9388=EDGE_CURVE('',#2303,#5108,#9387,.T.);
#9389=ORIENTED_EDGE('',*,*,#9388,.T.);
#9390=EDGE_LOOP('',(#9376,#9382,#9383,#9389));
#9391=FACE_BOUND('',#9390,.T.);
#9392=ADVANCED_FACE('',(#9391),#9375,.F.);
#9393=CARTESIAN_POINT('',(17.500026514,-25.499998271,3.795809409));
#9394=DIRECTION('',(-1.,0.,0.));
#9395=DIRECTION('',(0.,0.,1.));
#9396=AXIS2_PLACEMENT_3D('',#9393,#9394,#9395);
#9397=PLANE('',#9396);
#9398=ORIENTED_EDGE('',*,*,#2240,.F.);
#9399=CARTESIAN_POINT('',(17.500026514,-31.499998271,3.795809409));
#9400=DIRECTION('',(0.,0.,-1.));
#9401=VECTOR('',#9400,1.2);
#9402=LINE('',#9399,#9401);
#9403=EDGE_CURVE('',#2233,#5038,#9402,.T.);
#9404=ORIENTED_EDGE('',*,*,#9403,.T.);
#9405=ORIENTED_EDGE('',*,*,#5043,.T.);
#9406=CARTESIAN_POINT('',(17.500026514,-19.499998271,2.595809409));
#9407=DIRECTION('',(-0.,-0.,1.));
#9408=VECTOR('',#9407,1.2);
#9409=LINE('',#9406,#9408);
#9410=EDGE_CURVE('',#5029,#2235,#9409,.T.);
#9411=ORIENTED_EDGE('',*,*,#9410,.T.);
#9412=EDGE_LOOP('',(#9398,#9404,#9405,#9411));
#9413=FACE_BOUND('',#9412,.T.);
#9414=ADVANCED_FACE('',(#9413),#9397,.F.);
#9415=CARTESIAN_POINT('',(-31.499973486,25.500001729,3.795809409));
#9416=DIRECTION('',(-1.,0.,0.));
#9417=DIRECTION('',(0.,0.,1.));
#9418=AXIS2_PLACEMENT_3D('',#9415,#9416,#9417);
#9419=PLANE('',#9418);
#9420=ORIENTED_EDGE('',*,*,#2170,.F.);
#9421=CARTESIAN_POINT('',(-31.499973486,19.500001729,3.795809409));
#9422=DIRECTION('',(0.,0.,-1.));
#9423=VECTOR('',#9422,1.2);
#9424=LINE('',#9421,#9423);
#9425=EDGE_CURVE('',#2163,#4968,#9424,.T.);
#9426=ORIENTED_EDGE('',*,*,#9425,.T.);
#9427=ORIENTED_EDGE('',*,*,#4973,.T.);
#9428=CARTESIAN_POINT('',(-31.499973486,31.500001729,2.595809409));
#9429=DIRECTION('',(-0.,-0.,1.));
#9430=VECTOR('',#9429,1.2);
#9431=LINE('',#9428,#9430);
#9432=EDGE_CURVE('',#4959,#2165,#9431,.T.);
#9433=ORIENTED_EDGE('',*,*,#9432,.T.);
#9434=EDGE_LOOP('',(#9420,#9426,#9427,#9433));
#9435=FACE_BOUND('',#9434,.T.);
#9436=ADVANCED_FACE('',(#9435),#9419,.F.);
#9437=CARTESIAN_POINT('',(-31.499973486,8.500001729,3.795809409));
#9438=DIRECTION('',(-1.,0.,0.));
#9439=DIRECTION('',(0.,0.,1.));
#9440=AXIS2_PLACEMENT_3D('',#9437,#9438,#9439);
#9441=PLANE('',#9440);
#9442=ORIENTED_EDGE('',*,*,#4903,.T.);
#9443=CARTESIAN_POINT('',(-31.499973486,14.500001729,2.595809409));
#9444=DIRECTION('',(-0.,-0.,1.));
#9445=VECTOR('',#9444,1.2);
#9446=LINE('',#9443,#9445);
#9447=EDGE_CURVE('',#4889,#2095,#9446,.T.);
#9448=ORIENTED_EDGE('',*,*,#9447,.T.);
#9449=ORIENTED_EDGE('',*,*,#2100,.F.);
#9450=CARTESIAN_POINT('',(-31.499973486,2.500001729,3.795809409));
#9451=DIRECTION('',(0.,0.,-1.));
#9452=VECTOR('',#9451,1.2);
#9453=LINE('',#9450,#9452);
#9454=EDGE_CURVE('',#2093,#4898,#9453,.T.);
#9455=ORIENTED_EDGE('',*,*,#9454,.T.);
#9456=EDGE_LOOP('',(#9442,#9448,#9449,#9455));
#9457=FACE_BOUND('',#9456,.T.);
#9458=ADVANCED_FACE('',(#9457),#9441,.F.);
#9459=CARTESIAN_POINT('',(-49.499973486,25.500001729,3.795809409));
#9460=DIRECTION('',(-1.,0.,0.));
#9461=DIRECTION('',(0.,0.,1.));
#9462=AXIS2_PLACEMENT_3D('',#9459,#9460,#9461);
#9463=PLANE('',#9462);
#9464=ORIENTED_EDGE('',*,*,#2030,.F.);
#9465=CARTESIAN_POINT('',(-49.499973486,19.500001729,3.795809409));
#9466=DIRECTION('',(0.,0.,-1.));
#9467=VECTOR('',#9466,1.2);
#9468=LINE('',#9465,#9467);
#9469=EDGE_CURVE('',#2023,#4828,#9468,.T.);
#9470=ORIENTED_EDGE('',*,*,#9469,.T.);
#9471=ORIENTED_EDGE('',*,*,#4833,.T.);
#9472=CARTESIAN_POINT('',(-49.499973486,31.500001729,2.595809409));
#9473=DIRECTION('',(-0.,-0.,1.));
#9474=VECTOR('',#9473,1.2);
#9475=LINE('',#9472,#9474);
#9476=EDGE_CURVE('',#4819,#2025,#9475,.T.);
#9477=ORIENTED_EDGE('',*,*,#9476,.T.);
#9478=EDGE_LOOP('',(#9464,#9470,#9471,#9477));
#9479=FACE_BOUND('',#9478,.T.);
#9480=ADVANCED_FACE('',(#9479),#9463,.F.);
#9481=CARTESIAN_POINT('',(-49.499973486,8.500001729,3.795809409));
#9482=DIRECTION('',(-1.,0.,0.));
#9483=DIRECTION('',(0.,0.,1.));
#9484=AXIS2_PLACEMENT_3D('',#9481,#9482,#9483);
#9485=PLANE('',#9484);
#9486=ORIENTED_EDGE('',*,*,#4763,.T.);
#9487=CARTESIAN_POINT('',(-49.499973486,14.500001729,2.595809409));
#9488=DIRECTION('',(-0.,-0.,1.));
#9489=VECTOR('',#9488,1.2);
#9490=LINE('',#9487,#9489);
#9491=EDGE_CURVE('',#4749,#1955,#9490,.T.);
#9492=ORIENTED_EDGE('',*,*,#9491,.T.);
#9493=ORIENTED_EDGE('',*,*,#1960,.F.);
#9494=CARTESIAN_POINT('',(-49.499973486,2.500001729,3.795809409));
#9495=DIRECTION('',(0.,0.,-1.));
#9496=VECTOR('',#9495,1.2);
#9497=LINE('',#9494,#9496);
#9498=EDGE_CURVE('',#1953,#4758,#9497,.T.);
#9499=ORIENTED_EDGE('',*,*,#9498,.T.);
#9500=EDGE_LOOP('',(#9486,#9492,#9493,#9499));
#9501=FACE_BOUND('',#9500,.T.);
#9502=ADVANCED_FACE('',(#9501),#9485,.F.);
#9503=CARTESIAN_POINT('',(-67.499973486,25.500001729,3.795809409));
#9504=DIRECTION('',(-1.,0.,0.));
#9505=DIRECTION('',(0.,0.,1.));
#9506=AXIS2_PLACEMENT_3D('',#9503,#9504,#9505);
#9507=PLANE('',#9506);
#9508=ORIENTED_EDGE('',*,*,#1890,.F.);
#9509=CARTESIAN_POINT('',(-67.499973486,19.500001729,3.795809409));
#9510=DIRECTION('',(0.,0.,-1.));
#9511=VECTOR('',#9510,1.2);
#9512=LINE('',#9509,#9511);
#9513=EDGE_CURVE('',#1883,#4688,#9512,.T.);
#9514=ORIENTED_EDGE('',*,*,#9513,.T.);
#9515=ORIENTED_EDGE('',*,*,#4693,.T.);
#9516=CARTESIAN_POINT('',(-67.499973486,31.500001729,2.595809409));
#9517=DIRECTION('',(-0.,-0.,1.));
#9518=VECTOR('',#9517,1.2);
#9519=LINE('',#9516,#9518);
#9520=EDGE_CURVE('',#4679,#1885,#9519,.T.);
#9521=ORIENTED_EDGE('',*,*,#9520,.T.);
#9522=EDGE_LOOP('',(#9508,#9514,#9515,#9521));
#9523=FACE_BOUND('',#9522,.T.);
#9524=ADVANCED_FACE('',(#9523),#9507,.F.);
#9525=CARTESIAN_POINT('',(-67.499973486,8.500001729,3.795809409));
#9526=DIRECTION('',(-1.,0.,0.));
#9527=DIRECTION('',(0.,0.,1.));
#9528=AXIS2_PLACEMENT_3D('',#9525,#9526,#9527);
#9529=PLANE('',#9528);
#9530=ORIENTED_EDGE('',*,*,#4623,.T.);
#9531=CARTESIAN_POINT('',(-67.499973486,14.500001729,2.595809409));
#9532=DIRECTION('',(-0.,-0.,1.));
#9533=VECTOR('',#9532,1.2);
#9534=LINE('',#9531,#9533);
#9535=EDGE_CURVE('',#4609,#1815,#9534,.T.);
#9536=ORIENTED_EDGE('',*,*,#9535,.T.);
#9537=ORIENTED_EDGE('',*,*,#1820,.F.);
#9538=CARTESIAN_POINT('',(-67.499973486,2.500001729,3.795809409));
#9539=DIRECTION('',(0.,0.,-1.));
#9540=VECTOR('',#9539,1.2);
#9541=LINE('',#9538,#9540);
#9542=EDGE_CURVE('',#1813,#4618,#9541,.T.);
#9543=ORIENTED_EDGE('',*,*,#9542,.T.);
#9544=EDGE_LOOP('',(#9530,#9536,#9537,#9543));
#9545=FACE_BOUND('',#9544,.T.);
#9546=ADVANCED_FACE('',(#9545),#9529,.F.);
#9547=CARTESIAN_POINT('',(-85.499973486,25.500001729,3.795809409));
#9548=DIRECTION('',(-1.,0.,0.));
#9549=DIRECTION('',(0.,0.,1.));
#9550=AXIS2_PLACEMENT_3D('',#9547,#9548,#9549);
#9551=PLANE('',#9550);
#9552=ORIENTED_EDGE('',*,*,#4553,.T.);
#9553=CARTESIAN_POINT('',(-85.499973486,31.500001729,2.595809409));
#9554=DIRECTION('',(-0.,-0.,1.));
#9555=VECTOR('',#9554,1.2);
#9556=LINE('',#9553,#9555);
#9557=EDGE_CURVE('',#4539,#1745,#9556,.T.);
#9558=ORIENTED_EDGE('',*,*,#9557,.T.);
#9559=ORIENTED_EDGE('',*,*,#1750,.F.);
#9560=CARTESIAN_POINT('',(-85.499973486,19.500001729,3.795809409));
#9561=DIRECTION('',(0.,0.,-1.));
#9562=VECTOR('',#9561,1.2);
#9563=LINE('',#9560,#9562);
#9564=EDGE_CURVE('',#1743,#4548,#9563,.T.);
#9565=ORIENTED_EDGE('',*,*,#9564,.T.);
#9566=EDGE_LOOP('',(#9552,#9558,#9559,#9565));
#9567=FACE_BOUND('',#9566,.T.);
#9568=ADVANCED_FACE('',(#9567),#9551,.F.);
#9569=CARTESIAN_POINT('',(-85.499973486,8.500001729,3.795809409));
#9570=DIRECTION('',(-1.,0.,0.));
#9571=DIRECTION('',(0.,0.,1.));
#9572=AXIS2_PLACEMENT_3D('',#9569,#9570,#9571);
#9573=PLANE('',#9572);
#9574=ORIENTED_EDGE('',*,*,#1680,.F.);
#9575=CARTESIAN_POINT('',(-85.499973486,2.500001729,3.795809409));
#9576=DIRECTION('',(0.,0.,-1.));
#9577=VECTOR('',#9576,1.2);
#9578=LINE('',#9575,#9577);
#9579=EDGE_CURVE('',#1673,#4478,#9578,.T.);
#9580=ORIENTED_EDGE('',*,*,#9579,.T.);
#9581=ORIENTED_EDGE('',*,*,#4483,.T.);
#9582=CARTESIAN_POINT('',(-85.499973486,14.500001729,2.595809409));
#9583=DIRECTION('',(-0.,-0.,1.));
#9584=VECTOR('',#9583,1.2);
#9585=LINE('',#9582,#9584);
#9586=EDGE_CURVE('',#4469,#1675,#9585,.T.);
#9587=ORIENTED_EDGE('',*,*,#9586,.T.);
#9588=EDGE_LOOP('',(#9574,#9580,#9581,#9587));
#9589=FACE_BOUND('',#9588,.T.);
#9590=ADVANCED_FACE('',(#9589),#9573,.F.);
#9591=CARTESIAN_POINT('',(-103.499973486,25.500001729,3.795809409));
#9592=DIRECTION('',(-1.,0.,0.));
#9593=DIRECTION('',(0.,0.,1.));
#9594=AXIS2_PLACEMENT_3D('',#9591,#9592,#9593);
#9595=PLANE('',#9594);
#9596=ORIENTED_EDGE('',*,*,#1610,.F.);
#9597=CARTESIAN_POINT('',(-103.499973486,19.500001729,3.795809409));
#9598=DIRECTION('',(0.,0.,-1.));
#9599=VECTOR('',#9598,1.2);
#9600=LINE('',#9597,#9599);
#9601=EDGE_CURVE('',#1603,#4408,#9600,.T.);
#9602=ORIENTED_EDGE('',*,*,#9601,.T.);
#9603=ORIENTED_EDGE('',*,*,#4413,.T.);
#9604=CARTESIAN_POINT('',(-103.499973486,31.500001729,2.595809409));
#9605=DIRECTION('',(-0.,-0.,1.));
#9606=VECTOR('',#9605,1.2);
#9607=LINE('',#9604,#9606);
#9608=EDGE_CURVE('',#4399,#1605,#9607,.T.);
#9609=ORIENTED_EDGE('',*,*,#9608,.T.);
#9610=EDGE_LOOP('',(#9596,#9602,#9603,#9609));
#9611=FACE_BOUND('',#9610,.T.);
#9612=ADVANCED_FACE('',(#9611),#9595,.F.);
#9613=CARTESIAN_POINT('',(-103.499973486,8.500001729,3.795809409));
#9614=DIRECTION('',(-1.,0.,0.));
#9615=DIRECTION('',(0.,0.,1.));
#9616=AXIS2_PLACEMENT_3D('',#9613,#9614,#9615);
#9617=PLANE('',#9616);
#9618=ORIENTED_EDGE('',*,*,#1540,.F.);
#9619=CARTESIAN_POINT('',(-103.499973486,2.500001729,3.795809409));
#9620=DIRECTION('',(0.,0.,-1.));
#9621=VECTOR('',#9620,1.2);
#9622=LINE('',#9619,#9621);
#9623=EDGE_CURVE('',#1533,#4338,#9622,.T.);
#9624=ORIENTED_EDGE('',*,*,#9623,.T.);
#9625=ORIENTED_EDGE('',*,*,#4343,.T.);
#9626=CARTESIAN_POINT('',(-103.499973486,14.500001729,2.595809409));
#9627=DIRECTION('',(-0.,-0.,1.));
#9628=VECTOR('',#9627,1.2);
#9629=LINE('',#9626,#9628);
#9630=EDGE_CURVE('',#4329,#1535,#9629,.T.);
#9631=ORIENTED_EDGE('',*,*,#9630,.T.);
#9632=EDGE_LOOP('',(#9618,#9624,#9625,#9631));
#9633=FACE_BOUND('',#9632,.T.);
#9634=ADVANCED_FACE('',(#9633),#9617,.F.);
#9635=CARTESIAN_POINT('',(89.500026514,25.500001729,3.795809409));
#9636=DIRECTION('',(-1.,0.,0.));
#9637=DIRECTION('',(0.,0.,1.));
#9638=AXIS2_PLACEMENT_3D('',#9635,#9636,#9637);
#9639=PLANE('',#9638);
#9640=ORIENTED_EDGE('',*,*,#4273,.T.);
#9641=CARTESIAN_POINT('',(89.500026514,31.500001729,2.595809409));
#9642=DIRECTION('',(-0.,-0.,1.));
#9643=VECTOR('',#9642,1.2);
#9644=LINE('',#9641,#9643);
#9645=EDGE_CURVE('',#4259,#1465,#9644,.T.);
#9646=ORIENTED_EDGE('',*,*,#9645,.T.);
#9647=ORIENTED_EDGE('',*,*,#1470,.F.);
#9648=CARTESIAN_POINT('',(89.500026514,19.500001729,3.795809409));
#9649=DIRECTION('',(0.,0.,-1.));
#9650=VECTOR('',#9649,1.2);
#9651=LINE('',#9648,#9650);
#9652=EDGE_CURVE('',#1463,#4268,#9651,.T.);
#9653=ORIENTED_EDGE('',*,*,#9652,.T.);
#9654=EDGE_LOOP('',(#9640,#9646,#9647,#9653));
#9655=FACE_BOUND('',#9654,.T.);
#9656=ADVANCED_FACE('',(#9655),#9639,.F.);
#9657=CARTESIAN_POINT('',(89.500026514,8.500001729,3.795809409));
#9658=DIRECTION('',(-1.,0.,0.));
#9659=DIRECTION('',(0.,0.,1.));
#9660=AXIS2_PLACEMENT_3D('',#9657,#9658,#9659);
#9661=PLANE('',#9660);
#9662=ORIENTED_EDGE('',*,*,#4203,.T.);
#9663=CARTESIAN_POINT('',(89.500026514,14.500001729,2.595809409));
#9664=DIRECTION('',(-0.,-0.,1.));
#9665=VECTOR('',#9664,1.2);
#9666=LINE('',#9663,#9665);
#9667=EDGE_CURVE('',#4189,#1395,#9666,.T.);
#9668=ORIENTED_EDGE('',*,*,#9667,.T.);
#9669=ORIENTED_EDGE('',*,*,#1400,.F.);
#9670=CARTESIAN_POINT('',(89.500026514,2.500001729,3.795809409));
#9671=DIRECTION('',(0.,0.,-1.));
#9672=VECTOR('',#9671,1.2);
#9673=LINE('',#9670,#9672);
#9674=EDGE_CURVE('',#1393,#4198,#9673,.T.);
#9675=ORIENTED_EDGE('',*,*,#9674,.T.);
#9676=EDGE_LOOP('',(#9662,#9668,#9669,#9675));
#9677=FACE_BOUND('',#9676,.T.);
#9678=ADVANCED_FACE('',(#9677),#9661,.F.);
#9679=CARTESIAN_POINT('',(71.500026514,25.500001729,3.795809409));
#9680=DIRECTION('',(-1.,0.,0.));
#9681=DIRECTION('',(0.,0.,1.));
#9682=AXIS2_PLACEMENT_3D('',#9679,#9680,#9681);
#9683=PLANE('',#9682);
#9684=ORIENTED_EDGE('',*,*,#1330,.F.);
#9685=CARTESIAN_POINT('',(71.500026514,19.500001729,3.795809409));
#9686=DIRECTION('',(0.,0.,-1.));
#9687=VECTOR('',#9686,1.2);
#9688=LINE('',#9685,#9687);
#9689=EDGE_CURVE('',#1323,#4128,#9688,.T.);
#9690=ORIENTED_EDGE('',*,*,#9689,.T.);
#9691=ORIENTED_EDGE('',*,*,#4133,.T.);
#9692=CARTESIAN_POINT('',(71.500026514,31.500001729,2.595809409));
#9693=DIRECTION('',(-0.,-0.,1.));
#9694=VECTOR('',#9693,1.2);
#9695=LINE('',#9692,#9694);
#9696=EDGE_CURVE('',#4119,#1325,#9695,.T.);
#9697=ORIENTED_EDGE('',*,*,#9696,.T.);
#9698=EDGE_LOOP('',(#9684,#9690,#9691,#9697));
#9699=FACE_BOUND('',#9698,.T.);
#9700=ADVANCED_FACE('',(#9699),#9683,.F.);
#9701=CARTESIAN_POINT('',(71.500026514,8.500001729,3.795809409));
#9702=DIRECTION('',(-1.,0.,0.));
#9703=DIRECTION('',(0.,0.,1.));
#9704=AXIS2_PLACEMENT_3D('',#9701,#9702,#9703);
#9705=PLANE('',#9704);
#9706=ORIENTED_EDGE('',*,*,#4063,.T.);
#9707=CARTESIAN_POINT('',(71.500026514,14.500001729,2.595809409));
#9708=DIRECTION('',(-0.,-0.,1.));
#9709=VECTOR('',#9708,1.2);
#9710=LINE('',#9707,#9709);
#9711=EDGE_CURVE('',#4049,#1255,#9710,.T.);
#9712=ORIENTED_EDGE('',*,*,#9711,.T.);
#9713=ORIENTED_EDGE('',*,*,#1260,.F.);
#9714=CARTESIAN_POINT('',(71.500026514,2.500001729,3.795809409));
#9715=DIRECTION('',(0.,0.,-1.));
#9716=VECTOR('',#9715,1.2);
#9717=LINE('',#9714,#9716);
#9718=EDGE_CURVE('',#1253,#4058,#9717,.T.);
#9719=ORIENTED_EDGE('',*,*,#9718,.T.);
#9720=EDGE_LOOP('',(#9706,#9712,#9713,#9719));
#9721=FACE_BOUND('',#9720,.T.);
#9722=ADVANCED_FACE('',(#9721),#9705,.F.);
#9723=CARTESIAN_POINT('',(53.500026514,25.500001729,3.795809409));
#9724=DIRECTION('',(-1.,0.,0.));
#9725=DIRECTION('',(0.,0.,1.));
#9726=AXIS2_PLACEMENT_3D('',#9723,#9724,#9725);
#9727=PLANE('',#9726);
#9728=ORIENTED_EDGE('',*,*,#3993,.T.);
#9729=CARTESIAN_POINT('',(53.500026514,31.500001729,2.595809409));
#9730=DIRECTION('',(-0.,-0.,1.));
#9731=VECTOR('',#9730,1.2);
#9732=LINE('',#9729,#9731);
#9733=EDGE_CURVE('',#3979,#1185,#9732,.T.);
#9734=ORIENTED_EDGE('',*,*,#9733,.T.);
#9735=ORIENTED_EDGE('',*,*,#1190,.F.);
#9736=CARTESIAN_POINT('',(53.500026514,19.500001729,3.795809409));
#9737=DIRECTION('',(0.,0.,-1.));
#9738=VECTOR('',#9737,1.2);
#9739=LINE('',#9736,#9738);
#9740=EDGE_CURVE('',#1183,#3988,#9739,.T.);
#9741=ORIENTED_EDGE('',*,*,#9740,.T.);
#9742=EDGE_LOOP('',(#9728,#9734,#9735,#9741));
#9743=FACE_BOUND('',#9742,.T.);
#9744=ADVANCED_FACE('',(#9743),#9727,.F.);
#9745=CARTESIAN_POINT('',(53.500026514,8.500001729,3.795809409));
#9746=DIRECTION('',(-1.,0.,0.));
#9747=DIRECTION('',(0.,0.,1.));
#9748=AXIS2_PLACEMENT_3D('',#9745,#9746,#9747);
#9749=PLANE('',#9748);
#9750=ORIENTED_EDGE('',*,*,#1120,.F.);
#9751=CARTESIAN_POINT('',(53.500026514,2.500001729,3.795809409));
#9752=DIRECTION('',(0.,0.,-1.));
#9753=VECTOR('',#9752,1.2);
#9754=LINE('',#9751,#9753);
#9755=EDGE_CURVE('',#1113,#3918,#9754,.T.);
#9756=ORIENTED_EDGE('',*,*,#9755,.T.);
#9757=ORIENTED_EDGE('',*,*,#3923,.T.);
#9758=CARTESIAN_POINT('',(53.500026514,14.500001729,2.595809409));
#9759=DIRECTION('',(-0.,-0.,1.));
#9760=VECTOR('',#9759,1.2);
#9761=LINE('',#9758,#9760);
#9762=EDGE_CURVE('',#3909,#1115,#9761,.T.);
#9763=ORIENTED_EDGE('',*,*,#9762,.T.);
#9764=EDGE_LOOP('',(#9750,#9756,#9757,#9763));
#9765=FACE_BOUND('',#9764,.T.);
#9766=ADVANCED_FACE('',(#9765),#9749,.F.);
#9767=CARTESIAN_POINT('',(35.500026514,25.500001729,3.795809409));
#9768=DIRECTION('',(-1.,0.,0.));
#9769=DIRECTION('',(0.,0.,1.));
#9770=AXIS2_PLACEMENT_3D('',#9767,#9768,#9769);
#9771=PLANE('',#9770);
#9772=ORIENTED_EDGE('',*,*,#1050,.F.);
#9773=CARTESIAN_POINT('',(35.500026514,19.500001729,3.795809409));
#9774=DIRECTION('',(0.,0.,-1.));
#9775=VECTOR('',#9774,1.2);
#9776=LINE('',#9773,#9775);
#9777=EDGE_CURVE('',#1043,#3848,#9776,.T.);
#9778=ORIENTED_EDGE('',*,*,#9777,.T.);
#9779=ORIENTED_EDGE('',*,*,#3853,.T.);
#9780=CARTESIAN_POINT('',(35.500026514,31.500001729,2.595809409));
#9781=DIRECTION('',(-0.,-0.,1.));
#9782=VECTOR('',#9781,1.2);
#9783=LINE('',#9780,#9782);
#9784=EDGE_CURVE('',#3839,#1045,#9783,.T.);
#9785=ORIENTED_EDGE('',*,*,#9784,.T.);
#9786=EDGE_LOOP('',(#9772,#9778,#9779,#9785));
#9787=FACE_BOUND('',#9786,.T.);
#9788=ADVANCED_FACE('',(#9787),#9771,.F.);
#9789=CARTESIAN_POINT('',(35.500026514,8.500001729,3.795809409));
#9790=DIRECTION('',(-1.,0.,0.));
#9791=DIRECTION('',(0.,0.,1.));
#9792=AXIS2_PLACEMENT_3D('',#9789,#9790,#9791);
#9793=PLANE('',#9792);
#9794=ORIENTED_EDGE('',*,*,#980,.F.);
#9795=CARTESIAN_POINT('',(35.500026514,2.500001729,3.795809409));
#9796=DIRECTION('',(0.,0.,-1.));
#9797=VECTOR('',#9796,1.2);
#9798=LINE('',#9795,#9797);
#9799=EDGE_CURVE('',#973,#3778,#9798,.T.);
#9800=ORIENTED_EDGE('',*,*,#9799,.T.);
#9801=ORIENTED_EDGE('',*,*,#3783,.T.);
#9802=CARTESIAN_POINT('',(35.500026514,14.500001729,2.595809409));
#9803=DIRECTION('',(-0.,-0.,1.));
#9804=VECTOR('',#9803,1.2);
#9805=LINE('',#9802,#9804);
#9806=EDGE_CURVE('',#3769,#975,#9805,.T.);
#9807=ORIENTED_EDGE('',*,*,#9806,.T.);
#9808=EDGE_LOOP('',(#9794,#9800,#9801,#9807));
#9809=FACE_BOUND('',#9808,.T.);
#9810=ADVANCED_FACE('',(#9809),#9793,.F.);
#9811=CARTESIAN_POINT('',(17.500026514,25.500001729,3.795809409));
#9812=DIRECTION('',(-1.,0.,0.));
#9813=DIRECTION('',(0.,0.,1.));
#9814=AXIS2_PLACEMENT_3D('',#9811,#9812,#9813);
#9815=PLANE('',#9814);
#9816=ORIENTED_EDGE('',*,*,#3713,.T.);
#9817=CARTESIAN_POINT('',(17.500026514,31.500001729,2.595809409));
#9818=DIRECTION('',(-0.,-0.,1.));
#9819=VECTOR('',#9818,1.2);
#9820=LINE('',#9817,#9819);
#9821=EDGE_CURVE('',#3699,#905,#9820,.T.);
#9822=ORIENTED_EDGE('',*,*,#9821,.T.);
#9823=ORIENTED_EDGE('',*,*,#910,.F.);
#9824=CARTESIAN_POINT('',(17.500026514,19.500001729,3.795809409));
#9825=DIRECTION('',(0.,0.,-1.));
#9826=VECTOR('',#9825,1.2);
#9827=LINE('',#9824,#9826);
#9828=EDGE_CURVE('',#903,#3708,#9827,.T.);
#9829=ORIENTED_EDGE('',*,*,#9828,.T.);
#9830=EDGE_LOOP('',(#9816,#9822,#9823,#9829));
#9831=FACE_BOUND('',#9830,.T.);
#9832=ADVANCED_FACE('',(#9831),#9815,.F.);
#9833=CARTESIAN_POINT('',(17.500026514,8.500001729,3.795809409));
#9834=DIRECTION('',(-1.,0.,0.));
#9835=DIRECTION('',(0.,0.,1.));
#9836=AXIS2_PLACEMENT_3D('',#9833,#9834,#9835);
#9837=PLANE('',#9836);
#9838=ORIENTED_EDGE('',*,*,#3643,.T.);
#9839=CARTESIAN_POINT('',(17.500026514,14.500001729,2.595809409));
#9840=DIRECTION('',(-0.,-0.,1.));
#9841=VECTOR('',#9840,1.2);
#9842=LINE('',#9839,#9841);
#9843=EDGE_CURVE('',#3629,#835,#9842,.T.);
#9844=ORIENTED_EDGE('',*,*,#9843,.T.);
#9845=ORIENTED_EDGE('',*,*,#840,.F.);
#9846=CARTESIAN_POINT('',(17.500026514,2.500001729,3.795809409));
#9847=DIRECTION('',(0.,0.,-1.));
#9848=VECTOR('',#9847,1.2);
#9849=LINE('',#9846,#9848);
#9850=EDGE_CURVE('',#833,#3638,#9849,.T.);
#9851=ORIENTED_EDGE('',*,*,#9850,.T.);
#9852=EDGE_LOOP('',(#9838,#9844,#9845,#9851));
#9853=FACE_BOUND('',#9852,.T.);
#9854=ADVANCED_FACE('',(#9853),#9837,.F.);
#9855=CARTESIAN_POINT('',(-103.599973486,32.100001729,3.795809409));
#9856=DIRECTION('',(0.,0.,-1.));
#9857=DIRECTION('',(-1.,0.,0.));
#9858=AXIS2_PLACEMENT_3D('',#9855,#9856,#9857);
#9859=CYLINDRICAL_SURFACE('',#9858,2.9);
#9860=ORIENTED_EDGE('',*,*,#6228,.T.);
#9861=ORIENTED_EDGE('',*,*,#8704,.F.);
#9862=ORIENTED_EDGE('',*,*,#633,.F.);
#9863=ORIENTED_EDGE('',*,*,#9122,.T.);
#9864=EDGE_LOOP('',(#9860,#9861,#9862,#9863));
#9865=FACE_BOUND('',#9864,.T.);
#9866=ADVANCED_FACE('',(#9865),#9859,.T.);
#9867=CARTESIAN_POINT('',(-31.499973486,-8.499998271,3.795809409));
#9868=DIRECTION('',(-1.,0.,0.));
#9869=DIRECTION('',(0.,0.,1.));
#9870=AXIS2_PLACEMENT_3D('',#9867,#9868,#9869);
#9871=PLANE('',#9870);
#9872=ORIENTED_EDGE('',*,*,#5953,.T.);
#9873=CARTESIAN_POINT('',(-31.499973486,-2.499998271,2.595809409));
#9874=DIRECTION('',(-0.,-0.,1.));
#9875=VECTOR('',#9874,1.2);
#9876=LINE('',#9873,#9875);
#9877=EDGE_CURVE('',#5939,#3145,#9876,.T.);
#9878=ORIENTED_EDGE('',*,*,#9877,.T.);
#9879=ORIENTED_EDGE('',*,*,#3150,.F.);
#9880=CARTESIAN_POINT('',(-31.499973486,-14.499998271,3.795809409));
#9881=DIRECTION('',(0.,0.,-1.));
#9882=VECTOR('',#9881,1.2);
#9883=LINE('',#9880,#9882);
#9884=EDGE_CURVE('',#3143,#5948,#9883,.T.);
#9885=ORIENTED_EDGE('',*,*,#9884,.T.);
#9886=EDGE_LOOP('',(#9872,#9878,#9879,#9885));
#9887=FACE_BOUND('',#9886,.T.);
#9888=ADVANCED_FACE('',(#9887),#9871,.F.);
#9889=CARTESIAN_POINT('',(-13.,0.,0.595809409));
#9890=DIRECTION('',(1.,0.,0.));
#9891=DIRECTION('',(0.,0.,-1.));
#9892=AXIS2_PLACEMENT_3D('',#9889,#9890,#9891);
#9893=PLANE('',#9892);
#9894=CARTESIAN_POINT('',(-13.,26.75,2.995809409));
#9895=VERTEX_POINT('',#9894);
#9896=CARTESIAN_POINT('',(-13.,26.75,2.595809409));
#9897=DIRECTION('',(0.,0.,1.));
#9898=VECTOR('',#9897,0.4);
#9899=LINE('',#9896,#9898);
#9900=EDGE_CURVE('',#6290,#9895,#9899,.T.);
#9901=ORIENTED_EDGE('',*,*,#9900,.T.);
#9902=CARTESIAN_POINT('',(-13.,-26.75,2.995809409));
#9903=VERTEX_POINT('',#9902);
#9904=CARTESIAN_POINT('',(-13.,26.75,2.995809409));
#9905=DIRECTION('',(-0.,-1.,-0.));
#9906=VECTOR('',#9905,53.5);
#9907=LINE('',#9904,#9906);
#9908=EDGE_CURVE('',#9895,#9903,#9907,.T.);
#9909=ORIENTED_EDGE('',*,*,#9908,.T.);
#9910=CARTESIAN_POINT('',(-13.,-26.75,2.995809409));
#9911=DIRECTION('',(-0.,-0.,-1.));
#9912=VECTOR('',#9911,0.4);
#9913=LINE('',#9910,#9912);
#9914=EDGE_CURVE('',#9903,#6299,#9913,.T.);
#9915=ORIENTED_EDGE('',*,*,#9914,.T.);
#9916=ORIENTED_EDGE('',*,*,#6304,.T.);
#9917=EDGE_LOOP('',(#9901,#9909,#9915,#9916));
#9918=FACE_BOUND('',#9917,.T.);
#9919=ADVANCED_FACE('',(#9918),#9893,.T.);
#9920=CARTESIAN_POINT('',(13.,0.,0.595809409));
#9921=DIRECTION('',(-1.,0.,0.));
#9922=DIRECTION('',(0.,0.,1.));
#9923=AXIS2_PLACEMENT_3D('',#9920,#9921,#9922);
#9924=PLANE('',#9923);
#9925=CARTESIAN_POINT('',(13.,-26.75,2.995809409));
#9926=VERTEX_POINT('',#9925);
#9927=CARTESIAN_POINT('',(13.,-26.75,2.595809409));
#9928=DIRECTION('',(0.,0.,1.));
#9929=VECTOR('',#9928,0.4);
#9930=LINE('',#9927,#9929);
#9931=EDGE_CURVE('',#6324,#9926,#9930,.T.);
#9932=ORIENTED_EDGE('',*,*,#9931,.T.);
#9933=CARTESIAN_POINT('',(13.,26.75,2.995809409));
#9934=VERTEX_POINT('',#9933);
#9935=CARTESIAN_POINT('',(13.,-26.75,2.995809409));
#9936=DIRECTION('',(-0.,1.,-0.));
#9937=VECTOR('',#9936,53.5);
#9938=LINE('',#9935,#9937);
#9939=EDGE_CURVE('',#9926,#9934,#9938,.T.);
#9940=ORIENTED_EDGE('',*,*,#9939,.T.);
#9941=CARTESIAN_POINT('',(13.,26.75,2.995809409));
#9942=DIRECTION('',(-0.,-0.,-1.));
#9943=VECTOR('',#9942,0.4);
#9944=LINE('',#9941,#9943);
#9945=EDGE_CURVE('',#9934,#6333,#9944,.T.);
#9946=ORIENTED_EDGE('',*,*,#9945,.T.);
#9947=ORIENTED_EDGE('',*,*,#6338,.T.);
#9948=EDGE_LOOP('',(#9932,#9940,#9946,#9947));
#9949=FACE_BOUND('',#9948,.T.);
#9950=ADVANCED_FACE('',(#9949),#9924,.T.);
#9951=CARTESIAN_POINT('',(0.,-28.,0.595809409));
#9952=DIRECTION('',(0.,1.,0.));
#9953=DIRECTION('',(0.,0.,1.));
#9954=AXIS2_PLACEMENT_3D('',#9951,#9952,#9953);
#9955=PLANE('',#9954);
#9956=CARTESIAN_POINT('',(-11.75,-28.,2.995809409));
#9957=VERTEX_POINT('',#9956);
#9958=CARTESIAN_POINT('',(-11.75,-28.,2.595809409));
#9959=DIRECTION('',(0.,0.,1.));
#9960=VECTOR('',#9959,0.4);
#9961=LINE('',#9958,#9960);
#9962=EDGE_CURVE('',#6307,#9957,#9961,.T.);
#9963=ORIENTED_EDGE('',*,*,#9962,.T.);
#9964=CARTESIAN_POINT('',(11.75,-28.,2.995809409));
#9965=VERTEX_POINT('',#9964);
#9966=CARTESIAN_POINT('',(-11.75,-28.,2.995809409));
#9967=DIRECTION('',(1.,-0.,-0.));
#9968=VECTOR('',#9967,23.5);
#9969=LINE('',#9966,#9968);
#9970=EDGE_CURVE('',#9957,#9965,#9969,.T.);
#9971=ORIENTED_EDGE('',*,*,#9970,.T.);
#9972=CARTESIAN_POINT('',(11.75,-28.,2.995809409));
#9973=DIRECTION('',(-0.,-0.,-1.));
#9974=VECTOR('',#9973,0.4);
#9975=LINE('',#9972,#9974);
#9976=EDGE_CURVE('',#9965,#6316,#9975,.T.);
#9977=ORIENTED_EDGE('',*,*,#9976,.T.);
#9978=ORIENTED_EDGE('',*,*,#6321,.T.);
#9979=EDGE_LOOP('',(#9963,#9971,#9977,#9978));
#9980=FACE_BOUND('',#9979,.T.);
#9981=ADVANCED_FACE('',(#9980),#9955,.T.);
#9982=CARTESIAN_POINT('',(-11.75,-26.75,0.595809409));
#9983=DIRECTION('',(0.,0.,-1.));
#9984=DIRECTION('',(-1.,0.,0.));
#9985=AXIS2_PLACEMENT_3D('',#9982,#9983,#9984);
#9986=CYLINDRICAL_SURFACE('',#9985,1.25);
#9987=ORIENTED_EDGE('',*,*,#9914,.F.);
#9988=CARTESIAN_POINT('',(-11.75,-26.75,2.995809409));
#9989=DIRECTION('',(0.,0.,1.));
#9990=DIRECTION('',(1.,0.,-0.));
#9991=AXIS2_PLACEMENT_3D('',#9988,#9989,#9990);
#9992=CIRCLE('',#9991,1.25);
#9993=EDGE_CURVE('',#9903,#9957,#9992,.T.);
#9994=ORIENTED_EDGE('',*,*,#9993,.T.);
#9995=ORIENTED_EDGE('',*,*,#9962,.F.);
#9996=ORIENTED_EDGE('',*,*,#6313,.F.);
#9997=EDGE_LOOP('',(#9987,#9994,#9995,#9996));
#9998=FACE_BOUND('',#9997,.T.);
#9999=ADVANCED_FACE('',(#9998),#9986,.F.);
#10000=CARTESIAN_POINT('',(11.75,26.75,0.595809409));
#10001=DIRECTION('',(0.,0.,-1.));
#10002=DIRECTION('',(-1.,0.,0.));
#10003=AXIS2_PLACEMENT_3D('',#10000,#10001,#10002);
#10004=CYLINDRICAL_SURFACE('',#10003,1.25);
#10005=ORIENTED_EDGE('',*,*,#9945,.F.);
#10006=CARTESIAN_POINT('',(11.75,26.75,2.995809409));
#10007=DIRECTION('',(0.,0.,1.));
#10008=DIRECTION('',(1.,0.,-0.));
#10009=AXIS2_PLACEMENT_3D('',#10006,#10007,#10008);
#10010=CIRCLE('',#10009,1.25);
#10011=EDGE_CURVE('',#9934,#6418,#10010,.T.);
#10012=ORIENTED_EDGE('',*,*,#10011,.T.);
#10013=ORIENTED_EDGE('',*,*,#6423,.F.);
#10014=ORIENTED_EDGE('',*,*,#6345,.F.);
#10015=EDGE_LOOP('',(#10005,#10012,#10013,#10014));
#10016=FACE_BOUND('',#10015,.T.);
#10017=ADVANCED_FACE('',(#10016),#10004,.F.);
#10018=CARTESIAN_POINT('',(11.75,-26.75,0.595809409));
#10019=DIRECTION('',(0.,0.,-1.));
#10020=DIRECTION('',(-1.,0.,0.));
#10021=AXIS2_PLACEMENT_3D('',#10018,#10019,#10020);
#10022=CYLINDRICAL_SURFACE('',#10021,1.25);
#10023=ORIENTED_EDGE('',*,*,#9976,.F.);
#10024=CARTESIAN_POINT('',(11.75,-26.75,2.995809409));
#10025=DIRECTION('',(0.,0.,1.));
#10026=DIRECTION('',(1.,0.,-0.));
#10027=AXIS2_PLACEMENT_3D('',#10024,#10025,#10026);
#10028=CIRCLE('',#10027,1.25);
#10029=EDGE_CURVE('',#9965,#9926,#10028,.T.);
#10030=ORIENTED_EDGE('',*,*,#10029,.T.);
#10031=ORIENTED_EDGE('',*,*,#9931,.F.);
#10032=ORIENTED_EDGE('',*,*,#6330,.F.);
#10033=EDGE_LOOP('',(#10023,#10030,#10031,#10032));
#10034=FACE_BOUND('',#10033,.T.);
#10035=ADVANCED_FACE('',(#10034),#10022,.F.);
#10036=CARTESIAN_POINT('',(-11.75,26.75,0.595809409));
#10037=DIRECTION('',(0.,0.,-1.));
#10038=DIRECTION('',(-1.,0.,0.));
#10039=AXIS2_PLACEMENT_3D('',#10036,#10037,#10038);
#10040=CYLINDRICAL_SURFACE('',#10039,1.25);
#10041=ORIENTED_EDGE('',*,*,#6406,.F.);
#10042=CARTESIAN_POINT('',(-11.75,26.75,2.995809409));
#10043=DIRECTION('',(0.,0.,1.));
#10044=DIRECTION('',(1.,0.,-0.));
#10045=AXIS2_PLACEMENT_3D('',#10042,#10043,#10044);
#10046=CIRCLE('',#10045,1.25);
#10047=EDGE_CURVE('',#6395,#9895,#10046,.T.);
#10048=ORIENTED_EDGE('',*,*,#10047,.T.);
#10049=ORIENTED_EDGE('',*,*,#9900,.F.);
#10050=ORIENTED_EDGE('',*,*,#6296,.F.);
#10051=EDGE_LOOP('',(#10041,#10048,#10049,#10050));
#10052=FACE_BOUND('',#10051,.T.);
#10053=ADVANCED_FACE('',(#10052),#10040,.F.);
#10054=CARTESIAN_POINT('',(-8.749973486,29.25,0.595809409));
#10055=DIRECTION('',(0.,0.,1.));
#10056=DIRECTION('',(1.,0.,-0.));
#10057=AXIS2_PLACEMENT_3D('',#10054,#10055,#10056);
#10058=CYLINDRICAL_SURFACE('',#10057,1.25);
#10059=CARTESIAN_POINT('',(-7.499973486,29.25,2.995809409));
#10060=VERTEX_POINT('',#10059);
#10061=CARTESIAN_POINT('',(-7.499973486,29.25,2.995809409));
#10062=DIRECTION('',(-0.,-0.,-1.));
#10063=VECTOR('',#10062,0.4);
#10064=LINE('',#10061,#10063);
#10065=EDGE_CURVE('',#10060,#6265,#10064,.T.);
#10066=ORIENTED_EDGE('',*,*,#10065,.F.);
#10067=CARTESIAN_POINT('',(-8.749973486,29.25,2.995809409));
#10068=DIRECTION('',(-0.,-0.,-1.));
#10069=DIRECTION('',(1.,0.,-0.));
#10070=AXIS2_PLACEMENT_3D('',#10067,#10068,#10069);
#10071=CIRCLE('',#10070,1.25);
#10072=EDGE_CURVE('',#10060,#6387,#10071,.T.);
#10073=ORIENTED_EDGE('',*,*,#10072,.T.);
#10074=ORIENTED_EDGE('',*,*,#6392,.F.);
#10075=ORIENTED_EDGE('',*,*,#6279,.F.);
#10076=EDGE_LOOP('',(#10066,#10073,#10074,#10075));
#10077=FACE_BOUND('',#10076,.T.);
#10078=ADVANCED_FACE('',(#10077),#10058,.T.);
#10079=CARTESIAN_POINT('',(-7.499973486,31.750001729,2.400009409));
#10080=DIRECTION('',(-1.,0.,0.));
#10081=DIRECTION('',(0.,0.,1.));
#10082=AXIS2_PLACEMENT_3D('',#10079,#10080,#10081);
#10083=PLANE('',#10082);
#10084=ORIENTED_EDGE('',*,*,#6369,.F.);
#10085=CARTESIAN_POINT('',(-7.499973486,31.750001729,2.995809409));
#10086=DIRECTION('',(0.,-1.,0.));
#10087=VECTOR('',#10086,2.500001729);
#10088=LINE('',#10085,#10087);
#10089=EDGE_CURVE('',#6357,#10060,#10088,.T.);
#10090=ORIENTED_EDGE('',*,*,#10089,.T.);
#10091=ORIENTED_EDGE('',*,*,#10065,.T.);
#10092=ORIENTED_EDGE('',*,*,#6270,.F.);
#10093=EDGE_LOOP('',(#10084,#10090,#10091,#10092));
#10094=FACE_BOUND('',#10093,.T.);
#10095=ADVANCED_FACE('',(#10094),#10083,.F.);
#10096=CARTESIAN_POINT('',(7.500026514,31.750001729,2.400009409));
#10097=DIRECTION('',(1.,0.,0.));
#10098=DIRECTION('',(0.,0.,-1.));
#10099=AXIS2_PLACEMENT_3D('',#10096,#10097,#10098);
#10100=PLANE('',#10099);
#10101=CARTESIAN_POINT('',(7.500026514,29.25,2.995809409));
#10102=VERTEX_POINT('',#10101);
#10103=CARTESIAN_POINT('',(7.500026514,29.25,2.595809409));
#10104=DIRECTION('',(0.,0.,1.));
#10105=VECTOR('',#10104,0.4);
#10106=LINE('',#10103,#10105);
#10107=EDGE_CURVE('',#6009,#10102,#10106,.T.);
#10108=ORIENTED_EDGE('',*,*,#10107,.T.);
#10109=CARTESIAN_POINT('',(7.500026514,29.25,2.995809409));
#10110=DIRECTION('',(0.,1.,0.));
#10111=VECTOR('',#10110,2.500001729);
#10112=LINE('',#10109,#10111);
#10113=EDGE_CURVE('',#10102,#35,#10112,.T.);
#10114=ORIENTED_EDGE('',*,*,#10113,.T.);
#10115=ORIENTED_EDGE('',*,*,#40,.F.);
#10116=ORIENTED_EDGE('',*,*,#6021,.F.);
#10117=EDGE_LOOP('',(#10108,#10114,#10115,#10116));
#10118=FACE_BOUND('',#10117,.T.);
#10119=ADVANCED_FACE('',(#10118),#10100,.F.);
#10120=CARTESIAN_POINT('',(8.750026514,29.25,2.400009409));
#10121=DIRECTION('',(0.,0.,-1.));
#10122=DIRECTION('',(-1.,0.,0.));
#10123=AXIS2_PLACEMENT_3D('',#10120,#10121,#10122);
#10124=CYLINDRICAL_SURFACE('',#10123,1.25);
#10125=ORIENTED_EDGE('',*,*,#6437,.F.);
#10126=CARTESIAN_POINT('',(8.750026514,29.25,2.995809409));
#10127=DIRECTION('',(-0.,-0.,-1.));
#10128=DIRECTION('',(1.,0.,-0.));
#10129=AXIS2_PLACEMENT_3D('',#10126,#10127,#10128);
#10130=CIRCLE('',#10129,1.25);
#10131=EDGE_CURVE('',#6426,#10102,#10130,.T.);
#10132=ORIENTED_EDGE('',*,*,#10131,.T.);
#10133=ORIENTED_EDGE('',*,*,#10107,.F.);
#10134=ORIENTED_EDGE('',*,*,#6015,.F.);
#10135=EDGE_LOOP('',(#10125,#10132,#10133,#10134));
#10136=FACE_BOUND('',#10135,.T.);
#10137=ADVANCED_FACE('',(#10136),#10124,.T.);
#10138=CARTESIAN_POINT('',(-8.299973486,31.750001729,2.995809409));
#10139=DIRECTION('',(0.,1.,0.));
#10140=DIRECTION('',(0.,-0.,1.));
#10141=AXIS2_PLACEMENT_3D('',#10138,#10139,#10140);
#10142=CYLINDRICAL_SURFACE('',#10141,0.8);
#10143=ORIENTED_EDGE('',*,*,#6363,.F.);
#10144=ORIENTED_EDGE('',*,*,#590,.F.);
#10145=CARTESIAN_POINT('',(-8.299973486,29.25,2.995809409));
#10146=DIRECTION('',(0.,-1.,0.));
#10147=DIRECTION('',(0.,0.,-1.));
#10148=AXIS2_PLACEMENT_3D('',#10145,#10146,#10147);
#10149=CIRCLE('',#10148,0.8);
#10150=EDGE_CURVE('',#10060,#576,#10149,.T.);
#10151=ORIENTED_EDGE('',*,*,#10150,.F.);
#10152=ORIENTED_EDGE('',*,*,#10089,.F.);
#10153=EDGE_LOOP('',(#10143,#10144,#10151,#10152));
#10154=FACE_BOUND('',#10153,.T.);
#10155=ADVANCED_FACE('',(#10154),#10142,.T.);
#10156=CARTESIAN_POINT('',(-8.749973486,29.25,2.995809409));
#10157=DIRECTION('',(0.,0.,1.));
#10158=DIRECTION('',(1.,0.,-0.));
#10159=AXIS2_PLACEMENT_3D('',#10156,#10157,#10158);
#10160=DEGENERATE_TOROIDAL_SURFACE('',#10159,0.45,0.8,.T.);
#10161=ORIENTED_EDGE('',*,*,#10150,.T.);
#10162=ORIENTED_EDGE('',*,*,#582,.F.);
#10163=CARTESIAN_POINT('',(-8.749973486,28.8,2.995809409));
#10164=DIRECTION('',(-1.,0.,0.));
#10165=DIRECTION('',(0.,0.,1.));
#10166=AXIS2_PLACEMENT_3D('',#10163,#10164,#10165);
#10167=CIRCLE('',#10166,0.8);
#10168=EDGE_CURVE('',#6387,#568,#10167,.T.);
#10169=ORIENTED_EDGE('',*,*,#10168,.F.);
#10170=ORIENTED_EDGE('',*,*,#10072,.F.);
#10171=EDGE_LOOP('',(#10161,#10162,#10169,#10170));
#10172=FACE_BOUND('',#10171,.T.);
#10173=ADVANCED_FACE('',(#10172),#10160,.T.);
#10174=CARTESIAN_POINT('',(0.,28.8,2.995809409));
#10175=DIRECTION('',(1.,0.,0.));
#10176=DIRECTION('',(0.,0.,-1.));
#10177=AXIS2_PLACEMENT_3D('',#10174,#10175,#10176);
#10178=CYLINDRICAL_SURFACE('',#10177,0.8);
#10179=ORIENTED_EDGE('',*,*,#10168,.T.);
#10180=ORIENTED_EDGE('',*,*,#573,.F.);
#10181=CARTESIAN_POINT('',(-11.75,28.8,2.995809409));
#10182=DIRECTION('',(-1.,0.,0.));
#10183=DIRECTION('',(0.,0.,1.));
#10184=AXIS2_PLACEMENT_3D('',#10181,#10182,#10183);
#10185=CIRCLE('',#10184,0.8);
#10186=EDGE_CURVE('',#6395,#559,#10185,.T.);
#10187=ORIENTED_EDGE('',*,*,#10186,.F.);
#10188=ORIENTED_EDGE('',*,*,#6400,.F.);
#10189=EDGE_LOOP('',(#10179,#10180,#10187,#10188));
#10190=FACE_BOUND('',#10189,.T.);
#10191=ADVANCED_FACE('',(#10190),#10178,.T.);
#10192=CARTESIAN_POINT('',(-11.75,26.75,2.995809409));
#10193=DIRECTION('',(0.,0.,1.));
#10194=DIRECTION('',(1.,0.,-0.));
#10195=AXIS2_PLACEMENT_3D('',#10192,#10193,#10194);
#10196=TOROIDAL_SURFACE('',#10195,2.05,0.8);
#10197=ORIENTED_EDGE('',*,*,#10186,.T.);
#10198=ORIENTED_EDGE('',*,*,#565,.F.);
#10199=CARTESIAN_POINT('',(-13.8,26.75,2.995809409));
#10200=DIRECTION('',(-0.,-1.,-0.));
#10201=DIRECTION('',(0.,-0.,1.));
#10202=AXIS2_PLACEMENT_3D('',#10199,#10200,#10201);
#10203=CIRCLE('',#10202,0.8);
#10204=EDGE_CURVE('',#9895,#551,#10203,.T.);
#10205=ORIENTED_EDGE('',*,*,#10204,.F.);
#10206=ORIENTED_EDGE('',*,*,#10047,.F.);
#10207=EDGE_LOOP('',(#10197,#10198,#10205,#10206));
#10208=FACE_BOUND('',#10207,.T.);
#10209=ADVANCED_FACE('',(#10208),#10196,.T.);
#10210=CARTESIAN_POINT('',(-13.8,0.,2.995809409));
#10211=DIRECTION('',(0.,1.,0.));
#10212=DIRECTION('',(0.,-0.,1.));
#10213=AXIS2_PLACEMENT_3D('',#10210,#10211,#10212);
#10214=CYLINDRICAL_SURFACE('',#10213,0.8);
#10215=ORIENTED_EDGE('',*,*,#10204,.T.);
#10216=ORIENTED_EDGE('',*,*,#556,.F.);
#10217=CARTESIAN_POINT('',(-13.8,-26.75,2.995809409));
#10218=DIRECTION('',(0.,-1.,0.));
#10219=DIRECTION('',(0.,0.,-1.));
#10220=AXIS2_PLACEMENT_3D('',#10217,#10218,#10219);
#10221=CIRCLE('',#10220,0.8);
#10222=EDGE_CURVE('',#9903,#542,#10221,.T.);
#10223=ORIENTED_EDGE('',*,*,#10222,.F.);
#10224=ORIENTED_EDGE('',*,*,#9908,.F.);
#10225=EDGE_LOOP('',(#10215,#10216,#10223,#10224));
#10226=FACE_BOUND('',#10225,.T.);
#10227=ADVANCED_FACE('',(#10226),#10214,.T.);
#10228=CARTESIAN_POINT('',(-11.75,-26.75,2.995809409));
#10229=DIRECTION('',(0.,0.,1.));
#10230=DIRECTION('',(1.,0.,-0.));
#10231=AXIS2_PLACEMENT_3D('',#10228,#10229,#10230);
#10232=TOROIDAL_SURFACE('',#10231,2.05,0.8);
#10233=ORIENTED_EDGE('',*,*,#10222,.T.);
#10234=ORIENTED_EDGE('',*,*,#548,.F.);
#10235=CARTESIAN_POINT('',(-11.75,-28.8,2.995809409));
#10236=DIRECTION('',(1.,-0.,-0.));
#10237=DIRECTION('',(0.,0.,1.));
#10238=AXIS2_PLACEMENT_3D('',#10235,#10236,#10237);
#10239=CIRCLE('',#10238,0.8);
#10240=EDGE_CURVE('',#9957,#534,#10239,.T.);
#10241=ORIENTED_EDGE('',*,*,#10240,.F.);
#10242=ORIENTED_EDGE('',*,*,#9993,.F.);
#10243=EDGE_LOOP('',(#10233,#10234,#10241,#10242));
#10244=FACE_BOUND('',#10243,.T.);
#10245=ADVANCED_FACE('',(#10244),#10232,.T.);
#10246=CARTESIAN_POINT('',(0.,-28.8,2.995809409));
#10247=DIRECTION('',(-1.,0.,0.));
#10248=DIRECTION('',(0.,0.,1.));
#10249=AXIS2_PLACEMENT_3D('',#10246,#10247,#10248);
#10250=CYLINDRICAL_SURFACE('',#10249,0.8);
#10251=ORIENTED_EDGE('',*,*,#10240,.T.);
#10252=ORIENTED_EDGE('',*,*,#539,.F.);
#10253=CARTESIAN_POINT('',(11.75,-28.8,2.995809409));
#10254=DIRECTION('',(1.,0.,0.));
#10255=DIRECTION('',(0.,0.,-1.));
#10256=AXIS2_PLACEMENT_3D('',#10253,#10254,#10255);
#10257=CIRCLE('',#10256,0.8);
#10258=EDGE_CURVE('',#9965,#525,#10257,.T.);
#10259=ORIENTED_EDGE('',*,*,#10258,.F.);
#10260=ORIENTED_EDGE('',*,*,#9970,.F.);
#10261=EDGE_LOOP('',(#10251,#10252,#10259,#10260));
#10262=FACE_BOUND('',#10261,.T.);
#10263=ADVANCED_FACE('',(#10262),#10250,.T.);
#10264=CARTESIAN_POINT('',(11.75,-26.75,2.995809409));
#10265=DIRECTION('',(0.,0.,1.));
#10266=DIRECTION('',(1.,0.,-0.));
#10267=AXIS2_PLACEMENT_3D('',#10264,#10265,#10266);
#10268=TOROIDAL_SURFACE('',#10267,2.05,0.8);
#10269=ORIENTED_EDGE('',*,*,#10258,.T.);
#10270=ORIENTED_EDGE('',*,*,#531,.F.);
#10271=CARTESIAN_POINT('',(13.8,-26.75,2.995809409));
#10272=DIRECTION('',(-0.,1.,-0.));
#10273=DIRECTION('',(0.,0.,-1.));
#10274=AXIS2_PLACEMENT_3D('',#10271,#10272,#10273);
#10275=CIRCLE('',#10274,0.8);
#10276=EDGE_CURVE('',#9926,#517,#10275,.T.);
#10277=ORIENTED_EDGE('',*,*,#10276,.F.);
#10278=ORIENTED_EDGE('',*,*,#10029,.F.);
#10279=EDGE_LOOP('',(#10269,#10270,#10277,#10278));
#10280=FACE_BOUND('',#10279,.T.);
#10281=ADVANCED_FACE('',(#10280),#10268,.T.);
#10282=CARTESIAN_POINT('',(13.8,0.,2.995809409));
#10283=DIRECTION('',(0.,-1.,0.));
#10284=DIRECTION('',(0.,0.,-1.));
#10285=AXIS2_PLACEMENT_3D('',#10282,#10283,#10284);
#10286=CYLINDRICAL_SURFACE('',#10285,0.8);
#10287=ORIENTED_EDGE('',*,*,#10276,.T.);
#10288=ORIENTED_EDGE('',*,*,#522,.F.);
#10289=CARTESIAN_POINT('',(13.8,26.75,2.995809409));
#10290=DIRECTION('',(0.,1.,0.));
#10291=DIRECTION('',(0.,-0.,1.));
#10292=AXIS2_PLACEMENT_3D('',#10289,#10290,#10291);
#10293=CIRCLE('',#10292,0.8);
#10294=EDGE_CURVE('',#9934,#508,#10293,.T.);
#10295=ORIENTED_EDGE('',*,*,#10294,.F.);
#10296=ORIENTED_EDGE('',*,*,#9939,.F.);
#10297=EDGE_LOOP('',(#10287,#10288,#10295,#10296));
#10298=FACE_BOUND('',#10297,.T.);
#10299=ADVANCED_FACE('',(#10298),#10286,.T.);
#10300=CARTESIAN_POINT('',(11.75,26.75,2.995809409));
#10301=DIRECTION('',(0.,0.,1.));
#10302=DIRECTION('',(1.,0.,-0.));
#10303=AXIS2_PLACEMENT_3D('',#10300,#10301,#10302);
#10304=TOROIDAL_SURFACE('',#10303,2.05,0.8);
#10305=ORIENTED_EDGE('',*,*,#10294,.T.);
#10306=ORIENTED_EDGE('',*,*,#514,.F.);
#10307=CARTESIAN_POINT('',(11.75,28.8,2.995809409));
#10308=DIRECTION('',(-1.,-0.,-0.));
#10309=DIRECTION('',(0.,0.,-1.));
#10310=AXIS2_PLACEMENT_3D('',#10307,#10308,#10309);
#10311=CIRCLE('',#10310,0.8);
#10312=EDGE_CURVE('',#6418,#500,#10311,.T.);
#10313=ORIENTED_EDGE('',*,*,#10312,.F.);
#10314=ORIENTED_EDGE('',*,*,#10011,.F.);
#10315=EDGE_LOOP('',(#10305,#10306,#10313,#10314));
#10316=FACE_BOUND('',#10315,.T.);
#10317=ADVANCED_FACE('',(#10316),#10304,.T.);
#10318=CARTESIAN_POINT('',(0.,28.8,2.995809409));
#10319=DIRECTION('',(1.,0.,0.));
#10320=DIRECTION('',(0.,0.,-1.));
#10321=AXIS2_PLACEMENT_3D('',#10318,#10319,#10320);
#10322=CYLINDRICAL_SURFACE('',#10321,0.8);
#10323=ORIENTED_EDGE('',*,*,#10312,.T.);
#10324=ORIENTED_EDGE('',*,*,#505,.F.);
#10325=CARTESIAN_POINT('',(8.750026514,28.8,2.995809409));
#10326=DIRECTION('',(-1.,0.,0.));
#10327=DIRECTION('',(0.,0.,1.));
#10328=AXIS2_PLACEMENT_3D('',#10325,#10326,#10327);
#10329=CIRCLE('',#10328,0.8);
#10330=EDGE_CURVE('',#6426,#491,#10329,.T.);
#10331=ORIENTED_EDGE('',*,*,#10330,.F.);
#10332=ORIENTED_EDGE('',*,*,#6431,.F.);
#10333=EDGE_LOOP('',(#10323,#10324,#10331,#10332));
#10334=FACE_BOUND('',#10333,.T.);
#10335=ADVANCED_FACE('',(#10334),#10322,.T.);
#10336=CARTESIAN_POINT('',(8.750026514,29.25,2.995809409));
#10337=DIRECTION('',(0.,0.,1.));
#10338=DIRECTION('',(1.,0.,-0.));
#10339=AXIS2_PLACEMENT_3D('',#10336,#10337,#10338);
#10340=DEGENERATE_TOROIDAL_SURFACE('',#10339,0.45,0.8,.T.);
#10341=ORIENTED_EDGE('',*,*,#10330,.T.);
#10342=ORIENTED_EDGE('',*,*,#497,.F.);
#10343=CARTESIAN_POINT('',(8.300026514,29.25,2.995809409));
#10344=DIRECTION('',(0.,1.,0.));
#10345=DIRECTION('',(0.,-0.,1.));
#10346=AXIS2_PLACEMENT_3D('',#10343,#10344,#10345);
#10347=CIRCLE('',#10346,0.8);
#10348=EDGE_CURVE('',#10102,#483,#10347,.T.);
#10349=ORIENTED_EDGE('',*,*,#10348,.F.);
#10350=ORIENTED_EDGE('',*,*,#10131,.F.);
#10351=EDGE_LOOP('',(#10341,#10342,#10349,#10350));
#10352=FACE_BOUND('',#10351,.T.);
#10353=ADVANCED_FACE('',(#10352),#10340,.T.);
#10354=CARTESIAN_POINT('',(8.300026514,31.750001729,2.995809409));
#10355=DIRECTION('',(0.,-1.,0.));
#10356=DIRECTION('',(0.,0.,-1.));
#10357=AXIS2_PLACEMENT_3D('',#10354,#10355,#10356);
#10358=CYLINDRICAL_SURFACE('',#10357,0.8);
#10359=ORIENTED_EDGE('',*,*,#10348,.T.);
#10360=ORIENTED_EDGE('',*,*,#488,.F.);
#10361=ORIENTED_EDGE('',*,*,#49,.F.);
#10362=ORIENTED_EDGE('',*,*,#10113,.F.);
#10363=EDGE_LOOP('',(#10359,#10360,#10361,#10362));
#10364=FACE_BOUND('',#10363,.T.);
#10365=ADVANCED_FACE('',(#10364),#10358,.T.);
#10366=CARTESIAN_POINT('',(35.37500588,15.917480158,2.395809409));
#10367=DIRECTION('',(0.866025058,-0.500000599,0.));
#10368=DIRECTION('',(0.500000599,0.866025058,0.));
#10369=AXIS2_PLACEMENT_3D('',#10366,#10367,#10368);
#10370=PLANE('',#10369);
#10371=CARTESIAN_POINT('',(34.75001176,14.834960317,2.595809409));
#10372=DIRECTION('',(0.,0.,1.));
#10373=VECTOR('',#10372,1.2);
#10374=LINE('',#10371,#10373);
#10375=EDGE_CURVE('',#3571,#432,#10374,.T.);
#10376=ORIENTED_EDGE('',*,*,#10375,.T.);
#10377=ORIENTED_EDGE('',*,*,#439,.T.);
#10378=CARTESIAN_POINT('',(36.,17.,2.595809409));
#10379=DIRECTION('',(0.,0.,1.));
#10380=VECTOR('',#10379,1.2);
#10381=LINE('',#10378,#10380);
#10382=EDGE_CURVE('',#3579,#434,#10381,.T.);
#10383=ORIENTED_EDGE('',*,*,#10382,.F.);
#10384=ORIENTED_EDGE('',*,*,#3584,.F.);
#10385=EDGE_LOOP('',(#10376,#10377,#10383,#10384));
#10386=FACE_BOUND('',#10385,.T.);
#10387=ADVANCED_FACE('',(#10386),#10370,.F.);
#10388=CARTESIAN_POINT('',(35.375007377,18.082520706,2.395809409));
#10389=DIRECTION('',(0.86602575,0.499999401,0.));
#10390=DIRECTION('',(-0.499999401,0.86602575,0.));
#10391=AXIS2_PLACEMENT_3D('',#10388,#10389,#10390);
#10392=PLANE('',#10391);
#10393=ORIENTED_EDGE('',*,*,#10382,.T.);
#10394=ORIENTED_EDGE('',*,*,#477,.T.);
#10395=CARTESIAN_POINT('',(34.750014754,19.165041412,2.595809409));
#10396=DIRECTION('',(0.,0.,1.));
#10397=VECTOR('',#10396,1.2);
#10398=LINE('',#10395,#10397);
#10399=EDGE_CURVE('',#3587,#466,#10398,.T.);
#10400=ORIENTED_EDGE('',*,*,#10399,.F.);
#10401=ORIENTED_EDGE('',*,*,#3592,.F.);
#10402=EDGE_LOOP('',(#10393,#10394,#10400,#10401));
#10403=FACE_BOUND('',#10402,.T.);
#10404=ADVANCED_FACE('',(#10403),#10392,.F.);
#10405=CARTESIAN_POINT('',(33.500028011,19.165042276,2.395809409));
#10406=DIRECTION('',(0.000000692,1.,0.));
#10407=DIRECTION('',(-1.,0.000000692,0.));
#10408=AXIS2_PLACEMENT_3D('',#10405,#10406,#10407);
#10409=PLANE('',#10408);
#10410=ORIENTED_EDGE('',*,*,#10399,.T.);
#10411=ORIENTED_EDGE('',*,*,#471,.T.);
#10412=CARTESIAN_POINT('',(32.250041268,19.165043141,2.595809409));
#10413=DIRECTION('',(0.,0.,1.));
#10414=VECTOR('',#10413,1.2);
#10415=LINE('',#10412,#10414);
#10416=EDGE_CURVE('',#3595,#458,#10415,.T.);
#10417=ORIENTED_EDGE('',*,*,#10416,.F.);
#10418=ORIENTED_EDGE('',*,*,#3600,.F.);
#10419=EDGE_LOOP('',(#10410,#10411,#10417,#10418));
#10420=FACE_BOUND('',#10419,.T.);
#10421=ADVANCED_FACE('',(#10420),#10409,.F.);
#10422=CARTESIAN_POINT('',(31.625047148,18.082523299,2.395809409));
#10423=DIRECTION('',(-0.866025058,0.500000599,0.));
#10424=DIRECTION('',(-0.500000599,-0.866025058,0.));
#10425=AXIS2_PLACEMENT_3D('',#10422,#10423,#10424);
#10426=PLANE('',#10425);
#10427=ORIENTED_EDGE('',*,*,#10416,.T.);
#10428=ORIENTED_EDGE('',*,*,#463,.T.);
#10429=CARTESIAN_POINT('',(31.000053028,17.000003458,2.595809409));
#10430=DIRECTION('',(0.,0.,1.));
#10431=VECTOR('',#10430,1.2);
#10432=LINE('',#10429,#10431);
#10433=EDGE_CURVE('',#3603,#450,#10432,.T.);
#10434=ORIENTED_EDGE('',*,*,#10433,.F.);
#10435=ORIENTED_EDGE('',*,*,#3608,.F.);
#10436=EDGE_LOOP('',(#10427,#10428,#10434,#10435));
#10437=FACE_BOUND('',#10436,.T.);
#10438=ADVANCED_FACE('',(#10437),#10426,.F.);
#10439=CARTESIAN_POINT('',(31.625045651,15.917482752,2.395809409));
#10440=DIRECTION('',(-0.86602575,-0.499999401,0.));
#10441=DIRECTION('',(0.499999401,-0.86602575,0.));
#10442=AXIS2_PLACEMENT_3D('',#10439,#10440,#10441);
#10443=PLANE('',#10442);
#10444=ORIENTED_EDGE('',*,*,#10433,.T.);
#10445=ORIENTED_EDGE('',*,*,#455,.T.);
#10446=CARTESIAN_POINT('',(32.250038274,14.834962045,2.595809409));
#10447=DIRECTION('',(0.,0.,1.));
#10448=VECTOR('',#10447,1.2);
#10449=LINE('',#10446,#10448);
#10450=EDGE_CURVE('',#3569,#442,#10449,.T.);
#10451=ORIENTED_EDGE('',*,*,#10450,.F.);
#10452=ORIENTED_EDGE('',*,*,#3614,.F.);
#10453=EDGE_LOOP('',(#10444,#10445,#10451,#10452));
#10454=FACE_BOUND('',#10453,.T.);
#10455=ADVANCED_FACE('',(#10454),#10443,.F.);
#10456=CARTESIAN_POINT('',(33.500025017,14.834961181,2.395809409));
#10457=DIRECTION('',(-0.000000692,-1.,0.));
#10458=DIRECTION('',(1.,-0.000000692,0.));
#10459=AXIS2_PLACEMENT_3D('',#10456,#10457,#10458);
#10460=PLANE('',#10459);
#10461=ORIENTED_EDGE('',*,*,#10450,.T.);
#10462=ORIENTED_EDGE('',*,*,#447,.T.);
#10463=ORIENTED_EDGE('',*,*,#10375,.F.);
#10464=ORIENTED_EDGE('',*,*,#3576,.F.);
#10465=EDGE_LOOP('',(#10461,#10462,#10463,#10464));
#10466=FACE_BOUND('',#10465,.T.);
#10467=ADVANCED_FACE('',(#10466),#10460,.F.);
#10468=CARTESIAN_POINT('',(-31.62499412,15.917480158,2.395809409));
#10469=DIRECTION('',(0.866025058,-0.500000599,0.));
#10470=DIRECTION('',(0.500000599,0.866025058,0.));
#10471=AXIS2_PLACEMENT_3D('',#10468,#10469,#10470);
#10472=PLANE('',#10471);
#10473=CARTESIAN_POINT('',(-32.24998824,14.834960317,2.595809409));
#10474=DIRECTION('',(0.,0.,1.));
#10475=VECTOR('',#10474,1.2);
#10476=LINE('',#10473,#10475);
#10477=EDGE_CURVE('',#3521,#382,#10476,.T.);
#10478=ORIENTED_EDGE('',*,*,#10477,.T.);
#10479=ORIENTED_EDGE('',*,*,#389,.T.);
#10480=CARTESIAN_POINT('',(-31.,17.,2.595809409));
#10481=DIRECTION('',(0.,0.,1.));
#10482=VECTOR('',#10481,1.2);
#10483=LINE('',#10480,#10482);
#10484=EDGE_CURVE('',#3529,#384,#10483,.T.);
#10485=ORIENTED_EDGE('',*,*,#10484,.F.);
#10486=ORIENTED_EDGE('',*,*,#3534,.F.);
#10487=EDGE_LOOP('',(#10478,#10479,#10485,#10486));
#10488=FACE_BOUND('',#10487,.T.);
#10489=ADVANCED_FACE('',(#10488),#10472,.F.);
#10490=CARTESIAN_POINT('',(-31.624992623,18.082520706,2.395809409));
#10491=DIRECTION('',(0.86602575,0.499999401,0.));
#10492=DIRECTION('',(-0.499999401,0.86602575,0.));
#10493=AXIS2_PLACEMENT_3D('',#10490,#10491,#10492);
#10494=PLANE('',#10493);
#10495=ORIENTED_EDGE('',*,*,#10484,.T.);
#10496=ORIENTED_EDGE('',*,*,#427,.T.);
#10497=CARTESIAN_POINT('',(-32.249985246,19.165041412,2.595809409));
#10498=DIRECTION('',(0.,0.,1.));
#10499=VECTOR('',#10498,1.2);
#10500=LINE('',#10497,#10499);
#10501=EDGE_CURVE('',#3537,#416,#10500,.T.);
#10502=ORIENTED_EDGE('',*,*,#10501,.F.);
#10503=ORIENTED_EDGE('',*,*,#3542,.F.);
#10504=EDGE_LOOP('',(#10495,#10496,#10502,#10503));
#10505=FACE_BOUND('',#10504,.T.);
#10506=ADVANCED_FACE('',(#10505),#10494,.F.);
#10507=CARTESIAN_POINT('',(-33.499971989,19.165042276,2.395809409));
#10508=DIRECTION('',(0.000000692,1.,0.));
#10509=DIRECTION('',(-1.,0.000000692,0.));
#10510=AXIS2_PLACEMENT_3D('',#10507,#10508,#10509);
#10511=PLANE('',#10510);
#10512=ORIENTED_EDGE('',*,*,#10501,.T.);
#10513=ORIENTED_EDGE('',*,*,#421,.T.);
#10514=CARTESIAN_POINT('',(-34.749958732,19.165043141,2.595809409));
#10515=DIRECTION('',(0.,0.,1.));
#10516=VECTOR('',#10515,1.2);
#10517=LINE('',#10514,#10516);
#10518=EDGE_CURVE('',#3545,#408,#10517,.T.);
#10519=ORIENTED_EDGE('',*,*,#10518,.F.);
#10520=ORIENTED_EDGE('',*,*,#3550,.F.);
#10521=EDGE_LOOP('',(#10512,#10513,#10519,#10520));
#10522=FACE_BOUND('',#10521,.T.);
#10523=ADVANCED_FACE('',(#10522),#10511,.F.);
#10524=CARTESIAN_POINT('',(-35.374952852,18.082523299,2.395809409));
#10525=DIRECTION('',(-0.866025058,0.500000599,0.));
#10526=DIRECTION('',(-0.500000599,-0.866025058,0.));
#10527=AXIS2_PLACEMENT_3D('',#10524,#10525,#10526);
#10528=PLANE('',#10527);
#10529=ORIENTED_EDGE('',*,*,#10518,.T.);
#10530=ORIENTED_EDGE('',*,*,#413,.T.);
#10531=CARTESIAN_POINT('',(-35.999946972,17.000003458,2.595809409));
#10532=DIRECTION('',(0.,0.,1.));
#10533=VECTOR('',#10532,1.2);
#10534=LINE('',#10531,#10533);
#10535=EDGE_CURVE('',#3553,#400,#10534,.T.);
#10536=ORIENTED_EDGE('',*,*,#10535,.F.);
#10537=ORIENTED_EDGE('',*,*,#3558,.F.);
#10538=EDGE_LOOP('',(#10529,#10530,#10536,#10537));
#10539=FACE_BOUND('',#10538,.T.);
#10540=ADVANCED_FACE('',(#10539),#10528,.F.);
#10541=CARTESIAN_POINT('',(-35.374954349,15.917482752,2.395809409));
#10542=DIRECTION('',(-0.86602575,-0.499999401,0.));
#10543=DIRECTION('',(0.499999401,-0.86602575,0.));
#10544=AXIS2_PLACEMENT_3D('',#10541,#10542,#10543);
#10545=PLANE('',#10544);
#10546=ORIENTED_EDGE('',*,*,#10535,.T.);
#10547=ORIENTED_EDGE('',*,*,#405,.T.);
#10548=CARTESIAN_POINT('',(-34.749961726,14.834962045,2.595809409));
#10549=DIRECTION('',(0.,0.,1.));
#10550=VECTOR('',#10549,1.2);
#10551=LINE('',#10548,#10550);
#10552=EDGE_CURVE('',#3519,#392,#10551,.T.);
#10553=ORIENTED_EDGE('',*,*,#10552,.F.);
#10554=ORIENTED_EDGE('',*,*,#3564,.F.);
#10555=EDGE_LOOP('',(#10546,#10547,#10553,#10554));
#10556=FACE_BOUND('',#10555,.T.);
#10557=ADVANCED_FACE('',(#10556),#10545,.F.);
#10558=CARTESIAN_POINT('',(-33.499974983,14.834961181,2.395809409));
#10559=DIRECTION('',(-0.000000692,-1.,0.));
#10560=DIRECTION('',(1.,-0.000000692,0.));
#10561=AXIS2_PLACEMENT_3D('',#10558,#10559,#10560);
#10562=PLANE('',#10561);
#10563=ORIENTED_EDGE('',*,*,#10552,.T.);
#10564=ORIENTED_EDGE('',*,*,#397,.T.);
#10565=ORIENTED_EDGE('',*,*,#10477,.F.);
#10566=ORIENTED_EDGE('',*,*,#3526,.F.);
#10567=EDGE_LOOP('',(#10563,#10564,#10565,#10566));
#10568=FACE_BOUND('',#10567,.T.);
#10569=ADVANCED_FACE('',(#10568),#10562,.F.);
#10570=CARTESIAN_POINT('',(-31.62499412,-18.082519842,2.395809409));
#10571=DIRECTION('',(0.866025058,-0.500000599,0.));
#10572=DIRECTION('',(0.500000599,0.866025058,0.));
#10573=AXIS2_PLACEMENT_3D('',#10570,#10571,#10572);
#10574=PLANE('',#10573);
#10575=CARTESIAN_POINT('',(-32.24998824,-19.165039683,2.595809409));
#10576=DIRECTION('',(0.,0.,1.));
#10577=VECTOR('',#10576,1.2);
#10578=LINE('',#10575,#10577);
#10579=EDGE_CURVE('',#3471,#332,#10578,.T.);
#10580=ORIENTED_EDGE('',*,*,#10579,.T.);
#10581=ORIENTED_EDGE('',*,*,#339,.T.);
#10582=CARTESIAN_POINT('',(-31.,-17.,2.595809409));
#10583=DIRECTION('',(0.,0.,1.));
#10584=VECTOR('',#10583,1.2);
#10585=LINE('',#10582,#10584);
#10586=EDGE_CURVE('',#3479,#334,#10585,.T.);
#10587=ORIENTED_EDGE('',*,*,#10586,.F.);
#10588=ORIENTED_EDGE('',*,*,#3484,.F.);
#10589=EDGE_LOOP('',(#10580,#10581,#10587,#10588));
#10590=FACE_BOUND('',#10589,.T.);
#10591=ADVANCED_FACE('',(#10590),#10574,.F.);
#10592=CARTESIAN_POINT('',(-31.624992623,-15.917479294,2.395809409));
#10593=DIRECTION('',(0.86602575,0.499999401,0.));
#10594=DIRECTION('',(-0.499999401,0.86602575,0.));
#10595=AXIS2_PLACEMENT_3D('',#10592,#10593,#10594);
#10596=PLANE('',#10595);
#10597=ORIENTED_EDGE('',*,*,#10586,.T.);
#10598=ORIENTED_EDGE('',*,*,#377,.T.);
#10599=CARTESIAN_POINT('',(-32.249985246,-14.834958588,2.595809409));
#10600=DIRECTION('',(0.,0.,1.));
#10601=VECTOR('',#10600,1.2);
#10602=LINE('',#10599,#10601);
#10603=EDGE_CURVE('',#3487,#366,#10602,.T.);
#10604=ORIENTED_EDGE('',*,*,#10603,.F.);
#10605=ORIENTED_EDGE('',*,*,#3492,.F.);
#10606=EDGE_LOOP('',(#10597,#10598,#10604,#10605));
#10607=FACE_BOUND('',#10606,.T.);
#10608=ADVANCED_FACE('',(#10607),#10596,.F.);
#10609=CARTESIAN_POINT('',(-33.499971989,-14.834957724,2.395809409));
#10610=DIRECTION('',(0.000000692,1.,0.));
#10611=DIRECTION('',(-1.,0.000000692,0.));
#10612=AXIS2_PLACEMENT_3D('',#10609,#10610,#10611);
#10613=PLANE('',#10612);
#10614=ORIENTED_EDGE('',*,*,#10603,.T.);
#10615=ORIENTED_EDGE('',*,*,#371,.T.);
#10616=CARTESIAN_POINT('',(-34.749958732,-14.834956859,2.595809409));
#10617=DIRECTION('',(0.,0.,1.));
#10618=VECTOR('',#10617,1.2);
#10619=LINE('',#10616,#10618);
#10620=EDGE_CURVE('',#3495,#358,#10619,.T.);
#10621=ORIENTED_EDGE('',*,*,#10620,.F.);
#10622=ORIENTED_EDGE('',*,*,#3500,.F.);
#10623=EDGE_LOOP('',(#10614,#10615,#10621,#10622));
#10624=FACE_BOUND('',#10623,.T.);
#10625=ADVANCED_FACE('',(#10624),#10613,.F.);
#10626=CARTESIAN_POINT('',(-35.374952852,-15.917476701,2.395809409));
#10627=DIRECTION('',(-0.866025058,0.500000599,0.));
#10628=DIRECTION('',(-0.500000599,-0.866025058,0.));
#10629=AXIS2_PLACEMENT_3D('',#10626,#10627,#10628);
#10630=PLANE('',#10629);
#10631=ORIENTED_EDGE('',*,*,#10620,.T.);
#10632=ORIENTED_EDGE('',*,*,#363,.T.);
#10633=CARTESIAN_POINT('',(-35.999946972,-16.999996542,2.595809409));
#10634=DIRECTION('',(0.,0.,1.));
#10635=VECTOR('',#10634,1.2);
#10636=LINE('',#10633,#10635);
#10637=EDGE_CURVE('',#3503,#350,#10636,.T.);
#10638=ORIENTED_EDGE('',*,*,#10637,.F.);
#10639=ORIENTED_EDGE('',*,*,#3508,.F.);
#10640=EDGE_LOOP('',(#10631,#10632,#10638,#10639));
#10641=FACE_BOUND('',#10640,.T.);
#10642=ADVANCED_FACE('',(#10641),#10630,.F.);
#10643=CARTESIAN_POINT('',(-35.374954349,-18.082517248,2.395809409));
#10644=DIRECTION('',(-0.86602575,-0.499999401,0.));
#10645=DIRECTION('',(0.499999401,-0.86602575,0.));
#10646=AXIS2_PLACEMENT_3D('',#10643,#10644,#10645);
#10647=PLANE('',#10646);
#10648=ORIENTED_EDGE('',*,*,#10637,.T.);
#10649=ORIENTED_EDGE('',*,*,#355,.T.);
#10650=CARTESIAN_POINT('',(-34.749961726,-19.165037955,2.595809409));
#10651=DIRECTION('',(0.,0.,1.));
#10652=VECTOR('',#10651,1.2);
#10653=LINE('',#10650,#10652);
#10654=EDGE_CURVE('',#3469,#342,#10653,.T.);
#10655=ORIENTED_EDGE('',*,*,#10654,.F.);
#10656=ORIENTED_EDGE('',*,*,#3514,.F.);
#10657=EDGE_LOOP('',(#10648,#10649,#10655,#10656));
#10658=FACE_BOUND('',#10657,.T.);
#10659=ADVANCED_FACE('',(#10658),#10647,.F.);
#10660=CARTESIAN_POINT('',(-33.499974983,-19.165038819,2.395809409));
#10661=DIRECTION('',(-0.000000692,-1.,0.));
#10662=DIRECTION('',(1.,-0.000000692,0.));
#10663=AXIS2_PLACEMENT_3D('',#10660,#10661,#10662);
#10664=PLANE('',#10663);
#10665=ORIENTED_EDGE('',*,*,#10654,.T.);
#10666=ORIENTED_EDGE('',*,*,#347,.T.);
#10667=ORIENTED_EDGE('',*,*,#10579,.F.);
#10668=ORIENTED_EDGE('',*,*,#3476,.F.);
#10669=EDGE_LOOP('',(#10665,#10666,#10667,#10668));
#10670=FACE_BOUND('',#10669,.T.);
#10671=ADVANCED_FACE('',(#10670),#10664,.F.);
#10672=CARTESIAN_POINT('',(89.37500588,-1.082519842,2.395809409));
#10673=DIRECTION('',(0.866025058,-0.500000599,0.));
#10674=DIRECTION('',(0.500000599,0.866025058,0.));
#10675=AXIS2_PLACEMENT_3D('',#10672,#10673,#10674);
#10676=PLANE('',#10675);
#10677=CARTESIAN_POINT('',(88.75001176,-2.165039683,2.595809409));
#10678=DIRECTION('',(0.,0.,1.));
#10679=VECTOR('',#10678,1.2);
#10680=LINE('',#10677,#10679);
#10681=EDGE_CURVE('',#3421,#282,#10680,.T.);
#10682=ORIENTED_EDGE('',*,*,#10681,.T.);
#10683=ORIENTED_EDGE('',*,*,#289,.T.);
#10684=CARTESIAN_POINT('',(90.,0.,2.595809409));
#10685=DIRECTION('',(0.,0.,1.));
#10686=VECTOR('',#10685,1.2);
#10687=LINE('',#10684,#10686);
#10688=EDGE_CURVE('',#3429,#284,#10687,.T.);
#10689=ORIENTED_EDGE('',*,*,#10688,.F.);
#10690=ORIENTED_EDGE('',*,*,#3434,.F.);
#10691=EDGE_LOOP('',(#10682,#10683,#10689,#10690));
#10692=FACE_BOUND('',#10691,.T.);
#10693=ADVANCED_FACE('',(#10692),#10676,.F.);
#10694=CARTESIAN_POINT('',(89.375007377,1.082520706,2.395809409));
#10695=DIRECTION('',(0.86602575,0.499999401,0.));
#10696=DIRECTION('',(-0.499999401,0.86602575,0.));
#10697=AXIS2_PLACEMENT_3D('',#10694,#10695,#10696);
#10698=PLANE('',#10697);
#10699=ORIENTED_EDGE('',*,*,#10688,.T.);
#10700=ORIENTED_EDGE('',*,*,#327,.T.);
#10701=CARTESIAN_POINT('',(88.750014754,2.165041412,2.595809409));
#10702=DIRECTION('',(0.,0.,1.));
#10703=VECTOR('',#10702,1.2);
#10704=LINE('',#10701,#10703);
#10705=EDGE_CURVE('',#3437,#316,#10704,.T.);
#10706=ORIENTED_EDGE('',*,*,#10705,.F.);
#10707=ORIENTED_EDGE('',*,*,#3442,.F.);
#10708=EDGE_LOOP('',(#10699,#10700,#10706,#10707));
#10709=FACE_BOUND('',#10708,.T.);
#10710=ADVANCED_FACE('',(#10709),#10698,.F.);
#10711=CARTESIAN_POINT('',(87.500028011,2.165042276,2.395809409));
#10712=DIRECTION('',(0.000000692,1.,0.));
#10713=DIRECTION('',(-1.,0.000000692,0.));
#10714=AXIS2_PLACEMENT_3D('',#10711,#10712,#10713);
#10715=PLANE('',#10714);
#10716=ORIENTED_EDGE('',*,*,#10705,.T.);
#10717=ORIENTED_EDGE('',*,*,#321,.T.);
#10718=CARTESIAN_POINT('',(86.250041268,2.165043141,2.595809409));
#10719=DIRECTION('',(0.,0.,1.));
#10720=VECTOR('',#10719,1.2);
#10721=LINE('',#10718,#10720);
#10722=EDGE_CURVE('',#3445,#308,#10721,.T.);
#10723=ORIENTED_EDGE('',*,*,#10722,.F.);
#10724=ORIENTED_EDGE('',*,*,#3450,.F.);
#10725=EDGE_LOOP('',(#10716,#10717,#10723,#10724));
#10726=FACE_BOUND('',#10725,.T.);
#10727=ADVANCED_FACE('',(#10726),#10715,.F.);
#10728=CARTESIAN_POINT('',(85.625047148,1.082523299,2.395809409));
#10729=DIRECTION('',(-0.866025058,0.500000599,0.));
#10730=DIRECTION('',(-0.500000599,-0.866025058,0.));
#10731=AXIS2_PLACEMENT_3D('',#10728,#10729,#10730);
#10732=PLANE('',#10731);
#10733=ORIENTED_EDGE('',*,*,#10722,.T.);
#10734=ORIENTED_EDGE('',*,*,#313,.T.);
#10735=CARTESIAN_POINT('',(85.000053028,0.000003458,2.595809409));
#10736=DIRECTION('',(0.,0.,1.));
#10737=VECTOR('',#10736,1.2);
#10738=LINE('',#10735,#10737);
#10739=EDGE_CURVE('',#3453,#300,#10738,.T.);
#10740=ORIENTED_EDGE('',*,*,#10739,.F.);
#10741=ORIENTED_EDGE('',*,*,#3458,.F.);
#10742=EDGE_LOOP('',(#10733,#10734,#10740,#10741));
#10743=FACE_BOUND('',#10742,.T.);
#10744=ADVANCED_FACE('',(#10743),#10732,.F.);
#10745=CARTESIAN_POINT('',(85.625045651,-1.082517248,2.395809409));
#10746=DIRECTION('',(-0.86602575,-0.499999401,0.));
#10747=DIRECTION('',(0.499999401,-0.86602575,0.));
#10748=AXIS2_PLACEMENT_3D('',#10745,#10746,#10747);
#10749=PLANE('',#10748);
#10750=ORIENTED_EDGE('',*,*,#10739,.T.);
#10751=ORIENTED_EDGE('',*,*,#305,.T.);
#10752=CARTESIAN_POINT('',(86.250038274,-2.165037955,2.595809409));
#10753=DIRECTION('',(0.,0.,1.));
#10754=VECTOR('',#10753,1.2);
#10755=LINE('',#10752,#10754);
#10756=EDGE_CURVE('',#3419,#292,#10755,.T.);
#10757=ORIENTED_EDGE('',*,*,#10756,.F.);
#10758=ORIENTED_EDGE('',*,*,#3464,.F.);
#10759=EDGE_LOOP('',(#10750,#10751,#10757,#10758));
#10760=FACE_BOUND('',#10759,.T.);
#10761=ADVANCED_FACE('',(#10760),#10749,.F.);
#10762=CARTESIAN_POINT('',(87.500025017,-2.165038819,2.395809409));
#10763=DIRECTION('',(-0.000000692,-1.,0.));
#10764=DIRECTION('',(1.,-0.000000692,0.));
#10765=AXIS2_PLACEMENT_3D('',#10762,#10763,#10764);
#10766=PLANE('',#10765);
#10767=ORIENTED_EDGE('',*,*,#10756,.T.);
#10768=ORIENTED_EDGE('',*,*,#297,.T.);
#10769=ORIENTED_EDGE('',*,*,#10681,.F.);
#10770=ORIENTED_EDGE('',*,*,#3426,.F.);
#10771=EDGE_LOOP('',(#10767,#10768,#10769,#10770));
#10772=FACE_BOUND('',#10771,.T.);
#10773=ADVANCED_FACE('',(#10772),#10766,.F.);
#10774=CARTESIAN_POINT('',(-85.62499412,15.917480158,2.395809409));
#10775=DIRECTION('',(0.866025058,-0.500000599,0.));
#10776=DIRECTION('',(0.500000599,0.866025058,0.));
#10777=AXIS2_PLACEMENT_3D('',#10774,#10775,#10776);
#10778=PLANE('',#10777);
#10779=CARTESIAN_POINT('',(-86.24998824,14.834960317,2.595809409));
#10780=DIRECTION('',(0.,0.,1.));
#10781=VECTOR('',#10780,1.2);
#10782=LINE('',#10779,#10781);
#10783=EDGE_CURVE('',#3371,#232,#10782,.T.);
#10784=ORIENTED_EDGE('',*,*,#10783,.T.);
#10785=ORIENTED_EDGE('',*,*,#239,.T.);
#10786=CARTESIAN_POINT('',(-85.,17.,2.595809409));
#10787=DIRECTION('',(0.,0.,1.));
#10788=VECTOR('',#10787,1.2);
#10789=LINE('',#10786,#10788);
#10790=EDGE_CURVE('',#3379,#234,#10789,.T.);
#10791=ORIENTED_EDGE('',*,*,#10790,.F.);
#10792=ORIENTED_EDGE('',*,*,#3384,.F.);
#10793=EDGE_LOOP('',(#10784,#10785,#10791,#10792));
#10794=FACE_BOUND('',#10793,.T.);
#10795=ADVANCED_FACE('',(#10794),#10778,.F.);
#10796=CARTESIAN_POINT('',(-85.624992623,18.082520706,2.395809409));
#10797=DIRECTION('',(0.86602575,0.499999401,0.));
#10798=DIRECTION('',(-0.499999401,0.86602575,0.));
#10799=AXIS2_PLACEMENT_3D('',#10796,#10797,#10798);
#10800=PLANE('',#10799);
#10801=ORIENTED_EDGE('',*,*,#10790,.T.);
#10802=ORIENTED_EDGE('',*,*,#277,.T.);
#10803=CARTESIAN_POINT('',(-86.249985246,19.165041412,2.595809409));
#10804=DIRECTION('',(0.,0.,1.));
#10805=VECTOR('',#10804,1.2);
#10806=LINE('',#10803,#10805);
#10807=EDGE_CURVE('',#3387,#266,#10806,.T.);
#10808=ORIENTED_EDGE('',*,*,#10807,.F.);
#10809=ORIENTED_EDGE('',*,*,#3392,.F.);
#10810=EDGE_LOOP('',(#10801,#10802,#10808,#10809));
#10811=FACE_BOUND('',#10810,.T.);
#10812=ADVANCED_FACE('',(#10811),#10800,.F.);
#10813=CARTESIAN_POINT('',(-87.499971989,19.165042276,2.395809409));
#10814=DIRECTION('',(0.000000692,1.,0.));
#10815=DIRECTION('',(-1.,0.000000692,0.));
#10816=AXIS2_PLACEMENT_3D('',#10813,#10814,#10815);
#10817=PLANE('',#10816);
#10818=ORIENTED_EDGE('',*,*,#10807,.T.);
#10819=ORIENTED_EDGE('',*,*,#271,.T.);
#10820=CARTESIAN_POINT('',(-88.749958732,19.165043141,2.595809409));
#10821=DIRECTION('',(0.,0.,1.));
#10822=VECTOR('',#10821,1.2);
#10823=LINE('',#10820,#10822);
#10824=EDGE_CURVE('',#3395,#258,#10823,.T.);
#10825=ORIENTED_EDGE('',*,*,#10824,.F.);
#10826=ORIENTED_EDGE('',*,*,#3400,.F.);
#10827=EDGE_LOOP('',(#10818,#10819,#10825,#10826));
#10828=FACE_BOUND('',#10827,.T.);
#10829=ADVANCED_FACE('',(#10828),#10817,.F.);
#10830=CARTESIAN_POINT('',(-89.374952852,18.082523299,2.395809409));
#10831=DIRECTION('',(-0.866025058,0.500000599,0.));
#10832=DIRECTION('',(-0.500000599,-0.866025058,0.));
#10833=AXIS2_PLACEMENT_3D('',#10830,#10831,#10832);
#10834=PLANE('',#10833);
#10835=ORIENTED_EDGE('',*,*,#10824,.T.);
#10836=ORIENTED_EDGE('',*,*,#263,.T.);
#10837=CARTESIAN_POINT('',(-89.999946972,17.000003458,2.595809409));
#10838=DIRECTION('',(0.,0.,1.));
#10839=VECTOR('',#10838,1.2);
#10840=LINE('',#10837,#10839);
#10841=EDGE_CURVE('',#3403,#250,#10840,.T.);
#10842=ORIENTED_EDGE('',*,*,#10841,.F.);
#10843=ORIENTED_EDGE('',*,*,#3408,.F.);
#10844=EDGE_LOOP('',(#10835,#10836,#10842,#10843));
#10845=FACE_BOUND('',#10844,.T.);
#10846=ADVANCED_FACE('',(#10845),#10834,.F.);
#10847=CARTESIAN_POINT('',(-89.374954349,15.917482752,2.395809409));
#10848=DIRECTION('',(-0.86602575,-0.499999401,0.));
#10849=DIRECTION('',(0.499999401,-0.86602575,0.));
#10850=AXIS2_PLACEMENT_3D('',#10847,#10848,#10849);
#10851=PLANE('',#10850);
#10852=ORIENTED_EDGE('',*,*,#10841,.T.);
#10853=ORIENTED_EDGE('',*,*,#255,.T.);
#10854=CARTESIAN_POINT('',(-88.749961726,14.834962045,2.595809409));
#10855=DIRECTION('',(0.,0.,1.));
#10856=VECTOR('',#10855,1.2);
#10857=LINE('',#10854,#10856);
#10858=EDGE_CURVE('',#3369,#242,#10857,.T.);
#10859=ORIENTED_EDGE('',*,*,#10858,.F.);
#10860=ORIENTED_EDGE('',*,*,#3414,.F.);
#10861=EDGE_LOOP('',(#10852,#10853,#10859,#10860));
#10862=FACE_BOUND('',#10861,.T.);
#10863=ADVANCED_FACE('',(#10862),#10851,.F.);
#10864=CARTESIAN_POINT('',(-87.499974983,14.834961181,2.395809409));
#10865=DIRECTION('',(-0.000000692,-1.,0.));
#10866=DIRECTION('',(1.,-0.000000692,0.));
#10867=AXIS2_PLACEMENT_3D('',#10864,#10865,#10866);
#10868=PLANE('',#10867);
#10869=ORIENTED_EDGE('',*,*,#10858,.T.);
#10870=ORIENTED_EDGE('',*,*,#247,.T.);
#10871=ORIENTED_EDGE('',*,*,#10783,.F.);
#10872=ORIENTED_EDGE('',*,*,#3376,.F.);
#10873=EDGE_LOOP('',(#10869,#10870,#10871,#10872));
#10874=FACE_BOUND('',#10873,.T.);
#10875=ADVANCED_FACE('',(#10874),#10868,.F.);
#10876=CARTESIAN_POINT('',(35.37500588,-18.082519842,2.395809409));
#10877=DIRECTION('',(0.866025058,-0.500000599,0.));
#10878=DIRECTION('',(0.500000599,0.866025058,0.));
#10879=AXIS2_PLACEMENT_3D('',#10876,#10877,#10878);
#10880=PLANE('',#10879);
#10881=CARTESIAN_POINT('',(34.75001176,-19.165039683,2.595809409));
#10882=DIRECTION('',(0.,0.,1.));
#10883=VECTOR('',#10882,1.2);
#10884=LINE('',#10881,#10883);
#10885=EDGE_CURVE('',#3321,#182,#10884,.T.);
#10886=ORIENTED_EDGE('',*,*,#10885,.T.);
#10887=ORIENTED_EDGE('',*,*,#189,.T.);
#10888=CARTESIAN_POINT('',(36.,-17.,2.595809409));
#10889=DIRECTION('',(0.,0.,1.));
#10890=VECTOR('',#10889,1.2);
#10891=LINE('',#10888,#10890);
#10892=EDGE_CURVE('',#3329,#184,#10891,.T.);
#10893=ORIENTED_EDGE('',*,*,#10892,.F.);
#10894=ORIENTED_EDGE('',*,*,#3334,.F.);
#10895=EDGE_LOOP('',(#10886,#10887,#10893,#10894));
#10896=FACE_BOUND('',#10895,.T.);
#10897=ADVANCED_FACE('',(#10896),#10880,.F.);
#10898=CARTESIAN_POINT('',(35.375007377,-15.917479294,2.395809409));
#10899=DIRECTION('',(0.86602575,0.499999401,0.));
#10900=DIRECTION('',(-0.499999401,0.86602575,0.));
#10901=AXIS2_PLACEMENT_3D('',#10898,#10899,#10900);
#10902=PLANE('',#10901);
#10903=ORIENTED_EDGE('',*,*,#10892,.T.);
#10904=ORIENTED_EDGE('',*,*,#227,.T.);
#10905=CARTESIAN_POINT('',(34.750014754,-14.834958588,2.595809409));
#10906=DIRECTION('',(0.,0.,1.));
#10907=VECTOR('',#10906,1.2);
#10908=LINE('',#10905,#10907);
#10909=EDGE_CURVE('',#3337,#216,#10908,.T.);
#10910=ORIENTED_EDGE('',*,*,#10909,.F.);
#10911=ORIENTED_EDGE('',*,*,#3342,.F.);
#10912=EDGE_LOOP('',(#10903,#10904,#10910,#10911));
#10913=FACE_BOUND('',#10912,.T.);
#10914=ADVANCED_FACE('',(#10913),#10902,.F.);
#10915=CARTESIAN_POINT('',(33.500028011,-14.834957724,2.395809409));
#10916=DIRECTION('',(0.000000692,1.,0.));
#10917=DIRECTION('',(-1.,0.000000692,0.));
#10918=AXIS2_PLACEMENT_3D('',#10915,#10916,#10917);
#10919=PLANE('',#10918);
#10920=ORIENTED_EDGE('',*,*,#10909,.T.);
#10921=ORIENTED_EDGE('',*,*,#221,.T.);
#10922=CARTESIAN_POINT('',(32.250041268,-14.834956859,2.595809409));
#10923=DIRECTION('',(0.,0.,1.));
#10924=VECTOR('',#10923,1.2);
#10925=LINE('',#10922,#10924);
#10926=EDGE_CURVE('',#3345,#208,#10925,.T.);
#10927=ORIENTED_EDGE('',*,*,#10926,.F.);
#10928=ORIENTED_EDGE('',*,*,#3350,.F.);
#10929=EDGE_LOOP('',(#10920,#10921,#10927,#10928));
#10930=FACE_BOUND('',#10929,.T.);
#10931=ADVANCED_FACE('',(#10930),#10919,.F.);
#10932=CARTESIAN_POINT('',(31.625047148,-15.917476701,2.395809409));
#10933=DIRECTION('',(-0.866025058,0.500000599,0.));
#10934=DIRECTION('',(-0.500000599,-0.866025058,0.));
#10935=AXIS2_PLACEMENT_3D('',#10932,#10933,#10934);
#10936=PLANE('',#10935);
#10937=ORIENTED_EDGE('',*,*,#10926,.T.);
#10938=ORIENTED_EDGE('',*,*,#213,.T.);
#10939=CARTESIAN_POINT('',(31.000053028,-16.999996542,2.595809409));
#10940=DIRECTION('',(0.,0.,1.));
#10941=VECTOR('',#10940,1.2);
#10942=LINE('',#10939,#10941);
#10943=EDGE_CURVE('',#3353,#200,#10942,.T.);
#10944=ORIENTED_EDGE('',*,*,#10943,.F.);
#10945=ORIENTED_EDGE('',*,*,#3358,.F.);
#10946=EDGE_LOOP('',(#10937,#10938,#10944,#10945));
#10947=FACE_BOUND('',#10946,.T.);
#10948=ADVANCED_FACE('',(#10947),#10936,.F.);
#10949=CARTESIAN_POINT('',(31.625045651,-18.082517248,2.395809409));
#10950=DIRECTION('',(-0.86602575,-0.499999401,0.));
#10951=DIRECTION('',(0.499999401,-0.86602575,0.));
#10952=AXIS2_PLACEMENT_3D('',#10949,#10950,#10951);
#10953=PLANE('',#10952);
#10954=ORIENTED_EDGE('',*,*,#10943,.T.);
#10955=ORIENTED_EDGE('',*,*,#205,.T.);
#10956=CARTESIAN_POINT('',(32.250038274,-19.165037955,2.595809409));
#10957=DIRECTION('',(0.,0.,1.));
#10958=VECTOR('',#10957,1.2);
#10959=LINE('',#10956,#10958);
#10960=EDGE_CURVE('',#3319,#192,#10959,.T.);
#10961=ORIENTED_EDGE('',*,*,#10960,.F.);
#10962=ORIENTED_EDGE('',*,*,#3364,.F.);
#10963=EDGE_LOOP('',(#10954,#10955,#10961,#10962));
#10964=FACE_BOUND('',#10963,.T.);
#10965=ADVANCED_FACE('',(#10964),#10953,.F.);
#10966=CARTESIAN_POINT('',(33.500025017,-19.165038819,2.395809409));
#10967=DIRECTION('',(-0.000000692,-1.,0.));
#10968=DIRECTION('',(1.,-0.000000692,0.));
#10969=AXIS2_PLACEMENT_3D('',#10966,#10967,#10968);
#10970=PLANE('',#10969);
#10971=ORIENTED_EDGE('',*,*,#10960,.T.);
#10972=ORIENTED_EDGE('',*,*,#197,.T.);
#10973=ORIENTED_EDGE('',*,*,#10885,.F.);
#10974=ORIENTED_EDGE('',*,*,#3326,.F.);
#10975=EDGE_LOOP('',(#10971,#10972,#10973,#10974));
#10976=FACE_BOUND('',#10975,.T.);
#10977=ADVANCED_FACE('',(#10976),#10970,.F.);
#10978=CARTESIAN_POINT('',(-85.62499412,-1.082519842,2.395809409));
#10979=DIRECTION('',(0.866025058,-0.500000599,0.));
#10980=DIRECTION('',(0.500000599,0.866025058,0.));
#10981=AXIS2_PLACEMENT_3D('',#10978,#10979,#10980);
#10982=PLANE('',#10981);
#10983=CARTESIAN_POINT('',(-86.24998824,-2.165039683,2.595809409));
#10984=DIRECTION('',(0.,0.,1.));
#10985=VECTOR('',#10984,1.2);
#10986=LINE('',#10983,#10985);
#10987=EDGE_CURVE('',#3271,#132,#10986,.T.);
#10988=ORIENTED_EDGE('',*,*,#10987,.T.);
#10989=ORIENTED_EDGE('',*,*,#139,.T.);
#10990=CARTESIAN_POINT('',(-85.,0.,2.595809409));
#10991=DIRECTION('',(0.,0.,1.));
#10992=VECTOR('',#10991,1.2);
#10993=LINE('',#10990,#10992);
#10994=EDGE_CURVE('',#3279,#134,#10993,.T.);
#10995=ORIENTED_EDGE('',*,*,#10994,.F.);
#10996=ORIENTED_EDGE('',*,*,#3284,.F.);
#10997=EDGE_LOOP('',(#10988,#10989,#10995,#10996));
#10998=FACE_BOUND('',#10997,.T.);
#10999=ADVANCED_FACE('',(#10998),#10982,.F.);
#11000=CARTESIAN_POINT('',(-85.624992623,1.082520706,2.395809409));
#11001=DIRECTION('',(0.86602575,0.499999401,0.));
#11002=DIRECTION('',(-0.499999401,0.86602575,0.));
#11003=AXIS2_PLACEMENT_3D('',#11000,#11001,#11002);
#11004=PLANE('',#11003);
#11005=ORIENTED_EDGE('',*,*,#10994,.T.);
#11006=ORIENTED_EDGE('',*,*,#177,.T.);
#11007=CARTESIAN_POINT('',(-86.249985246,2.165041412,2.595809409));
#11008=DIRECTION('',(0.,0.,1.));
#11009=VECTOR('',#11008,1.2);
#11010=LINE('',#11007,#11009);
#11011=EDGE_CURVE('',#3287,#166,#11010,.T.);
#11012=ORIENTED_EDGE('',*,*,#11011,.F.);
#11013=ORIENTED_EDGE('',*,*,#3292,.F.);
#11014=EDGE_LOOP('',(#11005,#11006,#11012,#11013));
#11015=FACE_BOUND('',#11014,.T.);
#11016=ADVANCED_FACE('',(#11015),#11004,.F.);
#11017=CARTESIAN_POINT('',(-87.499971989,2.165042276,2.395809409));
#11018=DIRECTION('',(0.000000692,1.,0.));
#11019=DIRECTION('',(-1.,0.000000692,0.));
#11020=AXIS2_PLACEMENT_3D('',#11017,#11018,#11019);
#11021=PLANE('',#11020);
#11022=ORIENTED_EDGE('',*,*,#11011,.T.);
#11023=ORIENTED_EDGE('',*,*,#171,.T.);
#11024=CARTESIAN_POINT('',(-88.749958732,2.165043141,2.595809409));
#11025=DIRECTION('',(0.,0.,1.));
#11026=VECTOR('',#11025,1.2);
#11027=LINE('',#11024,#11026);
#11028=EDGE_CURVE('',#3295,#158,#11027,.T.);
#11029=ORIENTED_EDGE('',*,*,#11028,.F.);
#11030=ORIENTED_EDGE('',*,*,#3300,.F.);
#11031=EDGE_LOOP('',(#11022,#11023,#11029,#11030));
#11032=FACE_BOUND('',#11031,.T.);
#11033=ADVANCED_FACE('',(#11032),#11021,.F.);
#11034=CARTESIAN_POINT('',(-89.374952852,1.082523299,2.395809409));
#11035=DIRECTION('',(-0.866025058,0.500000599,0.));
#11036=DIRECTION('',(-0.500000599,-0.866025058,0.));
#11037=AXIS2_PLACEMENT_3D('',#11034,#11035,#11036);
#11038=PLANE('',#11037);
#11039=ORIENTED_EDGE('',*,*,#11028,.T.);
#11040=ORIENTED_EDGE('',*,*,#163,.T.);
#11041=CARTESIAN_POINT('',(-89.999946972,0.000003458,2.595809409));
#11042=DIRECTION('',(0.,0.,1.));
#11043=VECTOR('',#11042,1.2);
#11044=LINE('',#11041,#11043);
#11045=EDGE_CURVE('',#3303,#150,#11044,.T.);
#11046=ORIENTED_EDGE('',*,*,#11045,.F.);
#11047=ORIENTED_EDGE('',*,*,#3308,.F.);
#11048=EDGE_LOOP('',(#11039,#11040,#11046,#11047));
#11049=FACE_BOUND('',#11048,.T.);
#11050=ADVANCED_FACE('',(#11049),#11038,.F.);
#11051=CARTESIAN_POINT('',(-89.374954349,-1.082517248,2.395809409));
#11052=DIRECTION('',(-0.86602575,-0.499999401,0.));
#11053=DIRECTION('',(0.499999401,-0.86602575,0.));
#11054=AXIS2_PLACEMENT_3D('',#11051,#11052,#11053);
#11055=PLANE('',#11054);
#11056=ORIENTED_EDGE('',*,*,#11045,.T.);
#11057=ORIENTED_EDGE('',*,*,#155,.T.);
#11058=CARTESIAN_POINT('',(-88.749961726,-2.165037955,2.595809409));
#11059=DIRECTION('',(0.,0.,1.));
#11060=VECTOR('',#11059,1.2);
#11061=LINE('',#11058,#11060);
#11062=EDGE_CURVE('',#3269,#142,#11061,.T.);
#11063=ORIENTED_EDGE('',*,*,#11062,.F.);
#11064=ORIENTED_EDGE('',*,*,#3314,.F.);
#11065=EDGE_LOOP('',(#11056,#11057,#11063,#11064));
#11066=FACE_BOUND('',#11065,.T.);
#11067=ADVANCED_FACE('',(#11066),#11055,.F.);
#11068=CARTESIAN_POINT('',(-87.499974983,-2.165038819,2.395809409));
#11069=DIRECTION('',(-0.000000692,-1.,0.));
#11070=DIRECTION('',(1.,-0.000000692,0.));
#11071=AXIS2_PLACEMENT_3D('',#11068,#11069,#11070);
#11072=PLANE('',#11071);
#11073=ORIENTED_EDGE('',*,*,#11062,.T.);
#11074=ORIENTED_EDGE('',*,*,#147,.T.);
#11075=ORIENTED_EDGE('',*,*,#10987,.F.);
#11076=ORIENTED_EDGE('',*,*,#3276,.F.);
#11077=EDGE_LOOP('',(#11073,#11074,#11075,#11076));
#11078=FACE_BOUND('',#11077,.T.);
#11079=ADVANCED_FACE('',(#11078),#11072,.F.);
#11080=CARTESIAN_POINT('',(89.37500588,15.917480158,2.395809409));
#11081=DIRECTION('',(0.866025058,-0.500000599,0.));
#11082=DIRECTION('',(0.500000599,0.866025058,0.));
#11083=AXIS2_PLACEMENT_3D('',#11080,#11081,#11082);
#11084=PLANE('',#11083);
#11085=CARTESIAN_POINT('',(88.75001176,14.834960317,2.595809409));
#11086=DIRECTION('',(0.,0.,1.));
#11087=VECTOR('',#11086,1.2);
#11088=LINE('',#11085,#11087);
#11089=EDGE_CURVE('',#3221,#82,#11088,.T.);
#11090=ORIENTED_EDGE('',*,*,#11089,.T.);
#11091=ORIENTED_EDGE('',*,*,#89,.T.);
#11092=CARTESIAN_POINT('',(90.,17.,2.595809409));
#11093=DIRECTION('',(0.,0.,1.));
#11094=VECTOR('',#11093,1.2);
#11095=LINE('',#11092,#11094);
#11096=EDGE_CURVE('',#3229,#84,#11095,.T.);
#11097=ORIENTED_EDGE('',*,*,#11096,.F.);
#11098=ORIENTED_EDGE('',*,*,#3234,.F.);
#11099=EDGE_LOOP('',(#11090,#11091,#11097,#11098));
#11100=FACE_BOUND('',#11099,.T.);
#11101=ADVANCED_FACE('',(#11100),#11084,.F.);
#11102=CARTESIAN_POINT('',(89.375007377,18.082520706,2.395809409));
#11103=DIRECTION('',(0.86602575,0.499999401,0.));
#11104=DIRECTION('',(-0.499999401,0.86602575,0.));
#11105=AXIS2_PLACEMENT_3D('',#11102,#11103,#11104);
#11106=PLANE('',#11105);
#11107=ORIENTED_EDGE('',*,*,#11096,.T.);
#11108=ORIENTED_EDGE('',*,*,#127,.T.);
#11109=CARTESIAN_POINT('',(88.750014754,19.165041412,2.595809409));
#11110=DIRECTION('',(0.,0.,1.));
#11111=VECTOR('',#11110,1.2);
#11112=LINE('',#11109,#11111);
#11113=EDGE_CURVE('',#3237,#116,#11112,.T.);
#11114=ORIENTED_EDGE('',*,*,#11113,.F.);
#11115=ORIENTED_EDGE('',*,*,#3242,.F.);
#11116=EDGE_LOOP('',(#11107,#11108,#11114,#11115));
#11117=FACE_BOUND('',#11116,.T.);
#11118=ADVANCED_FACE('',(#11117),#11106,.F.);
#11119=CARTESIAN_POINT('',(87.500028011,19.165042276,2.395809409));
#11120=DIRECTION('',(0.000000692,1.,0.));
#11121=DIRECTION('',(-1.,0.000000692,0.));
#11122=AXIS2_PLACEMENT_3D('',#11119,#11120,#11121);
#11123=PLANE('',#11122);
#11124=ORIENTED_EDGE('',*,*,#11113,.T.);
#11125=ORIENTED_EDGE('',*,*,#121,.T.);
#11126=CARTESIAN_POINT('',(86.250041268,19.165043141,2.595809409));
#11127=DIRECTION('',(0.,0.,1.));
#11128=VECTOR('',#11127,1.2);
#11129=LINE('',#11126,#11128);
#11130=EDGE_CURVE('',#3245,#108,#11129,.T.);
#11131=ORIENTED_EDGE('',*,*,#11130,.F.);
#11132=ORIENTED_EDGE('',*,*,#3250,.F.);
#11133=EDGE_LOOP('',(#11124,#11125,#11131,#11132));
#11134=FACE_BOUND('',#11133,.T.);
#11135=ADVANCED_FACE('',(#11134),#11123,.F.);
#11136=CARTESIAN_POINT('',(85.625047148,18.082523299,2.395809409));
#11137=DIRECTION('',(-0.866025058,0.500000599,0.));
#11138=DIRECTION('',(-0.500000599,-0.866025058,0.));
#11139=AXIS2_PLACEMENT_3D('',#11136,#11137,#11138);
#11140=PLANE('',#11139);
#11141=ORIENTED_EDGE('',*,*,#11130,.T.);
#11142=ORIENTED_EDGE('',*,*,#113,.T.);
#11143=CARTESIAN_POINT('',(85.000053028,17.000003458,2.595809409));
#11144=DIRECTION('',(0.,0.,1.));
#11145=VECTOR('',#11144,1.2);
#11146=LINE('',#11143,#11145);
#11147=EDGE_CURVE('',#3253,#100,#11146,.T.);
#11148=ORIENTED_EDGE('',*,*,#11147,.F.);
#11149=ORIENTED_EDGE('',*,*,#3258,.F.);
#11150=EDGE_LOOP('',(#11141,#11142,#11148,#11149));
#11151=FACE_BOUND('',#11150,.T.);
#11152=ADVANCED_FACE('',(#11151),#11140,.F.);
#11153=CARTESIAN_POINT('',(85.625045651,15.917482752,2.395809409));
#11154=DIRECTION('',(-0.86602575,-0.499999401,0.));
#11155=DIRECTION('',(0.499999401,-0.86602575,0.));
#11156=AXIS2_PLACEMENT_3D('',#11153,#11154,#11155);
#11157=PLANE('',#11156);
#11158=ORIENTED_EDGE('',*,*,#11147,.T.);
#11159=ORIENTED_EDGE('',*,*,#105,.T.);
#11160=CARTESIAN_POINT('',(86.250038274,14.834962045,2.595809409));
#11161=DIRECTION('',(0.,0.,1.));
#11162=VECTOR('',#11161,1.2);
#11163=LINE('',#11160,#11162);
#11164=EDGE_CURVE('',#3219,#92,#11163,.T.);
#11165=ORIENTED_EDGE('',*,*,#11164,.F.);
#11166=ORIENTED_EDGE('',*,*,#3264,.F.);
#11167=EDGE_LOOP('',(#11158,#11159,#11165,#11166));
#11168=FACE_BOUND('',#11167,.T.);
#11169=ADVANCED_FACE('',(#11168),#11157,.F.);
#11170=CARTESIAN_POINT('',(87.500025017,14.834961181,2.395809409));
#11171=DIRECTION('',(-0.000000692,-1.,0.));
#11172=DIRECTION('',(1.,-0.000000692,0.));
#11173=AXIS2_PLACEMENT_3D('',#11170,#11171,#11172);
#11174=PLANE('',#11173);
#11175=ORIENTED_EDGE('',*,*,#11164,.T.);
#11176=ORIENTED_EDGE('',*,*,#97,.T.);
#11177=ORIENTED_EDGE('',*,*,#11089,.F.);
#11178=ORIENTED_EDGE('',*,*,#3226,.F.);
#11179=EDGE_LOOP('',(#11175,#11176,#11177,#11178));
#11180=FACE_BOUND('',#11179,.T.);
#11181=ADVANCED_FACE('',(#11180),#11174,.F.);
#11182=CARTESIAN_POINT('',(36.500026514,-2.499998271,3.795809409));
#11183=DIRECTION('',(0.,0.,1.));
#11184=DIRECTION('',(1.,0.,-0.));
#11185=AXIS2_PLACEMENT_3D('',#11182,#11183,#11184);
#11186=CYLINDRICAL_SURFACE('',#11185,1.);
#11187=ORIENTED_EDGE('',*,*,#2459,.F.);
#11188=ORIENTED_EDGE('',*,*,#9337,.F.);
#11189=ORIENTED_EDGE('',*,*,#5245,.F.);
#11190=ORIENTED_EDGE('',*,*,#7113,.F.);
#11191=EDGE_LOOP('',(#11187,#11188,#11189,#11190));
#11192=FACE_BOUND('',#11191,.T.);
#11193=ADVANCED_FACE('',(#11192),#11186,.F.);
#11194=CARTESIAN_POINT('',(36.500026514,-19.499998271,3.795809409));
#11195=DIRECTION('',(0.,0.,1.));
#11196=DIRECTION('',(1.,0.,-0.));
#11197=AXIS2_PLACEMENT_3D('',#11194,#11195,#11196);
#11198=CYLINDRICAL_SURFACE('',#11197,1.);
#11199=ORIENTED_EDGE('',*,*,#2389,.F.);
#11200=ORIENTED_EDGE('',*,*,#9359,.F.);
#11201=ORIENTED_EDGE('',*,*,#5175,.F.);
#11202=ORIENTED_EDGE('',*,*,#7179,.F.);
#11203=EDGE_LOOP('',(#11199,#11200,#11201,#11202));
#11204=FACE_BOUND('',#11203,.T.);
#11205=ADVANCED_FACE('',(#11204),#11198,.F.);
#11206=CARTESIAN_POINT('',(-48.499973486,19.500001729,3.795809409));
#11207=DIRECTION('',(0.,0.,1.));
#11208=DIRECTION('',(1.,0.,-0.));
#11209=AXIS2_PLACEMENT_3D('',#11206,#11207,#11208);
#11210=CYLINDRICAL_SURFACE('',#11209,1.);
#11211=ORIENTED_EDGE('',*,*,#2088,.F.);
#11212=ORIENTED_EDGE('',*,*,#7553,.F.);
#11213=ORIENTED_EDGE('',*,*,#4842,.F.);
#11214=ORIENTED_EDGE('',*,*,#9469,.F.);
#11215=EDGE_LOOP('',(#11211,#11212,#11213,#11214));
#11216=FACE_BOUND('',#11215,.T.);
#11217=ADVANCED_FACE('',(#11216),#11210,.F.);
#11218=CARTESIAN_POINT('',(102.500026514,19.500001729,3.795809409));
#11219=DIRECTION('',(0.,0.,1.));
#11220=DIRECTION('',(1.,0.,-0.));
#11221=AXIS2_PLACEMENT_3D('',#11218,#11219,#11220);
#11222=CYLINDRICAL_SURFACE('',#11221,1.);
#11223=ORIENTED_EDGE('',*,*,#1513,.F.);
#11224=ORIENTED_EDGE('',*,*,#8059,.F.);
#11225=ORIENTED_EDGE('',*,*,#4299,.F.);
#11226=ORIENTED_EDGE('',*,*,#8081,.F.);
#11227=EDGE_LOOP('',(#11223,#11224,#11225,#11226));
#11228=FACE_BOUND('',#11227,.T.);
#11229=ADVANCED_FACE('',(#11228),#11222,.F.);
#11230=CARTESIAN_POINT('',(-30.499973486,19.500001729,3.795809409));
#11231=DIRECTION('',(0.,0.,1.));
#11232=DIRECTION('',(1.,0.,-0.));
#11233=AXIS2_PLACEMENT_3D('',#11230,#11231,#11232);
#11234=CYLINDRICAL_SURFACE('',#11233,1.);
#11235=ORIENTED_EDGE('',*,*,#2228,.F.);
#11236=ORIENTED_EDGE('',*,*,#7421,.F.);
#11237=ORIENTED_EDGE('',*,*,#4982,.F.);
#11238=ORIENTED_EDGE('',*,*,#9425,.F.);
#11239=EDGE_LOOP('',(#11235,#11236,#11237,#11238));
#11240=FACE_BOUND('',#11239,.T.);
#11241=ADVANCED_FACE('',(#11240),#11234,.F.);
#11242=CARTESIAN_POINT('',(-72.499973486,14.500001729,3.795809409));
#11243=DIRECTION('',(0.,0.,1.));
#11244=DIRECTION('',(1.,0.,-0.));
#11245=AXIS2_PLACEMENT_3D('',#11242,#11243,#11244);
#11246=CYLINDRICAL_SURFACE('',#11245,1.);
#11247=ORIENTED_EDGE('',*,*,#1706,.F.);
#11248=ORIENTED_EDGE('',*,*,#7839,.F.);
#11249=ORIENTED_EDGE('',*,*,#4524,.F.);
#11250=ORIENTED_EDGE('',*,*,#7861,.F.);
#11251=EDGE_LOOP('',(#11247,#11248,#11249,#11250));
#11252=FACE_BOUND('',#11251,.T.);
#11253=ADVANCED_FACE('',(#11252),#11246,.F.);
#11254=CARTESIAN_POINT('',(36.500026514,2.500001729,3.795809409));
#11255=DIRECTION('',(0.,0.,1.));
#11256=DIRECTION('',(1.,0.,-0.));
#11257=AXIS2_PLACEMENT_3D('',#11254,#11255,#11256);
#11258=CYLINDRICAL_SURFACE('',#11257,1.);
#11259=ORIENTED_EDGE('',*,*,#1038,.F.);
#11260=ORIENTED_EDGE('',*,*,#8543,.F.);
#11261=ORIENTED_EDGE('',*,*,#3792,.F.);
#11262=ORIENTED_EDGE('',*,*,#9799,.F.);
#11263=EDGE_LOOP('',(#11259,#11260,#11261,#11262));
#11264=FACE_BOUND('',#11263,.T.);
#11265=ADVANCED_FACE('',(#11264),#11258,.F.);
#11266=CARTESIAN_POINT('',(-66.499973486,14.500001729,3.795809409));
#11267=DIRECTION('',(0.,0.,1.));
#11268=DIRECTION('',(1.,0.,-0.));
#11269=AXIS2_PLACEMENT_3D('',#11266,#11267,#11268);
#11270=CYLINDRICAL_SURFACE('',#11269,1.);
#11271=ORIENTED_EDGE('',*,*,#1829,.F.);
#11272=ORIENTED_EDGE('',*,*,#9535,.F.);
#11273=ORIENTED_EDGE('',*,*,#4615,.F.);
#11274=ORIENTED_EDGE('',*,*,#7707,.F.);
#11275=EDGE_LOOP('',(#11271,#11272,#11273,#11274));
#11276=FACE_BOUND('',#11275,.T.);
#11277=ADVANCED_FACE('',(#11276),#11270,.F.);
#11278=CARTESIAN_POINT('',(-72.499973486,-2.499998271,3.795809409));
#11279=DIRECTION('',(0.,0.,1.));
#11280=DIRECTION('',(1.,0.,-0.));
#11281=AXIS2_PLACEMENT_3D('',#11278,#11279,#11280);
#11282=CYLINDRICAL_SURFACE('',#11281,1.);
#11283=ORIENTED_EDGE('',*,*,#2826,.F.);
#11284=ORIENTED_EDGE('',*,*,#6783,.F.);
#11285=ORIENTED_EDGE('',*,*,#5644,.F.);
#11286=ORIENTED_EDGE('',*,*,#6805,.F.);
#11287=EDGE_LOOP('',(#11283,#11284,#11285,#11286));
#11288=FACE_BOUND('',#11287,.T.);
#11289=ADVANCED_FACE('',(#11288),#11282,.F.);
#11290=CARTESIAN_POINT('',(-102.499973486,2.500001729,3.795809409));
#11291=DIRECTION('',(0.,0.,1.));
#11292=DIRECTION('',(1.,0.,-0.));
#11293=AXIS2_PLACEMENT_3D('',#11290,#11291,#11292);
#11294=CYLINDRICAL_SURFACE('',#11293,1.);
#11295=ORIENTED_EDGE('',*,*,#1598,.F.);
#11296=ORIENTED_EDGE('',*,*,#8015,.F.);
#11297=ORIENTED_EDGE('',*,*,#4352,.F.);
#11298=ORIENTED_EDGE('',*,*,#9623,.F.);
#11299=EDGE_LOOP('',(#11295,#11296,#11297,#11298));
#11300=FACE_BOUND('',#11299,.T.);
#11301=ADVANCED_FACE('',(#11300),#11294,.F.);
#11302=CARTESIAN_POINT('',(90.500026514,14.500001729,3.795809409));
#11303=DIRECTION('',(0.,0.,1.));
#11304=DIRECTION('',(1.,0.,-0.));
#11305=AXIS2_PLACEMENT_3D('',#11302,#11303,#11304);
#11306=CYLINDRICAL_SURFACE('',#11305,1.);
#11307=ORIENTED_EDGE('',*,*,#1409,.F.);
#11308=ORIENTED_EDGE('',*,*,#9667,.F.);
#11309=ORIENTED_EDGE('',*,*,#4195,.F.);
#11310=ORIENTED_EDGE('',*,*,#8103,.F.);
#11311=EDGE_LOOP('',(#11307,#11308,#11309,#11310));
#11312=FACE_BOUND('',#11311,.T.);
#11313=ADVANCED_FACE('',(#11312),#11306,.F.);
#11314=CARTESIAN_POINT('',(-84.499973486,2.500001729,3.795809409));
#11315=DIRECTION('',(0.,0.,1.));
#11316=DIRECTION('',(1.,0.,-0.));
#11317=AXIS2_PLACEMENT_3D('',#11314,#11315,#11316);
#11318=CYLINDRICAL_SURFACE('',#11317,1.);
#11319=ORIENTED_EDGE('',*,*,#1738,.F.);
#11320=ORIENTED_EDGE('',*,*,#7883,.F.);
#11321=ORIENTED_EDGE('',*,*,#4492,.F.);
#11322=ORIENTED_EDGE('',*,*,#9579,.F.);
#11323=EDGE_LOOP('',(#11319,#11320,#11321,#11322));
#11324=FACE_BOUND('',#11323,.T.);
#11325=ADVANCED_FACE('',(#11324),#11318,.F.);
#11326=CARTESIAN_POINT('',(-54.499973486,-2.499998271,3.795809409));
#11327=DIRECTION('',(0.,0.,1.));
#11328=DIRECTION('',(1.,0.,-0.));
#11329=AXIS2_PLACEMENT_3D('',#11326,#11327,#11328);
#11330=CYLINDRICAL_SURFACE('',#11329,1.);
#11331=ORIENTED_EDGE('',*,*,#2896,.F.);
#11332=ORIENTED_EDGE('',*,*,#6717,.F.);
#11333=ORIENTED_EDGE('',*,*,#5714,.F.);
#11334=ORIENTED_EDGE('',*,*,#6739,.F.);
#11335=EDGE_LOOP('',(#11331,#11332,#11333,#11334));
#11336=FACE_BOUND('',#11335,.T.);
#11337=ADVANCED_FACE('',(#11336),#11330,.F.);
#11338=CARTESIAN_POINT('',(-72.499973486,19.500001729,3.795809409));
#11339=DIRECTION('',(0.,0.,1.));
#11340=DIRECTION('',(1.,0.,-0.));
#11341=AXIS2_PLACEMENT_3D('',#11338,#11339,#11340);
#11342=CYLINDRICAL_SURFACE('',#11341,1.);
#11343=ORIENTED_EDGE('',*,*,#1793,.F.);
#11344=ORIENTED_EDGE('',*,*,#7795,.F.);
#11345=ORIENTED_EDGE('',*,*,#4579,.F.);
#11346=ORIENTED_EDGE('',*,*,#7817,.F.);
#11347=EDGE_LOOP('',(#11343,#11344,#11345,#11346));
#11348=FACE_BOUND('',#11347,.T.);
#11349=ADVANCED_FACE('',(#11348),#11342,.F.);
#11350=CARTESIAN_POINT('',(-18.499973486,-19.499998271,3.795809409));
#11351=DIRECTION('',(0.,0.,1.));
#11352=DIRECTION('',(1.,0.,-0.));
#11353=AXIS2_PLACEMENT_3D('',#11350,#11351,#11352);
#11354=CYLINDRICAL_SURFACE('',#11353,1.);
#11355=ORIENTED_EDGE('',*,*,#3106,.F.);
#11356=ORIENTED_EDGE('',*,*,#6519,.F.);
#11357=ORIENTED_EDGE('',*,*,#5924,.F.);
#11358=ORIENTED_EDGE('',*,*,#6541,.F.);
#11359=EDGE_LOOP('',(#11355,#11356,#11357,#11358));
#11360=FACE_BOUND('',#11359,.T.);
#11361=ADVANCED_FACE('',(#11360),#11354,.F.);
#11362=CARTESIAN_POINT('',(30.500026514,-31.499998271,3.795809409));
#11363=DIRECTION('',(0.,0.,1.));
#11364=DIRECTION('',(1.,0.,-0.));
#11365=AXIS2_PLACEMENT_3D('',#11362,#11363,#11364);
#11366=CYLINDRICAL_SURFACE('',#11365,1.);
#11367=ORIENTED_EDGE('',*,*,#2283,.F.);
#11368=ORIENTED_EDGE('',*,*,#7333,.F.);
#11369=ORIENTED_EDGE('',*,*,#5069,.F.);
#11370=ORIENTED_EDGE('',*,*,#7355,.F.);
#11371=EDGE_LOOP('',(#11367,#11368,#11369,#11370));
#11372=FACE_BOUND('',#11371,.T.);
#11373=ADVANCED_FACE('',(#11372),#11366,.F.);
#11374=CARTESIAN_POINT('',(-54.499973486,14.500001729,3.795809409));
#11375=DIRECTION('',(0.,0.,1.));
#11376=DIRECTION('',(1.,0.,-0.));
#11377=AXIS2_PLACEMENT_3D('',#11374,#11375,#11376);
#11378=CYLINDRICAL_SURFACE('',#11377,1.);
#11379=ORIENTED_EDGE('',*,*,#1846,.F.);
#11380=ORIENTED_EDGE('',*,*,#7714,.F.);
#11381=ORIENTED_EDGE('',*,*,#4664,.F.);
#11382=ORIENTED_EDGE('',*,*,#7729,.F.);
#11383=EDGE_LOOP('',(#11379,#11380,#11381,#11382));
#11384=FACE_BOUND('',#11383,.T.);
#11385=ADVANCED_FACE('',(#11384),#11378,.F.);
#11386=CARTESIAN_POINT('',(66.500026514,19.500001729,3.795809409));
#11387=DIRECTION('',(0.,0.,1.));
#11388=DIRECTION('',(1.,0.,-0.));
#11389=AXIS2_PLACEMENT_3D('',#11386,#11387,#11388);
#11390=CYLINDRICAL_SURFACE('',#11389,1.);
#11391=ORIENTED_EDGE('',*,*,#1233,.F.);
#11392=ORIENTED_EDGE('',*,*,#8323,.F.);
#11393=ORIENTED_EDGE('',*,*,#4019,.F.);
#11394=ORIENTED_EDGE('',*,*,#8345,.F.);
#11395=EDGE_LOOP('',(#11391,#11392,#11393,#11394));
#11396=FACE_BOUND('',#11395,.T.);
#11397=ADVANCED_FACE('',(#11396),#11390,.F.);
#11398=CARTESIAN_POINT('',(54.500026514,31.500001729,3.795809409));
#11399=DIRECTION('',(0.,0.,1.));
#11400=DIRECTION('',(1.,0.,-0.));
#11401=AXIS2_PLACEMENT_3D('',#11398,#11399,#11400);
#11402=CYLINDRICAL_SURFACE('',#11401,1.);
#11403=ORIENTED_EDGE('',*,*,#1199,.F.);
#11404=ORIENTED_EDGE('',*,*,#9733,.F.);
#11405=ORIENTED_EDGE('',*,*,#3985,.F.);
#11406=ORIENTED_EDGE('',*,*,#8301,.F.);
#11407=EDGE_LOOP('',(#11403,#11404,#11405,#11406));
#11408=FACE_BOUND('',#11407,.T.);
#11409=ADVANCED_FACE('',(#11408),#11402,.F.);
#11410=CARTESIAN_POINT('',(30.500026514,-19.499998271,3.795809409));
#11411=DIRECTION('',(0.,0.,1.));
#11412=DIRECTION('',(1.,0.,-0.));
#11413=AXIS2_PLACEMENT_3D('',#11410,#11411,#11412);
#11414=CYLINDRICAL_SURFACE('',#11413,1.);
#11415=ORIENTED_EDGE('',*,*,#2266,.F.);
#11416=ORIENTED_EDGE('',*,*,#7311,.F.);
#11417=ORIENTED_EDGE('',*,*,#5084,.F.);
#11418=ORIENTED_EDGE('',*,*,#7340,.F.);
#11419=EDGE_LOOP('',(#11415,#11416,#11417,#11418));
#11420=FACE_BOUND('',#11419,.T.);
#11421=ADVANCED_FACE('',(#11420),#11414,.F.);
#11422=CARTESIAN_POINT('',(-30.499973486,14.500001729,3.795809409));
#11423=DIRECTION('',(0.,0.,1.));
#11424=DIRECTION('',(1.,0.,-0.));
#11425=AXIS2_PLACEMENT_3D('',#11422,#11423,#11424);
#11426=CYLINDRICAL_SURFACE('',#11425,1.);
#11427=ORIENTED_EDGE('',*,*,#2109,.F.);
#11428=ORIENTED_EDGE('',*,*,#9447,.F.);
#11429=ORIENTED_EDGE('',*,*,#4895,.F.);
#11430=ORIENTED_EDGE('',*,*,#7443,.F.);
#11431=EDGE_LOOP('',(#11427,#11428,#11429,#11430));
#11432=FACE_BOUND('',#11431,.T.);
#11433=ADVANCED_FACE('',(#11432),#11426,.F.);
#11434=CARTESIAN_POINT('',(72.500026514,-14.499998271,3.795809409));
#11435=DIRECTION('',(0.,0.,1.));
#11436=DIRECTION('',(1.,0.,-0.));
#11437=AXIS2_PLACEMENT_3D('',#11434,#11435,#11436);
#11438=CYLINDRICAL_SURFACE('',#11437,1.);
#11439=ORIENTED_EDGE('',*,*,#2648,.F.);
#11440=ORIENTED_EDGE('',*,*,#7025,.F.);
#11441=ORIENTED_EDGE('',*,*,#5402,.F.);
#11442=ORIENTED_EDGE('',*,*,#9293,.F.);
#11443=EDGE_LOOP('',(#11439,#11440,#11441,#11442));
#11444=FACE_BOUND('',#11443,.T.);
#11445=ADVANCED_FACE('',(#11444),#11438,.F.);
#11446=CARTESIAN_POINT('',(30.500026514,19.500001729,3.795809409));
#11447=DIRECTION('',(0.,0.,1.));
#11448=DIRECTION('',(1.,0.,-0.));
#11449=AXIS2_PLACEMENT_3D('',#11446,#11447,#11448);
#11450=CYLINDRICAL_SURFACE('',#11449,1.);
#11451=ORIENTED_EDGE('',*,*,#953,.F.);
#11452=ORIENTED_EDGE('',*,*,#8587,.F.);
#11453=ORIENTED_EDGE('',*,*,#3739,.F.);
#11454=ORIENTED_EDGE('',*,*,#8609,.F.);
#11455=EDGE_LOOP('',(#11451,#11452,#11453,#11454));
#11456=FACE_BOUND('',#11455,.T.);
#11457=ADVANCED_FACE('',(#11456),#11450,.F.);
#11458=CARTESIAN_POINT('',(18.500026514,-31.499998271,3.795809409));
#11459=DIRECTION('',(0.,0.,1.));
#11460=DIRECTION('',(1.,0.,-0.));
#11461=AXIS2_PLACEMENT_3D('',#11458,#11459,#11460);
#11462=CYLINDRICAL_SURFACE('',#11461,1.);
#11463=ORIENTED_EDGE('',*,*,#2298,.F.);
#11464=ORIENTED_EDGE('',*,*,#7362,.F.);
#11465=ORIENTED_EDGE('',*,*,#5052,.F.);
#11466=ORIENTED_EDGE('',*,*,#9403,.F.);
#11467=EDGE_LOOP('',(#11463,#11464,#11465,#11466));
#11468=FACE_BOUND('',#11467,.T.);
#11469=ADVANCED_FACE('',(#11468),#11462,.F.);
#11470=CARTESIAN_POINT('',(-48.499973486,31.500001729,3.795809409));
#11471=DIRECTION('',(0.,0.,1.));
#11472=DIRECTION('',(1.,0.,-0.));
#11473=AXIS2_PLACEMENT_3D('',#11470,#11471,#11472);
#11474=CYLINDRICAL_SURFACE('',#11473,1.);
#11475=ORIENTED_EDGE('',*,*,#2039,.F.);
#11476=ORIENTED_EDGE('',*,*,#9476,.F.);
#11477=ORIENTED_EDGE('',*,*,#4825,.F.);
#11478=ORIENTED_EDGE('',*,*,#7509,.F.);
#11479=EDGE_LOOP('',(#11475,#11476,#11477,#11478));
#11480=FACE_BOUND('',#11479,.T.);
#11481=ADVANCED_FACE('',(#11480),#11474,.F.);
#11482=CARTESIAN_POINT('',(30.500026514,14.500001729,3.795809409));
#11483=DIRECTION('',(0.,0.,1.));
#11484=DIRECTION('',(1.,0.,-0.));
#11485=AXIS2_PLACEMENT_3D('',#11482,#11483,#11484);
#11486=CYLINDRICAL_SURFACE('',#11485,1.);
#11487=ORIENTED_EDGE('',*,*,#866,.F.);
#11488=ORIENTED_EDGE('',*,*,#8631,.F.);
#11489=ORIENTED_EDGE('',*,*,#3684,.F.);
#11490=ORIENTED_EDGE('',*,*,#8653,.F.);
#11491=EDGE_LOOP('',(#11487,#11488,#11489,#11490));
#11492=FACE_BOUND('',#11491,.T.);
#11493=ADVANCED_FACE('',(#11492),#11486,.F.);
#11494=CARTESIAN_POINT('',(-18.499973486,14.500001729,3.795809409));
#11495=DIRECTION('',(0.,0.,1.));
#11496=DIRECTION('',(1.,0.,-0.));
#11497=AXIS2_PLACEMENT_3D('',#11494,#11495,#11496);
#11498=CYLINDRICAL_SURFACE('',#11497,1.);
#11499=ORIENTED_EDGE('',*,*,#2126,.F.);
#11500=ORIENTED_EDGE('',*,*,#7450,.F.);
#11501=ORIENTED_EDGE('',*,*,#4944,.F.);
#11502=ORIENTED_EDGE('',*,*,#7465,.F.);
#11503=EDGE_LOOP('',(#11499,#11500,#11501,#11502));
#11504=FACE_BOUND('',#11503,.T.);
#11505=ADVANCED_FACE('',(#11504),#11498,.F.);
#11506=CARTESIAN_POINT('',(48.500026514,19.500001729,3.795809409));
#11507=DIRECTION('',(0.,0.,1.));
#11508=DIRECTION('',(1.,0.,-0.));
#11509=AXIS2_PLACEMENT_3D('',#11506,#11507,#11508);
#11510=CYLINDRICAL_SURFACE('',#11509,1.);
#11511=ORIENTED_EDGE('',*,*,#1093,.F.);
#11512=ORIENTED_EDGE('',*,*,#8455,.F.);
#11513=ORIENTED_EDGE('',*,*,#3879,.F.);
#11514=ORIENTED_EDGE('',*,*,#8477,.F.);
#11515=EDGE_LOOP('',(#11511,#11512,#11513,#11514));
#11516=FACE_BOUND('',#11515,.T.);
#11517=ADVANCED_FACE('',(#11516),#11510,.F.);
#11518=CARTESIAN_POINT('',(-90.499973486,-2.499998271,3.795809409));
#11519=DIRECTION('',(0.,0.,1.));
#11520=DIRECTION('',(1.,0.,-0.));
#11521=AXIS2_PLACEMENT_3D('',#11518,#11519,#11520);
#11522=CYLINDRICAL_SURFACE('',#11521,1.);
#11523=ORIENTED_EDGE('',*,*,#2756,.F.);
#11524=ORIENTED_EDGE('',*,*,#6849,.F.);
#11525=ORIENTED_EDGE('',*,*,#5574,.F.);
#11526=ORIENTED_EDGE('',*,*,#6871,.F.);
#11527=EDGE_LOOP('',(#11523,#11524,#11525,#11526));
#11528=FACE_BOUND('',#11527,.T.);
#11529=ADVANCED_FACE('',(#11528),#11522,.F.);
#11530=CARTESIAN_POINT('',(66.500026514,31.500001729,3.795809409));
#11531=DIRECTION('',(0.,0.,1.));
#11532=DIRECTION('',(1.,0.,-0.));
#11533=AXIS2_PLACEMENT_3D('',#11530,#11531,#11532);
#11534=CYLINDRICAL_SURFACE('',#11533,1.);
#11535=ORIENTED_EDGE('',*,*,#1216,.F.);
#11536=ORIENTED_EDGE('',*,*,#8308,.F.);
#11537=ORIENTED_EDGE('',*,*,#4034,.F.);
#11538=ORIENTED_EDGE('',*,*,#8330,.F.);
#11539=EDGE_LOOP('',(#11535,#11536,#11537,#11538));
#11540=FACE_BOUND('',#11539,.T.);
#11541=ADVANCED_FACE('',(#11540),#11534,.F.);
#11542=CARTESIAN_POINT('',(72.500026514,14.500001729,3.795809409));
#11543=DIRECTION('',(0.,0.,1.));
#11544=DIRECTION('',(1.,0.,-0.));
#11545=AXIS2_PLACEMENT_3D('',#11542,#11543,#11544);
#11546=CYLINDRICAL_SURFACE('',#11545,1.);
#11547=ORIENTED_EDGE('',*,*,#1269,.F.);
#11548=ORIENTED_EDGE('',*,*,#9711,.F.);
#11549=ORIENTED_EDGE('',*,*,#4055,.F.);
#11550=ORIENTED_EDGE('',*,*,#8235,.F.);
#11551=EDGE_LOOP('',(#11547,#11548,#11549,#11550));
#11552=FACE_BOUND('',#11551,.T.);
#11553=ADVANCED_FACE('',(#11552),#11546,.F.);
#11554=CARTESIAN_POINT('',(54.500026514,-14.499998271,3.795809409));
#11555=DIRECTION('',(0.,0.,1.));
#11556=DIRECTION('',(1.,0.,-0.));
#11557=AXIS2_PLACEMENT_3D('',#11554,#11555,#11556);
#11558=CYLINDRICAL_SURFACE('',#11557,1.);
#11559=ORIENTED_EDGE('',*,*,#2578,.F.);
#11560=ORIENTED_EDGE('',*,*,#7091,.F.);
#11561=ORIENTED_EDGE('',*,*,#5332,.F.);
#11562=ORIENTED_EDGE('',*,*,#9315,.F.);
#11563=EDGE_LOOP('',(#11559,#11560,#11561,#11562));
#11564=FACE_BOUND('',#11563,.T.);
#11565=ADVANCED_FACE('',(#11564),#11558,.F.);
#11566=CARTESIAN_POINT('',(-102.499973486,-2.499998271,3.795809409));
#11567=DIRECTION('',(0.,0.,1.));
#11568=DIRECTION('',(1.,0.,-0.));
#11569=AXIS2_PLACEMENT_3D('',#11566,#11567,#11568);
#11570=CYLINDRICAL_SURFACE('',#11569,1.);
#11571=ORIENTED_EDGE('',*,*,#2739,.F.);
#11572=ORIENTED_EDGE('',*,*,#9249,.F.);
#11573=ORIENTED_EDGE('',*,*,#5525,.F.);
#11574=ORIENTED_EDGE('',*,*,#6856,.F.);
#11575=EDGE_LOOP('',(#11571,#11572,#11573,#11574));
#11576=FACE_BOUND('',#11575,.T.);
#11577=ADVANCED_FACE('',(#11576),#11570,.F.);
#11578=CARTESIAN_POINT('',(-54.499973486,31.500001729,3.795809409));
#11579=DIRECTION('',(0.,0.,1.));
#11580=DIRECTION('',(1.,0.,-0.));
#11581=AXIS2_PLACEMENT_3D('',#11578,#11579,#11580);
#11582=CYLINDRICAL_SURFACE('',#11581,1.);
#11583=ORIENTED_EDGE('',*,*,#1916,.F.);
#11584=ORIENTED_EDGE('',*,*,#7641,.F.);
#11585=ORIENTED_EDGE('',*,*,#4734,.F.);
#11586=ORIENTED_EDGE('',*,*,#7663,.F.);
#11587=EDGE_LOOP('',(#11583,#11584,#11585,#11586));
#11588=FACE_BOUND('',#11587,.T.);
#11589=ADVANCED_FACE('',(#11588),#11582,.F.);
#11590=CARTESIAN_POINT('',(54.500026514,2.500001729,3.795809409));
#11591=DIRECTION('',(0.,0.,1.));
#11592=DIRECTION('',(1.,0.,-0.));
#11593=AXIS2_PLACEMENT_3D('',#11590,#11591,#11592);
#11594=CYLINDRICAL_SURFACE('',#11593,1.);
#11595=ORIENTED_EDGE('',*,*,#1178,.F.);
#11596=ORIENTED_EDGE('',*,*,#8411,.F.);
#11597=ORIENTED_EDGE('',*,*,#3932,.F.);
#11598=ORIENTED_EDGE('',*,*,#9755,.F.);
#11599=EDGE_LOOP('',(#11595,#11596,#11597,#11598));
#11600=FACE_BOUND('',#11599,.T.);
#11601=ADVANCED_FACE('',(#11600),#11594,.F.);
#11602=CARTESIAN_POINT('',(30.500026514,-14.499998271,3.795809409));
#11603=DIRECTION('',(0.,0.,1.));
#11604=DIRECTION('',(1.,0.,-0.));
#11605=AXIS2_PLACEMENT_3D('',#11602,#11603,#11604);
#11606=CYLINDRICAL_SURFACE('',#11605,1.);
#11607=ORIENTED_EDGE('',*,*,#2353,.F.);
#11608=ORIENTED_EDGE('',*,*,#7267,.F.);
#11609=ORIENTED_EDGE('',*,*,#5139,.F.);
#11610=ORIENTED_EDGE('',*,*,#7289,.F.);
#11611=EDGE_LOOP('',(#11607,#11608,#11609,#11610));
#11612=FACE_BOUND('',#11611,.T.);
#11613=ADVANCED_FACE('',(#11612),#11606,.F.);
#11614=CARTESIAN_POINT('',(84.500026514,14.500001729,3.795809409));
#11615=DIRECTION('',(0.,0.,1.));
#11616=DIRECTION('',(1.,0.,-0.));
#11617=AXIS2_PLACEMENT_3D('',#11614,#11615,#11616);
#11618=CYLINDRICAL_SURFACE('',#11617,1.);
#11619=ORIENTED_EDGE('',*,*,#1286,.F.);
#11620=ORIENTED_EDGE('',*,*,#8242,.F.);
#11621=ORIENTED_EDGE('',*,*,#4104,.F.);
#11622=ORIENTED_EDGE('',*,*,#8257,.F.);
#11623=EDGE_LOOP('',(#11619,#11620,#11621,#11622));
#11624=FACE_BOUND('',#11623,.T.);
#11625=ADVANCED_FACE('',(#11624),#11618,.F.);
#11626=CARTESIAN_POINT('',(72.500026514,19.500001729,3.795809409));
#11627=DIRECTION('',(0.,0.,1.));
#11628=DIRECTION('',(1.,0.,-0.));
#11629=AXIS2_PLACEMENT_3D('',#11626,#11627,#11628);
#11630=CYLINDRICAL_SURFACE('',#11629,1.);
#11631=ORIENTED_EDGE('',*,*,#1388,.F.);
#11632=ORIENTED_EDGE('',*,*,#8213,.F.);
#11633=ORIENTED_EDGE('',*,*,#4142,.F.);
#11634=ORIENTED_EDGE('',*,*,#9689,.F.);
#11635=EDGE_LOOP('',(#11631,#11632,#11633,#11634));
#11636=FACE_BOUND('',#11635,.T.);
#11637=ADVANCED_FACE('',(#11636),#11630,.F.);
#11638=CARTESIAN_POINT('',(54.500026514,-2.499998271,3.795809409));
#11639=DIRECTION('',(0.,0.,1.));
#11640=DIRECTION('',(1.,0.,-0.));
#11641=AXIS2_PLACEMENT_3D('',#11638,#11639,#11640);
#11642=CYLINDRICAL_SURFACE('',#11641,1.);
#11643=ORIENTED_EDGE('',*,*,#2529,.F.);
#11644=ORIENTED_EDGE('',*,*,#9322,.F.);
#11645=ORIENTED_EDGE('',*,*,#5315,.F.);
#11646=ORIENTED_EDGE('',*,*,#7047,.F.);
#11647=EDGE_LOOP('',(#11643,#11644,#11645,#11646));
#11648=FACE_BOUND('',#11647,.T.);
#11649=ADVANCED_FACE('',(#11648),#11642,.F.);
#11650=CARTESIAN_POINT('',(-90.499973486,19.500001729,3.795809409));
#11651=DIRECTION('',(0.,0.,1.));
#11652=DIRECTION('',(1.,0.,-0.));
#11653=AXIS2_PLACEMENT_3D('',#11650,#11651,#11652);
#11654=CYLINDRICAL_SURFACE('',#11653,1.);
#11655=ORIENTED_EDGE('',*,*,#1653,.F.);
#11656=ORIENTED_EDGE('',*,*,#7927,.F.);
#11657=ORIENTED_EDGE('',*,*,#4439,.F.);
#11658=ORIENTED_EDGE('',*,*,#7949,.F.);
#11659=EDGE_LOOP('',(#11655,#11656,#11657,#11658));
#11660=FACE_BOUND('',#11659,.T.);
#11661=ADVANCED_FACE('',(#11660),#11654,.F.);
#11662=CARTESIAN_POINT('',(90.500026514,31.500001729,3.795809409));
#11663=DIRECTION('',(0.,0.,1.));
#11664=DIRECTION('',(1.,0.,-0.));
#11665=AXIS2_PLACEMENT_3D('',#11662,#11663,#11664);
#11666=CYLINDRICAL_SURFACE('',#11665,1.);
#11667=ORIENTED_EDGE('',*,*,#1479,.F.);
#11668=ORIENTED_EDGE('',*,*,#9645,.F.);
#11669=ORIENTED_EDGE('',*,*,#4265,.F.);
#11670=ORIENTED_EDGE('',*,*,#8037,.F.);
#11671=EDGE_LOOP('',(#11667,#11668,#11669,#11670));
#11672=FACE_BOUND('',#11671,.T.);
#11673=ADVANCED_FACE('',(#11672),#11666,.F.);
#11674=CARTESIAN_POINT('',(-36.499973486,19.500001729,3.795809409));
#11675=DIRECTION('',(0.,0.,1.));
#11676=DIRECTION('',(1.,0.,-0.));
#11677=AXIS2_PLACEMENT_3D('',#11674,#11675,#11676);
#11678=CYLINDRICAL_SURFACE('',#11677,1.);
#11679=ORIENTED_EDGE('',*,*,#2073,.F.);
#11680=ORIENTED_EDGE('',*,*,#7531,.F.);
#11681=ORIENTED_EDGE('',*,*,#4859,.F.);
#11682=ORIENTED_EDGE('',*,*,#7560,.F.);
#11683=EDGE_LOOP('',(#11679,#11680,#11681,#11682));
#11684=FACE_BOUND('',#11683,.T.);
#11685=ADVANCED_FACE('',(#11684),#11678,.F.);
#11686=CARTESIAN_POINT('',(102.500026514,-14.499998271,3.795809409));
#11687=DIRECTION('',(0.,0.,1.));
#11688=DIRECTION('',(1.,0.,-0.));
#11689=AXIS2_PLACEMENT_3D('',#11686,#11687,#11688);
#11690=CYLINDRICAL_SURFACE('',#11689,1.);
#11691=ORIENTED_EDGE('',*,*,#2703,.F.);
#11692=ORIENTED_EDGE('',*,*,#6937,.F.);
#11693=ORIENTED_EDGE('',*,*,#5489,.F.);
#11694=ORIENTED_EDGE('',*,*,#6959,.F.);
#11695=EDGE_LOOP('',(#11691,#11692,#11693,#11694));
#11696=FACE_BOUND('',#11695,.T.);
#11697=ADVANCED_FACE('',(#11696),#11690,.F.);
#11698=CARTESIAN_POINT('',(-18.499973486,-14.499998271,3.795809409));
#11699=DIRECTION('',(0.,0.,1.));
#11700=DIRECTION('',(1.,0.,-0.));
#11701=AXIS2_PLACEMENT_3D('',#11698,#11699,#11700);
#11702=CYLINDRICAL_SURFACE('',#11701,1.);
#11703=ORIENTED_EDGE('',*,*,#3193,.F.);
#11704=ORIENTED_EDGE('',*,*,#6475,.F.);
#11705=ORIENTED_EDGE('',*,*,#5979,.F.);
#11706=ORIENTED_EDGE('',*,*,#6497,.F.);
#11707=EDGE_LOOP('',(#11703,#11704,#11705,#11706));
#11708=FACE_BOUND('',#11707,.T.);
#11709=ADVANCED_FACE('',(#11708),#11702,.F.);
#11710=CARTESIAN_POINT('',(-18.499973486,2.500001729,3.795809409));
#11711=DIRECTION('',(0.,0.,1.));
#11712=DIRECTION('',(1.,0.,-0.));
#11713=AXIS2_PLACEMENT_3D('',#11710,#11711,#11712);
#11714=CYLINDRICAL_SURFACE('',#11713,1.);
#11715=ORIENTED_EDGE('',*,*,#2143,.F.);
#11716=ORIENTED_EDGE('',*,*,#7472,.F.);
#11717=ORIENTED_EDGE('',*,*,#4929,.F.);
#11718=ORIENTED_EDGE('',*,*,#7487,.F.);
#11719=EDGE_LOOP('',(#11715,#11716,#11717,#11718));
#11720=FACE_BOUND('',#11719,.T.);
#11721=ADVANCED_FACE('',(#11720),#11714,.F.);
#11722=CARTESIAN_POINT('',(-54.499973486,2.500001729,3.795809409));
#11723=DIRECTION('',(0.,0.,1.));
#11724=DIRECTION('',(1.,0.,-0.));
#11725=AXIS2_PLACEMENT_3D('',#11722,#11723,#11724);
#11726=CYLINDRICAL_SURFACE('',#11725,1.);
#11727=ORIENTED_EDGE('',*,*,#1863,.F.);
#11728=ORIENTED_EDGE('',*,*,#7736,.F.);
#11729=ORIENTED_EDGE('',*,*,#4649,.F.);
#11730=ORIENTED_EDGE('',*,*,#7751,.F.);
#11731=EDGE_LOOP('',(#11727,#11728,#11729,#11730));
#11732=FACE_BOUND('',#11731,.T.);
#11733=ADVANCED_FACE('',(#11732),#11726,.F.);
#11734=CARTESIAN_POINT('',(-66.499973486,-2.499998271,3.795809409));
#11735=DIRECTION('',(0.,0.,1.));
#11736=DIRECTION('',(1.,0.,-0.));
#11737=AXIS2_PLACEMENT_3D('',#11734,#11735,#11736);
#11738=CYLINDRICAL_SURFACE('',#11737,1.);
#11739=ORIENTED_EDGE('',*,*,#2879,.F.);
#11740=ORIENTED_EDGE('',*,*,#9205,.F.);
#11741=ORIENTED_EDGE('',*,*,#5665,.F.);
#11742=ORIENTED_EDGE('',*,*,#6724,.F.);
#11743=EDGE_LOOP('',(#11739,#11740,#11741,#11742));
#11744=FACE_BOUND('',#11743,.T.);
#11745=ADVANCED_FACE('',(#11744),#11738,.F.);
#11746=CARTESIAN_POINT('',(-102.499973486,19.500001729,3.795809409));
#11747=DIRECTION('',(0.,0.,1.));
#11748=DIRECTION('',(1.,0.,-0.));
#11749=AXIS2_PLACEMENT_3D('',#11746,#11747,#11748);
#11750=CYLINDRICAL_SURFACE('',#11749,1.);
#11751=ORIENTED_EDGE('',*,*,#1668,.F.);
#11752=ORIENTED_EDGE('',*,*,#7956,.F.);
#11753=ORIENTED_EDGE('',*,*,#4422,.F.);
#11754=ORIENTED_EDGE('',*,*,#9601,.F.);
#11755=EDGE_LOOP('',(#11751,#11752,#11753,#11754));
#11756=FACE_BOUND('',#11755,.T.);
#11757=ADVANCED_FACE('',(#11756),#11750,.F.);
#11758=CARTESIAN_POINT('',(-72.499973486,-14.499998271,3.795809409));
#11759=DIRECTION('',(0.,0.,1.));
#11760=DIRECTION('',(1.,0.,-0.));
#11761=AXIS2_PLACEMENT_3D('',#11758,#11759,#11760);
#11762=CYLINDRICAL_SURFACE('',#11761,1.);
#11763=ORIENTED_EDGE('',*,*,#2843,.F.);
#11764=ORIENTED_EDGE('',*,*,#6812,.F.);
#11765=ORIENTED_EDGE('',*,*,#5629,.F.);
#11766=ORIENTED_EDGE('',*,*,#6827,.F.);
#11767=EDGE_LOOP('',(#11763,#11764,#11765,#11766));
#11768=FACE_BOUND('',#11767,.T.);
#11769=ADVANCED_FACE('',(#11768),#11762,.F.);
#11770=CARTESIAN_POINT('',(54.500026514,19.500001729,3.795809409));
#11771=DIRECTION('',(0.,0.,1.));
#11772=DIRECTION('',(1.,0.,-0.));
#11773=AXIS2_PLACEMENT_3D('',#11770,#11771,#11772);
#11774=CYLINDRICAL_SURFACE('',#11773,1.);
#11775=ORIENTED_EDGE('',*,*,#1248,.F.);
#11776=ORIENTED_EDGE('',*,*,#8352,.F.);
#11777=ORIENTED_EDGE('',*,*,#4002,.F.);
#11778=ORIENTED_EDGE('',*,*,#9740,.F.);
#11779=EDGE_LOOP('',(#11775,#11776,#11777,#11778));
#11780=FACE_BOUND('',#11779,.T.);
#11781=ADVANCED_FACE('',(#11780),#11774,.F.);
#11782=CARTESIAN_POINT('',(-36.499973486,-19.499998271,3.795809409));
#11783=DIRECTION('',(0.,0.,1.));
#11784=DIRECTION('',(1.,0.,-0.));
#11785=AXIS2_PLACEMENT_3D('',#11782,#11783,#11784);
#11786=CYLINDRICAL_SURFACE('',#11785,1.);
#11787=ORIENTED_EDGE('',*,*,#2966,.F.);
#11788=ORIENTED_EDGE('',*,*,#6651,.F.);
#11789=ORIENTED_EDGE('',*,*,#5784,.F.);
#11790=ORIENTED_EDGE('',*,*,#6673,.F.);
#11791=EDGE_LOOP('',(#11787,#11788,#11789,#11790));
#11792=FACE_BOUND('',#11791,.T.);
#11793=ADVANCED_FACE('',(#11792),#11786,.F.);
#11794=CARTESIAN_POINT('',(84.500026514,31.500001729,3.795809409));
#11795=DIRECTION('',(0.,0.,1.));
#11796=DIRECTION('',(1.,0.,-0.));
#11797=AXIS2_PLACEMENT_3D('',#11794,#11795,#11796);
#11798=CYLINDRICAL_SURFACE('',#11797,1.);
#11799=ORIENTED_EDGE('',*,*,#1356,.F.);
#11800=ORIENTED_EDGE('',*,*,#8169,.F.);
#11801=ORIENTED_EDGE('',*,*,#4174,.F.);
#11802=ORIENTED_EDGE('',*,*,#8191,.F.);
#11803=EDGE_LOOP('',(#11799,#11800,#11801,#11802));
#11804=FACE_BOUND('',#11803,.T.);
#11805=ADVANCED_FACE('',(#11804),#11798,.F.);
#11806=CARTESIAN_POINT('',(-84.499973486,-14.499998271,3.795809409));
#11807=DIRECTION('',(0.,0.,1.));
#11808=DIRECTION('',(1.,0.,-0.));
#11809=AXIS2_PLACEMENT_3D('',#11806,#11807,#11808);
#11810=CYLINDRICAL_SURFACE('',#11809,1.);
#11811=ORIENTED_EDGE('',*,*,#2858,.F.);
#11812=ORIENTED_EDGE('',*,*,#6834,.F.);
#11813=ORIENTED_EDGE('',*,*,#5612,.F.);
#11814=ORIENTED_EDGE('',*,*,#9227,.F.);
#11815=EDGE_LOOP('',(#11811,#11812,#11813,#11814));
#11816=FACE_BOUND('',#11815,.T.);
#11817=ADVANCED_FACE('',(#11816),#11810,.F.);
#11818=CARTESIAN_POINT('',(72.500026514,2.500001729,3.795809409));
#11819=DIRECTION('',(0.,0.,1.));
#11820=DIRECTION('',(1.,0.,-0.));
#11821=AXIS2_PLACEMENT_3D('',#11818,#11819,#11820);
#11822=CYLINDRICAL_SURFACE('',#11821,1.);
#11823=ORIENTED_EDGE('',*,*,#1318,.F.);
#11824=ORIENTED_EDGE('',*,*,#8279,.F.);
#11825=ORIENTED_EDGE('',*,*,#4072,.F.);
#11826=ORIENTED_EDGE('',*,*,#9718,.F.);
#11827=EDGE_LOOP('',(#11823,#11824,#11825,#11826));
#11828=FACE_BOUND('',#11827,.T.);
#11829=ADVANCED_FACE('',(#11828),#11822,.F.);
#11830=CARTESIAN_POINT('',(-72.499973486,31.500001729,3.795809409));
#11831=DIRECTION('',(0.,0.,1.));
#11832=DIRECTION('',(1.,0.,-0.));
#11833=AXIS2_PLACEMENT_3D('',#11830,#11831,#11832);
#11834=CYLINDRICAL_SURFACE('',#11833,1.);
#11835=ORIENTED_EDGE('',*,*,#1776,.F.);
#11836=ORIENTED_EDGE('',*,*,#7773,.F.);
#11837=ORIENTED_EDGE('',*,*,#4594,.F.);
#11838=ORIENTED_EDGE('',*,*,#7802,.F.);
#11839=EDGE_LOOP('',(#11835,#11836,#11837,#11838));
#11840=FACE_BOUND('',#11839,.T.);
#11841=ADVANCED_FACE('',(#11840),#11834,.F.);
#11842=CARTESIAN_POINT('',(66.500026514,2.500001729,3.795809409));
#11843=DIRECTION('',(0.,0.,1.));
#11844=DIRECTION('',(1.,0.,-0.));
#11845=AXIS2_PLACEMENT_3D('',#11842,#11843,#11844);
#11846=CYLINDRICAL_SURFACE('',#11845,1.);
#11847=ORIENTED_EDGE('',*,*,#1163,.F.);
#11848=ORIENTED_EDGE('',*,*,#8389,.F.);
#11849=ORIENTED_EDGE('',*,*,#3949,.F.);
#11850=ORIENTED_EDGE('',*,*,#8418,.F.);
#11851=EDGE_LOOP('',(#11847,#11848,#11849,#11850));
#11852=FACE_BOUND('',#11851,.T.);
#11853=ADVANCED_FACE('',(#11852),#11846,.F.);
#11854=CARTESIAN_POINT('',(-18.499973486,-31.499998271,3.795809409));
#11855=DIRECTION('',(0.,0.,1.));
#11856=DIRECTION('',(1.,0.,-0.));
#11857=AXIS2_PLACEMENT_3D('',#11854,#11855,#11856);
#11858=CYLINDRICAL_SURFACE('',#11857,1.);
#11859=ORIENTED_EDGE('',*,*,#3123,.F.);
#11860=ORIENTED_EDGE('',*,*,#6548,.F.);
#11861=ORIENTED_EDGE('',*,*,#5909,.F.);
#11862=ORIENTED_EDGE('',*,*,#6563,.F.);
#11863=EDGE_LOOP('',(#11859,#11860,#11861,#11862));
#11864=FACE_BOUND('',#11863,.T.);
#11865=ADVANCED_FACE('',(#11864),#11858,.F.);
#11866=CARTESIAN_POINT('',(18.500026514,14.500001729,3.795809409));
#11867=DIRECTION('',(0.,0.,1.));
#11868=DIRECTION('',(1.,0.,-0.));
#11869=AXIS2_PLACEMENT_3D('',#11866,#11867,#11868);
#11870=CYLINDRICAL_SURFACE('',#11869,1.);
#11871=ORIENTED_EDGE('',*,*,#849,.F.);
#11872=ORIENTED_EDGE('',*,*,#9843,.F.);
#11873=ORIENTED_EDGE('',*,*,#3635,.F.);
#11874=ORIENTED_EDGE('',*,*,#8638,.F.);
#11875=EDGE_LOOP('',(#11871,#11872,#11873,#11874));
#11876=FACE_BOUND('',#11875,.T.);
#11877=ADVANCED_FACE('',(#11876),#11870,.F.);
#11878=CARTESIAN_POINT('',(-18.499973486,19.500001729,3.795809409));
#11879=DIRECTION('',(0.,0.,1.));
#11880=DIRECTION('',(1.,0.,-0.));
#11881=AXIS2_PLACEMENT_3D('',#11878,#11879,#11880);
#11882=CYLINDRICAL_SURFACE('',#11881,1.);
#11883=ORIENTED_EDGE('',*,*,#2213,.F.);
#11884=ORIENTED_EDGE('',*,*,#7399,.F.);
#11885=ORIENTED_EDGE('',*,*,#4999,.F.);
#11886=ORIENTED_EDGE('',*,*,#7428,.F.);
#11887=EDGE_LOOP('',(#11883,#11884,#11885,#11886));
#11888=FACE_BOUND('',#11887,.T.);
#11889=ADVANCED_FACE('',(#11888),#11882,.F.);
#11890=CARTESIAN_POINT('',(-18.499973486,31.500001729,3.795809409));
#11891=DIRECTION('',(0.,0.,1.));
#11892=DIRECTION('',(1.,0.,-0.));
#11893=AXIS2_PLACEMENT_3D('',#11890,#11891,#11892);
#11894=CYLINDRICAL_SURFACE('',#11893,1.);
#11895=ORIENTED_EDGE('',*,*,#2196,.F.);
#11896=ORIENTED_EDGE('',*,*,#7377,.F.);
#11897=ORIENTED_EDGE('',*,*,#5014,.F.);
#11898=ORIENTED_EDGE('',*,*,#7406,.F.);
#11899=EDGE_LOOP('',(#11895,#11896,#11897,#11898));
#11900=FACE_BOUND('',#11899,.T.);
#11901=ADVANCED_FACE('',(#11900),#11894,.F.);
#11902=CARTESIAN_POINT('',(102.500026514,14.500001729,3.795809409));
#11903=DIRECTION('',(0.,0.,1.));
#11904=DIRECTION('',(1.,0.,-0.));
#11905=AXIS2_PLACEMENT_3D('',#11902,#11903,#11904);
#11906=CYLINDRICAL_SURFACE('',#11905,1.);
#11907=ORIENTED_EDGE('',*,*,#1426,.F.);
#11908=ORIENTED_EDGE('',*,*,#8110,.F.);
#11909=ORIENTED_EDGE('',*,*,#4244,.F.);
#11910=ORIENTED_EDGE('',*,*,#8125,.F.);
#11911=EDGE_LOOP('',(#11907,#11908,#11909,#11910));
#11912=FACE_BOUND('',#11911,.T.);
#11913=ADVANCED_FACE('',(#11912),#11906,.F.);
#11914=CARTESIAN_POINT('',(-30.499973486,31.500001729,3.795809409));
#11915=DIRECTION('',(0.,0.,1.));
#11916=DIRECTION('',(1.,0.,-0.));
#11917=AXIS2_PLACEMENT_3D('',#11914,#11915,#11916);
#11918=CYLINDRICAL_SURFACE('',#11917,1.);
#11919=ORIENTED_EDGE('',*,*,#2179,.F.);
#11920=ORIENTED_EDGE('',*,*,#9432,.F.);
#11921=ORIENTED_EDGE('',*,*,#4965,.F.);
#11922=ORIENTED_EDGE('',*,*,#7384,.F.);
#11923=EDGE_LOOP('',(#11919,#11920,#11921,#11922));
#11924=FACE_BOUND('',#11923,.T.);
#11925=ADVANCED_FACE('',(#11924),#11918,.F.);
#11926=CARTESIAN_POINT('',(102.500026514,-2.499998271,3.795809409));
#11927=DIRECTION('',(0.,0.,1.));
#11928=DIRECTION('',(1.,0.,-0.));
#11929=AXIS2_PLACEMENT_3D('',#11926,#11927,#11928);
#11930=CYLINDRICAL_SURFACE('',#11929,1.);
#11931=ORIENTED_EDGE('',*,*,#2686,.F.);
#11932=ORIENTED_EDGE('',*,*,#6915,.F.);
#11933=ORIENTED_EDGE('',*,*,#5504,.F.);
#11934=ORIENTED_EDGE('',*,*,#6944,.F.);
#11935=EDGE_LOOP('',(#11931,#11932,#11933,#11934));
#11936=FACE_BOUND('',#11935,.T.);
#11937=ADVANCED_FACE('',(#11936),#11930,.F.);
#11938=CARTESIAN_POINT('',(-72.499973486,2.500001729,3.795809409));
#11939=DIRECTION('',(0.,0.,1.));
#11940=DIRECTION('',(1.,0.,-0.));
#11941=AXIS2_PLACEMENT_3D('',#11938,#11939,#11940);
#11942=CYLINDRICAL_SURFACE('',#11941,1.);
#11943=ORIENTED_EDGE('',*,*,#1723,.F.);
#11944=ORIENTED_EDGE('',*,*,#7868,.F.);
#11945=ORIENTED_EDGE('',*,*,#4509,.F.);
#11946=ORIENTED_EDGE('',*,*,#7890,.F.);
#11947=EDGE_LOOP('',(#11943,#11944,#11945,#11946));
#11948=FACE_BOUND('',#11947,.T.);
#11949=ADVANCED_FACE('',(#11948),#11942,.F.);
#11950=CARTESIAN_POINT('',(48.500026514,-2.499998271,3.795809409));
#11951=DIRECTION('',(0.,0.,1.));
#11952=DIRECTION('',(1.,0.,-0.));
#11953=AXIS2_PLACEMENT_3D('',#11950,#11951,#11952);
#11954=CYLINDRICAL_SURFACE('',#11953,1.);
#11955=ORIENTED_EDGE('',*,*,#2476,.F.);
#11956=ORIENTED_EDGE('',*,*,#7120,.F.);
#11957=ORIENTED_EDGE('',*,*,#5294,.F.);
#11958=ORIENTED_EDGE('',*,*,#7135,.F.);
#11959=EDGE_LOOP('',(#11955,#11956,#11957,#11958));
#11960=FACE_BOUND('',#11959,.T.);
#11961=ADVANCED_FACE('',(#11960),#11954,.F.);
#11962=CARTESIAN_POINT('',(48.500026514,14.500001729,3.795809409));
#11963=DIRECTION('',(0.,0.,1.));
#11964=DIRECTION('',(1.,0.,-0.));
#11965=AXIS2_PLACEMENT_3D('',#11962,#11963,#11964);
#11966=CYLINDRICAL_SURFACE('',#11965,1.);
#11967=ORIENTED_EDGE('',*,*,#1006,.F.);
#11968=ORIENTED_EDGE('',*,*,#8499,.F.);
#11969=ORIENTED_EDGE('',*,*,#3824,.F.);
#11970=ORIENTED_EDGE('',*,*,#8521,.F.);
#11971=EDGE_LOOP('',(#11967,#11968,#11969,#11970));
#11972=FACE_BOUND('',#11971,.T.);
#11973=ADVANCED_FACE('',(#11972),#11966,.F.);
#11974=CARTESIAN_POINT('',(84.500026514,2.500001729,3.795809409));
#11975=DIRECTION('',(0.,0.,1.));
#11976=DIRECTION('',(1.,0.,-0.));
#11977=AXIS2_PLACEMENT_3D('',#11974,#11975,#11976);
#11978=CYLINDRICAL_SURFACE('',#11977,1.);
#11979=ORIENTED_EDGE('',*,*,#1303,.F.);
#11980=ORIENTED_EDGE('',*,*,#8264,.F.);
#11981=ORIENTED_EDGE('',*,*,#4089,.F.);
#11982=ORIENTED_EDGE('',*,*,#8286,.F.);
#11983=EDGE_LOOP('',(#11979,#11980,#11981,#11982));
#11984=FACE_BOUND('',#11983,.T.);
#11985=ADVANCED_FACE('',(#11984),#11978,.F.);
#11986=CARTESIAN_POINT('',(-90.499973486,2.500001729,3.795809409));
#11987=DIRECTION('',(0.,0.,1.));
#11988=DIRECTION('',(1.,0.,-0.));
#11989=AXIS2_PLACEMENT_3D('',#11986,#11987,#11988);
#11990=CYLINDRICAL_SURFACE('',#11989,1.);
#11991=ORIENTED_EDGE('',*,*,#1583,.F.);
#11992=ORIENTED_EDGE('',*,*,#7993,.F.);
#11993=ORIENTED_EDGE('',*,*,#4369,.F.);
#11994=ORIENTED_EDGE('',*,*,#8022,.F.);
#11995=EDGE_LOOP('',(#11991,#11992,#11993,#11994));
#11996=FACE_BOUND('',#11995,.T.);
#11997=ADVANCED_FACE('',(#11996),#11990,.F.);
#11998=CARTESIAN_POINT('',(-48.499973486,-19.499998271,3.795809409));
#11999=DIRECTION('',(0.,0.,1.));
#12000=DIRECTION('',(1.,0.,-0.));
#12001=AXIS2_PLACEMENT_3D('',#11998,#11999,#12000);
#12002=CYLINDRICAL_SURFACE('',#12001,1.);
#12003=ORIENTED_EDGE('',*,*,#2949,.F.);
#12004=ORIENTED_EDGE('',*,*,#9183,.F.);
#12005=ORIENTED_EDGE('',*,*,#5735,.F.);
#12006=ORIENTED_EDGE('',*,*,#6658,.F.);
#12007=EDGE_LOOP('',(#12003,#12004,#12005,#12006));
#12008=FACE_BOUND('',#12007,.T.);
#12009=ADVANCED_FACE('',(#12008),#12002,.F.);
#12010=CARTESIAN_POINT('',(54.500026514,14.500001729,3.795809409));
#12011=DIRECTION('',(0.,0.,1.));
#12012=DIRECTION('',(1.,0.,-0.));
#12013=AXIS2_PLACEMENT_3D('',#12010,#12011,#12012);
#12014=CYLINDRICAL_SURFACE('',#12013,1.);
#12015=ORIENTED_EDGE('',*,*,#1129,.F.);
#12016=ORIENTED_EDGE('',*,*,#9762,.F.);
#12017=ORIENTED_EDGE('',*,*,#3915,.F.);
#12018=ORIENTED_EDGE('',*,*,#8367,.F.);
#12019=EDGE_LOOP('',(#12015,#12016,#12017,#12018));
#12020=FACE_BOUND('',#12019,.T.);
#12021=ADVANCED_FACE('',(#12020),#12014,.F.);
#12022=CARTESIAN_POINT('',(-30.499973486,-2.499998271,3.795809409));
#12023=DIRECTION('',(0.,0.,1.));
#12024=DIRECTION('',(1.,0.,-0.));
#12025=AXIS2_PLACEMENT_3D('',#12022,#12023,#12024);
#12026=CYLINDRICAL_SURFACE('',#12025,1.);
#12027=ORIENTED_EDGE('',*,*,#3159,.F.);
#12028=ORIENTED_EDGE('',*,*,#9877,.F.);
#12029=ORIENTED_EDGE('',*,*,#5945,.F.);
#12030=ORIENTED_EDGE('',*,*,#6453,.F.);
#12031=EDGE_LOOP('',(#12027,#12028,#12029,#12030));
#12032=FACE_BOUND('',#12031,.T.);
#12033=ADVANCED_FACE('',(#12032),#12026,.F.);
#12034=CARTESIAN_POINT('',(-30.499973486,-14.499998271,3.795809409));
#12035=DIRECTION('',(0.,0.,1.));
#12036=DIRECTION('',(1.,0.,-0.));
#12037=AXIS2_PLACEMENT_3D('',#12034,#12035,#12036);
#12038=CYLINDRICAL_SURFACE('',#12037,1.);
#12039=ORIENTED_EDGE('',*,*,#3208,.F.);
#12040=ORIENTED_EDGE('',*,*,#6504,.F.);
#12041=ORIENTED_EDGE('',*,*,#5962,.F.);
#12042=ORIENTED_EDGE('',*,*,#9884,.F.);
#12043=EDGE_LOOP('',(#12039,#12040,#12041,#12042));
#12044=FACE_BOUND('',#12043,.T.);
#12045=ADVANCED_FACE('',(#12044),#12038,.F.);
#12046=CARTESIAN_POINT('',(48.500026514,-14.499998271,3.795809409));
#12047=DIRECTION('',(0.,0.,1.));
#12048=DIRECTION('',(1.,0.,-0.));
#12049=AXIS2_PLACEMENT_3D('',#12046,#12047,#12048);
#12050=CYLINDRICAL_SURFACE('',#12049,1.);
#12051=ORIENTED_EDGE('',*,*,#2493,.F.);
#12052=ORIENTED_EDGE('',*,*,#7142,.F.);
#12053=ORIENTED_EDGE('',*,*,#5279,.F.);
#12054=ORIENTED_EDGE('',*,*,#7157,.F.);
#12055=EDGE_LOOP('',(#12051,#12052,#12053,#12054));
#12056=FACE_BOUND('',#12055,.T.);
#12057=ADVANCED_FACE('',(#12056),#12050,.F.);
#12058=CARTESIAN_POINT('',(84.500026514,-2.499998271,3.795809409));
#12059=DIRECTION('',(0.,0.,1.));
#12060=DIRECTION('',(1.,0.,-0.));
#12061=AXIS2_PLACEMENT_3D('',#12058,#12059,#12060);
#12062=CYLINDRICAL_SURFACE('',#12061,1.);
#12063=ORIENTED_EDGE('',*,*,#2616,.F.);
#12064=ORIENTED_EDGE('',*,*,#6981,.F.);
#12065=ORIENTED_EDGE('',*,*,#5434,.F.);
#12066=ORIENTED_EDGE('',*,*,#7003,.F.);
#12067=EDGE_LOOP('',(#12063,#12064,#12065,#12066));
#12068=FACE_BOUND('',#12067,.T.);
#12069=ADVANCED_FACE('',(#12068),#12062,.F.);
#12070=CARTESIAN_POINT('',(-30.499973486,2.500001729,3.795809409));
#12071=DIRECTION('',(0.,0.,1.));
#12072=DIRECTION('',(1.,0.,-0.));
#12073=AXIS2_PLACEMENT_3D('',#12070,#12071,#12072);
#12074=CYLINDRICAL_SURFACE('',#12073,1.);
#12075=ORIENTED_EDGE('',*,*,#2158,.F.);
#12076=ORIENTED_EDGE('',*,*,#7494,.F.);
#12077=ORIENTED_EDGE('',*,*,#4912,.F.);
#12078=ORIENTED_EDGE('',*,*,#9454,.F.);
#12079=EDGE_LOOP('',(#12075,#12076,#12077,#12078));
#12080=FACE_BOUND('',#12079,.T.);
#12081=ADVANCED_FACE('',(#12080),#12074,.F.);
#12082=CARTESIAN_POINT('',(18.500026514,-2.499998271,3.795809409));
#12083=DIRECTION('',(0.,0.,1.));
#12084=DIRECTION('',(1.,0.,-0.));
#12085=AXIS2_PLACEMENT_3D('',#12082,#12083,#12084);
#12086=CYLINDRICAL_SURFACE('',#12085,1.);
#12087=ORIENTED_EDGE('',*,*,#2319,.F.);
#12088=ORIENTED_EDGE('',*,*,#9381,.F.);
#12089=ORIENTED_EDGE('',*,*,#5105,.F.);
#12090=ORIENTED_EDGE('',*,*,#7245,.F.);
#12091=EDGE_LOOP('',(#12087,#12088,#12089,#12090));
#12092=FACE_BOUND('',#12091,.T.);
#12093=ADVANCED_FACE('',(#12092),#12086,.F.);
#12094=CARTESIAN_POINT('',(-54.499973486,19.500001729,3.795809409));
#12095=DIRECTION('',(0.,0.,1.));
#12096=DIRECTION('',(1.,0.,-0.));
#12097=AXIS2_PLACEMENT_3D('',#12094,#12095,#12096);
#12098=CYLINDRICAL_SURFACE('',#12097,1.);
#12099=ORIENTED_EDGE('',*,*,#1933,.F.);
#12100=ORIENTED_EDGE('',*,*,#7670,.F.);
#12101=ORIENTED_EDGE('',*,*,#4719,.F.);
#12102=ORIENTED_EDGE('',*,*,#7685,.F.);
#12103=EDGE_LOOP('',(#12099,#12100,#12101,#12102));
#12104=FACE_BOUND('',#12103,.T.);
#12105=ADVANCED_FACE('',(#12104),#12098,.F.);
#12106=CARTESIAN_POINT('',(-48.499973486,-2.499998271,3.795809409));
#12107=DIRECTION('',(0.,0.,1.));
#12108=DIRECTION('',(1.,0.,-0.));
#12109=AXIS2_PLACEMENT_3D('',#12106,#12107,#12108);
#12110=CYLINDRICAL_SURFACE('',#12109,1.);
#12111=ORIENTED_EDGE('',*,*,#3019,.F.);
#12112=ORIENTED_EDGE('',*,*,#9161,.F.);
#12113=ORIENTED_EDGE('',*,*,#5805,.F.);
#12114=ORIENTED_EDGE('',*,*,#6585,.F.);
#12115=EDGE_LOOP('',(#12111,#12112,#12113,#12114));
#12116=FACE_BOUND('',#12115,.T.);
#12117=ADVANCED_FACE('',(#12116),#12110,.F.);
#12118=CARTESIAN_POINT('',(-66.499973486,2.500001729,3.795809409));
#12119=DIRECTION('',(0.,0.,1.));
#12120=DIRECTION('',(1.,0.,-0.));
#12121=AXIS2_PLACEMENT_3D('',#12118,#12119,#12120);
#12122=CYLINDRICAL_SURFACE('',#12121,1.);
#12123=ORIENTED_EDGE('',*,*,#1878,.F.);
#12124=ORIENTED_EDGE('',*,*,#7758,.F.);
#12125=ORIENTED_EDGE('',*,*,#4632,.F.);
#12126=ORIENTED_EDGE('',*,*,#9542,.F.);
#12127=EDGE_LOOP('',(#12123,#12124,#12125,#12126));
#12128=FACE_BOUND('',#12127,.T.);
#12129=ADVANCED_FACE('',(#12128),#12122,.F.);
#12130=CARTESIAN_POINT('',(-66.499973486,19.500001729,3.795809409));
#12131=DIRECTION('',(0.,0.,1.));
#12132=DIRECTION('',(1.,0.,-0.));
#12133=AXIS2_PLACEMENT_3D('',#12130,#12131,#12132);
#12134=CYLINDRICAL_SURFACE('',#12133,1.);
#12135=ORIENTED_EDGE('',*,*,#1948,.F.);
#12136=ORIENTED_EDGE('',*,*,#7692,.F.);
#12137=ORIENTED_EDGE('',*,*,#4702,.F.);
#12138=ORIENTED_EDGE('',*,*,#9513,.F.);
#12139=EDGE_LOOP('',(#12135,#12136,#12137,#12138));
#12140=FACE_BOUND('',#12139,.T.);
#12141=ADVANCED_FACE('',(#12140),#12134,.F.);
#12142=CARTESIAN_POINT('',(18.500026514,31.500001729,3.795809409));
#12143=DIRECTION('',(0.,0.,1.));
#12144=DIRECTION('',(1.,0.,-0.));
#12145=AXIS2_PLACEMENT_3D('',#12142,#12143,#12144);
#12146=CYLINDRICAL_SURFACE('',#12145,1.);
#12147=ORIENTED_EDGE('',*,*,#919,.F.);
#12148=ORIENTED_EDGE('',*,*,#9821,.F.);
#12149=ORIENTED_EDGE('',*,*,#3705,.F.);
#12150=ORIENTED_EDGE('',*,*,#8565,.F.);
#12151=EDGE_LOOP('',(#12147,#12148,#12149,#12150));
#12152=FACE_BOUND('',#12151,.T.);
#12153=ADVANCED_FACE('',(#12152),#12146,.F.);
#12154=CARTESIAN_POINT('',(48.500026514,31.500001729,3.795809409));
#12155=DIRECTION('',(0.,0.,1.));
#12156=DIRECTION('',(1.,0.,-0.));
#12157=AXIS2_PLACEMENT_3D('',#12154,#12155,#12156);
#12158=CYLINDRICAL_SURFACE('',#12157,1.);
#12159=ORIENTED_EDGE('',*,*,#1076,.F.);
#12160=ORIENTED_EDGE('',*,*,#8433,.F.);
#12161=ORIENTED_EDGE('',*,*,#3894,.F.);
#12162=ORIENTED_EDGE('',*,*,#8462,.F.);
#12163=EDGE_LOOP('',(#12159,#12160,#12161,#12162));
#12164=FACE_BOUND('',#12163,.T.);
#12165=ADVANCED_FACE('',(#12164),#12158,.F.);
#12166=CARTESIAN_POINT('',(72.500026514,-2.499998271,3.795809409));
#12167=DIRECTION('',(0.,0.,1.));
#12168=DIRECTION('',(1.,0.,-0.));
#12169=AXIS2_PLACEMENT_3D('',#12166,#12167,#12168);
#12170=CYLINDRICAL_SURFACE('',#12169,1.);
#12171=ORIENTED_EDGE('',*,*,#2599,.F.);
#12172=ORIENTED_EDGE('',*,*,#9300,.F.);
#12173=ORIENTED_EDGE('',*,*,#5385,.F.);
#12174=ORIENTED_EDGE('',*,*,#6988,.F.);
#12175=EDGE_LOOP('',(#12171,#12172,#12173,#12174));
#12176=FACE_BOUND('',#12175,.T.);
#12177=ADVANCED_FACE('',(#12176),#12170,.F.);
#12178=CARTESIAN_POINT('',(18.500026514,-19.499998271,3.795809409));
#12179=DIRECTION('',(0.,0.,1.));
#12180=DIRECTION('',(1.,0.,-0.));
#12181=AXIS2_PLACEMENT_3D('',#12178,#12179,#12180);
#12182=CYLINDRICAL_SURFACE('',#12181,1.);
#12183=ORIENTED_EDGE('',*,*,#2249,.F.);
#12184=ORIENTED_EDGE('',*,*,#9410,.F.);
#12185=ORIENTED_EDGE('',*,*,#5035,.F.);
#12186=ORIENTED_EDGE('',*,*,#7318,.F.);
#12187=EDGE_LOOP('',(#12183,#12184,#12185,#12186));
#12188=FACE_BOUND('',#12187,.T.);
#12189=ADVANCED_FACE('',(#12188),#12182,.F.);
#12190=CARTESIAN_POINT('',(-36.499973486,31.500001729,3.795809409));
#12191=DIRECTION('',(0.,0.,1.));
#12192=DIRECTION('',(1.,0.,-0.));
#12193=AXIS2_PLACEMENT_3D('',#12190,#12191,#12192);
#12194=CYLINDRICAL_SURFACE('',#12193,1.);
#12195=ORIENTED_EDGE('',*,*,#2056,.F.);
#12196=ORIENTED_EDGE('',*,*,#7516,.F.);
#12197=ORIENTED_EDGE('',*,*,#4874,.F.);
#12198=ORIENTED_EDGE('',*,*,#7538,.F.);
#12199=EDGE_LOOP('',(#12195,#12196,#12197,#12198));
#12200=FACE_BOUND('',#12199,.T.);
#12201=ADVANCED_FACE('',(#12200),#12194,.F.);
#12202=CARTESIAN_POINT('',(36.500026514,14.500001729,3.795809409));
#12203=DIRECTION('',(0.,0.,1.));
#12204=DIRECTION('',(1.,0.,-0.));
#12205=AXIS2_PLACEMENT_3D('',#12202,#12203,#12204);
#12206=CYLINDRICAL_SURFACE('',#12205,1.);
#12207=ORIENTED_EDGE('',*,*,#989,.F.);
#12208=ORIENTED_EDGE('',*,*,#9806,.F.);
#12209=ORIENTED_EDGE('',*,*,#3775,.F.);
#12210=ORIENTED_EDGE('',*,*,#8506,.F.);
#12211=EDGE_LOOP('',(#12207,#12208,#12209,#12210));
#12212=FACE_BOUND('',#12211,.T.);
#12213=ADVANCED_FACE('',(#12212),#12206,.F.);
#12214=CARTESIAN_POINT('',(-54.499973486,-14.499998271,3.795809409));
#12215=DIRECTION('',(0.,0.,1.));
#12216=DIRECTION('',(1.,0.,-0.));
#12217=AXIS2_PLACEMENT_3D('',#12214,#12215,#12216);
#12218=CYLINDRICAL_SURFACE('',#12217,1.);
#12219=ORIENTED_EDGE('',*,*,#2913,.F.);
#12220=ORIENTED_EDGE('',*,*,#6746,.F.);
#12221=ORIENTED_EDGE('',*,*,#5699,.F.);
#12222=ORIENTED_EDGE('',*,*,#6761,.F.);
#12223=EDGE_LOOP('',(#12219,#12220,#12221,#12222));
#12224=FACE_BOUND('',#12223,.T.);
#12225=ADVANCED_FACE('',(#12224),#12218,.F.);
#12226=CARTESIAN_POINT('',(-30.499973486,-19.499998271,3.795809409));
#12227=DIRECTION('',(0.,0.,1.));
#12228=DIRECTION('',(1.,0.,-0.));
#12229=AXIS2_PLACEMENT_3D('',#12226,#12227,#12228);
#12230=CYLINDRICAL_SURFACE('',#12229,1.);
#12231=ORIENTED_EDGE('',*,*,#3089,.F.);
#12232=ORIENTED_EDGE('',*,*,#9139,.F.);
#12233=ORIENTED_EDGE('',*,*,#5875,.F.);
#12234=ORIENTED_EDGE('',*,*,#6526,.F.);
#12235=EDGE_LOOP('',(#12231,#12232,#12233,#12234));
#12236=FACE_BOUND('',#12235,.T.);
#12237=ADVANCED_FACE('',(#12236),#12230,.F.);
#12238=CARTESIAN_POINT('',(66.500026514,-2.499998271,3.795809409));
#12239=DIRECTION('',(0.,0.,1.));
#12240=DIRECTION('',(1.,0.,-0.));
#12241=AXIS2_PLACEMENT_3D('',#12238,#12239,#12240);
#12242=CYLINDRICAL_SURFACE('',#12241,1.);
#12243=ORIENTED_EDGE('',*,*,#2546,.F.);
#12244=ORIENTED_EDGE('',*,*,#7054,.F.);
#12245=ORIENTED_EDGE('',*,*,#5364,.F.);
#12246=ORIENTED_EDGE('',*,*,#7069,.F.);
#12247=EDGE_LOOP('',(#12243,#12244,#12245,#12246));
#12248=FACE_BOUND('',#12247,.T.);
#12249=ADVANCED_FACE('',(#12248),#12242,.F.);
#12250=CARTESIAN_POINT('',(30.500026514,31.500001729,3.795809409));
#12251=DIRECTION('',(0.,0.,1.));
#12252=DIRECTION('',(1.,0.,-0.));
#12253=AXIS2_PLACEMENT_3D('',#12250,#12251,#12252);
#12254=CYLINDRICAL_SURFACE('',#12253,1.);
#12255=ORIENTED_EDGE('',*,*,#936,.F.);
#12256=ORIENTED_EDGE('',*,*,#8572,.F.);
#12257=ORIENTED_EDGE('',*,*,#3754,.F.);
#12258=ORIENTED_EDGE('',*,*,#8594,.F.);
#12259=EDGE_LOOP('',(#12255,#12256,#12257,#12258));
#12260=FACE_BOUND('',#12259,.T.);
#12261=ADVANCED_FACE('',(#12260),#12254,.F.);
#12262=CARTESIAN_POINT('',(-102.499973486,-14.499998271,3.795809409));
#12263=DIRECTION('',(0.,0.,1.));
#12264=DIRECTION('',(1.,0.,-0.));
#12265=AXIS2_PLACEMENT_3D('',#12262,#12263,#12264);
#12266=CYLINDRICAL_SURFACE('',#12265,1.);
#12267=ORIENTED_EDGE('',*,*,#2788,.F.);
#12268=ORIENTED_EDGE('',*,*,#6893,.F.);
#12269=ORIENTED_EDGE('',*,*,#5542,.F.);
#12270=ORIENTED_EDGE('',*,*,#9256,.F.);
#12271=EDGE_LOOP('',(#12267,#12268,#12269,#12270));
#12272=FACE_BOUND('',#12271,.T.);
#12273=ADVANCED_FACE('',(#12272),#12266,.F.);
#12274=CARTESIAN_POINT('',(102.500026514,2.500001729,3.795809409));
#12275=DIRECTION('',(0.,0.,1.));
#12276=DIRECTION('',(1.,0.,-0.));
#12277=AXIS2_PLACEMENT_3D('',#12274,#12275,#12276);
#12278=CYLINDRICAL_SURFACE('',#12277,1.);
#12279=ORIENTED_EDGE('',*,*,#1443,.F.);
#12280=ORIENTED_EDGE('',*,*,#8132,.F.);
#12281=ORIENTED_EDGE('',*,*,#4229,.F.);
#12282=ORIENTED_EDGE('',*,*,#8147,.F.);
#12283=EDGE_LOOP('',(#12279,#12280,#12281,#12282));
#12284=FACE_BOUND('',#12283,.T.);
#12285=ADVANCED_FACE('',(#12284),#12278,.F.);
#12286=CARTESIAN_POINT('',(84.500026514,19.500001729,3.795809409));
#12287=DIRECTION('',(0.,0.,1.));
#12288=DIRECTION('',(1.,0.,-0.));
#12289=AXIS2_PLACEMENT_3D('',#12286,#12287,#12288);
#12290=CYLINDRICAL_SURFACE('',#12289,1.);
#12291=ORIENTED_EDGE('',*,*,#1373,.F.);
#12292=ORIENTED_EDGE('',*,*,#8198,.F.);
#12293=ORIENTED_EDGE('',*,*,#4159,.F.);
#12294=ORIENTED_EDGE('',*,*,#8220,.F.);
#12295=EDGE_LOOP('',(#12291,#12292,#12293,#12294));
#12296=FACE_BOUND('',#12295,.T.);
#12297=ADVANCED_FACE('',(#12296),#12290,.F.);
#12298=CARTESIAN_POINT('',(30.500026514,-2.499998271,3.795809409));
#12299=DIRECTION('',(0.,0.,1.));
#12300=DIRECTION('',(1.,0.,-0.));
#12301=AXIS2_PLACEMENT_3D('',#12298,#12299,#12300);
#12302=CYLINDRICAL_SURFACE('',#12301,1.);
#12303=ORIENTED_EDGE('',*,*,#2336,.F.);
#12304=ORIENTED_EDGE('',*,*,#7252,.F.);
#12305=ORIENTED_EDGE('',*,*,#5154,.F.);
#12306=ORIENTED_EDGE('',*,*,#7274,.F.);
#12307=EDGE_LOOP('',(#12303,#12304,#12305,#12306));
#12308=FACE_BOUND('',#12307,.T.);
#12309=ADVANCED_FACE('',(#12308),#12302,.F.);
#12310=CARTESIAN_POINT('',(-36.499973486,-14.499998271,3.795809409));
#12311=DIRECTION('',(0.,0.,1.));
#12312=DIRECTION('',(1.,0.,-0.));
#12313=AXIS2_PLACEMENT_3D('',#12310,#12311,#12312);
#12314=CYLINDRICAL_SURFACE('',#12313,1.);
#12315=ORIENTED_EDGE('',*,*,#3053,.F.);
#12316=ORIENTED_EDGE('',*,*,#6607,.F.);
#12317=ORIENTED_EDGE('',*,*,#5839,.F.);
#12318=ORIENTED_EDGE('',*,*,#6629,.F.);
#12319=EDGE_LOOP('',(#12315,#12316,#12317,#12318));
#12320=FACE_BOUND('',#12319,.T.);
#12321=ADVANCED_FACE('',(#12320),#12314,.F.);
#12322=CARTESIAN_POINT('',(-84.499973486,-2.499998271,3.795809409));
#12323=DIRECTION('',(0.,0.,1.));
#12324=DIRECTION('',(1.,0.,-0.));
#12325=AXIS2_PLACEMENT_3D('',#12322,#12323,#12324);
#12326=CYLINDRICAL_SURFACE('',#12325,1.);
#12327=ORIENTED_EDGE('',*,*,#2809,.F.);
#12328=ORIENTED_EDGE('',*,*,#9234,.F.);
#12329=ORIENTED_EDGE('',*,*,#5595,.F.);
#12330=ORIENTED_EDGE('',*,*,#6790,.F.);
#12331=EDGE_LOOP('',(#12327,#12328,#12329,#12330));
#12332=FACE_BOUND('',#12331,.T.);
#12333=ADVANCED_FACE('',(#12332),#12326,.F.);
#12334=CARTESIAN_POINT('',(102.500026514,31.500001729,3.795809409));
#12335=DIRECTION('',(0.,0.,1.));
#12336=DIRECTION('',(1.,0.,-0.));
#12337=AXIS2_PLACEMENT_3D('',#12334,#12335,#12336);
#12338=CYLINDRICAL_SURFACE('',#12337,1.);
#12339=ORIENTED_EDGE('',*,*,#1496,.F.);
#12340=ORIENTED_EDGE('',*,*,#8044,.F.);
#12341=ORIENTED_EDGE('',*,*,#4314,.F.);
#12342=ORIENTED_EDGE('',*,*,#8066,.F.);
#12343=EDGE_LOOP('',(#12339,#12340,#12341,#12342));
#12344=FACE_BOUND('',#12343,.T.);
#12345=ADVANCED_FACE('',(#12344),#12338,.F.);
#12346=CARTESIAN_POINT('',(-66.499973486,31.500001729,3.795809409));
#12347=DIRECTION('',(0.,0.,1.));
#12348=DIRECTION('',(1.,0.,-0.));
#12349=AXIS2_PLACEMENT_3D('',#12346,#12347,#12348);
#12350=CYLINDRICAL_SURFACE('',#12349,1.);
#12351=ORIENTED_EDGE('',*,*,#1899,.F.);
#12352=ORIENTED_EDGE('',*,*,#9520,.F.);
#12353=ORIENTED_EDGE('',*,*,#4685,.F.);
#12354=ORIENTED_EDGE('',*,*,#7648,.F.);
#12355=EDGE_LOOP('',(#12351,#12352,#12353,#12354));
#12356=FACE_BOUND('',#12355,.T.);
#12357=ADVANCED_FACE('',(#12356),#12350,.F.);
#12358=CARTESIAN_POINT('',(84.500026514,-14.499998271,3.795809409));
#12359=DIRECTION('',(0.,0.,1.));
#12360=DIRECTION('',(1.,0.,-0.));
#12361=AXIS2_PLACEMENT_3D('',#12358,#12359,#12360);
#12362=CYLINDRICAL_SURFACE('',#12361,1.);
#12363=ORIENTED_EDGE('',*,*,#2633,.F.);
#12364=ORIENTED_EDGE('',*,*,#7010,.F.);
#12365=ORIENTED_EDGE('',*,*,#5419,.F.);
#12366=ORIENTED_EDGE('',*,*,#7032,.F.);
#12367=EDGE_LOOP('',(#12363,#12364,#12365,#12366));
#12368=FACE_BOUND('',#12367,.T.);
#12369=ADVANCED_FACE('',(#12368),#12362,.F.);
#12370=CARTESIAN_POINT('',(36.500026514,-31.499998271,3.795809409));
#12371=DIRECTION('',(0.,0.,1.));
#12372=DIRECTION('',(1.,0.,-0.));
#12373=AXIS2_PLACEMENT_3D('',#12370,#12371,#12372);
#12374=CYLINDRICAL_SURFACE('',#12373,1.);
#12375=ORIENTED_EDGE('',*,*,#2438,.F.);
#12376=ORIENTED_EDGE('',*,*,#7223,.F.);
#12377=ORIENTED_EDGE('',*,*,#5192,.F.);
#12378=ORIENTED_EDGE('',*,*,#9366,.F.);
#12379=EDGE_LOOP('',(#12375,#12376,#12377,#12378));
#12380=FACE_BOUND('',#12379,.T.);
#12381=ADVANCED_FACE('',(#12380),#12374,.F.);
#12382=CARTESIAN_POINT('',(-48.499973486,14.500001729,3.795809409));
#12383=DIRECTION('',(0.,0.,1.));
#12384=DIRECTION('',(1.,0.,-0.));
#12385=AXIS2_PLACEMENT_3D('',#12382,#12383,#12384);
#12386=CYLINDRICAL_SURFACE('',#12385,1.);
#12387=ORIENTED_EDGE('',*,*,#1969,.F.);
#12388=ORIENTED_EDGE('',*,*,#9491,.F.);
#12389=ORIENTED_EDGE('',*,*,#4755,.F.);
#12390=ORIENTED_EDGE('',*,*,#7575,.F.);
#12391=EDGE_LOOP('',(#12387,#12388,#12389,#12390));
#12392=FACE_BOUND('',#12391,.T.);
#12393=ADVANCED_FACE('',(#12392),#12386,.F.);
#12394=CARTESIAN_POINT('',(-102.499973486,14.500001729,3.795809409));
#12395=DIRECTION('',(0.,0.,1.));
#12396=DIRECTION('',(1.,0.,-0.));
#12397=AXIS2_PLACEMENT_3D('',#12394,#12395,#12396);
#12398=CYLINDRICAL_SURFACE('',#12397,1.);
#12399=ORIENTED_EDGE('',*,*,#1549,.F.);
#12400=ORIENTED_EDGE('',*,*,#9630,.F.);
#12401=ORIENTED_EDGE('',*,*,#4335,.F.);
#12402=ORIENTED_EDGE('',*,*,#7971,.F.);
#12403=EDGE_LOOP('',(#12399,#12400,#12401,#12402));
#12404=FACE_BOUND('',#12403,.T.);
#12405=ADVANCED_FACE('',(#12404),#12398,.F.);
#12406=CARTESIAN_POINT('',(72.500026514,31.500001729,3.795809409));
#12407=DIRECTION('',(0.,0.,1.));
#12408=DIRECTION('',(1.,0.,-0.));
#12409=AXIS2_PLACEMENT_3D('',#12406,#12407,#12408);
#12410=CYLINDRICAL_SURFACE('',#12409,1.);
#12411=ORIENTED_EDGE('',*,*,#1339,.F.);
#12412=ORIENTED_EDGE('',*,*,#9696,.F.);
#12413=ORIENTED_EDGE('',*,*,#4125,.F.);
#12414=ORIENTED_EDGE('',*,*,#8176,.F.);
#12415=EDGE_LOOP('',(#12411,#12412,#12413,#12414));
#12416=FACE_BOUND('',#12415,.T.);
#12417=ADVANCED_FACE('',(#12416),#12410,.F.);
#12418=CARTESIAN_POINT('',(90.500026514,2.500001729,3.795809409));
#12419=DIRECTION('',(0.,0.,1.));
#12420=DIRECTION('',(1.,0.,-0.));
#12421=AXIS2_PLACEMENT_3D('',#12418,#12419,#12420);
#12422=CYLINDRICAL_SURFACE('',#12421,1.);
#12423=ORIENTED_EDGE('',*,*,#1458,.F.);
#12424=ORIENTED_EDGE('',*,*,#8154,.F.);
#12425=ORIENTED_EDGE('',*,*,#4212,.F.);
#12426=ORIENTED_EDGE('',*,*,#9674,.F.);
#12427=EDGE_LOOP('',(#12423,#12424,#12425,#12426));
#12428=FACE_BOUND('',#12427,.T.);
#12429=ADVANCED_FACE('',(#12428),#12422,.F.);
#12430=CARTESIAN_POINT('',(-18.499973486,-2.499998271,3.795809409));
#12431=DIRECTION('',(0.,0.,1.));
#12432=DIRECTION('',(1.,0.,-0.));
#12433=AXIS2_PLACEMENT_3D('',#12430,#12431,#12432);
#12434=CYLINDRICAL_SURFACE('',#12433,1.);
#12435=ORIENTED_EDGE('',*,*,#3176,.F.);
#12436=ORIENTED_EDGE('',*,*,#6460,.F.);
#12437=ORIENTED_EDGE('',*,*,#5994,.F.);
#12438=ORIENTED_EDGE('',*,*,#6482,.F.);
#12439=EDGE_LOOP('',(#12435,#12436,#12437,#12438));
#12440=FACE_BOUND('',#12439,.T.);
#12441=ADVANCED_FACE('',(#12440),#12434,.F.);
#12442=CARTESIAN_POINT('',(48.500026514,-31.499998271,3.795809409));
#12443=DIRECTION('',(0.,0.,1.));
#12444=DIRECTION('',(1.,0.,-0.));
#12445=AXIS2_PLACEMENT_3D('',#12442,#12443,#12444);
#12446=CYLINDRICAL_SURFACE('',#12445,1.);
#12447=ORIENTED_EDGE('',*,*,#2423,.F.);
#12448=ORIENTED_EDGE('',*,*,#7201,.F.);
#12449=ORIENTED_EDGE('',*,*,#5209,.F.);
#12450=ORIENTED_EDGE('',*,*,#7230,.F.);
#12451=EDGE_LOOP('',(#12447,#12448,#12449,#12450));
#12452=FACE_BOUND('',#12451,.T.);
#12453=ADVANCED_FACE('',(#12452),#12446,.F.);
#12454=CARTESIAN_POINT('',(-36.499973486,14.500001729,3.795809409));
#12455=DIRECTION('',(0.,0.,1.));
#12456=DIRECTION('',(1.,0.,-0.));
#12457=AXIS2_PLACEMENT_3D('',#12454,#12455,#12456);
#12458=CYLINDRICAL_SURFACE('',#12457,1.);
#12459=ORIENTED_EDGE('',*,*,#1986,.F.);
#12460=ORIENTED_EDGE('',*,*,#7582,.F.);
#12461=ORIENTED_EDGE('',*,*,#4804,.F.);
#12462=ORIENTED_EDGE('',*,*,#7597,.F.);
#12463=EDGE_LOOP('',(#12459,#12460,#12461,#12462));
#12464=FACE_BOUND('',#12463,.T.);
#12465=ADVANCED_FACE('',(#12464),#12458,.F.);
#12466=CARTESIAN_POINT('',(-36.499973486,2.500001729,3.795809409));
#12467=DIRECTION('',(0.,0.,1.));
#12468=DIRECTION('',(1.,0.,-0.));
#12469=AXIS2_PLACEMENT_3D('',#12466,#12467,#12468);
#12470=CYLINDRICAL_SURFACE('',#12469,1.);
#12471=ORIENTED_EDGE('',*,*,#2003,.F.);
#12472=ORIENTED_EDGE('',*,*,#7604,.F.);
#12473=ORIENTED_EDGE('',*,*,#4789,.F.);
#12474=ORIENTED_EDGE('',*,*,#7619,.F.);
#12475=EDGE_LOOP('',(#12471,#12472,#12473,#12474));
#12476=FACE_BOUND('',#12475,.T.);
#12477=ADVANCED_FACE('',(#12476),#12470,.F.);
#12478=CARTESIAN_POINT('',(-90.499973486,-14.499998271,3.795809409));
#12479=DIRECTION('',(0.,0.,1.));
#12480=DIRECTION('',(1.,0.,-0.));
#12481=AXIS2_PLACEMENT_3D('',#12478,#12479,#12480);
#12482=CYLINDRICAL_SURFACE('',#12481,1.);
#12483=ORIENTED_EDGE('',*,*,#2773,.F.);
#12484=ORIENTED_EDGE('',*,*,#6878,.F.);
#12485=ORIENTED_EDGE('',*,*,#5559,.F.);
#12486=ORIENTED_EDGE('',*,*,#6900,.F.);
#12487=EDGE_LOOP('',(#12483,#12484,#12485,#12486));
#12488=FACE_BOUND('',#12487,.T.);
#12489=ADVANCED_FACE('',(#12488),#12482,.F.);
#12490=CARTESIAN_POINT('',(66.500026514,14.500001729,3.795809409));
#12491=DIRECTION('',(0.,0.,1.));
#12492=DIRECTION('',(1.,0.,-0.));
#12493=AXIS2_PLACEMENT_3D('',#12490,#12491,#12492);
#12494=CYLINDRICAL_SURFACE('',#12493,1.);
#12495=ORIENTED_EDGE('',*,*,#1146,.F.);
#12496=ORIENTED_EDGE('',*,*,#8374,.F.);
#12497=ORIENTED_EDGE('',*,*,#3964,.F.);
#12498=ORIENTED_EDGE('',*,*,#8396,.F.);
#12499=EDGE_LOOP('',(#12495,#12496,#12497,#12498));
#12500=FACE_BOUND('',#12499,.T.);
#12501=ADVANCED_FACE('',(#12500),#12494,.F.);
#12502=CARTESIAN_POINT('',(66.500026514,-14.499998271,3.795809409));
#12503=DIRECTION('',(0.,0.,1.));
#12504=DIRECTION('',(1.,0.,-0.));
#12505=AXIS2_PLACEMENT_3D('',#12502,#12503,#12504);
#12506=CYLINDRICAL_SURFACE('',#12505,1.);
#12507=ORIENTED_EDGE('',*,*,#2563,.F.);
#12508=ORIENTED_EDGE('',*,*,#7076,.F.);
#12509=ORIENTED_EDGE('',*,*,#5349,.F.);
#12510=ORIENTED_EDGE('',*,*,#7098,.F.);
#12511=EDGE_LOOP('',(#12507,#12508,#12509,#12510));
#12512=FACE_BOUND('',#12511,.T.);
#12513=ADVANCED_FACE('',(#12512),#12506,.F.);
#12514=CARTESIAN_POINT('',(48.500026514,2.500001729,3.795809409));
#12515=DIRECTION('',(0.,0.,1.));
#12516=DIRECTION('',(1.,0.,-0.));
#12517=AXIS2_PLACEMENT_3D('',#12514,#12515,#12516);
#12518=CYLINDRICAL_SURFACE('',#12517,1.);
#12519=ORIENTED_EDGE('',*,*,#1023,.F.);
#12520=ORIENTED_EDGE('',*,*,#8528,.F.);
#12521=ORIENTED_EDGE('',*,*,#3809,.F.);
#12522=ORIENTED_EDGE('',*,*,#8550,.F.);
#12523=EDGE_LOOP('',(#12519,#12520,#12521,#12522));
#12524=FACE_BOUND('',#12523,.T.);
#12525=ADVANCED_FACE('',(#12524),#12518,.F.);
#12526=CARTESIAN_POINT('',(90.500026514,19.500001729,3.795809409));
#12527=DIRECTION('',(0.,0.,1.));
#12528=DIRECTION('',(1.,0.,-0.));
#12529=AXIS2_PLACEMENT_3D('',#12526,#12527,#12528);
#12530=CYLINDRICAL_SURFACE('',#12529,1.);
#12531=ORIENTED_EDGE('',*,*,#1528,.F.);
#12532=ORIENTED_EDGE('',*,*,#8088,.F.);
#12533=ORIENTED_EDGE('',*,*,#4282,.F.);
#12534=ORIENTED_EDGE('',*,*,#9652,.F.);
#12535=EDGE_LOOP('',(#12531,#12532,#12533,#12534));
#12536=FACE_BOUND('',#12535,.T.);
#12537=ADVANCED_FACE('',(#12536),#12530,.F.);
#12538=CARTESIAN_POINT('',(18.500026514,-14.499998271,3.795809409));
#12539=DIRECTION('',(0.,0.,1.));
#12540=DIRECTION('',(1.,0.,-0.));
#12541=AXIS2_PLACEMENT_3D('',#12538,#12539,#12540);
#12542=CYLINDRICAL_SURFACE('',#12541,1.);
#12543=ORIENTED_EDGE('',*,*,#2368,.F.);
#12544=ORIENTED_EDGE('',*,*,#7296,.F.);
#12545=ORIENTED_EDGE('',*,*,#5122,.F.);
#12546=ORIENTED_EDGE('',*,*,#9388,.F.);
#12547=EDGE_LOOP('',(#12543,#12544,#12545,#12546));
#12548=FACE_BOUND('',#12547,.T.);
#12549=ADVANCED_FACE('',(#12548),#12542,.F.);
#12550=CARTESIAN_POINT('',(18.500026514,2.500001729,3.795809409));
#12551=DIRECTION('',(0.,0.,1.));
#12552=DIRECTION('',(1.,0.,-0.));
#12553=AXIS2_PLACEMENT_3D('',#12550,#12551,#12552);
#12554=CYLINDRICAL_SURFACE('',#12553,1.);
#12555=ORIENTED_EDGE('',*,*,#898,.F.);
#12556=ORIENTED_EDGE('',*,*,#8675,.F.);
#12557=ORIENTED_EDGE('',*,*,#3652,.F.);
#12558=ORIENTED_EDGE('',*,*,#9850,.F.);
#12559=EDGE_LOOP('',(#12555,#12556,#12557,#12558));
#12560=FACE_BOUND('',#12559,.T.);
#12561=ADVANCED_FACE('',(#12560),#12554,.F.);
#12562=CARTESIAN_POINT('',(-30.499973486,-31.499998271,3.795809409));
#12563=DIRECTION('',(0.,0.,1.));
#12564=DIRECTION('',(1.,0.,-0.));
#12565=AXIS2_PLACEMENT_3D('',#12562,#12563,#12564);
#12566=CYLINDRICAL_SURFACE('',#12565,1.);
#12567=ORIENTED_EDGE('',*,*,#3138,.F.);
#12568=ORIENTED_EDGE('',*,*,#6570,.F.);
#12569=ORIENTED_EDGE('',*,*,#5892,.F.);
#12570=ORIENTED_EDGE('',*,*,#9146,.F.);
#12571=EDGE_LOOP('',(#12567,#12568,#12569,#12570));
#12572=FACE_BOUND('',#12571,.T.);
#12573=ADVANCED_FACE('',(#12572),#12566,.F.);
#12574=CARTESIAN_POINT('',(-84.499973486,31.500001729,3.795809409));
#12575=DIRECTION('',(0.,0.,1.));
#12576=DIRECTION('',(1.,0.,-0.));
#12577=AXIS2_PLACEMENT_3D('',#12574,#12575,#12576);
#12578=CYLINDRICAL_SURFACE('',#12577,1.);
#12579=ORIENTED_EDGE('',*,*,#1759,.F.);
#12580=ORIENTED_EDGE('',*,*,#9557,.F.);
#12581=ORIENTED_EDGE('',*,*,#4545,.F.);
#12582=ORIENTED_EDGE('',*,*,#7780,.F.);
#12583=EDGE_LOOP('',(#12579,#12580,#12581,#12582));
#12584=FACE_BOUND('',#12583,.T.);
#12585=ADVANCED_FACE('',(#12584),#12578,.F.);
#12586=CARTESIAN_POINT('',(18.500026514,19.500001729,3.795809409));
#12587=DIRECTION('',(0.,0.,1.));
#12588=DIRECTION('',(1.,0.,-0.));
#12589=AXIS2_PLACEMENT_3D('',#12586,#12587,#12588);
#12590=CYLINDRICAL_SURFACE('',#12589,1.);
#12591=ORIENTED_EDGE('',*,*,#968,.F.);
#12592=ORIENTED_EDGE('',*,*,#8616,.F.);
#12593=ORIENTED_EDGE('',*,*,#3722,.F.);
#12594=ORIENTED_EDGE('',*,*,#9828,.F.);
#12595=EDGE_LOOP('',(#12591,#12592,#12593,#12594));
#12596=FACE_BOUND('',#12595,.T.);
#12597=ADVANCED_FACE('',(#12596),#12590,.F.);
#12598=CARTESIAN_POINT('',(-102.499973486,31.500001729,3.795809409));
#12599=DIRECTION('',(0.,0.,1.));
#12600=DIRECTION('',(1.,0.,-0.));
#12601=AXIS2_PLACEMENT_3D('',#12598,#12599,#12600);
#12602=CYLINDRICAL_SURFACE('',#12601,1.);
#12603=ORIENTED_EDGE('',*,*,#1619,.F.);
#12604=ORIENTED_EDGE('',*,*,#9608,.F.);
#12605=ORIENTED_EDGE('',*,*,#4405,.F.);
#12606=ORIENTED_EDGE('',*,*,#7905,.F.);
#12607=EDGE_LOOP('',(#12603,#12604,#12605,#12606));
#12608=FACE_BOUND('',#12607,.T.);
#12609=ADVANCED_FACE('',(#12608),#12602,.F.);
#12610=CARTESIAN_POINT('',(36.500026514,-14.499998271,3.795809409));
#12611=DIRECTION('',(0.,0.,1.));
#12612=DIRECTION('',(1.,0.,-0.));
#12613=AXIS2_PLACEMENT_3D('',#12610,#12611,#12612);
#12614=CYLINDRICAL_SURFACE('',#12613,1.);
#12615=ORIENTED_EDGE('',*,*,#2508,.F.);
#12616=ORIENTED_EDGE('',*,*,#7164,.F.);
#12617=ORIENTED_EDGE('',*,*,#5262,.F.);
#12618=ORIENTED_EDGE('',*,*,#9344,.F.);
#12619=EDGE_LOOP('',(#12615,#12616,#12617,#12618));
#12620=FACE_BOUND('',#12619,.T.);
#12621=ADVANCED_FACE('',(#12620),#12614,.F.);
#12622=CARTESIAN_POINT('',(-48.499973486,2.500001729,3.795809409));
#12623=DIRECTION('',(0.,0.,1.));
#12624=DIRECTION('',(1.,0.,-0.));
#12625=AXIS2_PLACEMENT_3D('',#12622,#12623,#12624);
#12626=CYLINDRICAL_SURFACE('',#12625,1.);
#12627=ORIENTED_EDGE('',*,*,#2018,.F.);
#12628=ORIENTED_EDGE('',*,*,#7626,.F.);
#12629=ORIENTED_EDGE('',*,*,#4772,.F.);
#12630=ORIENTED_EDGE('',*,*,#9498,.F.);
#12631=EDGE_LOOP('',(#12627,#12628,#12629,#12630));
#12632=FACE_BOUND('',#12631,.T.);
#12633=ADVANCED_FACE('',(#12632),#12626,.F.);
#12634=CARTESIAN_POINT('',(-90.499973486,31.500001729,3.795809409));
#12635=DIRECTION('',(0.,0.,1.));
#12636=DIRECTION('',(1.,0.,-0.));
#12637=AXIS2_PLACEMENT_3D('',#12634,#12635,#12636);
#12638=CYLINDRICAL_SURFACE('',#12637,1.);
#12639=ORIENTED_EDGE('',*,*,#1636,.F.);
#12640=ORIENTED_EDGE('',*,*,#7912,.F.);
#12641=ORIENTED_EDGE('',*,*,#4454,.F.);
#12642=ORIENTED_EDGE('',*,*,#7934,.F.);
#12643=EDGE_LOOP('',(#12639,#12640,#12641,#12642));
#12644=FACE_BOUND('',#12643,.T.);
#12645=ADVANCED_FACE('',(#12644),#12638,.F.);
#12646=CARTESIAN_POINT('',(-84.499973486,19.500001729,3.795809409));
#12647=DIRECTION('',(0.,0.,1.));
#12648=DIRECTION('',(1.,0.,-0.));
#12649=AXIS2_PLACEMENT_3D('',#12646,#12647,#12648);
#12650=CYLINDRICAL_SURFACE('',#12649,1.);
#12651=ORIENTED_EDGE('',*,*,#1808,.F.);
#12652=ORIENTED_EDGE('',*,*,#7824,.F.);
#12653=ORIENTED_EDGE('',*,*,#4562,.F.);
#12654=ORIENTED_EDGE('',*,*,#9564,.F.);
#12655=EDGE_LOOP('',(#12651,#12652,#12653,#12654));
#12656=FACE_BOUND('',#12655,.T.);
#12657=ADVANCED_FACE('',(#12656),#12650,.F.);
#12658=CARTESIAN_POINT('',(-66.499973486,-14.499998271,3.795809409));
#12659=DIRECTION('',(0.,0.,1.));
#12660=DIRECTION('',(1.,0.,-0.));
#12661=AXIS2_PLACEMENT_3D('',#12658,#12659,#12660);
#12662=CYLINDRICAL_SURFACE('',#12661,1.);
#12663=ORIENTED_EDGE('',*,*,#2928,.F.);
#12664=ORIENTED_EDGE('',*,*,#6768,.F.);
#12665=ORIENTED_EDGE('',*,*,#5682,.F.);
#12666=ORIENTED_EDGE('',*,*,#9212,.F.);
#12667=EDGE_LOOP('',(#12663,#12664,#12665,#12666));
#12668=FACE_BOUND('',#12667,.T.);
#12669=ADVANCED_FACE('',(#12668),#12662,.F.);
#12670=CARTESIAN_POINT('',(48.500026514,-19.499998271,3.795809409));
#12671=DIRECTION('',(0.,0.,1.));
#12672=DIRECTION('',(1.,0.,-0.));
#12673=AXIS2_PLACEMENT_3D('',#12670,#12671,#12672);
#12674=CYLINDRICAL_SURFACE('',#12673,1.);
#12675=ORIENTED_EDGE('',*,*,#2406,.F.);
#12676=ORIENTED_EDGE('',*,*,#7186,.F.);
#12677=ORIENTED_EDGE('',*,*,#5224,.F.);
#12678=ORIENTED_EDGE('',*,*,#7208,.F.);
#12679=EDGE_LOOP('',(#12675,#12676,#12677,#12678));
#12680=FACE_BOUND('',#12679,.T.);
#12681=ADVANCED_FACE('',(#12680),#12674,.F.);
#12682=CARTESIAN_POINT('',(-90.499973486,14.500001729,3.795809409));
#12683=DIRECTION('',(0.,0.,1.));
#12684=DIRECTION('',(1.,0.,-0.));
#12685=AXIS2_PLACEMENT_3D('',#12682,#12683,#12684);
#12686=CYLINDRICAL_SURFACE('',#12685,1.);
#12687=ORIENTED_EDGE('',*,*,#1566,.F.);
#12688=ORIENTED_EDGE('',*,*,#7978,.F.);
#12689=ORIENTED_EDGE('',*,*,#4384,.F.);
#12690=ORIENTED_EDGE('',*,*,#8000,.F.);
#12691=EDGE_LOOP('',(#12687,#12688,#12689,#12690));
#12692=FACE_BOUND('',#12691,.T.);
#12693=ADVANCED_FACE('',(#12692),#12686,.F.);
#12694=CARTESIAN_POINT('',(-48.499973486,-14.499998271,3.795809409));
#12695=DIRECTION('',(0.,0.,1.));
#12696=DIRECTION('',(1.,0.,-0.));
#12697=AXIS2_PLACEMENT_3D('',#12694,#12695,#12696);
#12698=CYLINDRICAL_SURFACE('',#12697,1.);
#12699=ORIENTED_EDGE('',*,*,#3068,.F.);
#12700=ORIENTED_EDGE('',*,*,#6636,.F.);
#12701=ORIENTED_EDGE('',*,*,#5822,.F.);
#12702=ORIENTED_EDGE('',*,*,#9168,.F.);
#12703=EDGE_LOOP('',(#12699,#12700,#12701,#12702));
#12704=FACE_BOUND('',#12703,.T.);
#12705=ADVANCED_FACE('',(#12704),#12698,.F.);
#12706=CARTESIAN_POINT('',(90.500026514,-14.499998271,3.795809409));
#12707=DIRECTION('',(0.,0.,1.));
#12708=DIRECTION('',(1.,0.,-0.));
#12709=AXIS2_PLACEMENT_3D('',#12706,#12707,#12708);
#12710=CYLINDRICAL_SURFACE('',#12709,1.);
#12711=ORIENTED_EDGE('',*,*,#2718,.F.);
#12712=ORIENTED_EDGE('',*,*,#6966,.F.);
#12713=ORIENTED_EDGE('',*,*,#5472,.F.);
#12714=ORIENTED_EDGE('',*,*,#9271,.F.);
#12715=EDGE_LOOP('',(#12711,#12712,#12713,#12714));
#12716=FACE_BOUND('',#12715,.T.);
#12717=ADVANCED_FACE('',(#12716),#12710,.F.);
#12718=CARTESIAN_POINT('',(36.500026514,19.500001729,3.795809409));
#12719=DIRECTION('',(0.,0.,1.));
#12720=DIRECTION('',(1.,0.,-0.));
#12721=AXIS2_PLACEMENT_3D('',#12718,#12719,#12720);
#12722=CYLINDRICAL_SURFACE('',#12721,1.);
#12723=ORIENTED_EDGE('',*,*,#1108,.F.);
#12724=ORIENTED_EDGE('',*,*,#8484,.F.);
#12725=ORIENTED_EDGE('',*,*,#3862,.F.);
#12726=ORIENTED_EDGE('',*,*,#9777,.F.);
#12727=EDGE_LOOP('',(#12723,#12724,#12725,#12726));
#12728=FACE_BOUND('',#12727,.T.);
#12729=ADVANCED_FACE('',(#12728),#12722,.F.);
#12730=CARTESIAN_POINT('',(-84.499973486,14.500001729,3.795809409));
#12731=DIRECTION('',(0.,0.,1.));
#12732=DIRECTION('',(1.,0.,-0.));
#12733=AXIS2_PLACEMENT_3D('',#12730,#12731,#12732);
#12734=CYLINDRICAL_SURFACE('',#12733,1.);
#12735=ORIENTED_EDGE('',*,*,#1689,.F.);
#12736=ORIENTED_EDGE('',*,*,#9586,.F.);
#12737=ORIENTED_EDGE('',*,*,#4475,.F.);
#12738=ORIENTED_EDGE('',*,*,#7846,.F.);
#12739=EDGE_LOOP('',(#12735,#12736,#12737,#12738));
#12740=FACE_BOUND('',#12739,.T.);
#12741=ADVANCED_FACE('',(#12740),#12734,.F.);
#12742=CARTESIAN_POINT('',(-36.499973486,-31.499998271,3.795809409));
#12743=DIRECTION('',(0.,0.,1.));
#12744=DIRECTION('',(1.,0.,-0.));
#12745=AXIS2_PLACEMENT_3D('',#12742,#12743,#12744);
#12746=CYLINDRICAL_SURFACE('',#12745,1.);
#12747=ORIENTED_EDGE('',*,*,#2983,.F.);
#12748=ORIENTED_EDGE('',*,*,#6680,.F.);
#12749=ORIENTED_EDGE('',*,*,#5769,.F.);
#12750=ORIENTED_EDGE('',*,*,#6695,.F.);
#12751=EDGE_LOOP('',(#12747,#12748,#12749,#12750));
#12752=FACE_BOUND('',#12751,.T.);
#12753=ADVANCED_FACE('',(#12752),#12746,.F.);
#12754=CARTESIAN_POINT('',(30.500026514,2.500001729,3.795809409));
#12755=DIRECTION('',(0.,0.,1.));
#12756=DIRECTION('',(1.,0.,-0.));
#12757=AXIS2_PLACEMENT_3D('',#12754,#12755,#12756);
#12758=CYLINDRICAL_SURFACE('',#12757,1.);
#12759=ORIENTED_EDGE('',*,*,#883,.F.);
#12760=ORIENTED_EDGE('',*,*,#8660,.F.);
#12761=ORIENTED_EDGE('',*,*,#3669,.F.);
#12762=ORIENTED_EDGE('',*,*,#8682,.F.);
#12763=EDGE_LOOP('',(#12759,#12760,#12761,#12762));
#12764=FACE_BOUND('',#12763,.T.);
#12765=ADVANCED_FACE('',(#12764),#12758,.F.);
#12766=CARTESIAN_POINT('',(90.500026514,-2.499998271,3.795809409));
#12767=DIRECTION('',(0.,0.,1.));
#12768=DIRECTION('',(1.,0.,-0.));
#12769=AXIS2_PLACEMENT_3D('',#12766,#12767,#12768);
#12770=CYLINDRICAL_SURFACE('',#12769,1.);
#12771=ORIENTED_EDGE('',*,*,#2669,.F.);
#12772=ORIENTED_EDGE('',*,*,#9278,.F.);
#12773=ORIENTED_EDGE('',*,*,#5455,.F.);
#12774=ORIENTED_EDGE('',*,*,#6922,.F.);
#12775=EDGE_LOOP('',(#12771,#12772,#12773,#12774));
#12776=FACE_BOUND('',#12775,.T.);
#12777=ADVANCED_FACE('',(#12776),#12770,.F.);
#12778=CARTESIAN_POINT('',(36.500026514,31.500001729,3.795809409));
#12779=DIRECTION('',(0.,0.,1.));
#12780=DIRECTION('',(1.,0.,-0.));
#12781=AXIS2_PLACEMENT_3D('',#12778,#12779,#12780);
#12782=CYLINDRICAL_SURFACE('',#12781,1.);
#12783=ORIENTED_EDGE('',*,*,#1059,.F.);
#12784=ORIENTED_EDGE('',*,*,#9784,.F.);
#12785=ORIENTED_EDGE('',*,*,#3845,.F.);
#12786=ORIENTED_EDGE('',*,*,#8440,.F.);
#12787=EDGE_LOOP('',(#12783,#12784,#12785,#12786));
#12788=FACE_BOUND('',#12787,.T.);
#12789=ADVANCED_FACE('',(#12788),#12782,.F.);
#12790=CARTESIAN_POINT('',(-36.499973486,-2.499998271,3.795809409));
#12791=DIRECTION('',(0.,0.,1.));
#12792=DIRECTION('',(1.,0.,-0.));
#12793=AXIS2_PLACEMENT_3D('',#12790,#12791,#12792);
#12794=CYLINDRICAL_SURFACE('',#12793,1.);
#12795=ORIENTED_EDGE('',*,*,#3036,.F.);
#12796=ORIENTED_EDGE('',*,*,#6592,.F.);
#12797=ORIENTED_EDGE('',*,*,#5854,.F.);
#12798=ORIENTED_EDGE('',*,*,#6614,.F.);
#12799=EDGE_LOOP('',(#12795,#12796,#12797,#12798));
#12800=FACE_BOUND('',#12799,.T.);
#12801=ADVANCED_FACE('',(#12800),#12794,.F.);
#12802=CARTESIAN_POINT('',(-48.499973486,-31.499998271,3.795809409));
#12803=DIRECTION('',(0.,0.,1.));
#12804=DIRECTION('',(1.,0.,-0.));
#12805=AXIS2_PLACEMENT_3D('',#12802,#12803,#12804);
#12806=CYLINDRICAL_SURFACE('',#12805,1.);
#12807=ORIENTED_EDGE('',*,*,#2998,.F.);
#12808=ORIENTED_EDGE('',*,*,#6702,.F.);
#12809=ORIENTED_EDGE('',*,*,#5752,.F.);
#12810=ORIENTED_EDGE('',*,*,#9190,.F.);
#12811=EDGE_LOOP('',(#12807,#12808,#12809,#12810));
#12812=FACE_BOUND('',#12811,.T.);
#12813=ADVANCED_FACE('',(#12812),#12806,.F.);
#12814=CLOSED_SHELL('',(#75,#3212,#6349,#6380,#6411,#6442,#6464,#6486,#6508,#6530,#6552,#6574,#6596,#6618,#6640,#6662,#6684,#6706,#6728,#6750,#6772,#6794,#6816,#6838,#6860,#6882,
#6904,#6926,#6948,#6970,#6992,#7014,#7036,#7058,#7080,#7102,#7124,#7146,#7168,#7190,#7212,#7234,#7256,#7278,#7300,#7322,#7344,#7366,#7388,#7410,#7432,
#7454,#7476,#7498,#7520,#7542,#7564,#7586,#7608,#7630,#7652,#7674,#7696,#7718,#7740,#7762,#7784,#7806,#7828,#7850,#7872,#7894,#7916,#7938,#7960,#7982,
#8004,#8026,#8048,#8070,#8092,#8114,#8136,#8158,#8180,#8202,#8224,#8246,#8268,#8290,#8312,#8334,#8356,#8378,#8400,#8422,#8444,#8466,#8488,#8510,#8532,
#8554,#8576,#8598,#8620,#8642,#8664,#8686,#8708,#8725,#8742,#8759,#8776,#8793,#8810,#8827,#8844,#8861,#8878,#8895,#8912,#8929,#8946,#8963,#8980,#8997,
#9014,#9031,#9048,#9065,#9077,#9094,#9111,#9128,#9150,#9172,#9194,#9216,#9238,#9260,#9282,#9304,#9326,#9348,#9370,#9392,#9414,#9436,#9458,#9480,#9502,
#9524,#9546,#9568,#9590,#9612,#9634,#9656,#9678,#9700,#9722,#9744,#9766,#9788,#9810,#9832,#9854,#9866,#9888,#9919,#9950,#9981,#9999,#10017,#10035,#10053,
#10078,#10095,#10119,#10137,#10155,#10173,#10191,#10209,#10227,#10245,#10263,#10281,#10299,#10317,#10335,#10353,#10365,#10387,#10404,#10421,#10438,#10455,#10467,#10489,#10506,
#10523,#10540,#10557,#10569,#10591,#10608,#10625,#10642,#10659,#10671,#10693,#10710,#10727,#10744,#10761,#10773,#10795,#10812,#10829,#10846,#10863,#10875,#10897,#10914,#10931,
#10948,#10965,#10977,#10999,#11016,#11033,#11050,#11067,#11079,#11101,#11118,#11135,#11152,#11169,#11181,#11193,#11205,#11217,#11229,#11241,#11253,#11265,#11277,#11289,#11301,
#11313,#11325,#11337,#11349,#11361,#11373,#11385,#11397,#11409,#11421,#11433,#11445,#11457,#11469,#11481,#11493,#11505,#11517,#11529,#11541,#11553,#11565,#11577,#11589,#11601,
#11613,#11625,#11637,#11649,#11661,#11673,#11685,#11697,#11709,#11721,#11733,#11745,#11757,#11769,#11781,#11793,#11805,#11817,#11829,#11841,#11853,#11865,#11877,#11889,#11901,
#11913,#11925,#11937,#11949,#11961,#11973,#11985,#11997,#12009,#12021,#12033,#12045,#12057,#12069,#12081,#12093,#12105,#12117,#12129,#12141,#12153,#12165,#12177,#12189,#12201,
#12213,#12225,#12237,#12249,#12261,#12273,#12285,#12297,#12309,#12321,#12333,#12345,#12357,#12369,#12381,#12393,#12405,#12417,#12429,#12441,#12453,#12465,#12477,#12489,#12501,
#12513,#12525,#12537,#12549,#12561,#12573,#12585,#12597,#12609,#12621,#12633,#12645,#12657,#12669,#12681,#12693,#12705,#12717,#12729,#12741,#12753,#12765,#12777,#12789,#12801,
#12813));
#12815=MANIFOLD_SOLID_BREP('Plate V2.0.0',#12814);
#12816=COLOUR_RGB('',0.078431375,0.078431375,0.078431375);
#12817=FILL_AREA_STYLE_COLOUR('',#12816);
#12818=FILL_AREA_STYLE('',(#12817));
#12819=SURFACE_STYLE_FILL_AREA(#12818);
#12820=SURFACE_SIDE_STYLE('',(#12819));
#12821=SURFACE_STYLE_USAGE(.BOTH.,#12820);
#12822=PRESENTATION_STYLE_ASSIGNMENT((#12821));
#26=STYLED_ITEM('',(#12822),#12815);
#16=SHAPE_REPRESENTATION('Plate V2.0.0',(#15),#10);
#17=ADVANCED_BREP_SHAPE_REPRESENTATION('Plate V2.0.0',(#12815),#10);
#12830=SHAPE_REPRESENTATION_RELATIONSHIP('','',#16,#17);
#12831=CARTESIAN_POINT('',(0.,0.,0.));
#12832=DIRECTION('',(0.,0.,1.));
#12833=DIRECTION('',(1.,0.,0.));
#12834=AXIS2_PLACEMENT_3D('',#12831,#12832,#12833);
#12836=MAPPED_ITEM('',#12835,#12834);
#12835=REPRESENTATION_MAP(#12834,#16);
#12837=APPLICATION_CONTEXT('Managed model based 3d engineering');
#12838=APPLICATION_PROTOCOL_DEFINITION('international standard','ap242_managed_model_based_3d_engineering',2014,#12837);
#12839=PRODUCT_CONTEXT('',#12837,'mechanical');
#12840=PRODUCT_DEFINITION_CONTEXT('part definition',#12837,'design');
#24=PRODUCT('Plate V2.0.0','Plate V2.0.0','',(#12839));
#12841=PRODUCT_RELATED_PRODUCT_CATEGORY('part','',(#24));
#12842=PRODUCT_DEFINITION_FORMATION_WITH_SPECIFIED_SOURCE('','',#24,.NOT_KNOWN.);
#25=PRODUCT_DEFINITION('design','',#12842,#12840);
#23=PRODUCT_DEFINITION_SHAPE('','',#25);
#12843=SHAPE_DEFINITION_REPRESENTATION(#23,#16);
#11=DRAUGHTING_MODEL('',(#12836),#10);
#12844=DESCRIPTIVE_REPRESENTATION_ITEM('KEY','/Users/jscotto/Library/Containers/com.shapr3d.shapr/Data/tmp/91D3E4C1-282C-4FEA-BACE-FA80B77968FD.tmp');
#12845=PROPERTY_DEFINITION('KEY','',#25);
#12846=REPRESENTATION('',(#12844),#10);
#12847=PROPERTY_DEFINITION_REPRESENTATION(#12845,#12846);
#12848=GENERAL_PROPERTY('','KEY','');
#12849=GENERAL_PROPERTY_ASSOCIATION('','',#12848,#12845);
#1=MECHANICAL_DESIGN_GEOMETRIC_PRESENTATION_REPRESENTATION('',(#26),#10);
ENDSEC;
END-ISO-10303-21;
