ISO-10303-21;
HEADER;

/* File generated by Shapr3D Version 26.121.0.11316 */

FILE_DESCRIPTION(('HOOPS Exchange Step'),'2;1');

FILE_NAME('/Users/jscotto/Library/Containers/com.shapr3d.shapr/Data/tmp/export/temp_export',
'2026-08-03T09:05:02-04:00',
('jscotto'),
('Shapr3D Limited'),
'HOOPS Exchange 2026.3',
'Shapr3D',
'Authorized');

FILE_SCHEMA( ('AP242_MANAGED_MODEL_BASED_3D_ENGINEERING_MIM_LF {1 0 10303 442 1 1 4}') );

ENDSEC;

DATA;
#3=(NAMED_UNIT(*)PLANE_ANGLE_UNIT()SI_UNIT($,.RADIAN.));
#4=PLANE_ANGLE_MEASURE_WITH_UNIT(PLANE_ANGLE_MEASURE(0.0174532925),#3);
#5=(CONVERSION_BASED_UNIT('DEGREE',#4)NAMED_UNIT(#6)PLANE_ANGLE_UNIT());
#6=DIMENSIONAL_EXPONENTS(0.,0.,0.,0.,0.,0.,0.);
#7=(NAMED_UNIT(*)SI_UNIT($,.STERADIAN.)SOLID_ANGLE_UNIT());
#8=(LENGTH_UNIT()NAMED_UNIT(*)SI_UNIT(.MILLI.,.METRE.));
#9=UNCERTAINTY_MEASURE_WITH_UNIT(LENGTH_MEASURE(1.000000E-05),#8,'DISTANCE_ACCURACY_VALUE','Maximum Tolerance applied to model');
#10=(GEOMETRIC_REPRESENTATION_CONTEXT(3)GLOBAL_UNCERTAINTY_ASSIGNED_CONTEXT((#9))GLOBAL_UNIT_ASSIGNED_CONTEXT((#8,#5,#7))REPRESENTATION_CONTEXT('','Case'));
#12=CARTESIAN_POINT('',(0.,0.,0.));
#13=DIRECTION('',(0.,0.,1.));
#14=DIRECTION('',(1.,0.,0.));
#15=AXIS2_PLACEMENT_3D('',#12,#13,#14);
#27=CARTESIAN_POINT('',(0.,0.,11.));
#28=DIRECTION('',(0.,0.,1.));
#29=DIRECTION('',(1.,0.,0.));
#30=AXIS2_PLACEMENT_3D('',#27,#28,#29);
#31=PLANE('',#30);
#32=CARTESIAN_POINT('',(-108.2874154,46.6249,11.));
#33=VERTEX_POINT('',#32);
#34=CARTESIAN_POINT('',(108.2875,46.6249,11.));
#35=VERTEX_POINT('',#34);
#36=CARTESIAN_POINT('',(-108.2874154,46.6249,11.));
#37=DIRECTION('',(1.,-0.,0.));
#38=VECTOR('',#37,216.5749154);
#39=LINE('',#36,#38);
#40=EDGE_CURVE('',#33,#35,#39,.T.);
#41=ORIENTED_EDGE('',*,*,#40,.T.);
#42=CARTESIAN_POINT('',(108.5375,46.3749,11.));
#43=VERTEX_POINT('',#42);
#44=CARTESIAN_POINT('',(108.2875,46.3749,11.));
#45=DIRECTION('',(0.,0.,1.));
#46=DIRECTION('',(1.,0.,-0.));
#47=AXIS2_PLACEMENT_3D('',#44,#45,#46);
#48=CIRCLE('',#47,0.25);
#49=EDGE_CURVE('',#43,#35,#48,.T.);
#50=ORIENTED_EDGE('',*,*,#49,.F.);
#51=CARTESIAN_POINT('',(108.5375,-46.374907,11.));
#52=VERTEX_POINT('',#51);
#53=CARTESIAN_POINT('',(108.5375,46.3749,11.));
#54=DIRECTION('',(0.,-1.,0.));
#55=VECTOR('',#54,92.749807);
#56=LINE('',#53,#55);
#57=EDGE_CURVE('',#43,#52,#56,.T.);
#58=ORIENTED_EDGE('',*,*,#57,.T.);
#59=CARTESIAN_POINT('',(108.2875,-46.624907,11.));
#60=VERTEX_POINT('',#59);
#61=CARTESIAN_POINT('',(108.2875,-46.374907,11.));
#62=DIRECTION('',(0.,0.,1.));
#63=DIRECTION('',(1.,0.,-0.));
#64=AXIS2_PLACEMENT_3D('',#61,#62,#63);
#65=CIRCLE('',#64,0.25);
#66=EDGE_CURVE('',#60,#52,#65,.T.);
#67=ORIENTED_EDGE('',*,*,#66,.F.);
#68=CARTESIAN_POINT('',(12.475005823,-46.624907,11.));
#69=VERTEX_POINT('',#68);
#70=CARTESIAN_POINT('',(108.2875,-46.624907,11.));
#71=DIRECTION('',(-1.,0.,0.));
#72=VECTOR('',#71,95.812494177);
#73=LINE('',#70,#72);
#74=EDGE_CURVE('',#60,#69,#73,.T.);
#75=ORIENTED_EDGE('',*,*,#74,.T.);
#76=CARTESIAN_POINT('',(12.475005823,-48.624907,11.));
#77=VERTEX_POINT('',#76);
#78=CARTESIAN_POINT('',(12.475005823,-46.624907,11.));
#79=DIRECTION('',(0.,-1.,0.));
#80=VECTOR('',#79,2.);
#81=LINE('',#78,#80);
#82=EDGE_CURVE('',#69,#77,#81,.T.);
#83=ORIENTED_EDGE('',*,*,#82,.T.);
#84=CARTESIAN_POINT('',(108.0375,-48.624907,11.));
#85=VERTEX_POINT('',#84);
#86=CARTESIAN_POINT('',(12.475005823,-48.624907,11.));
#87=DIRECTION('',(1.,-0.,-0.));
#88=VECTOR('',#87,95.562494177);
#89=LINE('',#86,#88);
#90=EDGE_CURVE('',#77,#85,#89,.T.);
#91=ORIENTED_EDGE('',*,*,#90,.T.);
#92=CARTESIAN_POINT('',(110.5375,-46.124907,11.));
#93=VERTEX_POINT('',#92);
#94=CARTESIAN_POINT('',(108.0375,-46.124907,11.));
#95=DIRECTION('',(0.,0.,1.));
#96=DIRECTION('',(1.,0.,-0.));
#97=AXIS2_PLACEMENT_3D('',#94,#95,#96);
#98=CIRCLE('',#97,2.5);
#99=EDGE_CURVE('',#85,#93,#98,.T.);
#100=ORIENTED_EDGE('',*,*,#99,.T.);
#101=CARTESIAN_POINT('',(110.5375,46.1249,11.));
#102=VERTEX_POINT('',#101);
#103=CARTESIAN_POINT('',(110.5375,-46.124907,11.));
#104=DIRECTION('',(-0.,1.,-0.));
#105=VECTOR('',#104,92.249807);
#106=LINE('',#103,#105);
#107=EDGE_CURVE('',#93,#102,#106,.T.);
#108=ORIENTED_EDGE('',*,*,#107,.T.);
#109=CARTESIAN_POINT('',(108.0375,48.6249,11.));
#110=VERTEX_POINT('',#109);
#111=CARTESIAN_POINT('',(108.0375,46.1249,11.));
#112=DIRECTION('',(0.,0.,1.));
#113=DIRECTION('',(1.,0.,-0.));
#114=AXIS2_PLACEMENT_3D('',#111,#112,#113);
#115=CIRCLE('',#114,2.5);
#116=EDGE_CURVE('',#102,#110,#115,.T.);
#117=ORIENTED_EDGE('',*,*,#116,.T.);
#118=CARTESIAN_POINT('',(-108.0374154,48.6249,11.));
#119=VERTEX_POINT('',#118);
#120=CARTESIAN_POINT('',(108.0375,48.6249,11.));
#121=DIRECTION('',(-1.,-0.,0.));
#122=VECTOR('',#121,216.0749154);
#123=LINE('',#120,#122);
#124=EDGE_CURVE('',#110,#119,#123,.T.);
#125=ORIENTED_EDGE('',*,*,#124,.T.);
#126=CARTESIAN_POINT('',(-110.5374154,46.1249,11.));
#127=VERTEX_POINT('',#126);
#128=CARTESIAN_POINT('',(-108.0374154,46.1249,11.));
#129=DIRECTION('',(0.,0.,1.));
#130=DIRECTION('',(1.,0.,-0.));
#131=AXIS2_PLACEMENT_3D('',#128,#129,#130);
#132=CIRCLE('',#131,2.5);
#133=EDGE_CURVE('',#119,#127,#132,.T.);
#134=ORIENTED_EDGE('',*,*,#133,.T.);
#135=CARTESIAN_POINT('',(-110.5374154,-46.124907,11.));
#136=VERTEX_POINT('',#135);
#137=CARTESIAN_POINT('',(-110.5374154,46.1249,11.));
#138=DIRECTION('',(-0.,-1.,-0.));
#139=VECTOR('',#138,92.249807);
#140=LINE('',#137,#139);
#141=EDGE_CURVE('',#127,#136,#140,.T.);
#142=ORIENTED_EDGE('',*,*,#141,.T.);
#143=CARTESIAN_POINT('',(-108.0374154,-48.624907,11.));
#144=VERTEX_POINT('',#143);
#145=CARTESIAN_POINT('',(-108.0374154,-46.124907,11.));
#146=DIRECTION('',(0.,0.,1.));
#147=DIRECTION('',(1.,0.,-0.));
#148=AXIS2_PLACEMENT_3D('',#145,#146,#147);
#149=CIRCLE('',#148,2.5);
#150=EDGE_CURVE('',#136,#144,#149,.T.);
#151=ORIENTED_EDGE('',*,*,#150,.T.);
#152=CARTESIAN_POINT('',(-41.051107034,-48.624907,11.));
#153=VERTEX_POINT('',#152);
#154=CARTESIAN_POINT('',(-108.0374154,-48.624907,11.));
#155=DIRECTION('',(1.,-0.,-0.));
#156=VECTOR('',#155,66.986308366);
#157=LINE('',#154,#156);
#158=EDGE_CURVE('',#144,#153,#157,.T.);
#159=ORIENTED_EDGE('',*,*,#158,.T.);
#160=CARTESIAN_POINT('',(-41.051107034,-46.624907,11.));
#161=VERTEX_POINT('',#160);
#162=CARTESIAN_POINT('',(-41.051107034,-46.624907,11.));
#163=DIRECTION('',(0.,-1.,0.));
#164=VECTOR('',#163,2.);
#165=LINE('',#162,#164);
#166=EDGE_CURVE('',#161,#153,#165,.T.);
#167=ORIENTED_EDGE('',*,*,#166,.F.);
#168=CARTESIAN_POINT('',(-108.2874154,-46.624907,11.));
#169=VERTEX_POINT('',#168);
#170=CARTESIAN_POINT('',(-108.2874154,-46.624907,11.));
#171=DIRECTION('',(1.,0.,-0.));
#172=VECTOR('',#171,67.236308366);
#173=LINE('',#170,#172);
#174=EDGE_CURVE('',#169,#161,#173,.T.);
#175=ORIENTED_EDGE('',*,*,#174,.F.);
#176=CARTESIAN_POINT('',(-108.5374154,-46.374907,11.));
#177=VERTEX_POINT('',#176);
#178=CARTESIAN_POINT('',(-108.2874154,-46.374907,11.));
#179=DIRECTION('',(0.,0.,1.));
#180=DIRECTION('',(1.,0.,-0.));
#181=AXIS2_PLACEMENT_3D('',#178,#179,#180);
#182=CIRCLE('',#181,0.25);
#183=EDGE_CURVE('',#177,#169,#182,.T.);
#184=ORIENTED_EDGE('',*,*,#183,.F.);
#185=CARTESIAN_POINT('',(-108.5374154,46.3749,11.));
#186=VERTEX_POINT('',#185);
#187=CARTESIAN_POINT('',(-108.5374154,-46.374907,11.));
#188=DIRECTION('',(0.,1.,0.));
#189=VECTOR('',#188,92.749807);
#190=LINE('',#187,#189);
#191=EDGE_CURVE('',#177,#186,#190,.T.);
#192=ORIENTED_EDGE('',*,*,#191,.T.);
#193=CARTESIAN_POINT('',(-108.2874154,46.3749,11.));
#194=DIRECTION('',(0.,0.,1.));
#195=DIRECTION('',(1.,0.,-0.));
#196=AXIS2_PLACEMENT_3D('',#193,#194,#195);
#197=CIRCLE('',#196,0.25);
#198=EDGE_CURVE('',#33,#186,#197,.T.);
#199=ORIENTED_EDGE('',*,*,#198,.F.);
#200=EDGE_LOOP('',(#41,#50,#58,#67,#75,#83,#91,#100,#108,#117,#125,#134,#142,#151,#159,#167,#175,#184,#192,#199));
#201=FACE_BOUND('',#200,.T.);
#202=ADVANCED_FACE('',(#201),#31,.T.);
#203=CARTESIAN_POINT('',(-110.5374154,48.6249,20.6));
#204=DIRECTION('',(0.,-1.,0.));
#205=DIRECTION('',(1.,0.,0.));
#206=AXIS2_PLACEMENT_3D('',#203,#204,#205);
#207=PLANE('',#206);
#208=CARTESIAN_POINT('',(-108.0374154,48.6249,20.6));
#209=VERTEX_POINT('',#208);
#210=CARTESIAN_POINT('',(-108.0374154,48.6249,20.6));
#211=DIRECTION('',(-0.,-0.,-1.));
#212=VECTOR('',#211,9.6);
#213=LINE('',#210,#212);
#214=EDGE_CURVE('',#209,#119,#213,.T.);
#215=ORIENTED_EDGE('',*,*,#214,.T.);
#216=ORIENTED_EDGE('',*,*,#124,.F.);
#217=CARTESIAN_POINT('',(108.0375,48.6249,20.6));
#218=VERTEX_POINT('',#217);
#219=CARTESIAN_POINT('',(108.0375,48.6249,11.));
#220=DIRECTION('',(0.,0.,1.));
#221=VECTOR('',#220,9.6);
#222=LINE('',#219,#221);
#223=EDGE_CURVE('',#110,#218,#222,.T.);
#224=ORIENTED_EDGE('',*,*,#223,.T.);
#225=CARTESIAN_POINT('',(-108.0374154,48.6249,20.6));
#226=DIRECTION('',(1.,-0.,-0.));
#227=VECTOR('',#226,216.0749154);
#228=LINE('',#225,#227);
#229=EDGE_CURVE('',#209,#218,#228,.T.);
#230=ORIENTED_EDGE('',*,*,#229,.F.);
#231=EDGE_LOOP('',(#215,#216,#224,#230));
#232=FACE_BOUND('',#231,.T.);
#233=ADVANCED_FACE('',(#232),#207,.T.);
#234=CARTESIAN_POINT('',(-110.5374154,48.6249,20.6));
#235=DIRECTION('',(0.,-1.,0.));
#236=DIRECTION('',(1.,0.,0.));
#237=AXIS2_PLACEMENT_3D('',#234,#235,#236);
#238=PLANE('',#237);
#239=CARTESIAN_POINT('',(-80.688100596,48.6249,9.));
#240=VERTEX_POINT('',#239);
#241=CARTESIAN_POINT('',(-80.688100596,48.6249,3.));
#242=VERTEX_POINT('',#241);
#243=CARTESIAN_POINT('',(-80.688100596,48.6249,9.));
#244=DIRECTION('',(-0.,-0.,-1.));
#245=VECTOR('',#244,6.);
#246=LINE('',#243,#245);
#247=EDGE_CURVE('',#240,#242,#246,.T.);
#248=ORIENTED_EDGE('',*,*,#247,.F.);
#249=CARTESIAN_POINT('',(-108.0374154,48.6249,9.));
#250=VERTEX_POINT('',#249);
#251=CARTESIAN_POINT('',(-80.688100596,48.6249,9.));
#252=DIRECTION('',(-1.,0.,0.));
#253=VECTOR('',#252,27.349314804);
#254=LINE('',#251,#253);
#255=EDGE_CURVE('',#240,#250,#254,.T.);
#256=ORIENTED_EDGE('',*,*,#255,.T.);
#257=CARTESIAN_POINT('',(-108.0374154,48.6249,3.));
#258=VERTEX_POINT('',#257);
#259=CARTESIAN_POINT('',(-108.0374154,48.6249,9.));
#260=DIRECTION('',(-0.,-0.,-1.));
#261=VECTOR('',#260,6.);
#262=LINE('',#259,#261);
#263=EDGE_CURVE('',#250,#258,#262,.T.);
#264=ORIENTED_EDGE('',*,*,#263,.T.);
#265=CARTESIAN_POINT('',(-85.438100596,48.6249,3.));
#266=VERTEX_POINT('',#265);
#267=CARTESIAN_POINT('',(-108.0374154,48.6249,3.));
#268=DIRECTION('',(1.,0.,0.));
#269=VECTOR('',#268,22.599314804);
#270=LINE('',#267,#269);
#271=EDGE_CURVE('',#258,#266,#270,.T.);
#272=ORIENTED_EDGE('',*,*,#271,.T.);
#273=CARTESIAN_POINT('',(-80.688100596,48.6249,3.));
#274=DIRECTION('',(-1.,0.,0.));
#275=VECTOR('',#274,4.75);
#276=LINE('',#273,#275);
#277=EDGE_CURVE('',#242,#266,#276,.T.);
#278=ORIENTED_EDGE('',*,*,#277,.F.);
#279=EDGE_LOOP('',(#248,#256,#264,#272,#278));
#280=FACE_BOUND('',#279,.T.);
#281=ADVANCED_FACE('',(#280),#238,.T.);
#282=CARTESIAN_POINT('',(46.036239264,53.6249,3.));
#283=DIRECTION('',(0.,1.,0.));
#284=DIRECTION('',(0.,0.,1.));
#285=AXIS2_PLACEMENT_3D('',#282,#283,#284);
#286=PLANE('',#285);
#287=CARTESIAN_POINT('',(-110.5374154,53.6249,18.1));
#288=VERTEX_POINT('',#287);
#289=CARTESIAN_POINT('',(110.5375,53.6249,18.1));
#290=VERTEX_POINT('',#289);
#291=CARTESIAN_POINT('',(-110.5374154,53.6249,18.1));
#292=DIRECTION('',(1.,0.,-0.));
#293=VECTOR('',#292,221.0749154);
#294=LINE('',#291,#293);
#295=EDGE_CURVE('',#288,#290,#294,.T.);
#296=ORIENTED_EDGE('',*,*,#295,.T.);
#297=CARTESIAN_POINT('',(110.5375,53.6249,2.5));
#298=VERTEX_POINT('',#297);
#299=CARTESIAN_POINT('',(110.5375,53.6249,18.1));
#300=DIRECTION('',(0.,0.,-1.));
#301=VECTOR('',#300,15.6);
#302=LINE('',#299,#301);
#303=EDGE_CURVE('',#290,#298,#302,.T.);
#304=ORIENTED_EDGE('',*,*,#303,.T.);
#305=CARTESIAN_POINT('',(-66.855763488,53.6249,2.5));
#306=VERTEX_POINT('',#305);
#307=CARTESIAN_POINT('',(110.5375,53.6249,2.5));
#308=DIRECTION('',(-1.,-0.,0.));
#309=VECTOR('',#308,177.393263488);
#310=LINE('',#307,#309);
#311=EDGE_CURVE('',#298,#306,#310,.T.);
#312=ORIENTED_EDGE('',*,*,#311,.T.);
#313=CARTESIAN_POINT('',(-68.563100596,53.6249,5.15));
#314=VERTEX_POINT('',#313);
#315=CARTESIAN_POINT('',(-68.563100596,53.6249,3.275));
#316=DIRECTION('',(-0.,-1.,-0.));
#317=DIRECTION('',(0.,-0.,1.));
#318=AXIS2_PLACEMENT_3D('',#315,#316,#317);
#319=CIRCLE('',#318,1.875);
#320=EDGE_CURVE('',#306,#314,#319,.T.);
#321=ORIENTED_EDGE('',*,*,#320,.T.);
#322=CARTESIAN_POINT('',(-74.313100596,53.6249,5.15));
#323=VERTEX_POINT('',#322);
#324=CARTESIAN_POINT('',(-68.563100596,53.6249,5.15));
#325=DIRECTION('',(-1.,0.,0.));
#326=VECTOR('',#325,5.75);
#327=LINE('',#324,#326);
#328=EDGE_CURVE('',#314,#323,#327,.T.);
#329=ORIENTED_EDGE('',*,*,#328,.T.);
#330=CARTESIAN_POINT('',(-76.020437704,53.6249,2.5));
#331=VERTEX_POINT('',#330);
#332=CARTESIAN_POINT('',(-74.313100596,53.6249,3.275));
#333=DIRECTION('',(-0.,-1.,-0.));
#334=DIRECTION('',(0.,-0.,1.));
#335=AXIS2_PLACEMENT_3D('',#332,#333,#334);
#336=CIRCLE('',#335,1.875);
#337=EDGE_CURVE('',#323,#331,#336,.T.);
#338=ORIENTED_EDGE('',*,*,#337,.T.);
#339=CARTESIAN_POINT('',(-110.5374154,53.6249,2.5));
#340=VERTEX_POINT('',#339);
#341=CARTESIAN_POINT('',(-76.020437704,53.6249,2.5));
#342=DIRECTION('',(-1.,-0.,0.));
#343=VECTOR('',#342,34.516977696);
#344=LINE('',#341,#343);
#345=EDGE_CURVE('',#331,#340,#344,.T.);
#346=ORIENTED_EDGE('',*,*,#345,.T.);
#347=CARTESIAN_POINT('',(-110.5374154,53.6249,2.5));
#348=DIRECTION('',(-0.,-0.,1.));
#349=VECTOR('',#348,15.6);
#350=LINE('',#347,#349);
#351=EDGE_CURVE('',#340,#288,#350,.T.);
#352=ORIENTED_EDGE('',*,*,#351,.T.);
#353=EDGE_LOOP('',(#296,#304,#312,#321,#329,#338,#346,#352));
#354=FACE_BOUND('',#353,.T.);
#355=ADVANCED_FACE('',(#354),#286,.T.);
#356=CARTESIAN_POINT('',(-110.5374154,-48.624907,20.6));
#357=DIRECTION('',(1.,0.,0.));
#358=DIRECTION('',(0.,1.,0.));
#359=AXIS2_PLACEMENT_3D('',#356,#357,#358);
#360=PLANE('',#359);
#361=ORIENTED_EDGE('',*,*,#141,.F.);
#362=CARTESIAN_POINT('',(-110.5374154,46.1249,20.6));
#363=VERTEX_POINT('',#362);
#364=CARTESIAN_POINT('',(-110.5374154,46.1249,11.));
#365=DIRECTION('',(0.,0.,1.));
#366=VECTOR('',#365,9.6);
#367=LINE('',#364,#366);
#368=EDGE_CURVE('',#127,#363,#367,.T.);
#369=ORIENTED_EDGE('',*,*,#368,.T.);
#370=CARTESIAN_POINT('',(-110.5374154,-46.124907,20.6));
#371=VERTEX_POINT('',#370);
#372=CARTESIAN_POINT('',(-110.5374154,-46.124907,20.6));
#373=DIRECTION('',(-0.,1.,-0.));
#374=VECTOR('',#373,92.249807);
#375=LINE('',#372,#374);
#376=EDGE_CURVE('',#371,#363,#375,.T.);
#377=ORIENTED_EDGE('',*,*,#376,.F.);
#378=CARTESIAN_POINT('',(-110.5374154,-46.124907,20.6));
#379=DIRECTION('',(-0.,-0.,-1.));
#380=VECTOR('',#379,9.6);
#381=LINE('',#378,#380);
#382=EDGE_CURVE('',#371,#136,#381,.T.);
#383=ORIENTED_EDGE('',*,*,#382,.T.);
#384=EDGE_LOOP('',(#361,#369,#377,#383));
#385=FACE_BOUND('',#384,.T.);
#386=ADVANCED_FACE('',(#385),#360,.T.);
#387=CARTESIAN_POINT('',(-108.0374154,-46.124907,20.6));
#388=DIRECTION('',(0.,0.,1.));
#389=DIRECTION('',(1.,0.,-0.));
#390=AXIS2_PLACEMENT_3D('',#387,#388,#389);
#391=CYLINDRICAL_SURFACE('',#390,2.5);
#392=ORIENTED_EDGE('',*,*,#150,.F.);
#393=ORIENTED_EDGE('',*,*,#382,.F.);
#394=CARTESIAN_POINT('',(-108.0374154,-48.624907,20.6));
#395=VERTEX_POINT('',#394);
#396=CARTESIAN_POINT('',(-108.0374154,-46.124907,20.6));
#397=DIRECTION('',(-0.,-0.,-1.));
#398=DIRECTION('',(1.,0.,-0.));
#399=AXIS2_PLACEMENT_3D('',#396,#397,#398);
#400=CIRCLE('',#399,2.5);
#401=EDGE_CURVE('',#395,#371,#400,.T.);
#402=ORIENTED_EDGE('',*,*,#401,.F.);
#403=CARTESIAN_POINT('',(-108.0374154,-48.624907,11.));
#404=DIRECTION('',(0.,0.,1.));
#405=VECTOR('',#404,9.6);
#406=LINE('',#403,#405);
#407=EDGE_CURVE('',#144,#395,#406,.T.);
#408=ORIENTED_EDGE('',*,*,#407,.F.);
#409=EDGE_LOOP('',(#392,#393,#402,#408));
#410=FACE_BOUND('',#409,.T.);
#411=ADVANCED_FACE('',(#410),#391,.F.);
#412=CARTESIAN_POINT('',(-110.5374154,48.6249,20.6));
#413=DIRECTION('',(0.,-1.,0.));
#414=DIRECTION('',(1.,0.,0.));
#415=AXIS2_PLACEMENT_3D('',#412,#413,#414);
#416=PLANE('',#415);
#417=CARTESIAN_POINT('',(108.0375,48.6249,9.));
#418=VERTEX_POINT('',#417);
#419=CARTESIAN_POINT('',(-62.188100596,48.6249,9.));
#420=VERTEX_POINT('',#419);
#421=CARTESIAN_POINT('',(108.0375,48.6249,9.));
#422=DIRECTION('',(-1.,0.,0.));
#423=VECTOR('',#422,170.225600596);
#424=LINE('',#421,#423);
#425=EDGE_CURVE('',#418,#420,#424,.T.);
#426=ORIENTED_EDGE('',*,*,#425,.T.);
#427=CARTESIAN_POINT('',(-62.188100596,48.6249,3.));
#428=VERTEX_POINT('',#427);
#429=CARTESIAN_POINT('',(-62.188100596,48.6249,3.));
#430=DIRECTION('',(-0.,-0.,1.));
#431=VECTOR('',#430,6.);
#432=LINE('',#429,#431);
#433=EDGE_CURVE('',#428,#420,#432,.T.);
#434=ORIENTED_EDGE('',*,*,#433,.F.);
#435=CARTESIAN_POINT('',(-57.438100596,48.6249,3.));
#436=VERTEX_POINT('',#435);
#437=CARTESIAN_POINT('',(-57.438100596,48.6249,3.));
#438=DIRECTION('',(-1.,0.,0.));
#439=VECTOR('',#438,4.75);
#440=LINE('',#437,#439);
#441=EDGE_CURVE('',#436,#428,#440,.T.);
#442=ORIENTED_EDGE('',*,*,#441,.F.);
#443=CARTESIAN_POINT('',(108.0375,48.6249,3.));
#444=VERTEX_POINT('',#443);
#445=CARTESIAN_POINT('',(-57.438100596,48.6249,3.));
#446=DIRECTION('',(1.,0.,0.));
#447=VECTOR('',#446,165.475600596);
#448=LINE('',#445,#447);
#449=EDGE_CURVE('',#436,#444,#448,.T.);
#450=ORIENTED_EDGE('',*,*,#449,.T.);
#451=CARTESIAN_POINT('',(108.0375,48.6249,3.));
#452=DIRECTION('',(0.,0.,1.));
#453=VECTOR('',#452,6.);
#454=LINE('',#451,#453);
#455=EDGE_CURVE('',#444,#418,#454,.T.);
#456=ORIENTED_EDGE('',*,*,#455,.T.);
#457=EDGE_LOOP('',(#426,#434,#442,#450,#456));
#458=FACE_BOUND('',#457,.T.);
#459=ADVANCED_FACE('',(#458),#416,.T.);
#460=CARTESIAN_POINT('',(-108.0374154,46.1249,20.6));
#461=DIRECTION('',(0.,0.,1.));
#462=DIRECTION('',(1.,0.,-0.));
#463=AXIS2_PLACEMENT_3D('',#460,#461,#462);
#464=CYLINDRICAL_SURFACE('',#463,2.5);
#465=ORIENTED_EDGE('',*,*,#133,.F.);
#466=ORIENTED_EDGE('',*,*,#214,.F.);
#467=CARTESIAN_POINT('',(-108.0374154,46.1249,20.6));
#468=DIRECTION('',(-0.,-0.,-1.));
#469=DIRECTION('',(1.,0.,-0.));
#470=AXIS2_PLACEMENT_3D('',#467,#468,#469);
#471=CIRCLE('',#470,2.5);
#472=EDGE_CURVE('',#363,#209,#471,.T.);
#473=ORIENTED_EDGE('',*,*,#472,.F.);
#474=ORIENTED_EDGE('',*,*,#368,.F.);
#475=EDGE_LOOP('',(#465,#466,#473,#474));
#476=FACE_BOUND('',#475,.T.);
#477=ADVANCED_FACE('',(#476),#464,.F.);
#478=CARTESIAN_POINT('',(110.5375,48.6249,20.6));
#479=DIRECTION('',(-1.,0.,0.));
#480=DIRECTION('',(0.,-1.,0.));
#481=AXIS2_PLACEMENT_3D('',#478,#479,#480);
#482=PLANE('',#481);
#483=ORIENTED_EDGE('',*,*,#107,.F.);
#484=CARTESIAN_POINT('',(110.5375,-46.124907,20.6));
#485=VERTEX_POINT('',#484);
#486=CARTESIAN_POINT('',(110.5375,-46.124907,11.));
#487=DIRECTION('',(0.,0.,1.));
#488=VECTOR('',#487,9.6);
#489=LINE('',#486,#488);
#490=EDGE_CURVE('',#93,#485,#489,.T.);
#491=ORIENTED_EDGE('',*,*,#490,.T.);
#492=CARTESIAN_POINT('',(110.5375,46.1249,20.6));
#493=VERTEX_POINT('',#492);
#494=CARTESIAN_POINT('',(110.5375,46.1249,20.6));
#495=DIRECTION('',(-0.,-1.,-0.));
#496=VECTOR('',#495,92.249807);
#497=LINE('',#494,#496);
#498=EDGE_CURVE('',#493,#485,#497,.T.);
#499=ORIENTED_EDGE('',*,*,#498,.F.);
#500=CARTESIAN_POINT('',(110.5375,46.1249,20.6));
#501=DIRECTION('',(-0.,-0.,-1.));
#502=VECTOR('',#501,9.6);
#503=LINE('',#500,#502);
#504=EDGE_CURVE('',#493,#102,#503,.T.);
#505=ORIENTED_EDGE('',*,*,#504,.T.);
#506=EDGE_LOOP('',(#483,#491,#499,#505));
#507=FACE_BOUND('',#506,.T.);
#508=ADVANCED_FACE('',(#507),#482,.T.);
#509=CARTESIAN_POINT('',(108.0375,46.1249,20.6));
#510=DIRECTION('',(0.,0.,1.));
#511=DIRECTION('',(1.,0.,-0.));
#512=AXIS2_PLACEMENT_3D('',#509,#510,#511);
#513=CYLINDRICAL_SURFACE('',#512,2.5);
#514=ORIENTED_EDGE('',*,*,#116,.F.);
#515=ORIENTED_EDGE('',*,*,#504,.F.);
#516=CARTESIAN_POINT('',(108.0375,46.1249,20.6));
#517=DIRECTION('',(-0.,-0.,-1.));
#518=DIRECTION('',(1.,0.,-0.));
#519=AXIS2_PLACEMENT_3D('',#516,#517,#518);
#520=CIRCLE('',#519,2.5);
#521=EDGE_CURVE('',#218,#493,#520,.T.);
#522=ORIENTED_EDGE('',*,*,#521,.F.);
#523=ORIENTED_EDGE('',*,*,#223,.F.);
#524=EDGE_LOOP('',(#514,#515,#522,#523));
#525=FACE_BOUND('',#524,.T.);
#526=ADVANCED_FACE('',(#525),#513,.F.);
#527=CARTESIAN_POINT('',(108.0375,-46.124907,20.6));
#528=DIRECTION('',(0.,0.,1.));
#529=DIRECTION('',(1.,0.,-0.));
#530=AXIS2_PLACEMENT_3D('',#527,#528,#529);
#531=CYLINDRICAL_SURFACE('',#530,2.5);
#532=ORIENTED_EDGE('',*,*,#99,.F.);
#533=CARTESIAN_POINT('',(108.0375,-48.624907,20.6));
#534=VERTEX_POINT('',#533);
#535=CARTESIAN_POINT('',(108.0375,-48.624907,20.6));
#536=DIRECTION('',(-0.,-0.,-1.));
#537=VECTOR('',#536,9.6);
#538=LINE('',#535,#537);
#539=EDGE_CURVE('',#534,#85,#538,.T.);
#540=ORIENTED_EDGE('',*,*,#539,.F.);
#541=CARTESIAN_POINT('',(108.0375,-46.124907,20.6));
#542=DIRECTION('',(-0.,-0.,-1.));
#543=DIRECTION('',(1.,0.,-0.));
#544=AXIS2_PLACEMENT_3D('',#541,#542,#543);
#545=CIRCLE('',#544,2.5);
#546=EDGE_CURVE('',#485,#534,#545,.T.);
#547=ORIENTED_EDGE('',*,*,#546,.F.);
#548=ORIENTED_EDGE('',*,*,#490,.F.);
#549=EDGE_LOOP('',(#532,#540,#547,#548));
#550=FACE_BOUND('',#549,.T.);
#551=ADVANCED_FACE('',(#550),#531,.F.);
#552=CARTESIAN_POINT('',(-109.6325,51.1249,2.5));
#553=DIRECTION('',(-1.,0.,0.));
#554=DIRECTION('',(0.,0.,1.));
#555=AXIS2_PLACEMENT_3D('',#552,#553,#554);
#556=CYLINDRICAL_SURFACE('',#555,2.5);
#557=ORIENTED_EDGE('',*,*,#345,.F.);
#558=CARTESIAN_POINT('',(-74.313100596,53.369894432,1.4));
#559=VERTEX_POINT('',#558);
#560=CARTESIAN_POINT('',(-74.313100596,53.369894432,1.4));
#561=CARTESIAN_POINT('',(-74.495177943,53.369894432,1.4));
#562=CARTESIAN_POINT('',(-74.672053834,53.383111919,1.425949835));
#563=CARTESIAN_POINT('',(-74.844174488,53.405914319,1.476782682));
#564=CARTESIAN_POINT('',(-74.930234816,53.417315518,1.502199106));
#565=CARTESIAN_POINT('',(-75.014579591,53.431032697,1.533904148));
#566=CARTESIAN_POINT('',(-75.095180118,53.44583998,1.570894187));
#567=CARTESIAN_POINT('',(-75.175780644,53.460647262,1.607884226));
#568=CARTESIAN_POINT('',(-75.253306652,53.47663462,1.650344779));
#569=CARTESIAN_POINT('',(-75.327894859,53.49288673,1.698352416));
#570=CARTESIAN_POINT('',(-75.402483067,53.50913884,1.746360054));
#571=CARTESIAN_POINT('',(-75.474422491,53.525732275,1.800273442));
#572=CARTESIAN_POINT('',(-75.541417986,53.541157748,1.858362647));
#573=CARTESIAN_POINT('',(-75.60841348,53.556583222,1.916451851));
#574=CARTESIAN_POINT('',(-75.670988038,53.57095766,1.978983899));
#575=CARTESIAN_POINT('',(-75.729215703,53.583346082,2.046080554));
#576=CARTESIAN_POINT('',(-75.845671033,53.608122925,2.180273865));
#577=CARTESIAN_POINT('',(-75.94517066,53.6249,2.334185526));
#578=CARTESIAN_POINT('',(-76.020437704,53.6249,2.5));
#579=B_SPLINE_CURVE_WITH_KNOTS('',3,(#560,#561,#562,#563,#564,#565,#566,#567,#568,#569,#570,#571,#572,#573,#574,#575,#576,#577,#578),.UNSPECIFIED.,.F.,.F.,(4,3,3,3,3,3,4),(0.,0.000537711,0.000806567,0.001075422,0.001344278,0.001613134,0.002150845),.UNSPECIFIED.);
#580=EDGE_CURVE('',#559,#331,#579,.T.);
#581=ORIENTED_EDGE('',*,*,#580,.F.);
#582=CARTESIAN_POINT('',(-68.563100596,53.369894432,1.4));
#583=VERTEX_POINT('',#582);
#584=CARTESIAN_POINT('',(-68.563100596,53.369894432,1.4));
#585=DIRECTION('',(-1.,-0.,0.));
#586=VECTOR('',#585,5.75);
#587=LINE('',#584,#586);
#588=EDGE_CURVE('',#583,#559,#587,.T.);
#589=ORIENTED_EDGE('',*,*,#588,.F.);
#590=CARTESIAN_POINT('',(-66.855763488,53.6249,2.5));
#591=CARTESIAN_POINT('',(-66.931070562,53.6249,2.33409734));
#592=CARTESIAN_POINT('',(-67.027701758,53.608673922,2.18399558));
#593=CARTESIAN_POINT('',(-67.144931624,53.583782623,2.048451278));
#594=CARTESIAN_POINT('',(-67.203546557,53.571336973,1.980679128));
#595=CARTESIAN_POINT('',(-67.267143986,53.556731075,1.917070563));
#596=CARTESIAN_POINT('',(-67.334052616,53.541325965,1.858996447));
#597=CARTESIAN_POINT('',(-67.400961246,53.525920855,1.80092233));
#598=CARTESIAN_POINT('',(-67.471611459,53.509615577,1.747862263));
#599=CARTESIAN_POINT('',(-67.546154156,53.49335593,1.699739724));
#600=CARTESIAN_POINT('',(-67.620696852,53.477096282,1.651617185));
#601=CARTESIAN_POINT('',(-67.699559479,53.460817453,1.608327043));
#602=CARTESIAN_POINT('',(-67.780195895,53.445991642,1.571273135));
#603=CARTESIAN_POINT('',(-67.860832312,53.431165832,1.534219227));
#604=CARTESIAN_POINT('',(-67.943720452,53.417671708,1.503021494));
#605=CARTESIAN_POINT('',(-68.028981543,53.406318788,1.477684825));
#606=CARTESIAN_POINT('',(-68.199503725,53.383612947,1.427011487));
#607=CARTESIAN_POINT('',(-68.381024974,53.369894432,1.4));
#608=CARTESIAN_POINT('',(-68.563100596,53.369894432,1.4));
#609=B_SPLINE_CURVE_WITH_KNOTS('',3,(#590,#591,#592,#593,#594,#595,#596,#597,#598,#599,#600,#601,#602,#603,#604,#605,#606,#607,#608),.UNSPECIFIED.,.F.,.F.,(4,3,3,3,3,3,4),(0.,0.000537689,0.000806533,0.001075377,0.001344222,0.001613066,0.002150755),.UNSPECIFIED.);
#610=EDGE_CURVE('',#306,#583,#609,.T.);
#611=ORIENTED_EDGE('',*,*,#610,.F.);
#612=ORIENTED_EDGE('',*,*,#311,.F.);
#613=CARTESIAN_POINT('',(110.5375,51.1249,0.));
#614=VERTEX_POINT('',#613);
#615=CARTESIAN_POINT('',(110.5375,51.1249,2.5));
#616=DIRECTION('',(1.,0.,0.));
#617=DIRECTION('',(0.,0.,-1.));
#618=AXIS2_PLACEMENT_3D('',#615,#616,#617);
#619=CIRCLE('',#618,2.5);
#620=EDGE_CURVE('',#614,#298,#619,.T.);
#621=ORIENTED_EDGE('',*,*,#620,.F.);
#622=CARTESIAN_POINT('',(-110.5374154,51.1249,0.));
#623=VERTEX_POINT('',#622);
#624=CARTESIAN_POINT('',(-110.5374154,51.1249,0.));
#625=DIRECTION('',(1.,0.,-0.));
#626=VECTOR('',#625,221.0749154);
#627=LINE('',#624,#626);
#628=EDGE_CURVE('',#623,#614,#627,.T.);
#629=ORIENTED_EDGE('',*,*,#628,.F.);
#630=CARTESIAN_POINT('',(-110.5374154,51.1249,2.5));
#631=DIRECTION('',(1.,0.,0.));
#632=DIRECTION('',(-0.,1.,0.));
#633=AXIS2_PLACEMENT_3D('',#630,#631,#632);
#634=CIRCLE('',#633,2.5);
#635=EDGE_CURVE('',#623,#340,#634,.T.);
#636=ORIENTED_EDGE('',*,*,#635,.T.);
#637=EDGE_LOOP('',(#557,#581,#589,#611,#612,#621,#629,#636));
#638=FACE_BOUND('',#637,.T.);
#639=ADVANCED_FACE('',(#638),#556,.T.);
#640=CARTESIAN_POINT('',(-109.6325,-47.8826,3.));
#641=DIRECTION('',(0.,0.,1.));
#642=DIRECTION('',(1.,0.,0.));
#643=AXIS2_PLACEMENT_3D('',#640,#641,#642);
#644=PLANE('',#643);
#645=ORIENTED_EDGE('',*,*,#449,.F.);
#646=ORIENTED_EDGE('',*,*,#441,.T.);
#647=CARTESIAN_POINT('',(-62.188100596,17.8749,3.));
#648=VERTEX_POINT('',#647);
#649=CARTESIAN_POINT('',(-62.188100596,48.6249,3.));
#650=DIRECTION('',(0.,-1.,0.));
#651=VECTOR('',#650,30.75);
#652=LINE('',#649,#651);
#653=EDGE_CURVE('',#428,#648,#652,.T.);
#654=ORIENTED_EDGE('',*,*,#653,.T.);
#655=CARTESIAN_POINT('',(-63.438100596,16.6249,3.));
#656=VERTEX_POINT('',#655);
#657=CARTESIAN_POINT('',(-63.438100596,17.8749,3.));
#658=DIRECTION('',(0.,0.,-1.));
#659=DIRECTION('',(-1.,0.,0.));
#660=AXIS2_PLACEMENT_3D('',#657,#658,#659);
#661=CIRCLE('',#660,1.25);
#662=EDGE_CURVE('',#648,#656,#661,.T.);
#663=ORIENTED_EDGE('',*,*,#662,.T.);
#664=CARTESIAN_POINT('',(-79.438100596,16.6249,3.));
#665=VERTEX_POINT('',#664);
#666=CARTESIAN_POINT('',(-63.438100596,16.6249,3.));
#667=DIRECTION('',(-1.,0.,0.));
#668=VECTOR('',#667,16.);
#669=LINE('',#666,#668);
#670=EDGE_CURVE('',#656,#665,#669,.T.);
#671=ORIENTED_EDGE('',*,*,#670,.T.);
#672=CARTESIAN_POINT('',(-80.688100596,17.8749,3.));
#673=VERTEX_POINT('',#672);
#674=CARTESIAN_POINT('',(-79.438100596,17.8749,3.));
#675=DIRECTION('',(0.,0.,-1.));
#676=DIRECTION('',(-1.,0.,0.));
#677=AXIS2_PLACEMENT_3D('',#674,#675,#676);
#678=CIRCLE('',#677,1.25);
#679=EDGE_CURVE('',#665,#673,#678,.T.);
#680=ORIENTED_EDGE('',*,*,#679,.T.);
#681=CARTESIAN_POINT('',(-80.688100596,17.8749,3.));
#682=DIRECTION('',(-0.,1.,-0.));
#683=VECTOR('',#682,30.75);
#684=LINE('',#681,#683);
#685=EDGE_CURVE('',#673,#242,#684,.T.);
#686=ORIENTED_EDGE('',*,*,#685,.T.);
#687=ORIENTED_EDGE('',*,*,#277,.T.);
#688=ORIENTED_EDGE('',*,*,#271,.F.);
#689=CARTESIAN_POINT('',(-110.5374154,46.1249,3.));
#690=VERTEX_POINT('',#689);
#691=CARTESIAN_POINT('',(-108.0374154,46.1249,3.));
#692=DIRECTION('',(0.,0.,1.));
#693=DIRECTION('',(1.,0.,-0.));
#694=AXIS2_PLACEMENT_3D('',#691,#692,#693);
#695=CIRCLE('',#694,2.5);
#696=EDGE_CURVE('',#258,#690,#695,.T.);
#697=ORIENTED_EDGE('',*,*,#696,.T.);
#698=CARTESIAN_POINT('',(-110.5374154,-46.124907,3.));
#699=VERTEX_POINT('',#698);
#700=CARTESIAN_POINT('',(-110.5374154,-46.124907,3.));
#701=DIRECTION('',(0.,1.,0.));
#702=VECTOR('',#701,92.249807);
#703=LINE('',#700,#702);
#704=EDGE_CURVE('',#699,#690,#703,.T.);
#705=ORIENTED_EDGE('',*,*,#704,.F.);
#706=CARTESIAN_POINT('',(-108.0374154,-48.624907,3.));
#707=VERTEX_POINT('',#706);
#708=CARTESIAN_POINT('',(-108.0374154,-46.124907,3.));
#709=DIRECTION('',(0.,0.,1.));
#710=DIRECTION('',(1.,0.,-0.));
#711=AXIS2_PLACEMENT_3D('',#708,#709,#710);
#712=CIRCLE('',#711,2.5);
#713=EDGE_CURVE('',#699,#707,#712,.T.);
#714=ORIENTED_EDGE('',*,*,#713,.T.);
#715=CARTESIAN_POINT('',(108.0375,-48.624907,3.));
#716=VERTEX_POINT('',#715);
#717=CARTESIAN_POINT('',(108.0375,-48.624907,3.));
#718=DIRECTION('',(-1.,-0.,0.));
#719=VECTOR('',#718,216.0749154);
#720=LINE('',#717,#719);
#721=EDGE_CURVE('',#716,#707,#720,.T.);
#722=ORIENTED_EDGE('',*,*,#721,.F.);
#723=CARTESIAN_POINT('',(110.5375,-46.124907,3.));
#724=VERTEX_POINT('',#723);
#725=CARTESIAN_POINT('',(108.0375,-46.124907,3.));
#726=DIRECTION('',(0.,0.,1.));
#727=DIRECTION('',(1.,0.,-0.));
#728=AXIS2_PLACEMENT_3D('',#725,#726,#727);
#729=CIRCLE('',#728,2.5);
#730=EDGE_CURVE('',#716,#724,#729,.T.);
#731=ORIENTED_EDGE('',*,*,#730,.T.);
#732=CARTESIAN_POINT('',(110.5375,46.1249,3.));
#733=VERTEX_POINT('',#732);
#734=CARTESIAN_POINT('',(110.5375,46.1249,3.));
#735=DIRECTION('',(-0.,-1.,-0.));
#736=VECTOR('',#735,92.249807);
#737=LINE('',#734,#736);
#738=EDGE_CURVE('',#733,#724,#737,.T.);
#739=ORIENTED_EDGE('',*,*,#738,.F.);
#740=CARTESIAN_POINT('',(108.0375,46.1249,3.));
#741=DIRECTION('',(0.,0.,1.));
#742=DIRECTION('',(1.,0.,-0.));
#743=AXIS2_PLACEMENT_3D('',#740,#741,#742);
#744=CIRCLE('',#743,2.5);
#745=EDGE_CURVE('',#733,#444,#744,.T.);
#746=ORIENTED_EDGE('',*,*,#745,.T.);
#747=EDGE_LOOP('',(#645,#646,#654,#663,#671,#680,#686,#687,#688,#697,#705,#714,#722,#731,#739,#746));
#748=FACE_BOUND('',#747,.T.);
#749=CARTESIAN_POINT('',(-91.58805,-19.0493,3.));
#750=VERTEX_POINT('',#749);
#751=CARTESIAN_POINT('',(-89.38805,-19.0493,3.));
#752=VERTEX_POINT('',#751);
#753=CARTESIAN_POINT('',(-90.48805,-19.0493,3.));
#754=DIRECTION('',(0.,0.,1.));
#755=DIRECTION('',(1.,0.,-0.));
#756=AXIS2_PLACEMENT_3D('',#753,#754,#755);
#757=CIRCLE('',#756,1.1);
#758=EDGE_CURVE('',#750,#752,#757,.T.);
#759=ORIENTED_EDGE('',*,*,#758,.F.);
#760=CARTESIAN_POINT('',(-90.48805,-19.0493,3.));
#761=DIRECTION('',(0.,0.,1.));
#762=DIRECTION('',(1.,0.,-0.));
#763=AXIS2_PLACEMENT_3D('',#760,#761,#762);
#764=CIRCLE('',#763,1.1);
#765=EDGE_CURVE('',#752,#750,#764,.T.);
#766=ORIENTED_EDGE('',*,*,#765,.F.);
#767=EDGE_LOOP('',(#759,#766));
#768=FACE_BOUND('',#767,.T.);
#769=CARTESIAN_POINT('',(-91.58805,19.05085,3.));
#770=VERTEX_POINT('',#769);
#771=CARTESIAN_POINT('',(-89.38805,19.05085,3.));
#772=VERTEX_POINT('',#771);
#773=CARTESIAN_POINT('',(-90.48805,19.05085,3.));
#774=DIRECTION('',(0.,0.,1.));
#775=DIRECTION('',(1.,0.,-0.));
#776=AXIS2_PLACEMENT_3D('',#773,#774,#775);
#777=CIRCLE('',#776,1.1);
#778=EDGE_CURVE('',#770,#772,#777,.T.);
#779=ORIENTED_EDGE('',*,*,#778,.F.);
#780=CARTESIAN_POINT('',(-90.48805,19.05085,3.));
#781=DIRECTION('',(0.,0.,1.));
#782=DIRECTION('',(1.,0.,-0.));
#783=AXIS2_PLACEMENT_3D('',#780,#781,#782);
#784=CIRCLE('',#783,1.1);
#785=EDGE_CURVE('',#772,#770,#784,.T.);
#786=ORIENTED_EDGE('',*,*,#785,.F.);
#787=EDGE_LOOP('',(#779,#786));
#788=FACE_BOUND('',#787,.T.);
#789=CARTESIAN_POINT('',(11.375005823,-42.09923086,3.));
#790=VERTEX_POINT('',#789);
#791=CARTESIAN_POINT('',(13.575005823,-42.09923086,3.));
#792=VERTEX_POINT('',#791);
#793=CARTESIAN_POINT('',(12.475005823,-42.09923086,3.));
#794=DIRECTION('',(0.,0.,1.));
#795=DIRECTION('',(1.,0.,-0.));
#796=AXIS2_PLACEMENT_3D('',#793,#794,#795);
#797=CIRCLE('',#796,1.1);
#798=EDGE_CURVE('',#790,#792,#797,.T.);
#799=ORIENTED_EDGE('',*,*,#798,.F.);
#800=CARTESIAN_POINT('',(12.475005823,-42.09923086,3.));
#801=DIRECTION('',(0.,0.,1.));
#802=DIRECTION('',(1.,0.,-0.));
#803=AXIS2_PLACEMENT_3D('',#800,#801,#802);
#804=CIRCLE('',#803,1.1);
#805=EDGE_CURVE('',#792,#790,#804,.T.);
#806=ORIENTED_EDGE('',*,*,#805,.F.);
#807=EDGE_LOOP('',(#799,#806));
#808=FACE_BOUND('',#807,.T.);
#809=CARTESIAN_POINT('',(79.862,-38.09923,3.));
#810=VERTEX_POINT('',#809);
#811=CARTESIAN_POINT('',(82.062,-38.09923,3.));
#812=VERTEX_POINT('',#811);
#813=CARTESIAN_POINT('',(80.962,-38.09923,3.));
#814=DIRECTION('',(0.,0.,1.));
#815=DIRECTION('',(1.,0.,-0.));
#816=AXIS2_PLACEMENT_3D('',#813,#814,#815);
#817=CIRCLE('',#816,1.1);
#818=EDGE_CURVE('',#810,#812,#817,.T.);
#819=ORIENTED_EDGE('',*,*,#818,.F.);
#820=CARTESIAN_POINT('',(80.962,-38.09923,3.));
#821=DIRECTION('',(0.,0.,1.));
#822=DIRECTION('',(1.,0.,-0.));
#823=AXIS2_PLACEMENT_3D('',#820,#821,#822);
#824=CIRCLE('',#823,1.1);
#825=EDGE_CURVE('',#812,#810,#824,.T.);
#826=ORIENTED_EDGE('',*,*,#825,.F.);
#827=EDGE_LOOP('',(#819,#826));
#828=FACE_BOUND('',#827,.T.);
#829=CARTESIAN_POINT('',(60.812,19.05085,3.));
#830=VERTEX_POINT('',#829);
#831=CARTESIAN_POINT('',(63.012,19.05085,3.));
#832=VERTEX_POINT('',#831);
#833=CARTESIAN_POINT('',(61.912,19.05085,3.));
#834=DIRECTION('',(0.,0.,1.));
#835=DIRECTION('',(1.,0.,-0.));
#836=AXIS2_PLACEMENT_3D('',#833,#834,#835);
#837=CIRCLE('',#836,1.1);
#838=EDGE_CURVE('',#830,#832,#837,.T.);
#839=ORIENTED_EDGE('',*,*,#838,.F.);
#840=CARTESIAN_POINT('',(61.912,19.05085,3.));
#841=DIRECTION('',(0.,0.,1.));
#842=DIRECTION('',(1.,0.,-0.));
#843=AXIS2_PLACEMENT_3D('',#840,#841,#842);
#844=CIRCLE('',#843,1.1);
#845=EDGE_CURVE('',#832,#830,#844,.T.);
#846=ORIENTED_EDGE('',*,*,#845,.F.);
#847=EDGE_LOOP('',(#839,#846));
#848=FACE_BOUND('',#847,.T.);
#849=CARTESIAN_POINT('',(-15.38885,0.00085,3.));
#850=VERTEX_POINT('',#849);
#851=CARTESIAN_POINT('',(-13.18885,0.00085,3.));
#852=VERTEX_POINT('',#851);
#853=CARTESIAN_POINT('',(-14.28885,0.00085,3.));
#854=DIRECTION('',(0.,0.,1.));
#855=DIRECTION('',(1.,0.,-0.));
#856=AXIS2_PLACEMENT_3D('',#853,#854,#855);
#857=CIRCLE('',#856,1.1);
#858=EDGE_CURVE('',#850,#852,#857,.T.);
#859=ORIENTED_EDGE('',*,*,#858,.F.);
#860=CARTESIAN_POINT('',(-14.28885,0.00085,3.));
#861=DIRECTION('',(0.,0.,1.));
#862=DIRECTION('',(1.,0.,-0.));
#863=AXIS2_PLACEMENT_3D('',#860,#861,#862);
#864=CIRCLE('',#863,1.1);
#865=EDGE_CURVE('',#852,#850,#864,.T.);
#866=ORIENTED_EDGE('',*,*,#865,.F.);
#867=EDGE_LOOP('',(#859,#866));
#868=FACE_BOUND('',#867,.T.);
#869=CARTESIAN_POINT('',(-15.388159336,-28.574252722,3.));
#870=VERTEX_POINT('',#869);
#871=CARTESIAN_POINT('',(-13.188159336,-28.574252722,3.));
#872=VERTEX_POINT('',#871);
#873=CARTESIAN_POINT('',(-14.288159336,-28.574252722,3.));
#874=DIRECTION('',(0.,0.,1.));
#875=DIRECTION('',(1.,0.,-0.));
#876=AXIS2_PLACEMENT_3D('',#873,#874,#875);
#877=CIRCLE('',#876,1.1);
#878=EDGE_CURVE('',#870,#872,#877,.T.);
#879=ORIENTED_EDGE('',*,*,#878,.F.);
#880=CARTESIAN_POINT('',(-14.288159336,-28.574252722,3.));
#881=DIRECTION('',(0.,0.,1.));
#882=DIRECTION('',(1.,0.,-0.));
#883=AXIS2_PLACEMENT_3D('',#880,#881,#882);
#884=CIRCLE('',#883,1.1);
#885=EDGE_CURVE('',#872,#870,#884,.T.);
#886=ORIENTED_EDGE('',*,*,#885,.F.);
#887=EDGE_LOOP('',(#879,#886));
#888=FACE_BOUND('',#887,.T.);
#889=CARTESIAN_POINT('',(-15.38885,38.10085,3.));
#890=VERTEX_POINT('',#889);
#891=CARTESIAN_POINT('',(-13.18885,38.10085,3.));
#892=VERTEX_POINT('',#891);
#893=CARTESIAN_POINT('',(-14.28885,38.10085,3.));
#894=DIRECTION('',(0.,0.,1.));
#895=DIRECTION('',(1.,0.,-0.));
#896=AXIS2_PLACEMENT_3D('',#893,#894,#895);
#897=CIRCLE('',#896,1.1);
#898=EDGE_CURVE('',#890,#892,#897,.T.);
#899=ORIENTED_EDGE('',*,*,#898,.F.);
#900=CARTESIAN_POINT('',(-14.28885,38.10085,3.));
#901=DIRECTION('',(0.,0.,1.));
#902=DIRECTION('',(1.,0.,-0.));
#903=AXIS2_PLACEMENT_3D('',#900,#901,#902);
#904=CIRCLE('',#903,1.1);
#905=EDGE_CURVE('',#892,#890,#904,.T.);
#906=ORIENTED_EDGE('',*,*,#905,.F.);
#907=EDGE_LOOP('',(#899,#906));
#908=FACE_BOUND('',#907,.T.);
#909=CARTESIAN_POINT('',(60.812,-19.0493,3.));
#910=VERTEX_POINT('',#909);
#911=CARTESIAN_POINT('',(63.012,-19.0493,3.));
#912=VERTEX_POINT('',#911);
#913=CARTESIAN_POINT('',(61.912,-19.0493,3.));
#914=DIRECTION('',(0.,0.,1.));
#915=DIRECTION('',(1.,0.,-0.));
#916=AXIS2_PLACEMENT_3D('',#913,#914,#915);
#917=CIRCLE('',#916,1.1);
#918=EDGE_CURVE('',#910,#912,#917,.T.);
#919=ORIENTED_EDGE('',*,*,#918,.F.);
#920=CARTESIAN_POINT('',(61.912,-19.0493,3.));
#921=DIRECTION('',(0.,0.,1.));
#922=DIRECTION('',(1.,0.,-0.));
#923=AXIS2_PLACEMENT_3D('',#920,#921,#922);
#924=CIRCLE('',#923,1.1);
#925=EDGE_CURVE('',#912,#910,#924,.T.);
#926=ORIENTED_EDGE('',*,*,#925,.F.);
#927=EDGE_LOOP('',(#919,#926));
#928=FACE_BOUND('',#927,.T.);
#929=CARTESIAN_POINT('',(82.243,38.10085,3.));
#930=VERTEX_POINT('',#929);
#931=CARTESIAN_POINT('',(84.443,38.10085,3.));
#932=VERTEX_POINT('',#931);
#933=CARTESIAN_POINT('',(83.343,38.10085,3.));
#934=DIRECTION('',(0.,0.,1.));
#935=DIRECTION('',(1.,0.,-0.));
#936=AXIS2_PLACEMENT_3D('',#933,#934,#935);
#937=CIRCLE('',#936,1.1);
#938=EDGE_CURVE('',#930,#932,#937,.T.);
#939=ORIENTED_EDGE('',*,*,#938,.F.);
#940=CARTESIAN_POINT('',(83.343,38.10085,3.));
#941=DIRECTION('',(0.,0.,1.));
#942=DIRECTION('',(1.,0.,-0.));
#943=AXIS2_PLACEMENT_3D('',#940,#941,#942);
#944=CIRCLE('',#943,1.1);
#945=EDGE_CURVE('',#932,#930,#944,.T.);
#946=ORIENTED_EDGE('',*,*,#945,.F.);
#947=EDGE_LOOP('',(#939,#946));
#948=FACE_BOUND('',#947,.T.);
#949=CARTESIAN_POINT('',(-84.4443,-38.09923,3.));
#950=VERTEX_POINT('',#949);
#951=CARTESIAN_POINT('',(-82.2443,-38.09923,3.));
#952=VERTEX_POINT('',#951);
#953=CARTESIAN_POINT('',(-83.3443,-38.09923,3.));
#954=DIRECTION('',(0.,0.,1.));
#955=DIRECTION('',(1.,0.,-0.));
#956=AXIS2_PLACEMENT_3D('',#953,#954,#955);
#957=CIRCLE('',#956,1.1);
#958=EDGE_CURVE('',#950,#952,#957,.T.);
#959=ORIENTED_EDGE('',*,*,#958,.F.);
#960=CARTESIAN_POINT('',(-83.3443,-38.09923,3.));
#961=DIRECTION('',(0.,0.,1.));
#962=DIRECTION('',(1.,0.,-0.));
#963=AXIS2_PLACEMENT_3D('',#960,#961,#962);
#964=CIRCLE('',#963,1.1);
#965=EDGE_CURVE('',#952,#950,#964,.T.);
#966=ORIENTED_EDGE('',*,*,#965,.F.);
#967=EDGE_LOOP('',(#959,#966));
#968=FACE_BOUND('',#967,.T.);
#969=CARTESIAN_POINT('',(-42.151107034,-42.099227765,3.));
#970=VERTEX_POINT('',#969);
#971=CARTESIAN_POINT('',(-39.951107034,-42.099227765,3.));
#972=VERTEX_POINT('',#971);
#973=CARTESIAN_POINT('',(-41.051107034,-42.099227765,3.));
#974=DIRECTION('',(0.,0.,1.));
#975=DIRECTION('',(1.,0.,-0.));
#976=AXIS2_PLACEMENT_3D('',#973,#974,#975);
#977=CIRCLE('',#976,1.1);
#978=EDGE_CURVE('',#970,#972,#977,.T.);
#979=ORIENTED_EDGE('',*,*,#978,.F.);
#980=CARTESIAN_POINT('',(-41.051107034,-42.099227765,3.));
#981=DIRECTION('',(0.,0.,1.));
#982=DIRECTION('',(1.,0.,-0.));
#983=AXIS2_PLACEMENT_3D('',#980,#981,#982);
#984=CIRCLE('',#983,1.1);
#985=EDGE_CURVE('',#972,#970,#984,.T.);
#986=ORIENTED_EDGE('',*,*,#985,.F.);
#987=EDGE_LOOP('',(#979,#986));
#988=FACE_BOUND('',#987,.T.);
#989=CARTESIAN_POINT('',(-91.58805,38.10085,3.));
#990=VERTEX_POINT('',#989);
#991=CARTESIAN_POINT('',(-89.38805,38.10085,3.));
#992=VERTEX_POINT('',#991);
#993=CARTESIAN_POINT('',(-90.48805,38.10085,3.));
#994=DIRECTION('',(0.,0.,1.));
#995=DIRECTION('',(1.,0.,-0.));
#996=AXIS2_PLACEMENT_3D('',#993,#994,#995);
#997=CIRCLE('',#996,1.1);
#998=EDGE_CURVE('',#990,#992,#997,.T.);
#999=ORIENTED_EDGE('',*,*,#998,.F.);
#1000=CARTESIAN_POINT('',(-90.48805,38.10085,3.));
#1001=DIRECTION('',(0.,0.,1.));
#1002=DIRECTION('',(1.,0.,-0.));
#1003=AXIS2_PLACEMENT_3D('',#1000,#1001,#1002);
#1004=CIRCLE('',#1003,1.1);
#1005=EDGE_CURVE('',#992,#990,#1004,.T.);
#1006=ORIENTED_EDGE('',*,*,#1005,.F.);
#1007=EDGE_LOOP('',(#999,#1006));
#1008=FACE_BOUND('',#1007,.T.);
#1009=CARTESIAN_POINT('',(82.243,0.000775,3.));
#1010=VERTEX_POINT('',#1009);
#1011=CARTESIAN_POINT('',(84.443,0.000775,3.));
#1012=VERTEX_POINT('',#1011);
#1013=CARTESIAN_POINT('',(83.343,0.000775,3.));
#1014=DIRECTION('',(0.,0.,1.));
#1015=DIRECTION('',(1.,0.,-0.));
#1016=AXIS2_PLACEMENT_3D('',#1013,#1014,#1015);
#1017=CIRCLE('',#1016,1.1);
#1018=EDGE_CURVE('',#1010,#1012,#1017,.T.);
#1019=ORIENTED_EDGE('',*,*,#1018,.F.);
#1020=CARTESIAN_POINT('',(83.343,0.000775,3.));
#1021=DIRECTION('',(0.,0.,1.));
#1022=DIRECTION('',(1.,0.,-0.));
#1023=AXIS2_PLACEMENT_3D('',#1020,#1021,#1022);
#1024=CIRCLE('',#1023,1.1);
#1025=EDGE_CURVE('',#1012,#1010,#1024,.T.);
#1026=ORIENTED_EDGE('',*,*,#1025,.F.);
#1027=EDGE_LOOP('',(#1019,#1026));
#1028=FACE_BOUND('',#1027,.T.);
#1029=ADVANCED_FACE('',(#748,#768,#788,#808,#828,#848,#868,#888,#908,#928,#948,#968,#988,#1008,#1028),#644,.T.);
#1030=CARTESIAN_POINT('',(-110.5374154,-48.624907,20.6));
#1031=DIRECTION('',(1.,0.,0.));
#1032=DIRECTION('',(0.,1.,0.));
#1033=AXIS2_PLACEMENT_3D('',#1030,#1031,#1032);
#1034=PLANE('',#1033);
#1035=CARTESIAN_POINT('',(-110.5374154,46.1249,9.));
#1036=VERTEX_POINT('',#1035);
#1037=CARTESIAN_POINT('',(-110.5374154,-46.124907,9.));
#1038=VERTEX_POINT('',#1037);
#1039=CARTESIAN_POINT('',(-110.5374154,46.1249,9.));
#1040=DIRECTION('',(0.,-1.,0.));
#1041=VECTOR('',#1040,92.249807);
#1042=LINE('',#1039,#1041);
#1043=EDGE_CURVE('',#1036,#1038,#1042,.T.);
#1044=ORIENTED_EDGE('',*,*,#1043,.T.);
#1045=CARTESIAN_POINT('',(-110.5374154,-46.124907,9.));
#1046=DIRECTION('',(-0.,-0.,-1.));
#1047=VECTOR('',#1046,6.);
#1048=LINE('',#1045,#1047);
#1049=EDGE_CURVE('',#1038,#699,#1048,.T.);
#1050=ORIENTED_EDGE('',*,*,#1049,.T.);
#1051=ORIENTED_EDGE('',*,*,#704,.T.);
#1052=CARTESIAN_POINT('',(-110.5374154,46.1249,3.));
#1053=DIRECTION('',(0.,0.,1.));
#1054=VECTOR('',#1053,6.);
#1055=LINE('',#1052,#1054);
#1056=EDGE_CURVE('',#690,#1036,#1055,.T.);
#1057=ORIENTED_EDGE('',*,*,#1056,.T.);
#1058=EDGE_LOOP('',(#1044,#1050,#1051,#1057));
#1059=FACE_BOUND('',#1058,.T.);
#1060=ADVANCED_FACE('',(#1059),#1034,.T.);
#1061=CARTESIAN_POINT('',(110.5375,48.6249,20.6));
#1062=DIRECTION('',(-1.,0.,0.));
#1063=DIRECTION('',(0.,-1.,0.));
#1064=AXIS2_PLACEMENT_3D('',#1061,#1062,#1063);
#1065=PLANE('',#1064);
#1066=CARTESIAN_POINT('',(110.5375,-46.124907,9.));
#1067=VERTEX_POINT('',#1066);
#1068=CARTESIAN_POINT('',(110.5375,46.1249,9.));
#1069=VERTEX_POINT('',#1068);
#1070=CARTESIAN_POINT('',(110.5375,-46.124907,9.));
#1071=DIRECTION('',(0.,1.,0.));
#1072=VECTOR('',#1071,92.249807);
#1073=LINE('',#1070,#1072);
#1074=EDGE_CURVE('',#1067,#1069,#1073,.T.);
#1075=ORIENTED_EDGE('',*,*,#1074,.T.);
#1076=CARTESIAN_POINT('',(110.5375,46.1249,9.));
#1077=DIRECTION('',(-0.,-0.,-1.));
#1078=VECTOR('',#1077,6.);
#1079=LINE('',#1076,#1078);
#1080=EDGE_CURVE('',#1069,#733,#1079,.T.);
#1081=ORIENTED_EDGE('',*,*,#1080,.T.);
#1082=ORIENTED_EDGE('',*,*,#738,.T.);
#1083=CARTESIAN_POINT('',(110.5375,-46.124907,3.));
#1084=DIRECTION('',(0.,0.,1.));
#1085=VECTOR('',#1084,6.);
#1086=LINE('',#1083,#1085);
#1087=EDGE_CURVE('',#724,#1067,#1086,.T.);
#1088=ORIENTED_EDGE('',*,*,#1087,.T.);
#1089=EDGE_LOOP('',(#1075,#1081,#1082,#1088));
#1090=FACE_BOUND('',#1089,.T.);
#1091=ADVANCED_FACE('',(#1090),#1065,.T.);
#1092=CARTESIAN_POINT('',(110.5375,-48.624907,20.6));
#1093=DIRECTION('',(0.,1.,0.));
#1094=DIRECTION('',(-1.,0.,0.));
#1095=AXIS2_PLACEMENT_3D('',#1092,#1093,#1094);
#1096=PLANE('',#1095);
#1097=ORIENTED_EDGE('',*,*,#158,.F.);
#1098=ORIENTED_EDGE('',*,*,#407,.T.);
#1099=CARTESIAN_POINT('',(108.0375,-48.624907,20.6));
#1100=DIRECTION('',(-1.,-0.,0.));
#1101=VECTOR('',#1100,216.0749154);
#1102=LINE('',#1099,#1101);
#1103=EDGE_CURVE('',#534,#395,#1102,.T.);
#1104=ORIENTED_EDGE('',*,*,#1103,.F.);
#1105=ORIENTED_EDGE('',*,*,#539,.T.);
#1106=ORIENTED_EDGE('',*,*,#90,.F.);
#1107=CARTESIAN_POINT('',(12.475005823,-48.624907,9.));
#1108=VERTEX_POINT('',#1107);
#1109=CARTESIAN_POINT('',(12.475005823,-48.624907,11.));
#1110=DIRECTION('',(-0.,-0.,-1.));
#1111=VECTOR('',#1110,2.);
#1112=LINE('',#1109,#1111);
#1113=EDGE_CURVE('',#77,#1108,#1112,.T.);
#1114=ORIENTED_EDGE('',*,*,#1113,.T.);
#1115=CARTESIAN_POINT('',(108.0375,-48.624907,9.));
#1116=VERTEX_POINT('',#1115);
#1117=CARTESIAN_POINT('',(12.475005823,-48.624907,9.));
#1118=DIRECTION('',(1.,-0.,0.));
#1119=VECTOR('',#1118,95.562494177);
#1120=LINE('',#1117,#1119);
#1121=EDGE_CURVE('',#1108,#1116,#1120,.T.);
#1122=ORIENTED_EDGE('',*,*,#1121,.T.);
#1123=CARTESIAN_POINT('',(108.0375,-48.624907,9.));
#1124=DIRECTION('',(-0.,-0.,-1.));
#1125=VECTOR('',#1124,6.);
#1126=LINE('',#1123,#1125);
#1127=EDGE_CURVE('',#1116,#716,#1126,.T.);
#1128=ORIENTED_EDGE('',*,*,#1127,.T.);
#1129=ORIENTED_EDGE('',*,*,#721,.T.);
#1130=CARTESIAN_POINT('',(-108.0374154,-48.624907,9.));
#1131=VERTEX_POINT('',#1130);
#1132=CARTESIAN_POINT('',(-108.0374154,-48.624907,3.));
#1133=DIRECTION('',(0.,0.,1.));
#1134=VECTOR('',#1133,6.);
#1135=LINE('',#1132,#1134);
#1136=EDGE_CURVE('',#707,#1131,#1135,.T.);
#1137=ORIENTED_EDGE('',*,*,#1136,.T.);
#1138=CARTESIAN_POINT('',(-41.051107034,-48.624907,9.));
#1139=VERTEX_POINT('',#1138);
#1140=CARTESIAN_POINT('',(-108.0374154,-48.624907,9.));
#1141=DIRECTION('',(1.,0.,-0.));
#1142=VECTOR('',#1141,66.986308366);
#1143=LINE('',#1140,#1142);
#1144=EDGE_CURVE('',#1131,#1139,#1143,.T.);
#1145=ORIENTED_EDGE('',*,*,#1144,.T.);
#1146=CARTESIAN_POINT('',(-41.051107034,-48.624907,11.));
#1147=DIRECTION('',(-0.,-0.,-1.));
#1148=VECTOR('',#1147,2.);
#1149=LINE('',#1146,#1148);
#1150=EDGE_CURVE('',#153,#1139,#1149,.T.);
#1151=ORIENTED_EDGE('',*,*,#1150,.F.);
#1152=EDGE_LOOP('',(#1097,#1098,#1104,#1105,#1106,#1114,#1122,#1128,#1129,#1137,#1145,#1151));
#1153=FACE_BOUND('',#1152,.T.);
#1154=ADVANCED_FACE('',(#1153),#1096,.T.);
#1155=CARTESIAN_POINT('',(-109.6325,-47.8826,20.6));
#1156=DIRECTION('',(0.,0.,1.));
#1157=DIRECTION('',(1.,0.,0.));
#1158=AXIS2_PLACEMENT_3D('',#1155,#1156,#1157);
#1159=PLANE('',#1158);
#1160=CARTESIAN_POINT('',(110.5375,51.1249,20.6));
#1161=VERTEX_POINT('',#1160);
#1162=CARTESIAN_POINT('',(-110.5374154,51.1249,20.6));
#1163=VERTEX_POINT('',#1162);
#1164=CARTESIAN_POINT('',(110.5375,51.1249,20.6));
#1165=DIRECTION('',(-1.,-0.,0.));
#1166=VECTOR('',#1165,221.0749154);
#1167=LINE('',#1164,#1166);
#1168=EDGE_CURVE('',#1161,#1163,#1167,.T.);
#1169=ORIENTED_EDGE('',*,*,#1168,.T.);
#1170=CARTESIAN_POINT('',(-113.0374154,48.6249,20.6));
#1171=VERTEX_POINT('',#1170);
#1172=CARTESIAN_POINT('',(-110.5374154,48.6249,20.6));
#1173=DIRECTION('',(0.,0.,1.));
#1174=DIRECTION('',(1.,0.,-0.));
#1175=AXIS2_PLACEMENT_3D('',#1172,#1173,#1174);
#1176=CIRCLE('',#1175,2.5);
#1177=EDGE_CURVE('',#1163,#1171,#1176,.T.);
#1178=ORIENTED_EDGE('',*,*,#1177,.T.);
#1179=CARTESIAN_POINT('',(-113.0374154,-48.624907,20.6));
#1180=VERTEX_POINT('',#1179);
#1181=CARTESIAN_POINT('',(-113.0374154,48.6249,20.6));
#1182=DIRECTION('',(-0.,-1.,-0.));
#1183=VECTOR('',#1182,97.249807);
#1184=LINE('',#1181,#1183);
#1185=EDGE_CURVE('',#1171,#1180,#1184,.T.);
#1186=ORIENTED_EDGE('',*,*,#1185,.T.);
#1187=CARTESIAN_POINT('',(-110.5374154,-51.124907,20.6));
#1188=VERTEX_POINT('',#1187);
#1189=CARTESIAN_POINT('',(-110.5374154,-48.624907,20.6));
#1190=DIRECTION('',(0.,0.,1.));
#1191=DIRECTION('',(1.,0.,-0.));
#1192=AXIS2_PLACEMENT_3D('',#1189,#1190,#1191);
#1193=CIRCLE('',#1192,2.5);
#1194=EDGE_CURVE('',#1180,#1188,#1193,.T.);
#1195=ORIENTED_EDGE('',*,*,#1194,.T.);
#1196=CARTESIAN_POINT('',(110.5375,-51.124907,20.6));
#1197=VERTEX_POINT('',#1196);
#1198=CARTESIAN_POINT('',(-110.5374154,-51.124907,20.6));
#1199=DIRECTION('',(1.,-0.,-0.));
#1200=VECTOR('',#1199,221.0749154);
#1201=LINE('',#1198,#1200);
#1202=EDGE_CURVE('',#1188,#1197,#1201,.T.);
#1203=ORIENTED_EDGE('',*,*,#1202,.T.);
#1204=CARTESIAN_POINT('',(113.0375,-48.624907,20.6));
#1205=VERTEX_POINT('',#1204);
#1206=CARTESIAN_POINT('',(110.5375,-48.624907,20.6));
#1207=DIRECTION('',(0.,0.,1.));
#1208=DIRECTION('',(1.,0.,-0.));
#1209=AXIS2_PLACEMENT_3D('',#1206,#1207,#1208);
#1210=CIRCLE('',#1209,2.5);
#1211=EDGE_CURVE('',#1197,#1205,#1210,.T.);
#1212=ORIENTED_EDGE('',*,*,#1211,.T.);
#1213=CARTESIAN_POINT('',(113.0375,48.6249,20.6));
#1214=VERTEX_POINT('',#1213);
#1215=CARTESIAN_POINT('',(113.0375,-48.624907,20.6));
#1216=DIRECTION('',(-0.,1.,-0.));
#1217=VECTOR('',#1216,97.249807);
#1218=LINE('',#1215,#1217);
#1219=EDGE_CURVE('',#1205,#1214,#1218,.T.);
#1220=ORIENTED_EDGE('',*,*,#1219,.T.);
#1221=CARTESIAN_POINT('',(110.5375,48.6249,20.6));
#1222=DIRECTION('',(0.,0.,1.));
#1223=DIRECTION('',(1.,0.,-0.));
#1224=AXIS2_PLACEMENT_3D('',#1221,#1222,#1223);
#1225=CIRCLE('',#1224,2.5);
#1226=EDGE_CURVE('',#1214,#1161,#1225,.T.);
#1227=ORIENTED_EDGE('',*,*,#1226,.T.);
#1228=EDGE_LOOP('',(#1169,#1178,#1186,#1195,#1203,#1212,#1220,#1227));
#1229=FACE_BOUND('',#1228,.T.);
#1230=ORIENTED_EDGE('',*,*,#229,.T.);
#1231=ORIENTED_EDGE('',*,*,#521,.T.);
#1232=ORIENTED_EDGE('',*,*,#498,.T.);
#1233=ORIENTED_EDGE('',*,*,#546,.T.);
#1234=ORIENTED_EDGE('',*,*,#1103,.T.);
#1235=ORIENTED_EDGE('',*,*,#401,.T.);
#1236=ORIENTED_EDGE('',*,*,#376,.T.);
#1237=ORIENTED_EDGE('',*,*,#472,.T.);
#1238=EDGE_LOOP('',(#1230,#1231,#1232,#1233,#1234,#1235,#1236,#1237));
#1239=FACE_BOUND('',#1238,.T.);
#1240=ADVANCED_FACE('',(#1229,#1239),#1159,.T.);
#1241=CARTESIAN_POINT('',(-109.6325,-47.8826,0.));
#1242=DIRECTION('',(0.,0.,1.));
#1243=DIRECTION('',(1.,0.,0.));
#1244=AXIS2_PLACEMENT_3D('',#1241,#1242,#1243);
#1245=PLANE('',#1244);
#1246=ORIENTED_EDGE('',*,*,#628,.T.);
#1247=CARTESIAN_POINT('',(113.0375,48.6249,0.));
#1248=VERTEX_POINT('',#1247);
#1249=CARTESIAN_POINT('',(110.5375,48.6249,0.));
#1250=DIRECTION('',(-0.,-0.,-1.));
#1251=DIRECTION('',(1.,0.,-0.));
#1252=AXIS2_PLACEMENT_3D('',#1249,#1250,#1251);
#1253=CIRCLE('',#1252,2.5);
#1254=EDGE_CURVE('',#614,#1248,#1253,.T.);
#1255=ORIENTED_EDGE('',*,*,#1254,.T.);
#1256=CARTESIAN_POINT('',(113.0375,-48.624907,0.));
#1257=VERTEX_POINT('',#1256);
#1258=CARTESIAN_POINT('',(113.0375,48.6249,0.));
#1259=DIRECTION('',(0.,-1.,0.));
#1260=VECTOR('',#1259,97.249807);
#1261=LINE('',#1258,#1260);
#1262=EDGE_CURVE('',#1248,#1257,#1261,.T.);
#1263=ORIENTED_EDGE('',*,*,#1262,.T.);
#1264=CARTESIAN_POINT('',(110.5375,-51.124907,0.));
#1265=VERTEX_POINT('',#1264);
#1266=CARTESIAN_POINT('',(110.5375,-48.624907,0.));
#1267=DIRECTION('',(-0.,-0.,-1.));
#1268=DIRECTION('',(1.,0.,-0.));
#1269=AXIS2_PLACEMENT_3D('',#1266,#1267,#1268);
#1270=CIRCLE('',#1269,2.5);
#1271=EDGE_CURVE('',#1257,#1265,#1270,.T.);
#1272=ORIENTED_EDGE('',*,*,#1271,.T.);
#1273=CARTESIAN_POINT('',(-110.5374154,-51.124907,0.));
#1274=VERTEX_POINT('',#1273);
#1275=CARTESIAN_POINT('',(110.5375,-51.124907,0.));
#1276=DIRECTION('',(-1.,0.,0.));
#1277=VECTOR('',#1276,221.0749154);
#1278=LINE('',#1275,#1277);
#1279=EDGE_CURVE('',#1265,#1274,#1278,.T.);
#1280=ORIENTED_EDGE('',*,*,#1279,.T.);
#1281=CARTESIAN_POINT('',(-113.0374154,-48.624907,0.));
#1282=VERTEX_POINT('',#1281);
#1283=CARTESIAN_POINT('',(-110.5374154,-48.624907,0.));
#1284=DIRECTION('',(-0.,-0.,-1.));
#1285=DIRECTION('',(1.,0.,-0.));
#1286=AXIS2_PLACEMENT_3D('',#1283,#1284,#1285);
#1287=CIRCLE('',#1286,2.5);
#1288=EDGE_CURVE('',#1274,#1282,#1287,.T.);
#1289=ORIENTED_EDGE('',*,*,#1288,.T.);
#1290=CARTESIAN_POINT('',(-113.0374154,48.6249,0.));
#1291=VERTEX_POINT('',#1290);
#1292=CARTESIAN_POINT('',(-113.0374154,-48.624907,0.));
#1293=DIRECTION('',(0.,1.,0.));
#1294=VECTOR('',#1293,97.249807);
#1295=LINE('',#1292,#1294);
#1296=EDGE_CURVE('',#1282,#1291,#1295,.T.);
#1297=ORIENTED_EDGE('',*,*,#1296,.T.);
#1298=CARTESIAN_POINT('',(-110.5374154,48.6249,0.));
#1299=DIRECTION('',(-0.,-0.,-1.));
#1300=DIRECTION('',(1.,0.,-0.));
#1301=AXIS2_PLACEMENT_3D('',#1298,#1299,#1300);
#1302=CIRCLE('',#1301,2.5);
#1303=EDGE_CURVE('',#1291,#623,#1302,.T.);
#1304=ORIENTED_EDGE('',*,*,#1303,.T.);
#1305=EDGE_LOOP('',(#1246,#1255,#1263,#1272,#1280,#1289,#1297,#1304));
#1306=FACE_BOUND('',#1305,.T.);
#1307=CARTESIAN_POINT('',(64.012,-19.0493,0.));
#1308=VERTEX_POINT('',#1307);
#1309=CARTESIAN_POINT('',(59.812,-19.0493,0.));
#1310=VERTEX_POINT('',#1309);
#1311=CARTESIAN_POINT('',(61.912,-19.0493,0.));
#1312=DIRECTION('',(0.,0.,1.));
#1313=DIRECTION('',(1.,0.,-0.));
#1314=AXIS2_PLACEMENT_3D('',#1311,#1312,#1313);
#1315=CIRCLE('',#1314,2.1);
#1316=EDGE_CURVE('',#1308,#1310,#1315,.T.);
#1317=ORIENTED_EDGE('',*,*,#1316,.T.);
#1318=CARTESIAN_POINT('',(61.912,-19.0493,0.));
#1319=DIRECTION('',(0.,0.,1.));
#1320=DIRECTION('',(1.,0.,-0.));
#1321=AXIS2_PLACEMENT_3D('',#1318,#1319,#1320);
#1322=CIRCLE('',#1321,2.1);
#1323=EDGE_CURVE('',#1310,#1308,#1322,.T.);
#1324=ORIENTED_EDGE('',*,*,#1323,.T.);
#1325=EDGE_LOOP('',(#1317,#1324));
#1326=FACE_BOUND('',#1325,.T.);
#1327=CARTESIAN_POINT('',(-88.38805,38.10085,0.));
#1328=VERTEX_POINT('',#1327);
#1329=CARTESIAN_POINT('',(-92.58805,38.10085,0.));
#1330=VERTEX_POINT('',#1329);
#1331=CARTESIAN_POINT('',(-90.48805,38.10085,0.));
#1332=DIRECTION('',(0.,0.,1.));
#1333=DIRECTION('',(1.,0.,-0.));
#1334=AXIS2_PLACEMENT_3D('',#1331,#1332,#1333);
#1335=CIRCLE('',#1334,2.1);
#1336=EDGE_CURVE('',#1328,#1330,#1335,.T.);
#1337=ORIENTED_EDGE('',*,*,#1336,.T.);
#1338=CARTESIAN_POINT('',(-90.48805,38.10085,0.));
#1339=DIRECTION('',(0.,0.,1.));
#1340=DIRECTION('',(1.,0.,-0.));
#1341=AXIS2_PLACEMENT_3D('',#1338,#1339,#1340);
#1342=CIRCLE('',#1341,2.1);
#1343=EDGE_CURVE('',#1330,#1328,#1342,.T.);
#1344=ORIENTED_EDGE('',*,*,#1343,.T.);
#1345=EDGE_LOOP('',(#1337,#1344));
#1346=FACE_BOUND('',#1345,.T.);
#1347=CARTESIAN_POINT('',(-38.951107034,-42.099227765,0.));
#1348=VERTEX_POINT('',#1347);
#1349=CARTESIAN_POINT('',(-43.151107034,-42.099227765,0.));
#1350=VERTEX_POINT('',#1349);
#1351=CARTESIAN_POINT('',(-41.051107034,-42.099227765,0.));
#1352=DIRECTION('',(0.,0.,1.));
#1353=DIRECTION('',(1.,0.,-0.));
#1354=AXIS2_PLACEMENT_3D('',#1351,#1352,#1353);
#1355=CIRCLE('',#1354,2.1);
#1356=EDGE_CURVE('',#1348,#1350,#1355,.T.);
#1357=ORIENTED_EDGE('',*,*,#1356,.T.);
#1358=CARTESIAN_POINT('',(-41.051107034,-42.099227765,0.));
#1359=DIRECTION('',(0.,0.,1.));
#1360=DIRECTION('',(1.,0.,-0.));
#1361=AXIS2_PLACEMENT_3D('',#1358,#1359,#1360);
#1362=CIRCLE('',#1361,2.1);
#1363=EDGE_CURVE('',#1350,#1348,#1362,.T.);
#1364=ORIENTED_EDGE('',*,*,#1363,.T.);
#1365=EDGE_LOOP('',(#1357,#1364));
#1366=FACE_BOUND('',#1365,.T.);
#1367=CARTESIAN_POINT('',(-81.2443,-38.09923,0.));
#1368=VERTEX_POINT('',#1367);
#1369=CARTESIAN_POINT('',(-85.4443,-38.09923,0.));
#1370=VERTEX_POINT('',#1369);
#1371=CARTESIAN_POINT('',(-83.3443,-38.09923,0.));
#1372=DIRECTION('',(0.,0.,1.));
#1373=DIRECTION('',(1.,0.,-0.));
#1374=AXIS2_PLACEMENT_3D('',#1371,#1372,#1373);
#1375=CIRCLE('',#1374,2.1);
#1376=EDGE_CURVE('',#1368,#1370,#1375,.T.);
#1377=ORIENTED_EDGE('',*,*,#1376,.T.);
#1378=CARTESIAN_POINT('',(-83.3443,-38.09923,0.));
#1379=DIRECTION('',(0.,0.,1.));
#1380=DIRECTION('',(1.,0.,-0.));
#1381=AXIS2_PLACEMENT_3D('',#1378,#1379,#1380);
#1382=CIRCLE('',#1381,2.1);
#1383=EDGE_CURVE('',#1370,#1368,#1382,.T.);
#1384=ORIENTED_EDGE('',*,*,#1383,.T.);
#1385=EDGE_LOOP('',(#1377,#1384));
#1386=FACE_BOUND('',#1385,.T.);
#1387=CARTESIAN_POINT('',(85.443,38.10085,0.));
#1388=VERTEX_POINT('',#1387);
#1389=CARTESIAN_POINT('',(81.243,38.10085,0.));
#1390=VERTEX_POINT('',#1389);
#1391=CARTESIAN_POINT('',(83.343,38.10085,0.));
#1392=DIRECTION('',(0.,0.,1.));
#1393=DIRECTION('',(1.,0.,-0.));
#1394=AXIS2_PLACEMENT_3D('',#1391,#1392,#1393);
#1395=CIRCLE('',#1394,2.1);
#1396=EDGE_CURVE('',#1388,#1390,#1395,.T.);
#1397=ORIENTED_EDGE('',*,*,#1396,.T.);
#1398=CARTESIAN_POINT('',(83.343,38.10085,0.));
#1399=DIRECTION('',(0.,0.,1.));
#1400=DIRECTION('',(1.,0.,-0.));
#1401=AXIS2_PLACEMENT_3D('',#1398,#1399,#1400);
#1402=CIRCLE('',#1401,2.1);
#1403=EDGE_CURVE('',#1390,#1388,#1402,.T.);
#1404=ORIENTED_EDGE('',*,*,#1403,.T.);
#1405=EDGE_LOOP('',(#1397,#1404));
#1406=FACE_BOUND('',#1405,.T.);
#1407=CARTESIAN_POINT('',(-88.38805,-19.0493,0.));
#1408=VERTEX_POINT('',#1407);
#1409=CARTESIAN_POINT('',(-92.58805,-19.0493,0.));
#1410=VERTEX_POINT('',#1409);
#1411=CARTESIAN_POINT('',(-90.48805,-19.0493,0.));
#1412=DIRECTION('',(0.,0.,1.));
#1413=DIRECTION('',(1.,0.,-0.));
#1414=AXIS2_PLACEMENT_3D('',#1411,#1412,#1413);
#1415=CIRCLE('',#1414,2.1);
#1416=EDGE_CURVE('',#1408,#1410,#1415,.T.);
#1417=ORIENTED_EDGE('',*,*,#1416,.T.);
#1418=CARTESIAN_POINT('',(-90.48805,-19.0493,0.));
#1419=DIRECTION('',(0.,0.,1.));
#1420=DIRECTION('',(1.,0.,-0.));
#1421=AXIS2_PLACEMENT_3D('',#1418,#1419,#1420);
#1422=CIRCLE('',#1421,2.1);
#1423=EDGE_CURVE('',#1410,#1408,#1422,.T.);
#1424=ORIENTED_EDGE('',*,*,#1423,.T.);
#1425=EDGE_LOOP('',(#1417,#1424));
#1426=FACE_BOUND('',#1425,.T.);
#1427=CARTESIAN_POINT('',(-88.38805,19.05085,0.));
#1428=VERTEX_POINT('',#1427);
#1429=CARTESIAN_POINT('',(-92.58805,19.05085,0.));
#1430=VERTEX_POINT('',#1429);
#1431=CARTESIAN_POINT('',(-90.48805,19.05085,0.));
#1432=DIRECTION('',(0.,0.,1.));
#1433=DIRECTION('',(1.,0.,-0.));
#1434=AXIS2_PLACEMENT_3D('',#1431,#1432,#1433);
#1435=CIRCLE('',#1434,2.1);
#1436=EDGE_CURVE('',#1428,#1430,#1435,.T.);
#1437=ORIENTED_EDGE('',*,*,#1436,.T.);
#1438=CARTESIAN_POINT('',(-90.48805,19.05085,0.));
#1439=DIRECTION('',(0.,0.,1.));
#1440=DIRECTION('',(1.,0.,-0.));
#1441=AXIS2_PLACEMENT_3D('',#1438,#1439,#1440);
#1442=CIRCLE('',#1441,2.1);
#1443=EDGE_CURVE('',#1430,#1428,#1442,.T.);
#1444=ORIENTED_EDGE('',*,*,#1443,.T.);
#1445=EDGE_LOOP('',(#1437,#1444));
#1446=FACE_BOUND('',#1445,.T.);
#1447=CARTESIAN_POINT('',(14.575005823,-42.09923086,0.));
#1448=VERTEX_POINT('',#1447);
#1449=CARTESIAN_POINT('',(10.375005823,-42.09923086,0.));
#1450=VERTEX_POINT('',#1449);
#1451=CARTESIAN_POINT('',(12.475005823,-42.09923086,0.));
#1452=DIRECTION('',(0.,0.,1.));
#1453=DIRECTION('',(1.,0.,-0.));
#1454=AXIS2_PLACEMENT_3D('',#1451,#1452,#1453);
#1455=CIRCLE('',#1454,2.1);
#1456=EDGE_CURVE('',#1448,#1450,#1455,.T.);
#1457=ORIENTED_EDGE('',*,*,#1456,.T.);
#1458=CARTESIAN_POINT('',(12.475005823,-42.09923086,0.));
#1459=DIRECTION('',(0.,0.,1.));
#1460=DIRECTION('',(1.,0.,-0.));
#1461=AXIS2_PLACEMENT_3D('',#1458,#1459,#1460);
#1462=CIRCLE('',#1461,2.1);
#1463=EDGE_CURVE('',#1450,#1448,#1462,.T.);
#1464=ORIENTED_EDGE('',*,*,#1463,.T.);
#1465=EDGE_LOOP('',(#1457,#1464));
#1466=FACE_BOUND('',#1465,.T.);
#1467=CARTESIAN_POINT('',(83.062,-38.09923,0.));
#1468=VERTEX_POINT('',#1467);
#1469=CARTESIAN_POINT('',(78.862,-38.09923,0.));
#1470=VERTEX_POINT('',#1469);
#1471=CARTESIAN_POINT('',(80.962,-38.09923,0.));
#1472=DIRECTION('',(0.,0.,1.));
#1473=DIRECTION('',(1.,0.,-0.));
#1474=AXIS2_PLACEMENT_3D('',#1471,#1472,#1473);
#1475=CIRCLE('',#1474,2.1);
#1476=EDGE_CURVE('',#1468,#1470,#1475,.T.);
#1477=ORIENTED_EDGE('',*,*,#1476,.T.);
#1478=CARTESIAN_POINT('',(80.962,-38.09923,0.));
#1479=DIRECTION('',(0.,0.,1.));
#1480=DIRECTION('',(1.,0.,-0.));
#1481=AXIS2_PLACEMENT_3D('',#1478,#1479,#1480);
#1482=CIRCLE('',#1481,2.1);
#1483=EDGE_CURVE('',#1470,#1468,#1482,.T.);
#1484=ORIENTED_EDGE('',*,*,#1483,.T.);
#1485=EDGE_LOOP('',(#1477,#1484));
#1486=FACE_BOUND('',#1485,.T.);
#1487=CARTESIAN_POINT('',(-12.18885,38.10085,0.));
#1488=VERTEX_POINT('',#1487);
#1489=CARTESIAN_POINT('',(-16.38885,38.10085,0.));
#1490=VERTEX_POINT('',#1489);
#1491=CARTESIAN_POINT('',(-14.28885,38.10085,0.));
#1492=DIRECTION('',(0.,0.,1.));
#1493=DIRECTION('',(1.,0.,-0.));
#1494=AXIS2_PLACEMENT_3D('',#1491,#1492,#1493);
#1495=CIRCLE('',#1494,2.1);
#1496=EDGE_CURVE('',#1488,#1490,#1495,.T.);
#1497=ORIENTED_EDGE('',*,*,#1496,.T.);
#1498=CARTESIAN_POINT('',(-14.28885,38.10085,0.));
#1499=DIRECTION('',(0.,0.,1.));
#1500=DIRECTION('',(1.,0.,-0.));
#1501=AXIS2_PLACEMENT_3D('',#1498,#1499,#1500);
#1502=CIRCLE('',#1501,2.1);
#1503=EDGE_CURVE('',#1490,#1488,#1502,.T.);
#1504=ORIENTED_EDGE('',*,*,#1503,.T.);
#1505=EDGE_LOOP('',(#1497,#1504));
#1506=FACE_BOUND('',#1505,.T.);
#1507=CARTESIAN_POINT('',(-12.188159336,-28.574252722,0.));
#1508=VERTEX_POINT('',#1507);
#1509=CARTESIAN_POINT('',(-16.388159336,-28.574252722,0.));
#1510=VERTEX_POINT('',#1509);
#1511=CARTESIAN_POINT('',(-14.288159336,-28.574252722,0.));
#1512=DIRECTION('',(0.,0.,1.));
#1513=DIRECTION('',(1.,0.,-0.));
#1514=AXIS2_PLACEMENT_3D('',#1511,#1512,#1513);
#1515=CIRCLE('',#1514,2.1);
#1516=EDGE_CURVE('',#1508,#1510,#1515,.T.);
#1517=ORIENTED_EDGE('',*,*,#1516,.T.);
#1518=CARTESIAN_POINT('',(-14.288159336,-28.574252722,0.));
#1519=DIRECTION('',(0.,0.,1.));
#1520=DIRECTION('',(1.,0.,-0.));
#1521=AXIS2_PLACEMENT_3D('',#1518,#1519,#1520);
#1522=CIRCLE('',#1521,2.1);
#1523=EDGE_CURVE('',#1510,#1508,#1522,.T.);
#1524=ORIENTED_EDGE('',*,*,#1523,.T.);
#1525=EDGE_LOOP('',(#1517,#1524));
#1526=FACE_BOUND('',#1525,.T.);
#1527=CARTESIAN_POINT('',(-12.18885,0.00085,0.));
#1528=VERTEX_POINT('',#1527);
#1529=CARTESIAN_POINT('',(-16.38885,0.00085,0.));
#1530=VERTEX_POINT('',#1529);
#1531=CARTESIAN_POINT('',(-14.28885,0.00085,0.));
#1532=DIRECTION('',(0.,0.,1.));
#1533=DIRECTION('',(1.,0.,-0.));
#1534=AXIS2_PLACEMENT_3D('',#1531,#1532,#1533);
#1535=CIRCLE('',#1534,2.1);
#1536=EDGE_CURVE('',#1528,#1530,#1535,.T.);
#1537=ORIENTED_EDGE('',*,*,#1536,.T.);
#1538=CARTESIAN_POINT('',(-14.28885,0.00085,0.));
#1539=DIRECTION('',(0.,0.,1.));
#1540=DIRECTION('',(1.,0.,-0.));
#1541=AXIS2_PLACEMENT_3D('',#1538,#1539,#1540);
#1542=CIRCLE('',#1541,2.1);
#1543=EDGE_CURVE('',#1530,#1528,#1542,.T.);
#1544=ORIENTED_EDGE('',*,*,#1543,.T.);
#1545=EDGE_LOOP('',(#1537,#1544));
#1546=FACE_BOUND('',#1545,.T.);
#1547=CARTESIAN_POINT('',(64.012,19.05085,0.));
#1548=VERTEX_POINT('',#1547);
#1549=CARTESIAN_POINT('',(59.812,19.05085,0.));
#1550=VERTEX_POINT('',#1549);
#1551=CARTESIAN_POINT('',(61.912,19.05085,0.));
#1552=DIRECTION('',(0.,0.,1.));
#1553=DIRECTION('',(1.,0.,-0.));
#1554=AXIS2_PLACEMENT_3D('',#1551,#1552,#1553);
#1555=CIRCLE('',#1554,2.1);
#1556=EDGE_CURVE('',#1548,#1550,#1555,.T.);
#1557=ORIENTED_EDGE('',*,*,#1556,.T.);
#1558=CARTESIAN_POINT('',(61.912,19.05085,0.));
#1559=DIRECTION('',(0.,0.,1.));
#1560=DIRECTION('',(1.,0.,-0.));
#1561=AXIS2_PLACEMENT_3D('',#1558,#1559,#1560);
#1562=CIRCLE('',#1561,2.1);
#1563=EDGE_CURVE('',#1550,#1548,#1562,.T.);
#1564=ORIENTED_EDGE('',*,*,#1563,.T.);
#1565=EDGE_LOOP('',(#1557,#1564));
#1566=FACE_BOUND('',#1565,.T.);
#1567=CARTESIAN_POINT('',(85.443,0.000775,0.));
#1568=VERTEX_POINT('',#1567);
#1569=CARTESIAN_POINT('',(81.243,0.000775,0.));
#1570=VERTEX_POINT('',#1569);
#1571=CARTESIAN_POINT('',(83.343,0.000775,0.));
#1572=DIRECTION('',(0.,0.,1.));
#1573=DIRECTION('',(1.,0.,-0.));
#1574=AXIS2_PLACEMENT_3D('',#1571,#1572,#1573);
#1575=CIRCLE('',#1574,2.1);
#1576=EDGE_CURVE('',#1568,#1570,#1575,.T.);
#1577=ORIENTED_EDGE('',*,*,#1576,.T.);
#1578=CARTESIAN_POINT('',(83.343,0.000775,0.));
#1579=DIRECTION('',(0.,0.,1.));
#1580=DIRECTION('',(1.,0.,-0.));
#1581=AXIS2_PLACEMENT_3D('',#1578,#1579,#1580);
#1582=CIRCLE('',#1581,2.1);
#1583=EDGE_CURVE('',#1570,#1568,#1582,.T.);
#1584=ORIENTED_EDGE('',*,*,#1583,.T.);
#1585=EDGE_LOOP('',(#1577,#1584));
#1586=FACE_BOUND('',#1585,.T.);
#1587=ADVANCED_FACE('',(#1306,#1326,#1346,#1366,#1386,#1406,#1426,#1446,#1466,#1486,#1506,#1526,#1546,#1566,#1586),#1245,.F.);
#1588=CARTESIAN_POINT('',(-115.5374154,-0.0000035,3.));
#1589=DIRECTION('',(-1.,0.,0.));
#1590=DIRECTION('',(0.,0.,1.));
#1591=AXIS2_PLACEMENT_3D('',#1588,#1589,#1590);
#1592=PLANE('',#1591);
#1593=CARTESIAN_POINT('',(-115.5374154,-48.624907,2.5));
#1594=VERTEX_POINT('',#1593);
#1595=CARTESIAN_POINT('',(-115.5374154,-48.624907,18.1));
#1596=VERTEX_POINT('',#1595);
#1597=CARTESIAN_POINT('',(-115.5374154,-48.624907,2.5));
#1598=DIRECTION('',(-0.,-0.,1.));
#1599=VECTOR('',#1598,15.6);
#1600=LINE('',#1597,#1599);
#1601=EDGE_CURVE('',#1594,#1596,#1600,.T.);
#1602=ORIENTED_EDGE('',*,*,#1601,.T.);
#1603=CARTESIAN_POINT('',(-115.5374154,48.6249,18.1));
#1604=VERTEX_POINT('',#1603);
#1605=CARTESIAN_POINT('',(-115.5374154,-48.624907,18.1));
#1606=DIRECTION('',(0.,1.,0.));
#1607=VECTOR('',#1606,97.249807);
#1608=LINE('',#1605,#1607);
#1609=EDGE_CURVE('',#1596,#1604,#1608,.T.);
#1610=ORIENTED_EDGE('',*,*,#1609,.T.);
#1611=CARTESIAN_POINT('',(-115.5374154,48.6249,2.5));
#1612=VERTEX_POINT('',#1611);
#1613=CARTESIAN_POINT('',(-115.5374154,48.6249,18.1));
#1614=DIRECTION('',(0.,0.,-1.));
#1615=VECTOR('',#1614,15.6);
#1616=LINE('',#1613,#1615);
#1617=EDGE_CURVE('',#1604,#1612,#1616,.T.);
#1618=ORIENTED_EDGE('',*,*,#1617,.T.);
#1619=CARTESIAN_POINT('',(-115.5374154,48.6249,2.5));
#1620=DIRECTION('',(-0.,-1.,-0.));
#1621=VECTOR('',#1620,97.249807);
#1622=LINE('',#1619,#1621);
#1623=EDGE_CURVE('',#1612,#1594,#1622,.T.);
#1624=ORIENTED_EDGE('',*,*,#1623,.T.);
#1625=EDGE_LOOP('',(#1602,#1610,#1618,#1624));
#1626=FACE_BOUND('',#1625,.T.);
#1627=ADVANCED_FACE('',(#1626),#1592,.T.);
#1628=CARTESIAN_POINT('',(0.0000423,-53.624907,3.));
#1629=DIRECTION('',(0.,-1.,0.));
#1630=DIRECTION('',(0.,0.,-1.));
#1631=AXIS2_PLACEMENT_3D('',#1628,#1629,#1630);
#1632=PLANE('',#1631);
#1633=CARTESIAN_POINT('',(110.5375,-53.624907,2.5));
#1634=VERTEX_POINT('',#1633);
#1635=CARTESIAN_POINT('',(110.5375,-53.624907,18.1));
#1636=VERTEX_POINT('',#1635);
#1637=CARTESIAN_POINT('',(110.5375,-53.624907,2.5));
#1638=DIRECTION('',(-0.,-0.,1.));
#1639=VECTOR('',#1638,15.6);
#1640=LINE('',#1637,#1639);
#1641=EDGE_CURVE('',#1634,#1636,#1640,.T.);
#1642=ORIENTED_EDGE('',*,*,#1641,.T.);
#1643=CARTESIAN_POINT('',(-110.5374154,-53.624907,18.1));
#1644=VERTEX_POINT('',#1643);
#1645=CARTESIAN_POINT('',(110.5375,-53.624907,18.1));
#1646=DIRECTION('',(-1.,0.,0.));
#1647=VECTOR('',#1646,221.0749154);
#1648=LINE('',#1645,#1647);
#1649=EDGE_CURVE('',#1636,#1644,#1648,.T.);
#1650=ORIENTED_EDGE('',*,*,#1649,.T.);
#1651=CARTESIAN_POINT('',(-110.5374154,-53.624907,2.5));
#1652=VERTEX_POINT('',#1651);
#1653=CARTESIAN_POINT('',(-110.5374154,-53.624907,18.1));
#1654=DIRECTION('',(0.,0.,-1.));
#1655=VECTOR('',#1654,15.6);
#1656=LINE('',#1653,#1655);
#1657=EDGE_CURVE('',#1644,#1652,#1656,.T.);
#1658=ORIENTED_EDGE('',*,*,#1657,.T.);
#1659=CARTESIAN_POINT('',(-110.5374154,-53.624907,2.5));
#1660=DIRECTION('',(1.,-0.,-0.));
#1661=VECTOR('',#1660,221.0749154);
#1662=LINE('',#1659,#1661);
#1663=EDGE_CURVE('',#1652,#1634,#1662,.T.);
#1664=ORIENTED_EDGE('',*,*,#1663,.T.);
#1665=EDGE_LOOP('',(#1642,#1650,#1658,#1664));
#1666=FACE_BOUND('',#1665,.T.);
#1667=ADVANCED_FACE('',(#1666),#1632,.T.);
#1668=CARTESIAN_POINT('',(115.5375,-0.0000035,3.));
#1669=DIRECTION('',(1.,0.,0.));
#1670=DIRECTION('',(0.,0.,-1.));
#1671=AXIS2_PLACEMENT_3D('',#1668,#1669,#1670);
#1672=PLANE('',#1671);
#1673=CARTESIAN_POINT('',(115.5375,48.6249,2.5));
#1674=VERTEX_POINT('',#1673);
#1675=CARTESIAN_POINT('',(115.5375,48.6249,18.1));
#1676=VERTEX_POINT('',#1675);
#1677=CARTESIAN_POINT('',(115.5375,48.6249,2.5));
#1678=DIRECTION('',(-0.,-0.,1.));
#1679=VECTOR('',#1678,15.6);
#1680=LINE('',#1677,#1679);
#1681=EDGE_CURVE('',#1674,#1676,#1680,.T.);
#1682=ORIENTED_EDGE('',*,*,#1681,.T.);
#1683=CARTESIAN_POINT('',(115.5375,-48.624907,18.1));
#1684=VERTEX_POINT('',#1683);
#1685=CARTESIAN_POINT('',(115.5375,48.6249,18.1));
#1686=DIRECTION('',(0.,-1.,0.));
#1687=VECTOR('',#1686,97.249807);
#1688=LINE('',#1685,#1687);
#1689=EDGE_CURVE('',#1676,#1684,#1688,.T.);
#1690=ORIENTED_EDGE('',*,*,#1689,.T.);
#1691=CARTESIAN_POINT('',(115.5375,-48.624907,2.5));
#1692=VERTEX_POINT('',#1691);
#1693=CARTESIAN_POINT('',(115.5375,-48.624907,18.1));
#1694=DIRECTION('',(0.,0.,-1.));
#1695=VECTOR('',#1694,15.6);
#1696=LINE('',#1693,#1695);
#1697=EDGE_CURVE('',#1684,#1692,#1696,.T.);
#1698=ORIENTED_EDGE('',*,*,#1697,.T.);
#1699=CARTESIAN_POINT('',(115.5375,-48.624907,2.5));
#1700=DIRECTION('',(-0.,1.,-0.));
#1701=VECTOR('',#1700,97.249807);
#1702=LINE('',#1699,#1701);
#1703=EDGE_CURVE('',#1692,#1674,#1702,.T.);
#1704=ORIENTED_EDGE('',*,*,#1703,.T.);
#1705=EDGE_LOOP('',(#1682,#1690,#1698,#1704));
#1706=FACE_BOUND('',#1705,.T.);
#1707=ADVANCED_FACE('',(#1706),#1672,.T.);
#1708=CARTESIAN_POINT('',(108.0375,46.1249,20.6));
#1709=DIRECTION('',(0.,0.,1.));
#1710=DIRECTION('',(1.,0.,-0.));
#1711=AXIS2_PLACEMENT_3D('',#1708,#1709,#1710);
#1712=CYLINDRICAL_SURFACE('',#1711,2.5);
#1713=CARTESIAN_POINT('',(108.2875,48.612368593,9.012531407));
#1714=VERTEX_POINT('',#1713);
#1715=CARTESIAN_POINT('',(108.0375,46.1249,11.5));
#1716=DIRECTION('',(-0.,-0.707106781,-0.707106781));
#1717=DIRECTION('',(-0.,-0.707106781,0.707106781));
#1718=AXIS2_PLACEMENT_3D('',#1715,#1716,#1717);
#1719=ELLIPSE('',#1718,3.535533906,2.5);
#1720=EDGE_CURVE('',#418,#1714,#1719,.T.);
#1721=ORIENTED_EDGE('',*,*,#1720,.F.);
#1722=ORIENTED_EDGE('',*,*,#455,.F.);
#1723=ORIENTED_EDGE('',*,*,#745,.F.);
#1724=ORIENTED_EDGE('',*,*,#1080,.F.);
#1725=CARTESIAN_POINT('',(110.524968593,46.3749,9.012531407));
#1726=VERTEX_POINT('',#1725);
#1727=CARTESIAN_POINT('',(108.0375,46.1249,11.5));
#1728=DIRECTION('',(-0.707106781,-0.,-0.707106781));
#1729=DIRECTION('',(-0.707106781,0.,0.707106781));
#1730=AXIS2_PLACEMENT_3D('',#1727,#1728,#1729);
#1731=ELLIPSE('',#1730,3.535533906,2.5);
#1732=EDGE_CURVE('',#1726,#1069,#1731,.T.);
#1733=ORIENTED_EDGE('',*,*,#1732,.F.);
#1734=CARTESIAN_POINT('',(108.2875,48.612368593,9.012531407));
#1735=CARTESIAN_POINT('',(108.573524811,48.583622196,9.041277533));
#1736=CARTESIAN_POINT('',(108.847676202,48.507475419,9.063936579));
#1737=CARTESIAN_POINT('',(109.108099726,48.384062727,9.079719195));
#1738=CARTESIAN_POINT('',(109.368523251,48.260650035,9.095501811));
#1739=CARTESIAN_POINT('',(109.602180618,48.095915896,9.103572308));
#1740=CARTESIAN_POINT('',(109.805973012,47.891960611,9.103553358));
#1741=CARTESIAN_POINT('',(109.90786921,47.789982969,9.103543883));
#1742=CARTESIAN_POINT('',(109.999620802,47.680649404,9.101493144));
#1743=CARTESIAN_POINT('',(110.081597804,47.564227679,9.097492797));
#1744=CARTESIAN_POINT('',(110.163574806,47.447805955,9.09349245));
#1745=CARTESIAN_POINT('',(110.236177111,47.323423966,9.087487128));
#1746=CARTESIAN_POINT('',(110.297589326,47.193542241,9.079600448));
#1747=CARTESIAN_POINT('',(110.420413754,46.933778793,9.063827088));
#1748=CARTESIAN_POINT('',(110.496222885,46.660918323,9.041276852));
#1749=CARTESIAN_POINT('',(110.524968593,46.3749,9.012531407));
#1750=B_SPLINE_CURVE_WITH_KNOTS('',3,(#1734,#1735,#1736,#1737,#1738,#1739,#1740,#1741,#1742,#1743,#1744,#1745,#1746,#1747,#1748,#1749),.UNSPECIFIED.,.F.,.F.,(4,3,3,3,3,4),(0.000000199,0.000854626,0.001709052,0.002136265,0.002563478,0.003417905),.UNSPECIFIED.);
#1751=EDGE_CURVE('',#1714,#1726,#1750,.T.);
#1752=ORIENTED_EDGE('',*,*,#1751,.F.);
#1753=EDGE_LOOP('',(#1721,#1722,#1723,#1724,#1733,#1752));
#1754=FACE_BOUND('',#1753,.T.);
#1755=ADVANCED_FACE('',(#1754),#1712,.F.);
#1756=CARTESIAN_POINT('',(108.0375,-46.124907,20.6));
#1757=DIRECTION('',(0.,0.,1.));
#1758=DIRECTION('',(1.,0.,-0.));
#1759=AXIS2_PLACEMENT_3D('',#1756,#1757,#1758);
#1760=CYLINDRICAL_SURFACE('',#1759,2.5);
#1761=CARTESIAN_POINT('',(110.524968593,-46.374907,9.012531407));
#1762=VERTEX_POINT('',#1761);
#1763=CARTESIAN_POINT('',(108.0375,-46.124907,11.5));
#1764=DIRECTION('',(-0.707106781,-0.,-0.707106781));
#1765=DIRECTION('',(-0.707106781,0.,0.707106781));
#1766=AXIS2_PLACEMENT_3D('',#1763,#1764,#1765);
#1767=ELLIPSE('',#1766,3.535533906,2.5);
#1768=EDGE_CURVE('',#1067,#1762,#1767,.T.);
#1769=ORIENTED_EDGE('',*,*,#1768,.F.);
#1770=ORIENTED_EDGE('',*,*,#1087,.F.);
#1771=ORIENTED_EDGE('',*,*,#730,.F.);
#1772=ORIENTED_EDGE('',*,*,#1127,.F.);
#1773=CARTESIAN_POINT('',(108.2875,-48.612375593,9.012531407));
#1774=VERTEX_POINT('',#1773);
#1775=CARTESIAN_POINT('',(108.0375,-46.124907,11.5));
#1776=DIRECTION('',(0.,0.707106781,-0.707106781));
#1777=DIRECTION('',(0.,0.707106781,0.707106781));
#1778=AXIS2_PLACEMENT_3D('',#1775,#1776,#1777);
#1779=ELLIPSE('',#1778,3.535533906,2.5);
#1780=EDGE_CURVE('',#1774,#1116,#1779,.T.);
#1781=ORIENTED_EDGE('',*,*,#1780,.F.);
#1782=CARTESIAN_POINT('',(110.524968593,-46.374907,9.012531407));
#1783=CARTESIAN_POINT('',(110.496222196,-46.660931811,9.041277533));
#1784=CARTESIAN_POINT('',(110.420075419,-46.935083202,9.063936579));
#1785=CARTESIAN_POINT('',(110.296662727,-47.195506726,9.079719195));
#1786=CARTESIAN_POINT('',(110.173250035,-47.455930251,9.095501811));
#1787=CARTESIAN_POINT('',(110.008515896,-47.689587618,9.103572308));
#1788=CARTESIAN_POINT('',(109.804560611,-47.893380012,9.103553358));
#1789=CARTESIAN_POINT('',(109.702582969,-47.99527621,9.103543883));
#1790=CARTESIAN_POINT('',(109.593249404,-48.087027802,9.101493144));
#1791=CARTESIAN_POINT('',(109.476827679,-48.169004804,9.097492797));
#1792=CARTESIAN_POINT('',(109.360405955,-48.250981806,9.09349245));
#1793=CARTESIAN_POINT('',(109.236023966,-48.323584111,9.087487128));
#1794=CARTESIAN_POINT('',(109.106142241,-48.384996326,9.079600448));
#1795=CARTESIAN_POINT('',(108.846378793,-48.507820754,9.063827088));
#1796=CARTESIAN_POINT('',(108.573518323,-48.583629885,9.041276852));
#1797=CARTESIAN_POINT('',(108.2875,-48.612375593,9.012531407));
#1798=B_SPLINE_CURVE_WITH_KNOTS('',3,(#1782,#1783,#1784,#1785,#1786,#1787,#1788,#1789,#1790,#1791,#1792,#1793,#1794,#1795,#1796,#1797),.UNSPECIFIED.,.F.,.F.,(4,3,3,3,3,4),(0.000000199,0.000854626,0.001709052,0.002136265,0.002563478,0.003417905),.UNSPECIFIED.);
#1799=EDGE_CURVE('',#1762,#1774,#1798,.T.);
#1800=ORIENTED_EDGE('',*,*,#1799,.F.);
#1801=EDGE_LOOP('',(#1769,#1770,#1771,#1772,#1781,#1800));
#1802=FACE_BOUND('',#1801,.T.);
#1803=ADVANCED_FACE('',(#1802),#1760,.F.);
#1804=CARTESIAN_POINT('',(-108.0374154,-46.124907,20.6));
#1805=DIRECTION('',(0.,0.,1.));
#1806=DIRECTION('',(1.,0.,-0.));
#1807=AXIS2_PLACEMENT_3D('',#1804,#1805,#1806);
#1808=CYLINDRICAL_SURFACE('',#1807,2.5);
#1809=CARTESIAN_POINT('',(-108.2874154,-48.612375593,9.012531407));
#1810=VERTEX_POINT('',#1809);
#1811=CARTESIAN_POINT('',(-108.0374154,-46.124907,11.5));
#1812=DIRECTION('',(0.,0.707106781,-0.707106781));
#1813=DIRECTION('',(0.,0.707106781,0.707106781));
#1814=AXIS2_PLACEMENT_3D('',#1811,#1812,#1813);
#1815=ELLIPSE('',#1814,3.535533906,2.5);
#1816=EDGE_CURVE('',#1131,#1810,#1815,.T.);
#1817=ORIENTED_EDGE('',*,*,#1816,.F.);
#1818=ORIENTED_EDGE('',*,*,#1136,.F.);
#1819=ORIENTED_EDGE('',*,*,#713,.F.);
#1820=ORIENTED_EDGE('',*,*,#1049,.F.);
#1821=CARTESIAN_POINT('',(-110.524883993,-46.374907,9.012531407));
#1822=VERTEX_POINT('',#1821);
#1823=CARTESIAN_POINT('',(-108.0374154,-46.124907,11.5));
#1824=DIRECTION('',(0.707106781,-0.,-0.707106781));
#1825=DIRECTION('',(0.707106781,0.,0.707106781));
#1826=AXIS2_PLACEMENT_3D('',#1823,#1824,#1825);
#1827=ELLIPSE('',#1826,3.535533906,2.5);
#1828=EDGE_CURVE('',#1822,#1038,#1827,.T.);
#1829=ORIENTED_EDGE('',*,*,#1828,.F.);
#1830=CARTESIAN_POINT('',(-108.2874154,-48.612375593,9.012531407));
#1831=CARTESIAN_POINT('',(-108.573440211,-48.583629196,9.041277533));
#1832=CARTESIAN_POINT('',(-108.847591602,-48.507482419,9.063936579));
#1833=CARTESIAN_POINT('',(-109.108015126,-48.384069727,9.079719195));
#1834=CARTESIAN_POINT('',(-109.368438651,-48.260657035,9.095501811));
#1835=CARTESIAN_POINT('',(-109.602096018,-48.095922896,9.103572308));
#1836=CARTESIAN_POINT('',(-109.805888412,-47.891967611,9.103553358));
#1837=CARTESIAN_POINT('',(-109.90778461,-47.789989969,9.103543883));
#1838=CARTESIAN_POINT('',(-109.999536202,-47.680656404,9.101493144));
#1839=CARTESIAN_POINT('',(-110.081513204,-47.564234679,9.097492797));
#1840=CARTESIAN_POINT('',(-110.163490206,-47.447812955,9.09349245));
#1841=CARTESIAN_POINT('',(-110.236092511,-47.323430966,9.087487128));
#1842=CARTESIAN_POINT('',(-110.297504726,-47.193549241,9.079600448));
#1843=CARTESIAN_POINT('',(-110.420329154,-46.933785793,9.063827088));
#1844=CARTESIAN_POINT('',(-110.496138285,-46.660925323,9.041276852));
#1845=CARTESIAN_POINT('',(-110.524883993,-46.374907,9.012531407));
#1846=B_SPLINE_CURVE_WITH_KNOTS('',3,(#1830,#1831,#1832,#1833,#1834,#1835,#1836,#1837,#1838,#1839,#1840,#1841,#1842,#1843,#1844,#1845),.UNSPECIFIED.,.F.,.F.,(4,3,3,3,3,4),(0.000000199,0.000854626,0.001709052,0.002136265,0.002563478,0.003417905),.UNSPECIFIED.);
#1847=EDGE_CURVE('',#1810,#1822,#1846,.T.);
#1848=ORIENTED_EDGE('',*,*,#1847,.F.);
#1849=EDGE_LOOP('',(#1817,#1818,#1819,#1820,#1829,#1848));
#1850=FACE_BOUND('',#1849,.T.);
#1851=ADVANCED_FACE('',(#1850),#1808,.F.);
#1852=CARTESIAN_POINT('',(-108.0374154,46.1249,20.6));
#1853=DIRECTION('',(0.,0.,1.));
#1854=DIRECTION('',(1.,0.,-0.));
#1855=AXIS2_PLACEMENT_3D('',#1852,#1853,#1854);
#1856=CYLINDRICAL_SURFACE('',#1855,2.5);
#1857=CARTESIAN_POINT('',(-110.524883993,46.3749,9.012531407));
#1858=VERTEX_POINT('',#1857);
#1859=CARTESIAN_POINT('',(-108.0374154,46.1249,11.5));
#1860=DIRECTION('',(0.707106781,-0.,-0.707106781));
#1861=DIRECTION('',(0.707106781,0.,0.707106781));
#1862=AXIS2_PLACEMENT_3D('',#1859,#1860,#1861);
#1863=ELLIPSE('',#1862,3.535533906,2.5);
#1864=EDGE_CURVE('',#1036,#1858,#1863,.T.);
#1865=ORIENTED_EDGE('',*,*,#1864,.F.);
#1866=ORIENTED_EDGE('',*,*,#1056,.F.);
#1867=ORIENTED_EDGE('',*,*,#696,.F.);
#1868=ORIENTED_EDGE('',*,*,#263,.F.);
#1869=CARTESIAN_POINT('',(-108.2874154,48.612368593,9.012531407));
#1870=VERTEX_POINT('',#1869);
#1871=CARTESIAN_POINT('',(-108.0374154,46.1249,11.5));
#1872=DIRECTION('',(-0.,-0.707106781,-0.707106781));
#1873=DIRECTION('',(-0.,-0.707106781,0.707106781));
#1874=AXIS2_PLACEMENT_3D('',#1871,#1872,#1873);
#1875=ELLIPSE('',#1874,3.535533906,2.5);
#1876=EDGE_CURVE('',#1870,#250,#1875,.T.);
#1877=ORIENTED_EDGE('',*,*,#1876,.F.);
#1878=CARTESIAN_POINT('',(-110.524883993,46.3749,9.012531407));
#1879=CARTESIAN_POINT('',(-110.496137596,46.660924811,9.041277533));
#1880=CARTESIAN_POINT('',(-110.419990819,46.935076202,9.063936579));
#1881=CARTESIAN_POINT('',(-110.296578127,47.195499726,9.079719195));
#1882=CARTESIAN_POINT('',(-110.173165435,47.455923251,9.095501811));
#1883=CARTESIAN_POINT('',(-110.008431296,47.689580618,9.103572308));
#1884=CARTESIAN_POINT('',(-109.804476011,47.893373012,9.103553358));
#1885=CARTESIAN_POINT('',(-109.702498369,47.99526921,9.103543883));
#1886=CARTESIAN_POINT('',(-109.593164804,48.087020802,9.101493144));
#1887=CARTESIAN_POINT('',(-109.476743079,48.168997804,9.097492797));
#1888=CARTESIAN_POINT('',(-109.360321355,48.250974806,9.09349245));
#1889=CARTESIAN_POINT('',(-109.235939366,48.323577111,9.087487128));
#1890=CARTESIAN_POINT('',(-109.106057641,48.384989326,9.079600448));
#1891=CARTESIAN_POINT('',(-108.846294193,48.507813754,9.063827088));
#1892=CARTESIAN_POINT('',(-108.573433723,48.583622885,9.041276852));
#1893=CARTESIAN_POINT('',(-108.2874154,48.612368593,9.012531407));
#1894=B_SPLINE_CURVE_WITH_KNOTS('',3,(#1878,#1879,#1880,#1881,#1882,#1883,#1884,#1885,#1886,#1887,#1888,#1889,#1890,#1891,#1892,#1893),.UNSPECIFIED.,.F.,.F.,(4,3,3,3,3,4),(0.000000199,0.000854626,0.001709052,0.002136265,0.002563478,0.003417905),.UNSPECIFIED.);
#1895=EDGE_CURVE('',#1858,#1870,#1894,.T.);
#1896=ORIENTED_EDGE('',*,*,#1895,.F.);
#1897=EDGE_LOOP('',(#1865,#1866,#1867,#1868,#1877,#1896));
#1898=FACE_BOUND('',#1897,.T.);
#1899=ADVANCED_FACE('',(#1898),#1856,.F.);
#1900=CARTESIAN_POINT('',(110.5375,48.6249,3.));
#1901=DIRECTION('',(0.,0.,-1.));
#1902=DIRECTION('',(-1.,0.,0.));
#1903=AXIS2_PLACEMENT_3D('',#1900,#1901,#1902);
#1904=CYLINDRICAL_SURFACE('',#1903,5.);
#1905=ORIENTED_EDGE('',*,*,#303,.F.);
#1906=CARTESIAN_POINT('',(110.5375,48.6249,18.1));
#1907=DIRECTION('',(-0.,-0.,-1.));
#1908=DIRECTION('',(1.,0.,-0.));
#1909=AXIS2_PLACEMENT_3D('',#1906,#1907,#1908);
#1910=CIRCLE('',#1909,5.);
#1911=EDGE_CURVE('',#290,#1676,#1910,.T.);
#1912=ORIENTED_EDGE('',*,*,#1911,.T.);
#1913=ORIENTED_EDGE('',*,*,#1681,.F.);
#1914=CARTESIAN_POINT('',(110.5375,48.6249,2.5));
#1915=DIRECTION('',(0.,0.,1.));
#1916=DIRECTION('',(1.,0.,-0.));
#1917=AXIS2_PLACEMENT_3D('',#1914,#1915,#1916);
#1918=CIRCLE('',#1917,5.);
#1919=EDGE_CURVE('',#1674,#298,#1918,.T.);
#1920=ORIENTED_EDGE('',*,*,#1919,.T.);
#1921=EDGE_LOOP('',(#1905,#1912,#1913,#1920));
#1922=FACE_BOUND('',#1921,.T.);
#1923=ADVANCED_FACE('',(#1922),#1904,.T.);
#1924=CARTESIAN_POINT('',(110.5375,-48.624907,3.));
#1925=DIRECTION('',(0.,0.,-1.));
#1926=DIRECTION('',(-1.,0.,0.));
#1927=AXIS2_PLACEMENT_3D('',#1924,#1925,#1926);
#1928=CYLINDRICAL_SURFACE('',#1927,5.);
#1929=ORIENTED_EDGE('',*,*,#1697,.F.);
#1930=CARTESIAN_POINT('',(110.5375,-48.624907,18.1));
#1931=DIRECTION('',(-0.,-0.,-1.));
#1932=DIRECTION('',(1.,0.,-0.));
#1933=AXIS2_PLACEMENT_3D('',#1930,#1931,#1932);
#1934=CIRCLE('',#1933,5.);
#1935=EDGE_CURVE('',#1684,#1636,#1934,.T.);
#1936=ORIENTED_EDGE('',*,*,#1935,.T.);
#1937=ORIENTED_EDGE('',*,*,#1641,.F.);
#1938=CARTESIAN_POINT('',(110.5375,-48.624907,2.5));
#1939=DIRECTION('',(0.,0.,1.));
#1940=DIRECTION('',(1.,0.,-0.));
#1941=AXIS2_PLACEMENT_3D('',#1938,#1939,#1940);
#1942=CIRCLE('',#1941,5.);
#1943=EDGE_CURVE('',#1634,#1692,#1942,.T.);
#1944=ORIENTED_EDGE('',*,*,#1943,.T.);
#1945=EDGE_LOOP('',(#1929,#1936,#1937,#1944));
#1946=FACE_BOUND('',#1945,.T.);
#1947=ADVANCED_FACE('',(#1946),#1928,.T.);
#1948=CARTESIAN_POINT('',(-110.5374154,-48.624907,3.));
#1949=DIRECTION('',(0.,0.,-1.));
#1950=DIRECTION('',(-1.,0.,0.));
#1951=AXIS2_PLACEMENT_3D('',#1948,#1949,#1950);
#1952=CYLINDRICAL_SURFACE('',#1951,5.);
#1953=ORIENTED_EDGE('',*,*,#1657,.F.);
#1954=CARTESIAN_POINT('',(-110.5374154,-48.624907,18.1));
#1955=DIRECTION('',(-0.,-0.,-1.));
#1956=DIRECTION('',(1.,0.,-0.));
#1957=AXIS2_PLACEMENT_3D('',#1954,#1955,#1956);
#1958=CIRCLE('',#1957,5.);
#1959=EDGE_CURVE('',#1644,#1596,#1958,.T.);
#1960=ORIENTED_EDGE('',*,*,#1959,.T.);
#1961=ORIENTED_EDGE('',*,*,#1601,.F.);
#1962=CARTESIAN_POINT('',(-110.5374154,-48.624907,2.5));
#1963=DIRECTION('',(0.,0.,1.));
#1964=DIRECTION('',(1.,0.,-0.));
#1965=AXIS2_PLACEMENT_3D('',#1962,#1963,#1964);
#1966=CIRCLE('',#1965,5.);
#1967=EDGE_CURVE('',#1594,#1652,#1966,.T.);
#1968=ORIENTED_EDGE('',*,*,#1967,.T.);
#1969=EDGE_LOOP('',(#1953,#1960,#1961,#1968));
#1970=FACE_BOUND('',#1969,.T.);
#1971=ADVANCED_FACE('',(#1970),#1952,.T.);
#1972=CARTESIAN_POINT('',(-110.5374154,48.6249,3.));
#1973=DIRECTION('',(0.,0.,-1.));
#1974=DIRECTION('',(-1.,0.,0.));
#1975=AXIS2_PLACEMENT_3D('',#1972,#1973,#1974);
#1976=CYLINDRICAL_SURFACE('',#1975,5.);
#1977=ORIENTED_EDGE('',*,*,#1617,.F.);
#1978=CARTESIAN_POINT('',(-110.5374154,48.6249,18.1));
#1979=DIRECTION('',(-0.,-0.,-1.));
#1980=DIRECTION('',(1.,0.,-0.));
#1981=AXIS2_PLACEMENT_3D('',#1978,#1979,#1980);
#1982=CIRCLE('',#1981,5.);
#1983=EDGE_CURVE('',#1604,#288,#1982,.T.);
#1984=ORIENTED_EDGE('',*,*,#1983,.T.);
#1985=ORIENTED_EDGE('',*,*,#351,.F.);
#1986=CARTESIAN_POINT('',(-110.5374154,48.6249,2.5));
#1987=DIRECTION('',(0.,0.,1.));
#1988=DIRECTION('',(1.,0.,-0.));
#1989=AXIS2_PLACEMENT_3D('',#1986,#1987,#1988);
#1990=CIRCLE('',#1989,5.);
#1991=EDGE_CURVE('',#340,#1612,#1990,.T.);
#1992=ORIENTED_EDGE('',*,*,#1991,.T.);
#1993=EDGE_LOOP('',(#1977,#1984,#1985,#1992));
#1994=FACE_BOUND('',#1993,.T.);
#1995=ADVANCED_FACE('',(#1994),#1976,.T.);
#1996=CARTESIAN_POINT('',(-110.5374154,-48.624907,18.1));
#1997=DIRECTION('',(0.,0.,1.));
#1998=DIRECTION('',(1.,0.,-0.));
#1999=AXIS2_PLACEMENT_3D('',#1996,#1997,#1998);
#2000=DEGENERATE_TOROIDAL_SURFACE('',#1999,2.5,2.5,.T.);
#2001=CARTESIAN_POINT('',(-113.0374154,-48.624907,18.1));
#2002=DIRECTION('',(0.,1.,0.));
#2003=DIRECTION('',(-1.,0.,0.));
#2004=AXIS2_PLACEMENT_3D('',#2001,#2002,#2003);
#2005=CIRCLE('',#2004,2.5);
#2006=EDGE_CURVE('',#1596,#1180,#2005,.T.);
#2007=ORIENTED_EDGE('',*,*,#2006,.F.);
#2008=ORIENTED_EDGE('',*,*,#1959,.F.);
#2009=CARTESIAN_POINT('',(-110.5374154,-51.124907,18.1));
#2010=DIRECTION('',(1.,0.,0.));
#2011=DIRECTION('',(0.,0.,-1.));
#2012=AXIS2_PLACEMENT_3D('',#2009,#2010,#2011);
#2013=CIRCLE('',#2012,2.5);
#2014=EDGE_CURVE('',#1188,#1644,#2013,.T.);
#2015=ORIENTED_EDGE('',*,*,#2014,.F.);
#2016=ORIENTED_EDGE('',*,*,#1194,.F.);
#2017=EDGE_LOOP('',(#2007,#2008,#2015,#2016));
#2018=FACE_BOUND('',#2017,.T.);
#2019=ADVANCED_FACE('',(#2018),#2000,.T.);
#2020=CARTESIAN_POINT('',(0.0000423,-51.124907,18.1));
#2021=DIRECTION('',(-1.,0.,0.));
#2022=DIRECTION('',(0.,0.,1.));
#2023=AXIS2_PLACEMENT_3D('',#2020,#2021,#2022);
#2024=CYLINDRICAL_SURFACE('',#2023,2.5);
#2025=ORIENTED_EDGE('',*,*,#2014,.T.);
#2026=ORIENTED_EDGE('',*,*,#1649,.F.);
#2027=CARTESIAN_POINT('',(110.5375,-51.124907,18.1));
#2028=DIRECTION('',(1.,0.,0.));
#2029=DIRECTION('',(0.,0.,-1.));
#2030=AXIS2_PLACEMENT_3D('',#2027,#2028,#2029);
#2031=CIRCLE('',#2030,2.5);
#2032=EDGE_CURVE('',#1197,#1636,#2031,.T.);
#2033=ORIENTED_EDGE('',*,*,#2032,.F.);
#2034=ORIENTED_EDGE('',*,*,#1202,.F.);
#2035=EDGE_LOOP('',(#2025,#2026,#2033,#2034));
#2036=FACE_BOUND('',#2035,.T.);
#2037=ADVANCED_FACE('',(#2036),#2024,.T.);
#2038=CARTESIAN_POINT('',(-113.0374154,-0.0000035,18.1));
#2039=DIRECTION('',(0.,1.,0.));
#2040=DIRECTION('',(0.,-0.,1.));
#2041=AXIS2_PLACEMENT_3D('',#2038,#2039,#2040);
#2042=CYLINDRICAL_SURFACE('',#2041,2.5);
#2043=ORIENTED_EDGE('',*,*,#2006,.T.);
#2044=ORIENTED_EDGE('',*,*,#1185,.F.);
#2045=CARTESIAN_POINT('',(-113.0374154,48.6249,18.1));
#2046=DIRECTION('',(0.,1.,0.));
#2047=DIRECTION('',(0.,-0.,1.));
#2048=AXIS2_PLACEMENT_3D('',#2045,#2046,#2047);
#2049=CIRCLE('',#2048,2.5);
#2050=EDGE_CURVE('',#1604,#1171,#2049,.T.);
#2051=ORIENTED_EDGE('',*,*,#2050,.F.);
#2052=ORIENTED_EDGE('',*,*,#1609,.F.);
#2053=EDGE_LOOP('',(#2043,#2044,#2051,#2052));
#2054=FACE_BOUND('',#2053,.T.);
#2055=ADVANCED_FACE('',(#2054),#2042,.T.);
#2056=CARTESIAN_POINT('',(110.5375,-48.624907,18.1));
#2057=DIRECTION('',(0.,0.,1.));
#2058=DIRECTION('',(1.,0.,-0.));
#2059=AXIS2_PLACEMENT_3D('',#2056,#2057,#2058);
#2060=DEGENERATE_TOROIDAL_SURFACE('',#2059,2.5,2.5,.T.);
#2061=ORIENTED_EDGE('',*,*,#2032,.T.);
#2062=ORIENTED_EDGE('',*,*,#1935,.F.);
#2063=CARTESIAN_POINT('',(113.0375,-48.624907,18.1));
#2064=DIRECTION('',(0.,1.,0.));
#2065=DIRECTION('',(0.,-0.,1.));
#2066=AXIS2_PLACEMENT_3D('',#2063,#2064,#2065);
#2067=CIRCLE('',#2066,2.5);
#2068=EDGE_CURVE('',#1205,#1684,#2067,.T.);
#2069=ORIENTED_EDGE('',*,*,#2068,.F.);
#2070=ORIENTED_EDGE('',*,*,#1211,.F.);
#2071=EDGE_LOOP('',(#2061,#2062,#2069,#2070));
#2072=FACE_BOUND('',#2071,.T.);
#2073=ADVANCED_FACE('',(#2072),#2060,.T.);
#2074=CARTESIAN_POINT('',(-110.5374154,48.6249,18.1));
#2075=DIRECTION('',(0.,0.,1.));
#2076=DIRECTION('',(1.,0.,-0.));
#2077=AXIS2_PLACEMENT_3D('',#2074,#2075,#2076);
#2078=DEGENERATE_TOROIDAL_SURFACE('',#2077,2.5,2.5,.T.);
#2079=ORIENTED_EDGE('',*,*,#2050,.T.);
#2080=ORIENTED_EDGE('',*,*,#1177,.F.);
#2081=CARTESIAN_POINT('',(-110.5374154,51.1249,18.1));
#2082=DIRECTION('',(1.,0.,0.));
#2083=DIRECTION('',(-0.,1.,0.));
#2084=AXIS2_PLACEMENT_3D('',#2081,#2082,#2083);
#2085=CIRCLE('',#2084,2.5);
#2086=EDGE_CURVE('',#288,#1163,#2085,.T.);
#2087=ORIENTED_EDGE('',*,*,#2086,.F.);
#2088=ORIENTED_EDGE('',*,*,#1983,.F.);
#2089=EDGE_LOOP('',(#2079,#2080,#2087,#2088));
#2090=FACE_BOUND('',#2089,.T.);
#2091=ADVANCED_FACE('',(#2090),#2078,.T.);
#2092=CARTESIAN_POINT('',(113.0375,-0.0000035,18.1));
#2093=DIRECTION('',(0.,-1.,0.));
#2094=DIRECTION('',(0.,0.,-1.));
#2095=AXIS2_PLACEMENT_3D('',#2092,#2093,#2094);
#2096=CYLINDRICAL_SURFACE('',#2095,2.5);
#2097=ORIENTED_EDGE('',*,*,#2068,.T.);
#2098=ORIENTED_EDGE('',*,*,#1689,.F.);
#2099=CARTESIAN_POINT('',(113.0375,48.6249,18.1));
#2100=DIRECTION('',(0.,1.,0.));
#2101=DIRECTION('',(0.,-0.,1.));
#2102=AXIS2_PLACEMENT_3D('',#2099,#2100,#2101);
#2103=CIRCLE('',#2102,2.5);
#2104=EDGE_CURVE('',#1214,#1676,#2103,.T.);
#2105=ORIENTED_EDGE('',*,*,#2104,.F.);
#2106=ORIENTED_EDGE('',*,*,#1219,.F.);
#2107=EDGE_LOOP('',(#2097,#2098,#2105,#2106));
#2108=FACE_BOUND('',#2107,.T.);
#2109=ADVANCED_FACE('',(#2108),#2096,.T.);
#2110=CARTESIAN_POINT('',(46.036239264,51.1249,18.1));
#2111=DIRECTION('',(1.,0.,0.));
#2112=DIRECTION('',(0.,0.,-1.));
#2113=AXIS2_PLACEMENT_3D('',#2110,#2111,#2112);
#2114=CYLINDRICAL_SURFACE('',#2113,2.5);
#2115=ORIENTED_EDGE('',*,*,#2086,.T.);
#2116=ORIENTED_EDGE('',*,*,#1168,.F.);
#2117=CARTESIAN_POINT('',(110.5375,51.1249,18.1));
#2118=DIRECTION('',(1.,0.,0.));
#2119=DIRECTION('',(0.,0.,-1.));
#2120=AXIS2_PLACEMENT_3D('',#2117,#2118,#2119);
#2121=CIRCLE('',#2120,2.5);
#2122=EDGE_CURVE('',#290,#1161,#2121,.T.);
#2123=ORIENTED_EDGE('',*,*,#2122,.F.);
#2124=ORIENTED_EDGE('',*,*,#295,.F.);
#2125=EDGE_LOOP('',(#2115,#2116,#2123,#2124));
#2126=FACE_BOUND('',#2125,.T.);
#2127=ADVANCED_FACE('',(#2126),#2114,.T.);
#2128=CARTESIAN_POINT('',(110.5375,48.6249,18.1));
#2129=DIRECTION('',(0.,0.,1.));
#2130=DIRECTION('',(1.,0.,-0.));
#2131=AXIS2_PLACEMENT_3D('',#2128,#2129,#2130);
#2132=DEGENERATE_TOROIDAL_SURFACE('',#2131,2.5,2.5,.T.);
#2133=ORIENTED_EDGE('',*,*,#2104,.T.);
#2134=ORIENTED_EDGE('',*,*,#1911,.F.);
#2135=ORIENTED_EDGE('',*,*,#2122,.T.);
#2136=ORIENTED_EDGE('',*,*,#1226,.F.);
#2137=EDGE_LOOP('',(#2133,#2134,#2135,#2136));
#2138=FACE_BOUND('',#2137,.T.);
#2139=ADVANCED_FACE('',(#2138),#2132,.T.);
#2140=CARTESIAN_POINT('',(-110.5374154,-48.624907,2.5));
#2141=DIRECTION('',(0.,0.,1.));
#2142=DIRECTION('',(1.,0.,-0.));
#2143=AXIS2_PLACEMENT_3D('',#2140,#2141,#2142);
#2144=DEGENERATE_TOROIDAL_SURFACE('',#2143,2.5,2.5,.T.);
#2145=CARTESIAN_POINT('',(-110.5374154,-51.124907,2.5));
#2146=DIRECTION('',(1.,0.,0.));
#2147=DIRECTION('',(0.,0.,-1.));
#2148=AXIS2_PLACEMENT_3D('',#2145,#2146,#2147);
#2149=CIRCLE('',#2148,2.5);
#2150=EDGE_CURVE('',#1652,#1274,#2149,.T.);
#2151=ORIENTED_EDGE('',*,*,#2150,.F.);
#2152=ORIENTED_EDGE('',*,*,#1967,.F.);
#2153=CARTESIAN_POINT('',(-113.0374154,-48.624907,2.5));
#2154=DIRECTION('',(0.,1.,0.));
#2155=DIRECTION('',(-1.,0.,0.));
#2156=AXIS2_PLACEMENT_3D('',#2153,#2154,#2155);
#2157=CIRCLE('',#2156,2.5);
#2158=EDGE_CURVE('',#1282,#1594,#2157,.T.);
#2159=ORIENTED_EDGE('',*,*,#2158,.F.);
#2160=ORIENTED_EDGE('',*,*,#1288,.F.);
#2161=EDGE_LOOP('',(#2151,#2152,#2159,#2160));
#2162=FACE_BOUND('',#2161,.T.);
#2163=ADVANCED_FACE('',(#2162),#2144,.T.);
#2164=CARTESIAN_POINT('',(-113.0374154,-47.8826,2.5));
#2165=DIRECTION('',(0.,-1.,0.));
#2166=DIRECTION('',(0.,0.,-1.));
#2167=AXIS2_PLACEMENT_3D('',#2164,#2165,#2166);
#2168=CYLINDRICAL_SURFACE('',#2167,2.5);
#2169=ORIENTED_EDGE('',*,*,#2158,.T.);
#2170=ORIENTED_EDGE('',*,*,#1623,.F.);
#2171=CARTESIAN_POINT('',(-113.0374154,48.6249,2.5));
#2172=DIRECTION('',(0.,1.,0.));
#2173=DIRECTION('',(0.,-0.,1.));
#2174=AXIS2_PLACEMENT_3D('',#2171,#2172,#2173);
#2175=CIRCLE('',#2174,2.5);
#2176=EDGE_CURVE('',#1291,#1612,#2175,.T.);
#2177=ORIENTED_EDGE('',*,*,#2176,.F.);
#2178=ORIENTED_EDGE('',*,*,#1296,.F.);
#2179=EDGE_LOOP('',(#2169,#2170,#2177,#2178));
#2180=FACE_BOUND('',#2179,.T.);
#2181=ADVANCED_FACE('',(#2180),#2168,.T.);
#2182=CARTESIAN_POINT('',(-109.6325,-51.124907,2.5));
#2183=DIRECTION('',(1.,0.,0.));
#2184=DIRECTION('',(0.,0.,-1.));
#2185=AXIS2_PLACEMENT_3D('',#2182,#2183,#2184);
#2186=CYLINDRICAL_SURFACE('',#2185,2.5);
#2187=ORIENTED_EDGE('',*,*,#2150,.T.);
#2188=ORIENTED_EDGE('',*,*,#1279,.F.);
#2189=CARTESIAN_POINT('',(110.5375,-51.124907,2.5));
#2190=DIRECTION('',(1.,0.,0.));
#2191=DIRECTION('',(0.,0.,-1.));
#2192=AXIS2_PLACEMENT_3D('',#2189,#2190,#2191);
#2193=CIRCLE('',#2192,2.5);
#2194=EDGE_CURVE('',#1634,#1265,#2193,.T.);
#2195=ORIENTED_EDGE('',*,*,#2194,.F.);
#2196=ORIENTED_EDGE('',*,*,#1663,.F.);
#2197=EDGE_LOOP('',(#2187,#2188,#2195,#2196));
#2198=FACE_BOUND('',#2197,.T.);
#2199=ADVANCED_FACE('',(#2198),#2186,.T.);
#2200=CARTESIAN_POINT('',(-110.5374154,48.6249,2.5));
#2201=DIRECTION('',(0.,0.,1.));
#2202=DIRECTION('',(1.,0.,-0.));
#2203=AXIS2_PLACEMENT_3D('',#2200,#2201,#2202);
#2204=DEGENERATE_TOROIDAL_SURFACE('',#2203,2.5,2.5,.T.);
#2205=ORIENTED_EDGE('',*,*,#2176,.T.);
#2206=ORIENTED_EDGE('',*,*,#1991,.F.);
#2207=ORIENTED_EDGE('',*,*,#635,.F.);
#2208=ORIENTED_EDGE('',*,*,#1303,.F.);
#2209=EDGE_LOOP('',(#2205,#2206,#2207,#2208));
#2210=FACE_BOUND('',#2209,.T.);
#2211=ADVANCED_FACE('',(#2210),#2204,.T.);
#2212=CARTESIAN_POINT('',(110.5375,-48.624907,2.5));
#2213=DIRECTION('',(0.,0.,1.));
#2214=DIRECTION('',(1.,0.,-0.));
#2215=AXIS2_PLACEMENT_3D('',#2212,#2213,#2214);
#2216=DEGENERATE_TOROIDAL_SURFACE('',#2215,2.5,2.5,.T.);
#2217=ORIENTED_EDGE('',*,*,#2194,.T.);
#2218=ORIENTED_EDGE('',*,*,#1271,.F.);
#2219=CARTESIAN_POINT('',(113.0375,-48.624907,2.5));
#2220=DIRECTION('',(0.,1.,0.));
#2221=DIRECTION('',(0.,-0.,1.));
#2222=AXIS2_PLACEMENT_3D('',#2219,#2220,#2221);
#2223=CIRCLE('',#2222,2.5);
#2224=EDGE_CURVE('',#1692,#1257,#2223,.T.);
#2225=ORIENTED_EDGE('',*,*,#2224,.F.);
#2226=ORIENTED_EDGE('',*,*,#1943,.F.);
#2227=EDGE_LOOP('',(#2217,#2218,#2225,#2226));
#2228=FACE_BOUND('',#2227,.T.);
#2229=ADVANCED_FACE('',(#2228),#2216,.T.);
#2230=CARTESIAN_POINT('',(113.0375,-47.8826,2.5));
#2231=DIRECTION('',(0.,1.,0.));
#2232=DIRECTION('',(0.,-0.,1.));
#2233=AXIS2_PLACEMENT_3D('',#2230,#2231,#2232);
#2234=CYLINDRICAL_SURFACE('',#2233,2.5);
#2235=ORIENTED_EDGE('',*,*,#2224,.T.);
#2236=ORIENTED_EDGE('',*,*,#1262,.F.);
#2237=CARTESIAN_POINT('',(113.0375,48.6249,2.5));
#2238=DIRECTION('',(0.,1.,0.));
#2239=DIRECTION('',(0.,-0.,1.));
#2240=AXIS2_PLACEMENT_3D('',#2237,#2238,#2239);
#2241=CIRCLE('',#2240,2.5);
#2242=EDGE_CURVE('',#1674,#1248,#2241,.T.);
#2243=ORIENTED_EDGE('',*,*,#2242,.F.);
#2244=ORIENTED_EDGE('',*,*,#1703,.F.);
#2245=EDGE_LOOP('',(#2235,#2236,#2243,#2244));
#2246=FACE_BOUND('',#2245,.T.);
#2247=ADVANCED_FACE('',(#2246),#2234,.T.);
#2248=CARTESIAN_POINT('',(110.5375,48.6249,2.5));
#2249=DIRECTION('',(0.,0.,1.));
#2250=DIRECTION('',(1.,0.,-0.));
#2251=AXIS2_PLACEMENT_3D('',#2248,#2249,#2250);
#2252=DEGENERATE_TOROIDAL_SURFACE('',#2251,2.5,2.5,.T.);
#2253=ORIENTED_EDGE('',*,*,#620,.T.);
#2254=ORIENTED_EDGE('',*,*,#1919,.F.);
#2255=ORIENTED_EDGE('',*,*,#2242,.T.);
#2256=ORIENTED_EDGE('',*,*,#1254,.F.);
#2257=EDGE_LOOP('',(#2253,#2254,#2255,#2256));
#2258=FACE_BOUND('',#2257,.T.);
#2259=ADVANCED_FACE('',(#2258),#2252,.T.);
#2260=CARTESIAN_POINT('',(83.343,0.000775,4.));
#2261=DIRECTION('',(0.,0.,-1.));
#2262=DIRECTION('',(-1.,0.,0.));
#2263=AXIS2_PLACEMENT_3D('',#2260,#2261,#2262);
#2264=CYLINDRICAL_SURFACE('',#2263,1.1);
#2265=CARTESIAN_POINT('',(82.243,0.000775,1.));
#2266=VERTEX_POINT('',#2265);
#2267=CARTESIAN_POINT('',(82.243,0.000775,1.));
#2268=DIRECTION('',(-0.,-0.,1.));
#2269=VECTOR('',#2268,2.);
#2270=LINE('',#2267,#2269);
#2271=EDGE_CURVE('',#2266,#1010,#2270,.T.);
#2272=ORIENTED_EDGE('',*,*,#2271,.F.);
#2273=CARTESIAN_POINT('',(84.443,0.000775,1.));
#2274=VERTEX_POINT('',#2273);
#2275=CARTESIAN_POINT('',(83.343,0.000775,1.));
#2276=DIRECTION('',(-0.,-0.,-1.));
#2277=DIRECTION('',(1.,0.,-0.));
#2278=AXIS2_PLACEMENT_3D('',#2275,#2276,#2277);
#2279=CIRCLE('',#2278,1.1);
#2280=EDGE_CURVE('',#2266,#2274,#2279,.T.);
#2281=ORIENTED_EDGE('',*,*,#2280,.T.);
#2282=CARTESIAN_POINT('',(83.343,0.000775,1.));
#2283=DIRECTION('',(-0.,-0.,-1.));
#2284=DIRECTION('',(1.,0.,-0.));
#2285=AXIS2_PLACEMENT_3D('',#2282,#2283,#2284);
#2286=CIRCLE('',#2285,1.1);
#2287=EDGE_CURVE('',#2274,#2266,#2286,.T.);
#2288=ORIENTED_EDGE('',*,*,#2287,.T.);
#2289=ORIENTED_EDGE('',*,*,#2271,.T.);
#2290=ORIENTED_EDGE('',*,*,#1018,.T.);
#2291=ORIENTED_EDGE('',*,*,#1025,.T.);
#2292=EDGE_LOOP('',(#2272,#2281,#2288,#2289,#2290,#2291));
#2293=FACE_BOUND('',#2292,.T.);
#2294=ADVANCED_FACE('',(#2293),#2264,.F.);
#2295=CARTESIAN_POINT('',(-90.48805,38.10085,4.));
#2296=DIRECTION('',(0.,0.,-1.));
#2297=DIRECTION('',(-1.,0.,0.));
#2298=AXIS2_PLACEMENT_3D('',#2295,#2296,#2297);
#2299=CYLINDRICAL_SURFACE('',#2298,1.1);
#2300=CARTESIAN_POINT('',(-91.58805,38.10085,1.));
#2301=VERTEX_POINT('',#2300);
#2302=CARTESIAN_POINT('',(-91.58805,38.10085,1.));
#2303=DIRECTION('',(-0.,-0.,1.));
#2304=VECTOR('',#2303,2.);
#2305=LINE('',#2302,#2304);
#2306=EDGE_CURVE('',#2301,#990,#2305,.T.);
#2307=ORIENTED_EDGE('',*,*,#2306,.F.);
#2308=CARTESIAN_POINT('',(-89.38805,38.10085,1.));
#2309=VERTEX_POINT('',#2308);
#2310=CARTESIAN_POINT('',(-90.48805,38.10085,1.));
#2311=DIRECTION('',(-0.,-0.,-1.));
#2312=DIRECTION('',(1.,0.,-0.));
#2313=AXIS2_PLACEMENT_3D('',#2310,#2311,#2312);
#2314=CIRCLE('',#2313,1.1);
#2315=EDGE_CURVE('',#2301,#2309,#2314,.T.);
#2316=ORIENTED_EDGE('',*,*,#2315,.T.);
#2317=CARTESIAN_POINT('',(-90.48805,38.10085,1.));
#2318=DIRECTION('',(-0.,-0.,-1.));
#2319=DIRECTION('',(1.,0.,-0.));
#2320=AXIS2_PLACEMENT_3D('',#2317,#2318,#2319);
#2321=CIRCLE('',#2320,1.1);
#2322=EDGE_CURVE('',#2309,#2301,#2321,.T.);
#2323=ORIENTED_EDGE('',*,*,#2322,.T.);
#2324=ORIENTED_EDGE('',*,*,#2306,.T.);
#2325=ORIENTED_EDGE('',*,*,#998,.T.);
#2326=ORIENTED_EDGE('',*,*,#1005,.T.);
#2327=EDGE_LOOP('',(#2307,#2316,#2323,#2324,#2325,#2326));
#2328=FACE_BOUND('',#2327,.T.);
#2329=ADVANCED_FACE('',(#2328),#2299,.F.);
#2330=CARTESIAN_POINT('',(-41.051107034,-42.099227765,4.));
#2331=DIRECTION('',(0.,0.,-1.));
#2332=DIRECTION('',(-1.,0.,0.));
#2333=AXIS2_PLACEMENT_3D('',#2330,#2331,#2332);
#2334=CYLINDRICAL_SURFACE('',#2333,1.1);
#2335=CARTESIAN_POINT('',(-42.151107034,-42.099227765,1.));
#2336=VERTEX_POINT('',#2335);
#2337=CARTESIAN_POINT('',(-42.151107034,-42.099227765,1.));
#2338=DIRECTION('',(-0.,-0.,1.));
#2339=VECTOR('',#2338,2.);
#2340=LINE('',#2337,#2339);
#2341=EDGE_CURVE('',#2336,#970,#2340,.T.);
#2342=ORIENTED_EDGE('',*,*,#2341,.F.);
#2343=CARTESIAN_POINT('',(-39.951107034,-42.099227765,1.));
#2344=VERTEX_POINT('',#2343);
#2345=CARTESIAN_POINT('',(-41.051107034,-42.099227765,1.));
#2346=DIRECTION('',(-0.,-0.,-1.));
#2347=DIRECTION('',(1.,0.,-0.));
#2348=AXIS2_PLACEMENT_3D('',#2345,#2346,#2347);
#2349=CIRCLE('',#2348,1.1);
#2350=EDGE_CURVE('',#2336,#2344,#2349,.T.);
#2351=ORIENTED_EDGE('',*,*,#2350,.T.);
#2352=CARTESIAN_POINT('',(-41.051107034,-42.099227765,1.));
#2353=DIRECTION('',(-0.,-0.,-1.));
#2354=DIRECTION('',(1.,0.,-0.));
#2355=AXIS2_PLACEMENT_3D('',#2352,#2353,#2354);
#2356=CIRCLE('',#2355,1.1);
#2357=EDGE_CURVE('',#2344,#2336,#2356,.T.);
#2358=ORIENTED_EDGE('',*,*,#2357,.T.);
#2359=ORIENTED_EDGE('',*,*,#2341,.T.);
#2360=ORIENTED_EDGE('',*,*,#978,.T.);
#2361=ORIENTED_EDGE('',*,*,#985,.T.);
#2362=EDGE_LOOP('',(#2342,#2351,#2358,#2359,#2360,#2361));
#2363=FACE_BOUND('',#2362,.T.);
#2364=ADVANCED_FACE('',(#2363),#2334,.F.);
#2365=CARTESIAN_POINT('',(-83.3443,-38.09923,4.));
#2366=DIRECTION('',(0.,0.,-1.));
#2367=DIRECTION('',(-1.,0.,0.));
#2368=AXIS2_PLACEMENT_3D('',#2365,#2366,#2367);
#2369=CYLINDRICAL_SURFACE('',#2368,1.1);
#2370=CARTESIAN_POINT('',(-84.4443,-38.09923,1.));
#2371=VERTEX_POINT('',#2370);
#2372=CARTESIAN_POINT('',(-84.4443,-38.09923,1.));
#2373=DIRECTION('',(-0.,-0.,1.));
#2374=VECTOR('',#2373,2.);
#2375=LINE('',#2372,#2374);
#2376=EDGE_CURVE('',#2371,#950,#2375,.T.);
#2377=ORIENTED_EDGE('',*,*,#2376,.F.);
#2378=CARTESIAN_POINT('',(-82.2443,-38.09923,1.));
#2379=VERTEX_POINT('',#2378);
#2380=CARTESIAN_POINT('',(-83.3443,-38.09923,1.));
#2381=DIRECTION('',(-0.,-0.,-1.));
#2382=DIRECTION('',(1.,0.,-0.));
#2383=AXIS2_PLACEMENT_3D('',#2380,#2381,#2382);
#2384=CIRCLE('',#2383,1.1);
#2385=EDGE_CURVE('',#2371,#2379,#2384,.T.);
#2386=ORIENTED_EDGE('',*,*,#2385,.T.);
#2387=CARTESIAN_POINT('',(-83.3443,-38.09923,1.));
#2388=DIRECTION('',(-0.,-0.,-1.));
#2389=DIRECTION('',(1.,0.,-0.));
#2390=AXIS2_PLACEMENT_3D('',#2387,#2388,#2389);
#2391=CIRCLE('',#2390,1.1);
#2392=EDGE_CURVE('',#2379,#2371,#2391,.T.);
#2393=ORIENTED_EDGE('',*,*,#2392,.T.);
#2394=ORIENTED_EDGE('',*,*,#2376,.T.);
#2395=ORIENTED_EDGE('',*,*,#958,.T.);
#2396=ORIENTED_EDGE('',*,*,#965,.T.);
#2397=EDGE_LOOP('',(#2377,#2386,#2393,#2394,#2395,#2396));
#2398=FACE_BOUND('',#2397,.T.);
#2399=ADVANCED_FACE('',(#2398),#2369,.F.);
#2400=CARTESIAN_POINT('',(83.343,38.10085,4.));
#2401=DIRECTION('',(0.,0.,-1.));
#2402=DIRECTION('',(-1.,0.,0.));
#2403=AXIS2_PLACEMENT_3D('',#2400,#2401,#2402);
#2404=CYLINDRICAL_SURFACE('',#2403,1.1);
#2405=CARTESIAN_POINT('',(82.243,38.10085,1.));
#2406=VERTEX_POINT('',#2405);
#2407=CARTESIAN_POINT('',(82.243,38.10085,1.));
#2408=DIRECTION('',(-0.,-0.,1.));
#2409=VECTOR('',#2408,2.);
#2410=LINE('',#2407,#2409);
#2411=EDGE_CURVE('',#2406,#930,#2410,.T.);
#2412=ORIENTED_EDGE('',*,*,#2411,.F.);
#2413=CARTESIAN_POINT('',(84.443,38.10085,1.));
#2414=VERTEX_POINT('',#2413);
#2415=CARTESIAN_POINT('',(83.343,38.10085,1.));
#2416=DIRECTION('',(-0.,-0.,-1.));
#2417=DIRECTION('',(1.,0.,-0.));
#2418=AXIS2_PLACEMENT_3D('',#2415,#2416,#2417);
#2419=CIRCLE('',#2418,1.1);
#2420=EDGE_CURVE('',#2406,#2414,#2419,.T.);
#2421=ORIENTED_EDGE('',*,*,#2420,.T.);
#2422=CARTESIAN_POINT('',(83.343,38.10085,1.));
#2423=DIRECTION('',(-0.,-0.,-1.));
#2424=DIRECTION('',(1.,0.,-0.));
#2425=AXIS2_PLACEMENT_3D('',#2422,#2423,#2424);
#2426=CIRCLE('',#2425,1.1);
#2427=EDGE_CURVE('',#2414,#2406,#2426,.T.);
#2428=ORIENTED_EDGE('',*,*,#2427,.T.);
#2429=ORIENTED_EDGE('',*,*,#2411,.T.);
#2430=ORIENTED_EDGE('',*,*,#938,.T.);
#2431=ORIENTED_EDGE('',*,*,#945,.T.);
#2432=EDGE_LOOP('',(#2412,#2421,#2428,#2429,#2430,#2431));
#2433=FACE_BOUND('',#2432,.T.);
#2434=ADVANCED_FACE('',(#2433),#2404,.F.);
#2435=CARTESIAN_POINT('',(61.912,-19.0493,4.));
#2436=DIRECTION('',(0.,0.,-1.));
#2437=DIRECTION('',(-1.,0.,0.));
#2438=AXIS2_PLACEMENT_3D('',#2435,#2436,#2437);
#2439=CYLINDRICAL_SURFACE('',#2438,1.1);
#2440=CARTESIAN_POINT('',(60.812,-19.0493,1.));
#2441=VERTEX_POINT('',#2440);
#2442=CARTESIAN_POINT('',(60.812,-19.0493,1.));
#2443=DIRECTION('',(-0.,-0.,1.));
#2444=VECTOR('',#2443,2.);
#2445=LINE('',#2442,#2444);
#2446=EDGE_CURVE('',#2441,#910,#2445,.T.);
#2447=ORIENTED_EDGE('',*,*,#2446,.F.);
#2448=CARTESIAN_POINT('',(63.012,-19.0493,1.));
#2449=VERTEX_POINT('',#2448);
#2450=CARTESIAN_POINT('',(61.912,-19.0493,1.));
#2451=DIRECTION('',(-0.,-0.,-1.));
#2452=DIRECTION('',(1.,0.,-0.));
#2453=AXIS2_PLACEMENT_3D('',#2450,#2451,#2452);
#2454=CIRCLE('',#2453,1.1);
#2455=EDGE_CURVE('',#2441,#2449,#2454,.T.);
#2456=ORIENTED_EDGE('',*,*,#2455,.T.);
#2457=CARTESIAN_POINT('',(61.912,-19.0493,1.));
#2458=DIRECTION('',(-0.,-0.,-1.));
#2459=DIRECTION('',(1.,0.,-0.));
#2460=AXIS2_PLACEMENT_3D('',#2457,#2458,#2459);
#2461=CIRCLE('',#2460,1.1);
#2462=EDGE_CURVE('',#2449,#2441,#2461,.T.);
#2463=ORIENTED_EDGE('',*,*,#2462,.T.);
#2464=ORIENTED_EDGE('',*,*,#2446,.T.);
#2465=ORIENTED_EDGE('',*,*,#918,.T.);
#2466=ORIENTED_EDGE('',*,*,#925,.T.);
#2467=EDGE_LOOP('',(#2447,#2456,#2463,#2464,#2465,#2466));
#2468=FACE_BOUND('',#2467,.T.);
#2469=ADVANCED_FACE('',(#2468),#2439,.F.);
#2470=CARTESIAN_POINT('',(-14.28885,38.10085,4.));
#2471=DIRECTION('',(0.,0.,-1.));
#2472=DIRECTION('',(-1.,0.,0.));
#2473=AXIS2_PLACEMENT_3D('',#2470,#2471,#2472);
#2474=CYLINDRICAL_SURFACE('',#2473,1.1);
#2475=CARTESIAN_POINT('',(-15.38885,38.10085,1.));
#2476=VERTEX_POINT('',#2475);
#2477=CARTESIAN_POINT('',(-15.38885,38.10085,1.));
#2478=DIRECTION('',(-0.,-0.,1.));
#2479=VECTOR('',#2478,2.);
#2480=LINE('',#2477,#2479);
#2481=EDGE_CURVE('',#2476,#890,#2480,.T.);
#2482=ORIENTED_EDGE('',*,*,#2481,.F.);
#2483=CARTESIAN_POINT('',(-13.18885,38.10085,1.));
#2484=VERTEX_POINT('',#2483);
#2485=CARTESIAN_POINT('',(-14.28885,38.10085,1.));
#2486=DIRECTION('',(-0.,-0.,-1.));
#2487=DIRECTION('',(1.,0.,-0.));
#2488=AXIS2_PLACEMENT_3D('',#2485,#2486,#2487);
#2489=CIRCLE('',#2488,1.1);
#2490=EDGE_CURVE('',#2476,#2484,#2489,.T.);
#2491=ORIENTED_EDGE('',*,*,#2490,.T.);
#2492=CARTESIAN_POINT('',(-14.28885,38.10085,1.));
#2493=DIRECTION('',(-0.,-0.,-1.));
#2494=DIRECTION('',(1.,0.,-0.));
#2495=AXIS2_PLACEMENT_3D('',#2492,#2493,#2494);
#2496=CIRCLE('',#2495,1.1);
#2497=EDGE_CURVE('',#2484,#2476,#2496,.T.);
#2498=ORIENTED_EDGE('',*,*,#2497,.T.);
#2499=ORIENTED_EDGE('',*,*,#2481,.T.);
#2500=ORIENTED_EDGE('',*,*,#898,.T.);
#2501=ORIENTED_EDGE('',*,*,#905,.T.);
#2502=EDGE_LOOP('',(#2482,#2491,#2498,#2499,#2500,#2501));
#2503=FACE_BOUND('',#2502,.T.);
#2504=ADVANCED_FACE('',(#2503),#2474,.F.);
#2505=CARTESIAN_POINT('',(-14.288159336,-28.574252722,4.));
#2506=DIRECTION('',(0.,0.,-1.));
#2507=DIRECTION('',(-1.,0.,0.));
#2508=AXIS2_PLACEMENT_3D('',#2505,#2506,#2507);
#2509=CYLINDRICAL_SURFACE('',#2508,1.1);
#2510=CARTESIAN_POINT('',(-15.388159336,-28.574252722,1.));
#2511=VERTEX_POINT('',#2510);
#2512=CARTESIAN_POINT('',(-15.388159336,-28.574252722,1.));
#2513=DIRECTION('',(-0.,-0.,1.));
#2514=VECTOR('',#2513,2.);
#2515=LINE('',#2512,#2514);
#2516=EDGE_CURVE('',#2511,#870,#2515,.T.);
#2517=ORIENTED_EDGE('',*,*,#2516,.F.);
#2518=CARTESIAN_POINT('',(-13.188159336,-28.574252722,1.));
#2519=VERTEX_POINT('',#2518);
#2520=CARTESIAN_POINT('',(-14.288159336,-28.574252722,1.));
#2521=DIRECTION('',(-0.,-0.,-1.));
#2522=DIRECTION('',(1.,0.,-0.));
#2523=AXIS2_PLACEMENT_3D('',#2520,#2521,#2522);
#2524=CIRCLE('',#2523,1.1);
#2525=EDGE_CURVE('',#2511,#2519,#2524,.T.);
#2526=ORIENTED_EDGE('',*,*,#2525,.T.);
#2527=CARTESIAN_POINT('',(-14.288159336,-28.574252722,1.));
#2528=DIRECTION('',(-0.,-0.,-1.));
#2529=DIRECTION('',(1.,0.,-0.));
#2530=AXIS2_PLACEMENT_3D('',#2527,#2528,#2529);
#2531=CIRCLE('',#2530,1.1);
#2532=EDGE_CURVE('',#2519,#2511,#2531,.T.);
#2533=ORIENTED_EDGE('',*,*,#2532,.T.);
#2534=ORIENTED_EDGE('',*,*,#2516,.T.);
#2535=ORIENTED_EDGE('',*,*,#878,.T.);
#2536=ORIENTED_EDGE('',*,*,#885,.T.);
#2537=EDGE_LOOP('',(#2517,#2526,#2533,#2534,#2535,#2536));
#2538=FACE_BOUND('',#2537,.T.);
#2539=ADVANCED_FACE('',(#2538),#2509,.F.);
#2540=CARTESIAN_POINT('',(-14.28885,0.00085,4.));
#2541=DIRECTION('',(0.,0.,-1.));
#2542=DIRECTION('',(-1.,0.,0.));
#2543=AXIS2_PLACEMENT_3D('',#2540,#2541,#2542);
#2544=CYLINDRICAL_SURFACE('',#2543,1.1);
#2545=CARTESIAN_POINT('',(-15.38885,0.00085,1.));
#2546=VERTEX_POINT('',#2545);
#2547=CARTESIAN_POINT('',(-15.38885,0.00085,1.));
#2548=DIRECTION('',(-0.,-0.,1.));
#2549=VECTOR('',#2548,2.);
#2550=LINE('',#2547,#2549);
#2551=EDGE_CURVE('',#2546,#850,#2550,.T.);
#2552=ORIENTED_EDGE('',*,*,#2551,.F.);
#2553=CARTESIAN_POINT('',(-13.18885,0.00085,1.));
#2554=VERTEX_POINT('',#2553);
#2555=CARTESIAN_POINT('',(-14.28885,0.00085,1.));
#2556=DIRECTION('',(-0.,-0.,-1.));
#2557=DIRECTION('',(1.,0.,-0.));
#2558=AXIS2_PLACEMENT_3D('',#2555,#2556,#2557);
#2559=CIRCLE('',#2558,1.1);
#2560=EDGE_CURVE('',#2546,#2554,#2559,.T.);
#2561=ORIENTED_EDGE('',*,*,#2560,.T.);
#2562=CARTESIAN_POINT('',(-14.28885,0.00085,1.));
#2563=DIRECTION('',(-0.,-0.,-1.));
#2564=DIRECTION('',(1.,0.,-0.));
#2565=AXIS2_PLACEMENT_3D('',#2562,#2563,#2564);
#2566=CIRCLE('',#2565,1.1);
#2567=EDGE_CURVE('',#2554,#2546,#2566,.T.);
#2568=ORIENTED_EDGE('',*,*,#2567,.T.);
#2569=ORIENTED_EDGE('',*,*,#2551,.T.);
#2570=ORIENTED_EDGE('',*,*,#858,.T.);
#2571=ORIENTED_EDGE('',*,*,#865,.T.);
#2572=EDGE_LOOP('',(#2552,#2561,#2568,#2569,#2570,#2571));
#2573=FACE_BOUND('',#2572,.T.);
#2574=ADVANCED_FACE('',(#2573),#2544,.F.);
#2575=CARTESIAN_POINT('',(61.912,19.05085,4.));
#2576=DIRECTION('',(0.,0.,-1.));
#2577=DIRECTION('',(-1.,0.,0.));
#2578=AXIS2_PLACEMENT_3D('',#2575,#2576,#2577);
#2579=CYLINDRICAL_SURFACE('',#2578,1.1);
#2580=CARTESIAN_POINT('',(60.812,19.05085,1.));
#2581=VERTEX_POINT('',#2580);
#2582=CARTESIAN_POINT('',(60.812,19.05085,1.));
#2583=DIRECTION('',(-0.,-0.,1.));
#2584=VECTOR('',#2583,2.);
#2585=LINE('',#2582,#2584);
#2586=EDGE_CURVE('',#2581,#830,#2585,.T.);
#2587=ORIENTED_EDGE('',*,*,#2586,.F.);
#2588=CARTESIAN_POINT('',(63.012,19.05085,1.));
#2589=VERTEX_POINT('',#2588);
#2590=CARTESIAN_POINT('',(61.912,19.05085,1.));
#2591=DIRECTION('',(-0.,-0.,-1.));
#2592=DIRECTION('',(1.,0.,-0.));
#2593=AXIS2_PLACEMENT_3D('',#2590,#2591,#2592);
#2594=CIRCLE('',#2593,1.1);
#2595=EDGE_CURVE('',#2581,#2589,#2594,.T.);
#2596=ORIENTED_EDGE('',*,*,#2595,.T.);
#2597=CARTESIAN_POINT('',(61.912,19.05085,1.));
#2598=DIRECTION('',(-0.,-0.,-1.));
#2599=DIRECTION('',(1.,0.,-0.));
#2600=AXIS2_PLACEMENT_3D('',#2597,#2598,#2599);
#2601=CIRCLE('',#2600,1.1);
#2602=EDGE_CURVE('',#2589,#2581,#2601,.T.);
#2603=ORIENTED_EDGE('',*,*,#2602,.T.);
#2604=ORIENTED_EDGE('',*,*,#2586,.T.);
#2605=ORIENTED_EDGE('',*,*,#838,.T.);
#2606=ORIENTED_EDGE('',*,*,#845,.T.);
#2607=EDGE_LOOP('',(#2587,#2596,#2603,#2604,#2605,#2606));
#2608=FACE_BOUND('',#2607,.T.);
#2609=ADVANCED_FACE('',(#2608),#2579,.F.);
#2610=CARTESIAN_POINT('',(80.962,-38.09923,4.));
#2611=DIRECTION('',(0.,0.,-1.));
#2612=DIRECTION('',(-1.,0.,0.));
#2613=AXIS2_PLACEMENT_3D('',#2610,#2611,#2612);
#2614=CYLINDRICAL_SURFACE('',#2613,1.1);
#2615=CARTESIAN_POINT('',(79.862,-38.09923,1.));
#2616=VERTEX_POINT('',#2615);
#2617=CARTESIAN_POINT('',(79.862,-38.09923,1.));
#2618=DIRECTION('',(-0.,-0.,1.));
#2619=VECTOR('',#2618,2.);
#2620=LINE('',#2617,#2619);
#2621=EDGE_CURVE('',#2616,#810,#2620,.T.);
#2622=ORIENTED_EDGE('',*,*,#2621,.F.);
#2623=CARTESIAN_POINT('',(82.062,-38.09923,1.));
#2624=VERTEX_POINT('',#2623);
#2625=CARTESIAN_POINT('',(80.962,-38.09923,1.));
#2626=DIRECTION('',(-0.,-0.,-1.));
#2627=DIRECTION('',(1.,0.,-0.));
#2628=AXIS2_PLACEMENT_3D('',#2625,#2626,#2627);
#2629=CIRCLE('',#2628,1.1);
#2630=EDGE_CURVE('',#2616,#2624,#2629,.T.);
#2631=ORIENTED_EDGE('',*,*,#2630,.T.);
#2632=CARTESIAN_POINT('',(80.962,-38.09923,1.));
#2633=DIRECTION('',(-0.,-0.,-1.));
#2634=DIRECTION('',(1.,0.,-0.));
#2635=AXIS2_PLACEMENT_3D('',#2632,#2633,#2634);
#2636=CIRCLE('',#2635,1.1);
#2637=EDGE_CURVE('',#2624,#2616,#2636,.T.);
#2638=ORIENTED_EDGE('',*,*,#2637,.T.);
#2639=ORIENTED_EDGE('',*,*,#2621,.T.);
#2640=ORIENTED_EDGE('',*,*,#818,.T.);
#2641=ORIENTED_EDGE('',*,*,#825,.T.);
#2642=EDGE_LOOP('',(#2622,#2631,#2638,#2639,#2640,#2641));
#2643=FACE_BOUND('',#2642,.T.);
#2644=ADVANCED_FACE('',(#2643),#2614,.F.);
#2645=CARTESIAN_POINT('',(12.475005823,-42.09923086,4.));
#2646=DIRECTION('',(0.,0.,-1.));
#2647=DIRECTION('',(-1.,0.,0.));
#2648=AXIS2_PLACEMENT_3D('',#2645,#2646,#2647);
#2649=CYLINDRICAL_SURFACE('',#2648,1.1);
#2650=CARTESIAN_POINT('',(11.375005823,-42.09923086,1.));
#2651=VERTEX_POINT('',#2650);
#2652=CARTESIAN_POINT('',(11.375005823,-42.09923086,1.));
#2653=DIRECTION('',(-0.,-0.,1.));
#2654=VECTOR('',#2653,2.);
#2655=LINE('',#2652,#2654);
#2656=EDGE_CURVE('',#2651,#790,#2655,.T.);
#2657=ORIENTED_EDGE('',*,*,#2656,.F.);
#2658=CARTESIAN_POINT('',(13.575005823,-42.09923086,1.));
#2659=VERTEX_POINT('',#2658);
#2660=CARTESIAN_POINT('',(12.475005823,-42.09923086,1.));
#2661=DIRECTION('',(-0.,-0.,-1.));
#2662=DIRECTION('',(1.,0.,-0.));
#2663=AXIS2_PLACEMENT_3D('',#2660,#2661,#2662);
#2664=CIRCLE('',#2663,1.1);
#2665=EDGE_CURVE('',#2651,#2659,#2664,.T.);
#2666=ORIENTED_EDGE('',*,*,#2665,.T.);
#2667=CARTESIAN_POINT('',(12.475005823,-42.09923086,1.));
#2668=DIRECTION('',(-0.,-0.,-1.));
#2669=DIRECTION('',(1.,0.,-0.));
#2670=AXIS2_PLACEMENT_3D('',#2667,#2668,#2669);
#2671=CIRCLE('',#2670,1.1);
#2672=EDGE_CURVE('',#2659,#2651,#2671,.T.);
#2673=ORIENTED_EDGE('',*,*,#2672,.T.);
#2674=ORIENTED_EDGE('',*,*,#2656,.T.);
#2675=ORIENTED_EDGE('',*,*,#798,.T.);
#2676=ORIENTED_EDGE('',*,*,#805,.T.);
#2677=EDGE_LOOP('',(#2657,#2666,#2673,#2674,#2675,#2676));
#2678=FACE_BOUND('',#2677,.T.);
#2679=ADVANCED_FACE('',(#2678),#2649,.F.);
#2680=CARTESIAN_POINT('',(-90.48805,19.05085,4.));
#2681=DIRECTION('',(0.,0.,-1.));
#2682=DIRECTION('',(-1.,0.,0.));
#2683=AXIS2_PLACEMENT_3D('',#2680,#2681,#2682);
#2684=CYLINDRICAL_SURFACE('',#2683,1.1);
#2685=CARTESIAN_POINT('',(-91.58805,19.05085,1.));
#2686=VERTEX_POINT('',#2685);
#2687=CARTESIAN_POINT('',(-91.58805,19.05085,1.));
#2688=DIRECTION('',(-0.,-0.,1.));
#2689=VECTOR('',#2688,2.);
#2690=LINE('',#2687,#2689);
#2691=EDGE_CURVE('',#2686,#770,#2690,.T.);
#2692=ORIENTED_EDGE('',*,*,#2691,.F.);
#2693=CARTESIAN_POINT('',(-89.38805,19.05085,1.));
#2694=VERTEX_POINT('',#2693);
#2695=CARTESIAN_POINT('',(-90.48805,19.05085,1.));
#2696=DIRECTION('',(-0.,-0.,-1.));
#2697=DIRECTION('',(1.,0.,-0.));
#2698=AXIS2_PLACEMENT_3D('',#2695,#2696,#2697);
#2699=CIRCLE('',#2698,1.1);
#2700=EDGE_CURVE('',#2686,#2694,#2699,.T.);
#2701=ORIENTED_EDGE('',*,*,#2700,.T.);
#2702=CARTESIAN_POINT('',(-90.48805,19.05085,1.));
#2703=DIRECTION('',(-0.,-0.,-1.));
#2704=DIRECTION('',(1.,0.,-0.));
#2705=AXIS2_PLACEMENT_3D('',#2702,#2703,#2704);
#2706=CIRCLE('',#2705,1.1);
#2707=EDGE_CURVE('',#2694,#2686,#2706,.T.);
#2708=ORIENTED_EDGE('',*,*,#2707,.T.);
#2709=ORIENTED_EDGE('',*,*,#2691,.T.);
#2710=ORIENTED_EDGE('',*,*,#778,.T.);
#2711=ORIENTED_EDGE('',*,*,#785,.T.);
#2712=EDGE_LOOP('',(#2692,#2701,#2708,#2709,#2710,#2711));
#2713=FACE_BOUND('',#2712,.T.);
#2714=ADVANCED_FACE('',(#2713),#2684,.F.);
#2715=CARTESIAN_POINT('',(-90.48805,-19.0493,4.));
#2716=DIRECTION('',(0.,0.,-1.));
#2717=DIRECTION('',(-1.,0.,0.));
#2718=AXIS2_PLACEMENT_3D('',#2715,#2716,#2717);
#2719=CYLINDRICAL_SURFACE('',#2718,1.1);
#2720=CARTESIAN_POINT('',(-91.58805,-19.0493,1.));
#2721=VERTEX_POINT('',#2720);
#2722=CARTESIAN_POINT('',(-91.58805,-19.0493,1.));
#2723=DIRECTION('',(-0.,-0.,1.));
#2724=VECTOR('',#2723,2.);
#2725=LINE('',#2722,#2724);
#2726=EDGE_CURVE('',#2721,#750,#2725,.T.);
#2727=ORIENTED_EDGE('',*,*,#2726,.F.);
#2728=CARTESIAN_POINT('',(-89.38805,-19.0493,1.));
#2729=VERTEX_POINT('',#2728);
#2730=CARTESIAN_POINT('',(-90.48805,-19.0493,1.));
#2731=DIRECTION('',(-0.,-0.,-1.));
#2732=DIRECTION('',(1.,0.,-0.));
#2733=AXIS2_PLACEMENT_3D('',#2730,#2731,#2732);
#2734=CIRCLE('',#2733,1.1);
#2735=EDGE_CURVE('',#2721,#2729,#2734,.T.);
#2736=ORIENTED_EDGE('',*,*,#2735,.T.);
#2737=CARTESIAN_POINT('',(-90.48805,-19.0493,1.));
#2738=DIRECTION('',(-0.,-0.,-1.));
#2739=DIRECTION('',(1.,0.,-0.));
#2740=AXIS2_PLACEMENT_3D('',#2737,#2738,#2739);
#2741=CIRCLE('',#2740,1.1);
#2742=EDGE_CURVE('',#2729,#2721,#2741,.T.);
#2743=ORIENTED_EDGE('',*,*,#2742,.T.);
#2744=ORIENTED_EDGE('',*,*,#2726,.T.);
#2745=ORIENTED_EDGE('',*,*,#758,.T.);
#2746=ORIENTED_EDGE('',*,*,#765,.T.);
#2747=EDGE_LOOP('',(#2727,#2736,#2743,#2744,#2745,#2746));
#2748=FACE_BOUND('',#2747,.T.);
#2749=ADVANCED_FACE('',(#2748),#2719,.F.);
#2750=CARTESIAN_POINT('',(61.912,-19.0493,1.));
#2751=DIRECTION('',(0.,0.,-1.));
#2752=DIRECTION('',(-1.,0.,0.));
#2753=AXIS2_PLACEMENT_3D('',#2750,#2751,#2752);
#2754=CONICAL_SURFACE('',#2753,1.1,45.);
#2755=CARTESIAN_POINT('',(59.812,-19.0493,-0.));
#2756=DIRECTION('',(0.707106781,-0.,0.707106781));
#2757=VECTOR('',#2756,1.414213562);
#2758=LINE('',#2755,#2757);
#2759=EDGE_CURVE('',#1310,#2441,#2758,.T.);
#2760=ORIENTED_EDGE('',*,*,#2759,.F.);
#2761=ORIENTED_EDGE('',*,*,#1316,.F.);
#2762=ORIENTED_EDGE('',*,*,#1323,.F.);
#2763=ORIENTED_EDGE('',*,*,#2759,.T.);
#2764=ORIENTED_EDGE('',*,*,#2462,.F.);
#2765=ORIENTED_EDGE('',*,*,#2455,.F.);
#2766=EDGE_LOOP('',(#2760,#2761,#2762,#2763,#2764,#2765));
#2767=FACE_BOUND('',#2766,.T.);
#2768=ADVANCED_FACE('',(#2767),#2754,.F.);
#2769=CARTESIAN_POINT('',(-90.48805,38.10085,1.));
#2770=DIRECTION('',(0.,0.,-1.));
#2771=DIRECTION('',(-1.,0.,0.));
#2772=AXIS2_PLACEMENT_3D('',#2769,#2770,#2771);
#2773=CONICAL_SURFACE('',#2772,1.1,45.);
#2774=CARTESIAN_POINT('',(-92.58805,38.10085,0.));
#2775=DIRECTION('',(0.707106781,-0.,0.707106781));
#2776=VECTOR('',#2775,1.414213562);
#2777=LINE('',#2774,#2776);
#2778=EDGE_CURVE('',#1330,#2301,#2777,.T.);
#2779=ORIENTED_EDGE('',*,*,#2778,.F.);
#2780=ORIENTED_EDGE('',*,*,#1336,.F.);
#2781=ORIENTED_EDGE('',*,*,#1343,.F.);
#2782=ORIENTED_EDGE('',*,*,#2778,.T.);
#2783=ORIENTED_EDGE('',*,*,#2322,.F.);
#2784=ORIENTED_EDGE('',*,*,#2315,.F.);
#2785=EDGE_LOOP('',(#2779,#2780,#2781,#2782,#2783,#2784));
#2786=FACE_BOUND('',#2785,.T.);
#2787=ADVANCED_FACE('',(#2786),#2773,.F.);
#2788=CARTESIAN_POINT('',(-41.051107034,-42.099227765,1.));
#2789=DIRECTION('',(0.,0.,-1.));
#2790=DIRECTION('',(-1.,0.,0.));
#2791=AXIS2_PLACEMENT_3D('',#2788,#2789,#2790);
#2792=CONICAL_SURFACE('',#2791,1.1,45.);
#2793=CARTESIAN_POINT('',(-43.151107034,-42.099227765,-0.));
#2794=DIRECTION('',(0.707106781,-0.,0.707106781));
#2795=VECTOR('',#2794,1.414213562);
#2796=LINE('',#2793,#2795);
#2797=EDGE_CURVE('',#1350,#2336,#2796,.T.);
#2798=ORIENTED_EDGE('',*,*,#2797,.F.);
#2799=ORIENTED_EDGE('',*,*,#1356,.F.);
#2800=ORIENTED_EDGE('',*,*,#1363,.F.);
#2801=ORIENTED_EDGE('',*,*,#2797,.T.);
#2802=ORIENTED_EDGE('',*,*,#2357,.F.);
#2803=ORIENTED_EDGE('',*,*,#2350,.F.);
#2804=EDGE_LOOP('',(#2798,#2799,#2800,#2801,#2802,#2803));
#2805=FACE_BOUND('',#2804,.T.);
#2806=ADVANCED_FACE('',(#2805),#2792,.F.);
#2807=CARTESIAN_POINT('',(-83.3443,-38.09923,1.));
#2808=DIRECTION('',(0.,0.,-1.));
#2809=DIRECTION('',(-1.,0.,0.));
#2810=AXIS2_PLACEMENT_3D('',#2807,#2808,#2809);
#2811=CONICAL_SURFACE('',#2810,1.1,45.);
#2812=CARTESIAN_POINT('',(-85.4443,-38.09923,0.));
#2813=DIRECTION('',(0.707106781,-0.,0.707106781));
#2814=VECTOR('',#2813,1.414213562);
#2815=LINE('',#2812,#2814);
#2816=EDGE_CURVE('',#1370,#2371,#2815,.T.);
#2817=ORIENTED_EDGE('',*,*,#2816,.F.);
#2818=ORIENTED_EDGE('',*,*,#1376,.F.);
#2819=ORIENTED_EDGE('',*,*,#1383,.F.);
#2820=ORIENTED_EDGE('',*,*,#2816,.T.);
#2821=ORIENTED_EDGE('',*,*,#2392,.F.);
#2822=ORIENTED_EDGE('',*,*,#2385,.F.);
#2823=EDGE_LOOP('',(#2817,#2818,#2819,#2820,#2821,#2822));
#2824=FACE_BOUND('',#2823,.T.);
#2825=ADVANCED_FACE('',(#2824),#2811,.F.);
#2826=CARTESIAN_POINT('',(83.343,38.10085,1.));
#2827=DIRECTION('',(0.,0.,-1.));
#2828=DIRECTION('',(-1.,0.,0.));
#2829=AXIS2_PLACEMENT_3D('',#2826,#2827,#2828);
#2830=CONICAL_SURFACE('',#2829,1.1,45.);
#2831=CARTESIAN_POINT('',(81.243,38.10085,-0.));
#2832=DIRECTION('',(0.707106781,-0.,0.707106781));
#2833=VECTOR('',#2832,1.414213562);
#2834=LINE('',#2831,#2833);
#2835=EDGE_CURVE('',#1390,#2406,#2834,.T.);
#2836=ORIENTED_EDGE('',*,*,#2835,.F.);
#2837=ORIENTED_EDGE('',*,*,#1396,.F.);
#2838=ORIENTED_EDGE('',*,*,#1403,.F.);
#2839=ORIENTED_EDGE('',*,*,#2835,.T.);
#2840=ORIENTED_EDGE('',*,*,#2427,.F.);
#2841=ORIENTED_EDGE('',*,*,#2420,.F.);
#2842=EDGE_LOOP('',(#2836,#2837,#2838,#2839,#2840,#2841));
#2843=FACE_BOUND('',#2842,.T.);
#2844=ADVANCED_FACE('',(#2843),#2830,.F.);
#2845=CARTESIAN_POINT('',(-90.48805,-19.0493,1.));
#2846=DIRECTION('',(0.,0.,-1.));
#2847=DIRECTION('',(-1.,0.,0.));
#2848=AXIS2_PLACEMENT_3D('',#2845,#2846,#2847);
#2849=CONICAL_SURFACE('',#2848,1.1,45.);
#2850=CARTESIAN_POINT('',(-92.58805,-19.0493,0.));
#2851=DIRECTION('',(0.707106781,-0.,0.707106781));
#2852=VECTOR('',#2851,1.414213562);
#2853=LINE('',#2850,#2852);
#2854=EDGE_CURVE('',#1410,#2721,#2853,.T.);
#2855=ORIENTED_EDGE('',*,*,#2854,.F.);
#2856=ORIENTED_EDGE('',*,*,#1416,.F.);
#2857=ORIENTED_EDGE('',*,*,#1423,.F.);
#2858=ORIENTED_EDGE('',*,*,#2854,.T.);
#2859=ORIENTED_EDGE('',*,*,#2742,.F.);
#2860=ORIENTED_EDGE('',*,*,#2735,.F.);
#2861=EDGE_LOOP('',(#2855,#2856,#2857,#2858,#2859,#2860));
#2862=FACE_BOUND('',#2861,.T.);
#2863=ADVANCED_FACE('',(#2862),#2849,.F.);
#2864=CARTESIAN_POINT('',(-90.48805,19.05085,1.));
#2865=DIRECTION('',(0.,0.,-1.));
#2866=DIRECTION('',(-1.,0.,0.));
#2867=AXIS2_PLACEMENT_3D('',#2864,#2865,#2866);
#2868=CONICAL_SURFACE('',#2867,1.1,45.);
#2869=CARTESIAN_POINT('',(-92.58805,19.05085,0.));
#2870=DIRECTION('',(0.707106781,-0.,0.707106781));
#2871=VECTOR('',#2870,1.414213562);
#2872=LINE('',#2869,#2871);
#2873=EDGE_CURVE('',#1430,#2686,#2872,.T.);
#2874=ORIENTED_EDGE('',*,*,#2873,.F.);
#2875=ORIENTED_EDGE('',*,*,#1436,.F.);
#2876=ORIENTED_EDGE('',*,*,#1443,.F.);
#2877=ORIENTED_EDGE('',*,*,#2873,.T.);
#2878=ORIENTED_EDGE('',*,*,#2707,.F.);
#2879=ORIENTED_EDGE('',*,*,#2700,.F.);
#2880=EDGE_LOOP('',(#2874,#2875,#2876,#2877,#2878,#2879));
#2881=FACE_BOUND('',#2880,.T.);
#2882=ADVANCED_FACE('',(#2881),#2868,.F.);
#2883=CARTESIAN_POINT('',(12.475005823,-42.09923086,1.));
#2884=DIRECTION('',(0.,0.,-1.));
#2885=DIRECTION('',(-1.,0.,0.));
#2886=AXIS2_PLACEMENT_3D('',#2883,#2884,#2885);
#2887=CONICAL_SURFACE('',#2886,1.1,45.);
#2888=CARTESIAN_POINT('',(10.375005823,-42.09923086,-0.));
#2889=DIRECTION('',(0.707106781,-0.,0.707106781));
#2890=VECTOR('',#2889,1.414213562);
#2891=LINE('',#2888,#2890);
#2892=EDGE_CURVE('',#1450,#2651,#2891,.T.);
#2893=ORIENTED_EDGE('',*,*,#2892,.F.);
#2894=ORIENTED_EDGE('',*,*,#1456,.F.);
#2895=ORIENTED_EDGE('',*,*,#1463,.F.);
#2896=ORIENTED_EDGE('',*,*,#2892,.T.);
#2897=ORIENTED_EDGE('',*,*,#2672,.F.);
#2898=ORIENTED_EDGE('',*,*,#2665,.F.);
#2899=EDGE_LOOP('',(#2893,#2894,#2895,#2896,#2897,#2898));
#2900=FACE_BOUND('',#2899,.T.);
#2901=ADVANCED_FACE('',(#2900),#2887,.F.);
#2902=CARTESIAN_POINT('',(80.962,-38.09923,1.));
#2903=DIRECTION('',(0.,0.,-1.));
#2904=DIRECTION('',(-1.,0.,0.));
#2905=AXIS2_PLACEMENT_3D('',#2902,#2903,#2904);
#2906=CONICAL_SURFACE('',#2905,1.1,45.);
#2907=CARTESIAN_POINT('',(78.862,-38.09923,0.));
#2908=DIRECTION('',(0.707106781,-0.,0.707106781));
#2909=VECTOR('',#2908,1.414213562);
#2910=LINE('',#2907,#2909);
#2911=EDGE_CURVE('',#1470,#2616,#2910,.T.);
#2912=ORIENTED_EDGE('',*,*,#2911,.F.);
#2913=ORIENTED_EDGE('',*,*,#1476,.F.);
#2914=ORIENTED_EDGE('',*,*,#1483,.F.);
#2915=ORIENTED_EDGE('',*,*,#2911,.T.);
#2916=ORIENTED_EDGE('',*,*,#2637,.F.);
#2917=ORIENTED_EDGE('',*,*,#2630,.F.);
#2918=EDGE_LOOP('',(#2912,#2913,#2914,#2915,#2916,#2917));
#2919=FACE_BOUND('',#2918,.T.);
#2920=ADVANCED_FACE('',(#2919),#2906,.F.);
#2921=CARTESIAN_POINT('',(-14.28885,38.10085,1.));
#2922=DIRECTION('',(0.,0.,-1.));
#2923=DIRECTION('',(-1.,0.,0.));
#2924=AXIS2_PLACEMENT_3D('',#2921,#2922,#2923);
#2925=CONICAL_SURFACE('',#2924,1.1,45.);
#2926=CARTESIAN_POINT('',(-16.38885,38.10085,0.));
#2927=DIRECTION('',(0.707106781,-0.,0.707106781));
#2928=VECTOR('',#2927,1.414213562);
#2929=LINE('',#2926,#2928);
#2930=EDGE_CURVE('',#1490,#2476,#2929,.T.);
#2931=ORIENTED_EDGE('',*,*,#2930,.F.);
#2932=ORIENTED_EDGE('',*,*,#1496,.F.);
#2933=ORIENTED_EDGE('',*,*,#1503,.F.);
#2934=ORIENTED_EDGE('',*,*,#2930,.T.);
#2935=ORIENTED_EDGE('',*,*,#2497,.F.);
#2936=ORIENTED_EDGE('',*,*,#2490,.F.);
#2937=EDGE_LOOP('',(#2931,#2932,#2933,#2934,#2935,#2936));
#2938=FACE_BOUND('',#2937,.T.);
#2939=ADVANCED_FACE('',(#2938),#2925,.F.);
#2940=CARTESIAN_POINT('',(-14.288159336,-28.574252722,1.));
#2941=DIRECTION('',(0.,0.,-1.));
#2942=DIRECTION('',(-1.,0.,0.));
#2943=AXIS2_PLACEMENT_3D('',#2940,#2941,#2942);
#2944=CONICAL_SURFACE('',#2943,1.1,45.);
#2945=CARTESIAN_POINT('',(-16.388159336,-28.574252722,0.));
#2946=DIRECTION('',(0.707106781,-0.,0.707106781));
#2947=VECTOR('',#2946,1.414213562);
#2948=LINE('',#2945,#2947);
#2949=EDGE_CURVE('',#1510,#2511,#2948,.T.);
#2950=ORIENTED_EDGE('',*,*,#2949,.F.);
#2951=ORIENTED_EDGE('',*,*,#1516,.F.);
#2952=ORIENTED_EDGE('',*,*,#1523,.F.);
#2953=ORIENTED_EDGE('',*,*,#2949,.T.);
#2954=ORIENTED_EDGE('',*,*,#2532,.F.);
#2955=ORIENTED_EDGE('',*,*,#2525,.F.);
#2956=EDGE_LOOP('',(#2950,#2951,#2952,#2953,#2954,#2955));
#2957=FACE_BOUND('',#2956,.T.);
#2958=ADVANCED_FACE('',(#2957),#2944,.F.);
#2959=CARTESIAN_POINT('',(-14.28885,0.00085,1.));
#2960=DIRECTION('',(0.,0.,-1.));
#2961=DIRECTION('',(-1.,0.,0.));
#2962=AXIS2_PLACEMENT_3D('',#2959,#2960,#2961);
#2963=CONICAL_SURFACE('',#2962,1.1,45.);
#2964=CARTESIAN_POINT('',(-16.38885,0.00085,0.));
#2965=DIRECTION('',(0.707106781,-0.,0.707106781));
#2966=VECTOR('',#2965,1.414213562);
#2967=LINE('',#2964,#2966);
#2968=EDGE_CURVE('',#1530,#2546,#2967,.T.);
#2969=ORIENTED_EDGE('',*,*,#2968,.F.);
#2970=ORIENTED_EDGE('',*,*,#1536,.F.);
#2971=ORIENTED_EDGE('',*,*,#1543,.F.);
#2972=ORIENTED_EDGE('',*,*,#2968,.T.);
#2973=ORIENTED_EDGE('',*,*,#2567,.F.);
#2974=ORIENTED_EDGE('',*,*,#2560,.F.);
#2975=EDGE_LOOP('',(#2969,#2970,#2971,#2972,#2973,#2974));
#2976=FACE_BOUND('',#2975,.T.);
#2977=ADVANCED_FACE('',(#2976),#2963,.F.);
#2978=CARTESIAN_POINT('',(61.912,19.05085,1.));
#2979=DIRECTION('',(0.,0.,-1.));
#2980=DIRECTION('',(-1.,0.,0.));
#2981=AXIS2_PLACEMENT_3D('',#2978,#2979,#2980);
#2982=CONICAL_SURFACE('',#2981,1.1,45.);
#2983=CARTESIAN_POINT('',(59.812,19.05085,-0.));
#2984=DIRECTION('',(0.707106781,-0.,0.707106781));
#2985=VECTOR('',#2984,1.414213562);
#2986=LINE('',#2983,#2985);
#2987=EDGE_CURVE('',#1550,#2581,#2986,.T.);
#2988=ORIENTED_EDGE('',*,*,#2987,.F.);
#2989=ORIENTED_EDGE('',*,*,#1556,.F.);
#2990=ORIENTED_EDGE('',*,*,#1563,.F.);
#2991=ORIENTED_EDGE('',*,*,#2987,.T.);
#2992=ORIENTED_EDGE('',*,*,#2602,.F.);
#2993=ORIENTED_EDGE('',*,*,#2595,.F.);
#2994=EDGE_LOOP('',(#2988,#2989,#2990,#2991,#2992,#2993));
#2995=FACE_BOUND('',#2994,.T.);
#2996=ADVANCED_FACE('',(#2995),#2982,.F.);
#2997=CARTESIAN_POINT('',(83.343,0.000775,1.));
#2998=DIRECTION('',(0.,0.,-1.));
#2999=DIRECTION('',(-1.,0.,0.));
#3000=AXIS2_PLACEMENT_3D('',#2997,#2998,#2999);
#3001=CONICAL_SURFACE('',#3000,1.1,45.);
#3002=CARTESIAN_POINT('',(81.243,0.000775,-0.));
#3003=DIRECTION('',(0.707106781,-0.,0.707106781));
#3004=VECTOR('',#3003,1.414213562);
#3005=LINE('',#3002,#3004);
#3006=EDGE_CURVE('',#1570,#2266,#3005,.T.);
#3007=ORIENTED_EDGE('',*,*,#3006,.F.);
#3008=ORIENTED_EDGE('',*,*,#1576,.F.);
#3009=ORIENTED_EDGE('',*,*,#1583,.F.);
#3010=ORIENTED_EDGE('',*,*,#3006,.T.);
#3011=ORIENTED_EDGE('',*,*,#2287,.F.);
#3012=ORIENTED_EDGE('',*,*,#2280,.F.);
#3013=EDGE_LOOP('',(#3007,#3008,#3009,#3010,#3011,#3012));
#3014=FACE_BOUND('',#3013,.T.);
#3015=ADVANCED_FACE('',(#3014),#3001,.F.);
#3016=CARTESIAN_POINT('',(-41.051107034,-48.624907,11.));
#3017=DIRECTION('',(1.,0.,0.));
#3018=DIRECTION('',(0.,0.,-1.));
#3019=AXIS2_PLACEMENT_3D('',#3016,#3017,#3018);
#3020=PLANE('',#3019);
#3021=ORIENTED_EDGE('',*,*,#166,.T.);
#3022=ORIENTED_EDGE('',*,*,#1150,.T.);
#3023=CARTESIAN_POINT('',(-41.051107034,-48.624907,9.));
#3024=DIRECTION('',(0.,0.707106781,0.707106781));
#3025=VECTOR('',#3024,2.828427125);
#3026=LINE('',#3023,#3025);
#3027=EDGE_CURVE('',#1139,#161,#3026,.T.);
#3028=ORIENTED_EDGE('',*,*,#3027,.T.);
#3029=EDGE_LOOP('',(#3021,#3022,#3028));
#3030=FACE_BOUND('',#3029,.T.);
#3031=ADVANCED_FACE('',(#3030),#3020,.T.);
#3032=CARTESIAN_POINT('',(12.475005823,-48.624907,11.));
#3033=DIRECTION('',(1.,0.,0.));
#3034=DIRECTION('',(0.,0.,-1.));
#3035=AXIS2_PLACEMENT_3D('',#3032,#3033,#3034);
#3036=PLANE('',#3035);
#3037=ORIENTED_EDGE('',*,*,#1113,.F.);
#3038=ORIENTED_EDGE('',*,*,#82,.F.);
#3039=CARTESIAN_POINT('',(12.475005823,-46.624907,11.));
#3040=DIRECTION('',(-0.,-0.707106781,-0.707106781));
#3041=VECTOR('',#3040,2.828427125);
#3042=LINE('',#3039,#3041);
#3043=EDGE_CURVE('',#69,#1108,#3042,.T.);
#3044=ORIENTED_EDGE('',*,*,#3043,.T.);
#3045=EDGE_LOOP('',(#3037,#3038,#3044));
#3046=FACE_BOUND('',#3045,.T.);
#3047=ADVANCED_FACE('',(#3046),#3036,.F.);
#3048=CARTESIAN_POINT('',(0.,-48.624907,9.));
#3049=DIRECTION('',(0.,0.707106781,-0.707106781));
#3050=DIRECTION('',(-1.,0.,0.));
#3051=AXIS2_PLACEMENT_3D('',#3048,#3049,#3050);
#3052=PLANE('',#3051);
#3053=ORIENTED_EDGE('',*,*,#1144,.F.);
#3054=ORIENTED_EDGE('',*,*,#1816,.T.);
#3055=CARTESIAN_POINT('',(-108.2874154,-46.624907,11.));
#3056=DIRECTION('',(0.,-0.707106781,-0.707106781));
#3057=VECTOR('',#3056,2.810705039);
#3058=LINE('',#3055,#3057);
#3059=EDGE_CURVE('',#169,#1810,#3058,.T.);
#3060=ORIENTED_EDGE('',*,*,#3059,.F.);
#3061=ORIENTED_EDGE('',*,*,#174,.T.);
#3062=ORIENTED_EDGE('',*,*,#3027,.F.);
#3063=EDGE_LOOP('',(#3053,#3054,#3060,#3061,#3062));
#3064=FACE_BOUND('',#3063,.T.);
#3065=ADVANCED_FACE('',(#3064),#3052,.T.);
#3066=CARTESIAN_POINT('',(-108.2874154,-46.374907,9.));
#3067=DIRECTION('',(0.,0.,-1.));
#3068=DIRECTION('',(-1.,0.,0.));
#3069=AXIS2_PLACEMENT_3D('',#3066,#3067,#3068);
#3070=CONICAL_SURFACE('',#3069,2.25,45.);
#3071=ORIENTED_EDGE('',*,*,#3059,.T.);
#3072=ORIENTED_EDGE('',*,*,#1847,.T.);
#3073=CARTESIAN_POINT('',(-108.5374154,-46.374907,11.));
#3074=DIRECTION('',(-0.707106781,0.,-0.707106781));
#3075=VECTOR('',#3074,2.810705039);
#3076=LINE('',#3073,#3075);
#3077=EDGE_CURVE('',#177,#1822,#3076,.T.);
#3078=ORIENTED_EDGE('',*,*,#3077,.F.);
#3079=ORIENTED_EDGE('',*,*,#183,.T.);
#3080=EDGE_LOOP('',(#3071,#3072,#3078,#3079));
#3081=FACE_BOUND('',#3080,.T.);
#3082=ADVANCED_FACE('',(#3081),#3070,.F.);
#3083=CARTESIAN_POINT('',(-108.5374154,-0.0000035,11.));
#3084=DIRECTION('',(-0.707106781,0.,0.707106781));
#3085=DIRECTION('',(0.,1.,0.));
#3086=AXIS2_PLACEMENT_3D('',#3083,#3084,#3085);
#3087=PLANE('',#3086);
#3088=ORIENTED_EDGE('',*,*,#3077,.T.);
#3089=ORIENTED_EDGE('',*,*,#1828,.T.);
#3090=ORIENTED_EDGE('',*,*,#1043,.F.);
#3091=ORIENTED_EDGE('',*,*,#1864,.T.);
#3092=CARTESIAN_POINT('',(-108.5374154,46.3749,11.));
#3093=DIRECTION('',(-0.707106781,-0.,-0.707106781));
#3094=VECTOR('',#3093,2.810705039);
#3095=LINE('',#3092,#3094);
#3096=EDGE_CURVE('',#186,#1858,#3095,.T.);
#3097=ORIENTED_EDGE('',*,*,#3096,.F.);
#3098=ORIENTED_EDGE('',*,*,#191,.F.);
#3099=EDGE_LOOP('',(#3088,#3089,#3090,#3091,#3097,#3098));
#3100=FACE_BOUND('',#3099,.T.);
#3101=ADVANCED_FACE('',(#3100),#3087,.F.);
#3102=CARTESIAN_POINT('',(-108.2874154,46.3749,9.));
#3103=DIRECTION('',(0.,0.,-1.));
#3104=DIRECTION('',(-1.,0.,0.));
#3105=AXIS2_PLACEMENT_3D('',#3102,#3103,#3104);
#3106=CONICAL_SURFACE('',#3105,2.25,45.);
#3107=ORIENTED_EDGE('',*,*,#3096,.T.);
#3108=ORIENTED_EDGE('',*,*,#1895,.T.);
#3109=CARTESIAN_POINT('',(-108.2874154,46.6249,11.));
#3110=DIRECTION('',(0.,0.707106781,-0.707106781));
#3111=VECTOR('',#3110,2.810705039);
#3112=LINE('',#3109,#3111);
#3113=EDGE_CURVE('',#33,#1870,#3112,.T.);
#3114=ORIENTED_EDGE('',*,*,#3113,.F.);
#3115=ORIENTED_EDGE('',*,*,#198,.T.);
#3116=EDGE_LOOP('',(#3107,#3108,#3114,#3115));
#3117=FACE_BOUND('',#3116,.T.);
#3118=ADVANCED_FACE('',(#3117),#3106,.F.);
#3119=CARTESIAN_POINT('',(0.0000423,46.6249,11.));
#3120=DIRECTION('',(0.,0.707106781,0.707106781));
#3121=DIRECTION('',(1.,-0.,0.));
#3122=AXIS2_PLACEMENT_3D('',#3119,#3120,#3121);
#3123=PLANE('',#3122);
#3124=CARTESIAN_POINT('',(108.2875,46.6249,11.));
#3125=DIRECTION('',(0.,0.707106781,-0.707106781));
#3126=VECTOR('',#3125,2.810705039);
#3127=LINE('',#3124,#3126);
#3128=EDGE_CURVE('',#35,#1714,#3127,.T.);
#3129=ORIENTED_EDGE('',*,*,#3128,.F.);
#3130=ORIENTED_EDGE('',*,*,#40,.F.);
#3131=ORIENTED_EDGE('',*,*,#3113,.T.);
#3132=ORIENTED_EDGE('',*,*,#1876,.T.);
#3133=ORIENTED_EDGE('',*,*,#255,.F.);
#3134=CARTESIAN_POINT('',(-80.688100596,50.3749,7.25));
#3135=VERTEX_POINT('',#3134);
#3136=CARTESIAN_POINT('',(-80.688100596,50.3749,7.25));
#3137=DIRECTION('',(0.,-0.707106781,0.707106781));
#3138=VECTOR('',#3137,2.474873734);
#3139=LINE('',#3136,#3138);
#3140=EDGE_CURVE('',#3135,#240,#3139,.T.);
#3141=ORIENTED_EDGE('',*,*,#3140,.F.);
#3142=CARTESIAN_POINT('',(-79.438100596,51.6249,6.));
#3143=VERTEX_POINT('',#3142);
#3144=CARTESIAN_POINT('',(-80.688100596,50.3749,7.25));
#3145=CARTESIAN_POINT('',(-80.688100596,50.892666953,6.732233047));
#3146=CARTESIAN_POINT('',(-80.321984073,51.258783476,6.366116523));
#3147=CARTESIAN_POINT('',(-79.955867549,51.6249,6.));
#3148=CARTESIAN_POINT('',(-79.438100596,51.6249,6.));
#3149=(BOUNDED_CURVE()
B_SPLINE_CURVE(2,(#3144,#3145,#3146,#3147,#3148),.UNSPECIFIED.,.F.,.F.)
B_SPLINE_CURVE_WITH_KNOTS((3,2,3),(90.,135.,180.),.UNSPECIFIED.)
CURVE()
GEOMETRIC_REPRESENTATION_ITEM()
RATIONAL_B_SPLINE_CURVE((1.,0.923879533,1.,0.923879533,1.))
REPRESENTATION_ITEM(''));
#3150=EDGE_CURVE('',#3135,#3143,#3149,.T.);
#3151=ORIENTED_EDGE('',*,*,#3150,.T.);
#3152=CARTESIAN_POINT('',(-63.438100596,51.6249,6.));
#3153=VERTEX_POINT('',#3152);
#3154=CARTESIAN_POINT('',(-63.438100596,51.6249,6.));
#3155=DIRECTION('',(-1.,0.,0.));
#3156=VECTOR('',#3155,16.);
#3157=LINE('',#3154,#3156);
#3158=EDGE_CURVE('',#3153,#3143,#3157,.T.);
#3159=ORIENTED_EDGE('',*,*,#3158,.F.);
#3160=CARTESIAN_POINT('',(-62.188100596,50.3749,7.25));
#3161=VERTEX_POINT('',#3160);
#3162=CARTESIAN_POINT('',(-63.438100596,51.6249,6.));
#3163=CARTESIAN_POINT('',(-62.920333643,51.6249,6.));
#3164=CARTESIAN_POINT('',(-62.55421712,51.258783476,6.366116523));
#3165=CARTESIAN_POINT('',(-62.188100596,50.892666953,6.732233047));
#3166=CARTESIAN_POINT('',(-62.188100596,50.3749,7.25));
#3167=(BOUNDED_CURVE()
B_SPLINE_CURVE(2,(#3162,#3163,#3164,#3165,#3166),.UNSPECIFIED.,.F.,.F.)
B_SPLINE_CURVE_WITH_KNOTS((3,2,3),(0.,45.,90.),.UNSPECIFIED.)
CURVE()
GEOMETRIC_REPRESENTATION_ITEM()
RATIONAL_B_SPLINE_CURVE((1.,0.923879533,1.,0.923879533,1.))
REPRESENTATION_ITEM(''));
#3168=EDGE_CURVE('',#3153,#3161,#3167,.T.);
#3169=ORIENTED_EDGE('',*,*,#3168,.T.);
#3170=CARTESIAN_POINT('',(-62.188100596,48.6249,9.));
#3171=DIRECTION('',(0.,0.707106781,-0.707106781));
#3172=VECTOR('',#3171,2.474873734);
#3173=LINE('',#3170,#3172);
#3174=EDGE_CURVE('',#420,#3161,#3173,.T.);
#3175=ORIENTED_EDGE('',*,*,#3174,.F.);
#3176=ORIENTED_EDGE('',*,*,#425,.F.);
#3177=ORIENTED_EDGE('',*,*,#1720,.T.);
#3178=EDGE_LOOP('',(#3129,#3130,#3131,#3132,#3133,#3141,#3151,#3159,#3169,#3175,#3176,#3177));
#3179=FACE_BOUND('',#3178,.T.);
#3180=ADVANCED_FACE('',(#3179),#3123,.F.);
#3181=CARTESIAN_POINT('',(108.2875,46.3749,9.));
#3182=DIRECTION('',(0.,0.,-1.));
#3183=DIRECTION('',(-1.,0.,0.));
#3184=AXIS2_PLACEMENT_3D('',#3181,#3182,#3183);
#3185=CONICAL_SURFACE('',#3184,2.25,45.);
#3186=ORIENTED_EDGE('',*,*,#3128,.T.);
#3187=ORIENTED_EDGE('',*,*,#1751,.T.);
#3188=CARTESIAN_POINT('',(108.5375,46.3749,11.));
#3189=DIRECTION('',(0.707106781,0.,-0.707106781));
#3190=VECTOR('',#3189,2.810705039);
#3191=LINE('',#3188,#3190);
#3192=EDGE_CURVE('',#43,#1726,#3191,.T.);
#3193=ORIENTED_EDGE('',*,*,#3192,.F.);
#3194=ORIENTED_EDGE('',*,*,#49,.T.);
#3195=EDGE_LOOP('',(#3186,#3187,#3193,#3194));
#3196=FACE_BOUND('',#3195,.T.);
#3197=ADVANCED_FACE('',(#3196),#3185,.F.);
#3198=CARTESIAN_POINT('',(108.5375,-0.0000035,11.));
#3199=DIRECTION('',(0.707106781,0.,0.707106781));
#3200=DIRECTION('',(0.,-1.,0.));
#3201=AXIS2_PLACEMENT_3D('',#3198,#3199,#3200);
#3202=PLANE('',#3201);
#3203=ORIENTED_EDGE('',*,*,#3192,.T.);
#3204=ORIENTED_EDGE('',*,*,#1732,.T.);
#3205=ORIENTED_EDGE('',*,*,#1074,.F.);
#3206=ORIENTED_EDGE('',*,*,#1768,.T.);
#3207=CARTESIAN_POINT('',(108.5375,-46.374907,11.));
#3208=DIRECTION('',(0.707106781,0.,-0.707106781));
#3209=VECTOR('',#3208,2.810705039);
#3210=LINE('',#3207,#3209);
#3211=EDGE_CURVE('',#52,#1762,#3210,.T.);
#3212=ORIENTED_EDGE('',*,*,#3211,.F.);
#3213=ORIENTED_EDGE('',*,*,#57,.F.);
#3214=EDGE_LOOP('',(#3203,#3204,#3205,#3206,#3212,#3213));
#3215=FACE_BOUND('',#3214,.T.);
#3216=ADVANCED_FACE('',(#3215),#3202,.F.);
#3217=CARTESIAN_POINT('',(108.2875,-46.374907,9.));
#3218=DIRECTION('',(0.,0.,-1.));
#3219=DIRECTION('',(-1.,0.,0.));
#3220=AXIS2_PLACEMENT_3D('',#3217,#3218,#3219);
#3221=CONICAL_SURFACE('',#3220,2.25,45.);
#3222=ORIENTED_EDGE('',*,*,#3211,.T.);
#3223=ORIENTED_EDGE('',*,*,#1799,.T.);
#3224=CARTESIAN_POINT('',(108.2875,-46.624907,11.));
#3225=DIRECTION('',(0.,-0.707106781,-0.707106781));
#3226=VECTOR('',#3225,2.810705039);
#3227=LINE('',#3224,#3226);
#3228=EDGE_CURVE('',#60,#1774,#3227,.T.);
#3229=ORIENTED_EDGE('',*,*,#3228,.F.);
#3230=ORIENTED_EDGE('',*,*,#66,.T.);
#3231=EDGE_LOOP('',(#3222,#3223,#3229,#3230));
#3232=FACE_BOUND('',#3231,.T.);
#3233=ADVANCED_FACE('',(#3232),#3221,.F.);
#3234=CARTESIAN_POINT('',(60.881252911,-46.624907,11.));
#3235=DIRECTION('',(-0.,-0.707106781,0.707106781));
#3236=DIRECTION('',(-1.,0.,0.));
#3237=AXIS2_PLACEMENT_3D('',#3234,#3235,#3236);
#3238=PLANE('',#3237);
#3239=ORIENTED_EDGE('',*,*,#3228,.T.);
#3240=ORIENTED_EDGE('',*,*,#1780,.T.);
#3241=ORIENTED_EDGE('',*,*,#1121,.F.);
#3242=ORIENTED_EDGE('',*,*,#3043,.F.);
#3243=ORIENTED_EDGE('',*,*,#74,.F.);
#3244=EDGE_LOOP('',(#3239,#3240,#3241,#3242,#3243));
#3245=FACE_BOUND('',#3244,.T.);
#3246=ADVANCED_FACE('',(#3245),#3238,.F.);
#3247=CARTESIAN_POINT('',(-33.338100596,51.6249,3.));
#3248=DIRECTION('',(0.,-1.,0.));
#3249=DIRECTION('',(0.,0.,1.));
#3250=AXIS2_PLACEMENT_3D('',#3247,#3248,#3249);
#3251=PLANE('',#3250);
#3252=CARTESIAN_POINT('',(-79.438100596,51.6249,1.4));
#3253=VERTEX_POINT('',#3252);
#3254=CARTESIAN_POINT('',(-74.313100596,51.6249,1.4));
#3255=VERTEX_POINT('',#3254);
#3256=CARTESIAN_POINT('',(-79.438100596,51.6249,1.4));
#3257=DIRECTION('',(1.,-0.,-0.));
#3258=VECTOR('',#3257,5.125);
#3259=LINE('',#3256,#3258);
#3260=EDGE_CURVE('',#3253,#3255,#3259,.T.);
#3261=ORIENTED_EDGE('',*,*,#3260,.T.);
#3262=CARTESIAN_POINT('',(-74.313100596,51.6249,5.15));
#3263=VERTEX_POINT('',#3262);
#3264=CARTESIAN_POINT('',(-74.313100596,51.6249,3.275));
#3265=DIRECTION('',(0.,1.,0.));
#3266=DIRECTION('',(0.,-0.,1.));
#3267=AXIS2_PLACEMENT_3D('',#3264,#3265,#3266);
#3268=CIRCLE('',#3267,1.875);
#3269=EDGE_CURVE('',#3255,#3263,#3268,.T.);
#3270=ORIENTED_EDGE('',*,*,#3269,.T.);
#3271=CARTESIAN_POINT('',(-68.563100596,51.6249,5.15));
#3272=VERTEX_POINT('',#3271);
#3273=CARTESIAN_POINT('',(-74.313100596,51.6249,5.15));
#3274=DIRECTION('',(1.,-0.,-0.));
#3275=VECTOR('',#3274,5.75);
#3276=LINE('',#3273,#3275);
#3277=EDGE_CURVE('',#3263,#3272,#3276,.T.);
#3278=ORIENTED_EDGE('',*,*,#3277,.T.);
#3279=CARTESIAN_POINT('',(-68.563100596,51.6249,1.4));
#3280=VERTEX_POINT('',#3279);
#3281=CARTESIAN_POINT('',(-68.563100596,51.6249,3.275));
#3282=DIRECTION('',(0.,1.,0.));
#3283=DIRECTION('',(0.,-0.,1.));
#3284=AXIS2_PLACEMENT_3D('',#3281,#3282,#3283);
#3285=CIRCLE('',#3284,1.875);
#3286=EDGE_CURVE('',#3272,#3280,#3285,.T.);
#3287=ORIENTED_EDGE('',*,*,#3286,.T.);
#3288=CARTESIAN_POINT('',(-63.438100596,51.6249,1.4));
#3289=VERTEX_POINT('',#3288);
#3290=CARTESIAN_POINT('',(-68.563100596,51.6249,1.4));
#3291=DIRECTION('',(1.,-0.,-0.));
#3292=VECTOR('',#3291,5.125);
#3293=LINE('',#3290,#3292);
#3294=EDGE_CURVE('',#3280,#3289,#3293,.T.);
#3295=ORIENTED_EDGE('',*,*,#3294,.T.);
#3296=CARTESIAN_POINT('',(-63.438100596,51.6249,1.4));
#3297=DIRECTION('',(0.,0.,1.));
#3298=VECTOR('',#3297,4.6);
#3299=LINE('',#3296,#3298);
#3300=EDGE_CURVE('',#3289,#3153,#3299,.T.);
#3301=ORIENTED_EDGE('',*,*,#3300,.T.);
#3302=ORIENTED_EDGE('',*,*,#3158,.T.);
#3303=CARTESIAN_POINT('',(-79.438100596,51.6249,6.));
#3304=DIRECTION('',(-0.,-0.,-1.));
#3305=VECTOR('',#3304,4.6);
#3306=LINE('',#3303,#3305);
#3307=EDGE_CURVE('',#3143,#3253,#3306,.T.);
#3308=ORIENTED_EDGE('',*,*,#3307,.T.);
#3309=EDGE_LOOP('',(#3261,#3270,#3278,#3287,#3295,#3301,#3302,#3308));
#3310=FACE_BOUND('',#3309,.T.);
#3311=ADVANCED_FACE('',(#3310),#3251,.T.);
#3312=CARTESIAN_POINT('',(-80.688100596,31.1249,1.4));
#3313=DIRECTION('',(1.,0.,0.));
#3314=DIRECTION('',(0.,0.,1.));
#3315=AXIS2_PLACEMENT_3D('',#3312,#3313,#3314);
#3316=PLANE('',#3315);
#3317=ORIENTED_EDGE('',*,*,#685,.F.);
#3318=CARTESIAN_POINT('',(-80.688100596,17.8749,1.4));
#3319=VERTEX_POINT('',#3318);
#3320=CARTESIAN_POINT('',(-80.688100596,17.8749,3.));
#3321=DIRECTION('',(-0.,-0.,-1.));
#3322=VECTOR('',#3321,1.6);
#3323=LINE('',#3320,#3322);
#3324=EDGE_CURVE('',#673,#3319,#3323,.T.);
#3325=ORIENTED_EDGE('',*,*,#3324,.T.);
#3326=CARTESIAN_POINT('',(-80.688100596,50.3749,1.4));
#3327=VERTEX_POINT('',#3326);
#3328=CARTESIAN_POINT('',(-80.688100596,17.8749,1.4));
#3329=DIRECTION('',(-0.,1.,-0.));
#3330=VECTOR('',#3329,32.5);
#3331=LINE('',#3328,#3330);
#3332=EDGE_CURVE('',#3319,#3327,#3331,.T.);
#3333=ORIENTED_EDGE('',*,*,#3332,.T.);
#3334=CARTESIAN_POINT('',(-80.688100596,50.3749,1.4));
#3335=DIRECTION('',(0.,0.,1.));
#3336=VECTOR('',#3335,5.85);
#3337=LINE('',#3334,#3336);
#3338=EDGE_CURVE('',#3327,#3135,#3337,.T.);
#3339=ORIENTED_EDGE('',*,*,#3338,.T.);
#3340=ORIENTED_EDGE('',*,*,#3140,.T.);
#3341=ORIENTED_EDGE('',*,*,#247,.T.);
#3342=EDGE_LOOP('',(#3317,#3325,#3333,#3339,#3340,#3341));
#3343=FACE_BOUND('',#3342,.T.);
#3344=ADVANCED_FACE('',(#3343),#3316,.T.);
#3345=CARTESIAN_POINT('',(-71.438100596,16.6249,1.4));
#3346=DIRECTION('',(0.,1.,0.));
#3347=DIRECTION('',(0.,0.,-1.));
#3348=AXIS2_PLACEMENT_3D('',#3345,#3346,#3347);
#3349=PLANE('',#3348);
#3350=CARTESIAN_POINT('',(-63.438100596,16.6249,1.4));
#3351=VERTEX_POINT('',#3350);
#3352=CARTESIAN_POINT('',(-79.438100596,16.6249,1.4));
#3353=VERTEX_POINT('',#3352);
#3354=CARTESIAN_POINT('',(-63.438100596,16.6249,1.4));
#3355=DIRECTION('',(-1.,0.,0.));
#3356=VECTOR('',#3355,16.);
#3357=LINE('',#3354,#3356);
#3358=EDGE_CURVE('',#3351,#3353,#3357,.T.);
#3359=ORIENTED_EDGE('',*,*,#3358,.T.);
#3360=CARTESIAN_POINT('',(-79.438100596,16.6249,1.4));
#3361=DIRECTION('',(-0.,-0.,1.));
#3362=VECTOR('',#3361,1.6);
#3363=LINE('',#3360,#3362);
#3364=EDGE_CURVE('',#3353,#665,#3363,.T.);
#3365=ORIENTED_EDGE('',*,*,#3364,.T.);
#3366=ORIENTED_EDGE('',*,*,#670,.F.);
#3367=CARTESIAN_POINT('',(-63.438100596,16.6249,3.));
#3368=DIRECTION('',(0.,0.,-1.));
#3369=VECTOR('',#3368,1.6);
#3370=LINE('',#3367,#3369);
#3371=EDGE_CURVE('',#656,#3351,#3370,.T.);
#3372=ORIENTED_EDGE('',*,*,#3371,.T.);
#3373=EDGE_LOOP('',(#3359,#3365,#3366,#3372));
#3374=FACE_BOUND('',#3373,.T.);
#3375=ADVANCED_FACE('',(#3374),#3349,.T.);
#3376=CARTESIAN_POINT('',(-62.188100596,31.1249,1.4));
#3377=DIRECTION('',(-1.,0.,0.));
#3378=DIRECTION('',(0.,0.,-1.));
#3379=AXIS2_PLACEMENT_3D('',#3376,#3377,#3378);
#3380=PLANE('',#3379);
#3381=ORIENTED_EDGE('',*,*,#3174,.T.);
#3382=CARTESIAN_POINT('',(-62.188100596,50.3749,1.4));
#3383=VERTEX_POINT('',#3382);
#3384=CARTESIAN_POINT('',(-62.188100596,50.3749,7.25));
#3385=DIRECTION('',(0.,0.,-1.));
#3386=VECTOR('',#3385,5.85);
#3387=LINE('',#3384,#3386);
#3388=EDGE_CURVE('',#3161,#3383,#3387,.T.);
#3389=ORIENTED_EDGE('',*,*,#3388,.T.);
#3390=CARTESIAN_POINT('',(-62.188100596,17.8749,1.4));
#3391=VERTEX_POINT('',#3390);
#3392=CARTESIAN_POINT('',(-62.188100596,50.3749,1.4));
#3393=DIRECTION('',(0.,-1.,0.));
#3394=VECTOR('',#3393,32.5);
#3395=LINE('',#3392,#3394);
#3396=EDGE_CURVE('',#3383,#3391,#3395,.T.);
#3397=ORIENTED_EDGE('',*,*,#3396,.T.);
#3398=CARTESIAN_POINT('',(-62.188100596,17.8749,1.4));
#3399=DIRECTION('',(-0.,-0.,1.));
#3400=VECTOR('',#3399,1.6);
#3401=LINE('',#3398,#3400);
#3402=EDGE_CURVE('',#3391,#648,#3401,.T.);
#3403=ORIENTED_EDGE('',*,*,#3402,.T.);
#3404=ORIENTED_EDGE('',*,*,#653,.F.);
#3405=ORIENTED_EDGE('',*,*,#433,.T.);
#3406=EDGE_LOOP('',(#3381,#3389,#3397,#3403,#3404,#3405));
#3407=FACE_BOUND('',#3406,.T.);
#3408=ADVANCED_FACE('',(#3407),#3380,.T.);
#3409=CARTESIAN_POINT('',(-33.338100596,-28.5751,1.4));
#3410=DIRECTION('',(0.,0.,1.));
#3411=DIRECTION('',(-1.,0.,0.));
#3412=AXIS2_PLACEMENT_3D('',#3409,#3410,#3411);
#3413=PLANE('',#3412);
#3414=CARTESIAN_POINT('',(-68.563100596,51.6249,1.4));
#3415=DIRECTION('',(-0.,1.,-0.));
#3416=VECTOR('',#3415,1.744994432);
#3417=LINE('',#3414,#3416);
#3418=EDGE_CURVE('',#3280,#583,#3417,.T.);
#3419=ORIENTED_EDGE('',*,*,#3418,.T.);
#3420=ORIENTED_EDGE('',*,*,#588,.T.);
#3421=CARTESIAN_POINT('',(-74.313100596,53.369894432,1.4));
#3422=DIRECTION('',(0.,-1.,0.));
#3423=VECTOR('',#3422,1.744994432);
#3424=LINE('',#3421,#3423);
#3425=EDGE_CURVE('',#559,#3255,#3424,.T.);
#3426=ORIENTED_EDGE('',*,*,#3425,.T.);
#3427=ORIENTED_EDGE('',*,*,#3260,.F.);
#3428=CARTESIAN_POINT('',(-79.438100596,50.3749,1.4));
#3429=DIRECTION('',(0.,0.,1.));
#3430=DIRECTION('',(1.,0.,-0.));
#3431=AXIS2_PLACEMENT_3D('',#3428,#3429,#3430);
#3432=CIRCLE('',#3431,1.25);
#3433=EDGE_CURVE('',#3253,#3327,#3432,.T.);
#3434=ORIENTED_EDGE('',*,*,#3433,.T.);
#3435=ORIENTED_EDGE('',*,*,#3332,.F.);
#3436=CARTESIAN_POINT('',(-79.438100596,17.8749,1.4));
#3437=DIRECTION('',(-0.,-0.,1.));
#3438=DIRECTION('',(-1.,0.,0.));
#3439=AXIS2_PLACEMENT_3D('',#3436,#3437,#3438);
#3440=CIRCLE('',#3439,1.25);
#3441=EDGE_CURVE('',#3319,#3353,#3440,.T.);
#3442=ORIENTED_EDGE('',*,*,#3441,.T.);
#3443=ORIENTED_EDGE('',*,*,#3358,.F.);
#3444=CARTESIAN_POINT('',(-63.438100596,17.8749,1.4));
#3445=DIRECTION('',(-0.,-0.,1.));
#3446=DIRECTION('',(-1.,0.,0.));
#3447=AXIS2_PLACEMENT_3D('',#3444,#3445,#3446);
#3448=CIRCLE('',#3447,1.25);
#3449=EDGE_CURVE('',#3351,#3391,#3448,.T.);
#3450=ORIENTED_EDGE('',*,*,#3449,.T.);
#3451=ORIENTED_EDGE('',*,*,#3396,.F.);
#3452=CARTESIAN_POINT('',(-63.438100596,50.3749,1.4));
#3453=DIRECTION('',(-0.,-0.,1.));
#3454=DIRECTION('',(-1.,0.,0.));
#3455=AXIS2_PLACEMENT_3D('',#3452,#3453,#3454);
#3456=CIRCLE('',#3455,1.25);
#3457=EDGE_CURVE('',#3383,#3289,#3456,.T.);
#3458=ORIENTED_EDGE('',*,*,#3457,.T.);
#3459=ORIENTED_EDGE('',*,*,#3294,.F.);
#3460=EDGE_LOOP('',(#3419,#3420,#3426,#3427,#3434,#3435,#3442,#3443,#3450,#3451,#3458,#3459));
#3461=FACE_BOUND('',#3460,.T.);
#3462=ADVANCED_FACE('',(#3461),#3413,.T.);
#3463=CARTESIAN_POINT('',(-79.438100596,17.8749,1.4));
#3464=DIRECTION('',(0.,0.,-1.));
#3465=DIRECTION('',(1.,0.,0.));
#3466=AXIS2_PLACEMENT_3D('',#3463,#3464,#3465);
#3467=CYLINDRICAL_SURFACE('',#3466,1.25);
#3468=ORIENTED_EDGE('',*,*,#3441,.F.);
#3469=ORIENTED_EDGE('',*,*,#3324,.F.);
#3470=ORIENTED_EDGE('',*,*,#679,.F.);
#3471=ORIENTED_EDGE('',*,*,#3364,.F.);
#3472=EDGE_LOOP('',(#3468,#3469,#3470,#3471));
#3473=FACE_BOUND('',#3472,.T.);
#3474=ADVANCED_FACE('',(#3473),#3467,.F.);
#3475=CARTESIAN_POINT('',(-63.438100596,50.3749,3.));
#3476=DIRECTION('',(0.,0.,-1.));
#3477=DIRECTION('',(1.,0.,0.));
#3478=AXIS2_PLACEMENT_3D('',#3475,#3476,#3477);
#3479=CYLINDRICAL_SURFACE('',#3478,1.25);
#3480=ORIENTED_EDGE('',*,*,#3457,.F.);
#3481=ORIENTED_EDGE('',*,*,#3388,.F.);
#3482=ORIENTED_EDGE('',*,*,#3168,.F.);
#3483=ORIENTED_EDGE('',*,*,#3300,.F.);
#3484=EDGE_LOOP('',(#3480,#3481,#3482,#3483));
#3485=FACE_BOUND('',#3484,.T.);
#3486=ADVANCED_FACE('',(#3485),#3479,.F.);
#3487=CARTESIAN_POINT('',(-79.438100596,50.3749,3.));
#3488=DIRECTION('',(0.,0.,1.));
#3489=DIRECTION('',(-1.,0.,0.));
#3490=AXIS2_PLACEMENT_3D('',#3487,#3488,#3489);
#3491=CYLINDRICAL_SURFACE('',#3490,1.25);
#3492=ORIENTED_EDGE('',*,*,#3150,.F.);
#3493=ORIENTED_EDGE('',*,*,#3338,.F.);
#3494=ORIENTED_EDGE('',*,*,#3433,.F.);
#3495=ORIENTED_EDGE('',*,*,#3307,.F.);
#3496=EDGE_LOOP('',(#3492,#3493,#3494,#3495));
#3497=FACE_BOUND('',#3496,.T.);
#3498=ADVANCED_FACE('',(#3497),#3491,.F.);
#3499=CARTESIAN_POINT('',(-63.438100596,17.8749,1.4));
#3500=DIRECTION('',(0.,0.,-1.));
#3501=DIRECTION('',(1.,0.,0.));
#3502=AXIS2_PLACEMENT_3D('',#3499,#3500,#3501);
#3503=CYLINDRICAL_SURFACE('',#3502,1.25);
#3504=ORIENTED_EDGE('',*,*,#3449,.F.);
#3505=ORIENTED_EDGE('',*,*,#3371,.F.);
#3506=ORIENTED_EDGE('',*,*,#662,.F.);
#3507=ORIENTED_EDGE('',*,*,#3402,.F.);
#3508=EDGE_LOOP('',(#3504,#3505,#3506,#3507));
#3509=FACE_BOUND('',#3508,.T.);
#3510=ADVANCED_FACE('',(#3509),#3503,.F.);
#3511=CARTESIAN_POINT('',(-73.813100596,61.6249,5.15));
#3512=DIRECTION('',(0.,0.,-1.));
#3513=DIRECTION('',(1.,0.,0.));
#3514=AXIS2_PLACEMENT_3D('',#3511,#3512,#3513);
#3515=PLANE('',#3514);
#3516=ORIENTED_EDGE('',*,*,#3277,.F.);
#3517=CARTESIAN_POINT('',(-74.313100596,51.6249,5.15));
#3518=DIRECTION('',(-0.,1.,-0.));
#3519=VECTOR('',#3518,2.);
#3520=LINE('',#3517,#3519);
#3521=EDGE_CURVE('',#3263,#323,#3520,.T.);
#3522=ORIENTED_EDGE('',*,*,#3521,.T.);
#3523=ORIENTED_EDGE('',*,*,#328,.F.);
#3524=CARTESIAN_POINT('',(-68.563100596,53.6249,5.15));
#3525=DIRECTION('',(0.,-1.,0.));
#3526=VECTOR('',#3525,2.);
#3527=LINE('',#3524,#3526);
#3528=EDGE_CURVE('',#314,#3272,#3527,.T.);
#3529=ORIENTED_EDGE('',*,*,#3528,.T.);
#3530=EDGE_LOOP('',(#3516,#3522,#3523,#3529));
#3531=FACE_BOUND('',#3530,.T.);
#3532=ADVANCED_FACE('',(#3531),#3515,.T.);
#3533=CARTESIAN_POINT('',(-74.313100596,61.6249,3.275));
#3534=DIRECTION('',(0.,1.,0.));
#3535=DIRECTION('',(0.,0.,-1.));
#3536=AXIS2_PLACEMENT_3D('',#3533,#3534,#3535);
#3537=CYLINDRICAL_SURFACE('',#3536,1.875);
#3538=ORIENTED_EDGE('',*,*,#3425,.F.);
#3539=ORIENTED_EDGE('',*,*,#580,.T.);
#3540=ORIENTED_EDGE('',*,*,#337,.F.);
#3541=ORIENTED_EDGE('',*,*,#3521,.F.);
#3542=ORIENTED_EDGE('',*,*,#3269,.F.);
#3543=EDGE_LOOP('',(#3538,#3539,#3540,#3541,#3542));
#3544=FACE_BOUND('',#3543,.T.);
#3545=ADVANCED_FACE('',(#3544),#3537,.F.);
#3546=CARTESIAN_POINT('',(-68.563100596,61.6249,3.275));
#3547=DIRECTION('',(0.,1.,0.));
#3548=DIRECTION('',(0.,0.,-1.));
#3549=AXIS2_PLACEMENT_3D('',#3546,#3547,#3548);
#3550=CYLINDRICAL_SURFACE('',#3549,1.875);
#3551=ORIENTED_EDGE('',*,*,#320,.F.);
#3552=ORIENTED_EDGE('',*,*,#610,.T.);
#3553=ORIENTED_EDGE('',*,*,#3418,.F.);
#3554=ORIENTED_EDGE('',*,*,#3286,.F.);
#3555=ORIENTED_EDGE('',*,*,#3528,.F.);
#3556=EDGE_LOOP('',(#3551,#3552,#3553,#3554,#3555));
#3557=FACE_BOUND('',#3556,.T.);
#3558=ADVANCED_FACE('',(#3557),#3550,.F.);
#3559=CLOSED_SHELL('',(#202,#233,#281,#355,#386,#411,#459,#477,#508,#526,#551,#639,#1029,#1060,#1091,#1154,#1240,#1587,#1627,#1667,#1707,#1755,#1803,#1851,#1899,#1923,
#1947,#1971,#1995,#2019,#2037,#2055,#2073,#2091,#2109,#2127,#2139,#2163,#2181,#2199,#2211,#2229,#2247,#2259,#2294,#2329,#2364,#2399,#2434,#2469,#2504,
#2539,#2574,#2609,#2644,#2679,#2714,#2749,#2768,#2787,#2806,#2825,#2844,#2863,#2882,#2901,#2920,#2939,#2958,#2977,#2996,#3015,#3031,#3047,#3065,#3082,
#3101,#3118,#3180,#3197,#3216,#3233,#3246,#3311,#3344,#3375,#3408,#3462,#3474,#3486,#3498,#3510,#3532,#3545,#3558));
#3560=MANIFOLD_SOLID_BREP('Case',#3559);
#3561=COLOUR_RGB('',0.494117647,0.494117647,0.525490224);
#3562=FILL_AREA_STYLE_COLOUR('',#3561);
#3563=FILL_AREA_STYLE('',(#3562));
#3564=SURFACE_STYLE_FILL_AREA(#3563);
#3565=SURFACE_SIDE_STYLE('',(#3564));
#3566=SURFACE_STYLE_USAGE(.BOTH.,#3565);
#3567=PRESENTATION_STYLE_ASSIGNMENT((#3566));
#26=STYLED_ITEM('',(#3567),#3560);
#16=SHAPE_REPRESENTATION('Case',(#15),#10);
#17=ADVANCED_BREP_SHAPE_REPRESENTATION('Case',(#3560),#10);
#3575=SHAPE_REPRESENTATION_RELATIONSHIP('','',#16,#17);
#3576=CARTESIAN_POINT('',(0.,0.,0.));
#3577=DIRECTION('',(0.,0.,1.));
#3578=DIRECTION('',(1.,0.,0.));
#3579=AXIS2_PLACEMENT_3D('',#3576,#3577,#3578);
#3581=MAPPED_ITEM('',#3580,#3579);
#3580=REPRESENTATION_MAP(#3579,#16);
#3582=APPLICATION_CONTEXT('Managed model based 3d engineering');
#3583=APPLICATION_PROTOCOL_DEFINITION('international standard','ap242_managed_model_based_3d_engineering',2014,#3582);
#3584=PRODUCT_CONTEXT('',#3582,'mechanical');
#3585=PRODUCT_DEFINITION_CONTEXT('part definition',#3582,'design');
#24=PRODUCT('Case','Case','',(#3584));
#3586=PRODUCT_RELATED_PRODUCT_CATEGORY('part','',(#24));
#3587=PRODUCT_DEFINITION_FORMATION_WITH_SPECIFIED_SOURCE('','',#24,.NOT_KNOWN.);
#25=PRODUCT_DEFINITION('design','',#3587,#3585);
#23=PRODUCT_DEFINITION_SHAPE('','',#25);
#3588=SHAPE_DEFINITION_REPRESENTATION(#23,#16);
#11=DRAUGHTING_MODEL('',(#3581),#10);
#3589=DESCRIPTIVE_REPRESENTATION_ITEM('KEY','/Users/jscotto/Library/Containers/com.shapr3d.shapr/Data/tmp/114B6E87-1224-45E5-86DA-F14E73BAF55B.tmp');
#3590=PROPERTY_DEFINITION('KEY','',#25);
#3591=REPRESENTATION('',(#3589),#10);
#3592=PROPERTY_DEFINITION_REPRESENTATION(#3590,#3591);
#3593=GENERAL_PROPERTY('','KEY','');
#3594=GENERAL_PROPERTY_ASSOCIATION('','',#3593,#3590);
#1=MECHANICAL_DESIGN_GEOMETRIC_PRESENTATION_REPRESENTATION('',(#26),#10);
ENDSEC;
END-ISO-10303-21;
